timestamp,species,season,daytime,leaf_age,gsw_median,gsw_std,gbw_median,gbw_std,gtw_median,gtw_std,E_apparent_median,E_apparent_std,VPcham_median,VPcham_std,VPref_median,VPref_std,VPleaf_median,VPleaf_std,VPDleaf_median,VPDleaf_std,H2O_r_median,H2O_r_std,H2O_s_median,H2O_s_std,H2O_leaf_median,H2O_leaf_std,leaf_area_median,leaf_area_std,Fo_median,Fo_std,Fm_median,Fm_std,Fv/Fm_median,Fv/Fm_std,Fs_median,Fs_std,Fm'_median,Fm'_std,PhiPS2_median,PhiPS2_std,PS2/1_median,PS2/1_std,abs_median,abs_std,ETR_median,ETR_std,rh_s_median,rh_s_std,rh_r_median,rh_r_std,Tref_median,Tref_std,Tleaf_median,Tleaf_std,P_atm_median,P_atm_std,flow_median,flow_std,flow_s_median,flow_s_std,leak_pct_median,leak_pct_std,Qamb_median,Qamb_std,batt_median,batt_std,heading_median,heading_std,angle_inc_leaf_median,angle_inc_leaf_std,direct_pct_median,direct_pct_std,slope_leaf_median,slope_leaf_std,az_leaf_median,az_leaf_std,dec_solar_median,dec_solar_std,az_solar_median,az_solar_std,zenith_solar_median,zenith_solar_std,latitude_median,latitude_std,longitude_median,longitude_std,altitude_median,altitude_std,gps_sats_median,gps_sats_std,gps_HDOP_median,gps_HDOP_std,rh_adj_median,rh_adj_std,gsw1sec_median,gsw1sec_std,gsw2sec_median,gsw2sec_std,gsw4sec_median,gsw4sec_std,flr1sec_median,flr1sec_std,flr2sec_median,flr2sec_std,flr4sec_median,flr4sec_std,auto_median,auto_std,flow_set_median,flow_set_std,flr_period_median,flr_period_std,P1_dur_median,P1_dur_std,P2_dur_median,P2_dur_std,P3_dur_median,P3_dur_std,P1_Fmax_median,P1_Fmax_std,P2_ramp_median,P2_ramp_std,P2_slp_median,P2_slp_std,P3_Fmax_median,P3_Fmax_std,P3_Pred_median,P3_Pred_std,P3_DeltaF_median,P3_DeltaF_std,v_humA_median,v_humA_std,v_humB_median,v_humB_std,v_flowIn_median,v_flowIn_std,v_flowOut_median,v_flowOut_std,v_temp_median,v_temp_std,v_irt_median,v_irt_std,v_pres_median,v_pres_std,v_par_median,v_par_std,v_F_median,v_F_std,i_LED_median,i_LED_std,b_rhr_median,b_rhr_std,m_rhr_median,m_rhr_std,span_rhr_median,span_rhr_std,b_rhs_median,b_rhs_std,m_rhs_median,m_rhs_std,span_rhs_median,span_rhs_std,z_flowIn_median,z_flowIn_std,z_flowOut_median,z_flowOut_std,z_quantum_median,z_quantum_std,z_flr_median,z_flr_std,Tau,qc_Tau,rand_err_Tau,H,qc_H,rand_err_H,LE,qc_LE,rand_err_LE,co2_flux,qc_co2_flux,rand_err_co2_flux,h2o_flux,qc_h2o_flux,rand_err_h2o_flux,H_strg,LE_strg,co2_strg,h2o_strg,co2_v-adv,h2o_v-adv,co2_molar_density,co2_mole_fraction,co2_mixing_ratio,co2_time_lag,co2_def_timelag,h2o_molar_density,h2o_mole_fraction,h2o_mixing_ratio,h2o_time_lag,h2o_def_timelag,sonic_temperature,air_temperature,air_pressure,air_density,air_heat_capacity,air_molar_volume,ET,water_vapor_density,e,es,specific_humidity,RH,VPD,Tdew,u_unrot,v_unrot,w_unrot,u_rot,v_rot,w_rot,wind_speed,max_wind_speed,wind_dir,yaw,pitch,roll,u*,TKE,L,(z-d)/L,bowen_ratio,T*,model,x_peak,x_offset,x_10%,x_30%,x_50%,x_70%,x_90%,un_Tau,Tau_scf,un_H,H_scf,un_LE,LE_scf,un_co2_flux,co2_scf,un_h2o_flux,h2o_scf,spikes_hf,amplitude_resolution_hf,drop_out_hf,absolute_limits_hf,skewness_kurtosis_hf,skewness_kurtosis_sf,discontinuities_hf,discontinuities_sf,timelag_hf,timelag_sf,attack_angle_hf,non_steady_wind_hf,u_spikes,v_spikes,w_spikes,ts_spikes,co2_spikes,h2o_spikes,u_var,v_var,w_var,ts_var,co2_var,h2o_var,w/ts_cov,w/co2_cov,w/h2o_cov,fast_t_mean,DRM_V_BATTERY_1_1_1,TCNR_C_1_1_1,SWIN_1_1_1,SWOUT_1_1_1,NDVI_1_1_1,PRI_1_1_1,PRI_1_1_2,NETRAD_1_1_1,TA_1_2_1,TA_1_1_1,PA_1_1_1,RH_1_1_1,TS_1_1_1,TS_1_1_2,G_1_1_1,SWC_1_1_1,SWC_1_1_2,SHP_1_1_1,SHP_1_1_2,SHP_1_1_3,SHP_1_1_4,P_1_1_1,SWC,P_cum,time_since_last_event_s,P_cum_mm,day_night,nee,reco,gpp_umol_m2_s1,WUE.g_kg
2023-05-18 15:30:00,Nit-A,autumn,afternoon,Mid,0.058814,0.039694811959499185,2.917854,0.0008979452247584823,0.057652,0.03770210094610114,0.628997,0.4158512183880473,1.008675,0.032452294106118364,0.98745,0.030527562931827016,2.043011,0.13765018514295563,1.029894,0.11865679545559121,10.058058,0.3105086151915395,10.275087,0.33012036719152443,20.812115,1.4023129309208215,0.441786,0.0,0.0,0.0,0.0,0.0,0.0,0.0,74.257851,67.84519211890722,167.504303,112.99014254110087,0.385724,0.19145453764434522,0.5,0.0,0.8,0.0,135.071045,118.77858480689243,44.21,1.1707692627783948,43.42,1.0409159428119061,19.47,0.7474151010872944,17.78,1.071008092095168,98.16,0.01040832999733041,156.2,0.11860297916438794,156.6,3.062749309580091,-0.3,1.9668672214124334,1145.0,459.2847700501291,3.759,0.03947543539975179,54.0,33.64520768252144,25.1,14.729625453486591,90.56,14.275580840488882,53.51,22.09106619578753,153.14,16.89443177499615,19.56,0.004082482904638473,317.24,4.668491012450681,66.42,3.4788869388546244,-33.989975,6.210751430879623e-05,18.955484,7.658041525139274e-05,341.299988,9.099235818576098,13.0,2.1424285285628564,0.94,0.11419573839100433,-0.03,0.020631690833925048,-0.0,0.0012247448713915891,0.002,0.0018929694486000913,0.0125,0.0073738474606969175,0.091,8.121030109741826,0.174,1.1227116474559855,0.806,17.930036755997698,1.0,0.0,150.0,0.0,2.0,0.0,55537.0,0.0,55537.0,0.0,55537.0,0.0,0.0,0.0,,,0.0,0.0,0.0,0.0,0.0,0.0,0.0,0.0,2.443129,0.0015438908985634377,2.456072,0.0017482332005006066,1.661668,0.0009429781863860906,0.93685,0.007620333827551997,0.340374,0.010166954468276135,-0.018956,0.00792512151852155,0.327336,0.13116624932286,1.066447,0.3845825651083609,74.257851,67.84519211890722,0.000266,7.372697380651577e-06,2.372455,0.0,-3e-06,0.0,1.0,0.0,2.383364,0.0,-1e-05,0.0,1.0,0.0,0.601327,0.0,0.601158,0.0,0.107461,0.0,0.0,0.0,-0.372514,1.0,0.0301569,104.578,0.0,7.04432,163.555,0.0,7.64005,-12.2394,0.0,0.931812,3.68297,0.0,0.17204,0.114622,0.0791807,0.0256776,0.001783,377.323,9.16046,16.1808,394.425,398.195,0.0,1.0,392.829,9.57563,9.66821,0.0,1.0,289.572,288.226,98306.0,1.18394,1010.63,0.0243761,0.238656,0.00707877,941.594,1708.51,0.00597902,55.1119,766.918,279.255,3.9471,-3.23387,0.494892,5.12639,1.21076e-13,0.0233192,5.12644,12.4124,246.447,320.731,,,0.560927,3.41916,-145.413,-0.0366542,0.639403,0.155816,0.0,63.1699,-9.58627,21.6842,53.9966,82.3483,115.495,173.032,-0.356757,1.04417,103.245,1.08635,110.053,1.42385,-13.3417,1.39405,2.4782,1.42385,800000099.0,800000099.0,800000099.0,800000099.0,800000099.0,800000099.0,800000199.0,800000199.0,80000.0,80000.0,80.0,81.0,3.0,3.0,5.0,2.0,0.0,1.0,3.06285,3.33647,0.438992,0.135453,0.00342773,118.438,0.0862874,-0.0133417,2.4782,15.269,14.0591,17.9213,433.059,60.4554,0.430235,0.0213806,0.0536476,274.896,288.79,288.198,98286.1,55.1119,289.25,289.868,33.4221,8.66838,8.28978,34.2595,20.8583,21.0054,47.4265,0.0,8.47908,0.00762,73800.0,7.62,1,-12.2137224,2.218963714760915,14.458363714760914,2.61949520920473
2023-05-18 15:30:00,Nit-A,autumn,afternoon,Old,0.036341,0.03056356665486976,2.917673,0.0008965567336575624,0.035894,0.02946895548946382,0.342551,0.3365546325408996,0.990867,0.03318607218914786,0.982497,0.027510395002010888,1.980999,0.19274073340230902,0.961034,0.17754630585932601,10.0072,0.2801630491626737,10.096211,0.3379018347926663,20.18236,1.9632596343644533,0.441786,0.0,0.0,0.0,0.0,0.0,0.0,0.0,79.567192,41.45494147893307,175.953979,132.65034827598987,0.503668,0.18099400904304355,0.5,0.0,0.8,0.0,171.106995,122.22338902527817,43.94,0.9253377761660866,43.49,0.9401946606953255,19.43,0.7032420161888348,17.29,1.467980472168028,98.17,0.015000000000003138,156.2,0.10519822558707109,156.6,5.512386053244092,-0.3,3.5371928606358645,1110.0,425.0529692481475,3.757,0.03280990704040463,66.0,80.73894145123943,26.03,12.012784537039417,89.86,9.547402142293299,47.88,22.163608738951638,142.26,11.38476645932333,19.56,0.004082482904638473,316.83,4.632679857994351,66.7,3.488174068668793,-33.989964,6.372330813625558e-05,18.955511,8.654320693570673e-05,341.399994,8.757249575527467,13.0,1.6041612554021287,0.94,0.1144188212955661,-0.03,0.020920484379350936,-0.0,0.0012948616399703354,0.002,0.0018645821694595996,0.01,0.009523363084774436,0.121,2.2187383239129397,0.335,2.013074309772659,2.125,13.438500567399624,1.0,0.0,150.0,0.0,2.0,0.0,55537.0,0.0,55537.0,0.0,55537.0,0.0,0.0,0.0,,,0.0,0.0,0.0,0.0,0.0,0.0,0.0,0.0,2.443094,0.0014048182563356068,2.455669,0.0013928455442005904,1.661478,0.0009412412761879893,0.936989,0.013531999965144328,0.340873,0.009662509819227467,-0.026731,0.015059488298965099,0.3354,0.12955399935769377,1.036983,0.35595541258439006,79.567192,41.45494147893307,0.000265,7.229107828771117e-06,2.372455,0.0,-3e-06,0.0,1.0,0.0,2.383364,0.0,-1e-05,0.0,1.0,0.0,0.601327,0.0,0.601158,0.0,0.107461,0.0,0.0,0.0,-0.372514,1.0,0.0301569,104.578,0.0,7.04432,163.555,0.0,7.64005,-12.2394,0.0,0.931812,3.68297,0.0,0.17204,0.114622,0.0791807,0.0256776,0.001783,377.323,9.16046,16.1808,394.425,398.195,0.0,1.0,392.829,9.57563,9.66821,0.0,1.0,289.572,288.226,98306.0,1.18394,1010.63,0.0243761,0.238656,0.00707877,941.594,1708.51,0.00597902,55.1119,766.918,279.255,3.9471,-3.23387,0.494892,5.12639,1.21076e-13,0.0233192,5.12644,12.4124,246.447,320.731,,,0.560927,3.41916,-145.413,-0.0366542,0.639403,0.155816,0.0,63.1699,-9.58627,21.6842,53.9966,82.3483,115.495,173.032,-0.356757,1.04417,103.245,1.08635,110.053,1.42385,-13.3417,1.39405,2.4782,1.42385,800000099.0,800000099.0,800000099.0,800000099.0,800000099.0,800000099.0,800000199.0,800000199.0,80000.0,80000.0,80.0,81.0,3.0,3.0,5.0,2.0,0.0,1.0,3.06285,3.33647,0.438992,0.135453,0.00342773,118.438,0.0862874,-0.0133417,2.4782,15.269,14.0591,17.9213,433.059,60.4554,0.430235,0.0213806,0.0536476,274.896,288.79,288.198,98286.1,55.1119,289.25,289.868,33.4221,8.66838,8.28978,34.2595,20.8583,21.0054,47.4265,0.0,8.47908,0.00762,73800.0,7.62,1,-12.2137224,2.218963714760915,14.458363714760914,2.61949520920473
2023-05-18 15:30:00,Nit-A,autumn,afternoon,Yng,0.091987,0.025384603016592556,2.917204,0.0010768430325104883,0.089176,0.023564506808828684,0.995585,0.37928777780478234,1.018321,0.027060017469937837,0.989067,0.0251038777254963,2.073182,0.17066402249944185,1.054663,0.15363262240328385,10.073252,0.2554374118247111,10.370978,0.2754127565074399,21.119417,1.7383735853395856,0.441786,0.0,0.0,0.0,0.0,0.0,0.0,0.0,69.818619,28.14391929755544,125.136139,83.60497770333481,0.417634,0.15813868775731849,0.5,0.0,0.8,0.0,117.133713,62.24851128757455,44.53,1.4719746374626637,43.46,1.1878815878136508,19.53,0.7958712207386348,18.01,1.2884761024817906,98.16,0.012935738607953115,156.1,0.12609520212919098,156.7,3.0450670490702367,-0.3,1.9752805707881942,886.0,530.8183399243096,3.761,0.03390093410709125,85.0,54.723791291661556,25.25,15.907446757205673,90.45,17.34354718620156,55.02,26.68770026935005,148.18,69.45743063680564,19.56,0.004082482904638473,317.65,4.718561150746409,66.14,3.488218647581203,-33.989975,8.086443388079081e-05,18.955515,5.595310536471372e-05,341.100006,9.730013745214361,12.0,2.7215191835933594,1.0,0.2901333026960768,-0.03,0.0197905701450632,0.001,0.0012489995996796796,0.002,0.0016451950239004091,0.0165,0.012475430398842503,-0.106,3.151145628709237,-0.025,1.3746526615840091,0.853,4.101326622034151,1.0,0.0,150.0,0.0,2.0,0.0,55537.0,0.0,55537.0,0.0,55537.0,0.0,0.0,0.0,,,0.0,0.0,0.0,0.0,0.0,0.0,0.0,0.0,2.443004,0.001775138204009247,2.456578,0.002199084773263688,1.660986,0.001129395425290309,0.937231,0.0075470577593743935,0.33951,0.010742479625300642,-0.012905,0.014847757334246363,0.317184,0.13334005921952588,0.849605,0.4444147630601283,69.818619,28.14391929755544,0.000262,6.958208581716024e-06,2.372455,0.0,-3e-06,0.0,1.0,0.0,2.383364,0.0,-1e-05,0.0,1.0,0.0,0.601327,0.0,0.601158,0.0,0.107461,0.0,0.0,0.0,-0.372514,1.0,0.0301569,104.578,0.0,7.04432,163.555,0.0,7.64005,-12.2394,0.0,0.931812,3.68297,0.0,0.17204,0.114622,0.0791807,0.0256776,0.001783,377.323,9.16046,16.1808,394.425,398.195,0.0,1.0,392.829,9.57563,9.66821,0.0,1.0,289.572,288.226,98306.0,1.18394,1010.63,0.0243761,0.238656,0.00707877,941.594,1708.51,0.00597902,55.1119,766.918,279.255,3.9471,-3.23387,0.494892,5.12639,1.21076e-13,0.0233192,5.12644,12.4124,246.447,320.731,,,0.560927,3.41916,-145.413,-0.0366542,0.639403,0.155816,0.0,63.1699,-9.58627,21.6842,53.9966,82.3483,115.495,173.032,-0.356757,1.04417,103.245,1.08635,110.053,1.42385,-13.3417,1.39405,2.4782,1.42385,800000099.0,800000099.0,800000099.0,800000099.0,800000099.0,800000099.0,800000199.0,800000199.0,80000.0,80000.0,80.0,81.0,3.0,3.0,5.0,2.0,0.0,1.0,3.06285,3.33647,0.438992,0.135453,0.00342773,118.438,0.0862874,-0.0133417,2.4782,15.269,14.0591,17.9213,433.059,60.4554,0.430235,0.0213806,0.0536476,274.896,288.79,288.198,98286.1,55.1119,289.25,289.868,33.4221,8.66838,8.28978,34.2595,20.8583,21.0054,47.4265,0.0,8.47908,0.00762,73800.0,7.62,1,-12.2137224,2.218963714760915,14.458363714760914,2.61949520920473
2023-05-18 09:30:00,Nit-A,autumn,morning,Mid,0.046724,0.03642604927987662,2.917052,0.001084761729597776,0.045988,0.03473966673808678,0.356192,0.35894099569761234,0.907545,0.0424269215524373,0.901134,0.035842448196098456,1.70245,0.21090799211537717,0.796845,0.18797569107092013,9.177662,0.3616001543968278,9.244747,0.4285672554669941,17.342125,2.1439173910317737,0.441786,0.0,0.0,0.0,0.0,0.0,0.0,0.0,90.597153,63.534425406025505,168.386215,127.34352037679193,0.427126,0.19721624750680827,0.5,0.0,0.8,0.0,136.258179,112.67380486465451,48.56,2.331775575250183,47.41,2.527428732922054,16.54,1.321905190750582,14.92,1.7383111535817364,98.21,0.039895697345279806,156.1,0.1503329637837441,157.0,6.605901402029352,-0.5,4.223742416388575,977.0,474.14098817405215,4.0,0.043617389498531896,73.0,78.29523186844352,62.3,9.57052431513899,46.48,14.823842371890855,58.18,24.41695767972196,159.15,90.03177032396212,19.51,0.005066228051191117,48.36,5.207520203193325,70.55,4.017193962622845,-33.98999,7.197261053063887e-05,18.955523,6.906463156442474e-05,344.399994,3.7356716921335757,13.0,1.872609587358418,0.8,0.056809623597884704,0.07,0.05016638981097471,0.001,0.0014719601443879745,0.002,0.0017107503227141788,0.013,0.008281593767001461,0.201,5.352383454437223,0.305,1.6409566549221626,0.855,7.327398608140074,1.0,0.0,150.0,0.0,2.0,0.0,55537.0,0.0,55537.0,0.0,55537.0,0.0,0.0,0.0,,,0.0,0.0,0.0,0.0,0.0,0.0,0.0,0.0,2.448956,0.0036798434296401554,2.46241,0.0034152432792801902,1.660827,0.001137162033309198,0.937797,0.016231077873224142,0.383002,0.020124336417796936,-0.009362,0.016573243628712715,0.363019,0.14370974585282428,0.92516,0.3970164201195714,90.597153,63.534425406025505,0.000259,7.1128990807780575e-06,2.372455,0.0,-3e-06,0.0,1.0,0.0,2.383364,0.0,-1e-05,0.0,1.0,0.0,0.601327,0.0,0.601158,0.0,0.107461,0.0,0.0,0.0,,2.0,0.0331239,43.071,1.0,3.98869,83.1169,1.0,5.72404,-6.45196,1.0,0.67763,1.86731,1.0,0.128597,2.10389,1.1085,0.0136184,0.0249038,723.898,15.6197,16.3246,394.438,397.647,0.0,1.0,352.239,8.51084,8.5839,0.0,1.0,287.064,285.816,98347.1,1.1949,1009.99,0.0241621,0.121002,0.00634734,837.241,1460.94,0.00531202,57.3083,623.7,277.567,0.722724,-4.03143,0.196209,4.09977,7.5696e-14,0.044344,4.10001,11.8058,291.106,280.317,,,0.346593,3.00473,-83.2969,-0.063988,0.518198,0.102971,0.0,45.4499,-6.8972,15.6015,38.8499,59.2485,83.0969,124.494,-0.138096,1.03942,44.1969,1.07201,65.143,1.235,-7.57759,1.21767,1.46351,1.235,800000099.0,800000099.0,800000099.0,800000099.0,800000099.0,800001099.0,800010199.0,800010199.0,80000.0,80000.0,80.0,81.0,2.0,4.0,1.0,25.0,21.0,15.0,3.38115,2.24484,0.383448,0.033824,0.00140298,53.3264,0.036622,-0.00757759,1.46351,12.7473,13.6241,12.6445,309.35,50.0335,0.425589,0.0301475,0.074858,17.7162,285.226,285.293,98317.0,57.3083,284.89,285.032,-15.8099,9.45282,9.05158,-21.509,-27.6674,-13.5621,-24.133,0.0,9.252199999999998,0.00762,52200.0,7.62,1,-6.438341599999999,2.4623750203088086,8.914335020308808,3.185423819956057
2023-05-18 09:30:00,Nit-A,autumn,morning,Old,0.02959,0.023296571591473858,2.917634,0.0009213978963147605,0.029293,0.022617368328860306,0.256923,0.21536529210318456,0.911088,0.03484259255432448,0.900016,0.03191437445337133,1.843183,0.2480529036541533,0.931834,0.2264022924045603,9.166698,0.3225819596278228,9.275783,0.35229548292745666,18.770683,2.522796071686095,0.441786,0.0,0.0,0.0,0.0,0.0,0.0,0.0,104.233147,40.784852522096,176.65065,98.23060873616082,0.43885,0.2417070139174837,0.5,0.0,0.8,0.0,79.089523,82.18454097116513,48.71,2.3614049490363453,48.09,2.445192562287619,16.32,1.2502415766562887,16.16,2.0135526646535307,98.22,0.029057414429606267,156.2,0.1106044001535874,156.9,0.5648893696999465,-0.5,0.391492869241148,1158.0,585.35498346445,3.996,0.0449930364982558,79.0,69.35055875766251,60.59,8.46329354723483,49.11,12.833319549776142,48.77,27.769357674722446,163.35,100.0166295122966,19.51,0.0050000000000016654,47.8,5.19426051843121,70.09,3.9648914655174785,-33.989967,6.005683419495849e-05,18.955528,6.206783922976496e-05,344.399994,3.725193136570823,13.0,1.9849433241279215,0.8,0.09134549797335385,0.07,0.05016638981097471,0.0,0.0016299284237863533,0.002,0.0020108041509140895,0.016,0.008932018382255625,-0.464,1.1240421433380512,-0.039,1.6691174893737508,0.634,5.918635302001234,1.0,0.0,150.0,0.0,2.0,0.0,55537.0,0.0,55537.0,0.0,55537.0,0.0,0.0,0.0,,,0.0,0.0,0.0,0.0,0.0,0.0,0.0,0.0,2.44988,0.003563530137377582,2.462683,0.0034634188191248563,1.661437,0.0009658769279778695,0.937635,0.001410462977181584,0.386368,0.01886545354282974,-0.006427,0.018538729867766023,0.374037,0.1399688829782415,1.077253,0.49016453406526334,104.233147,40.784852522096,0.000256,9.000370362749909e-06,2.372455,0.0,-3e-06,0.0,1.0,0.0,2.383364,0.0,-1e-05,0.0,1.0,0.0,0.601327,0.0,0.601158,0.0,0.107461,0.0,0.0,0.0,,2.0,0.0331239,43.071,1.0,3.98869,83.1169,1.0,5.72404,-6.45196,1.0,0.67763,1.86731,1.0,0.128597,2.10389,1.1085,0.0136184,0.0249038,723.898,15.6197,16.3246,394.438,397.647,0.0,1.0,352.239,8.51084,8.5839,0.0,1.0,287.064,285.816,98347.1,1.1949,1009.99,0.0241621,0.121002,0.00634734,837.241,1460.94,0.00531202,57.3083,623.7,277.567,0.722724,-4.03143,0.196209,4.09977,7.5696e-14,0.044344,4.10001,11.8058,291.106,280.317,,,0.346593,3.00473,-83.2969,-0.063988,0.518198,0.102971,0.0,45.4499,-6.8972,15.6015,38.8499,59.2485,83.0969,124.494,-0.138096,1.03942,44.1969,1.07201,65.143,1.235,-7.57759,1.21767,1.46351,1.235,800000099.0,800000099.0,800000099.0,800000099.0,800000099.0,800001099.0,800010199.0,800010199.0,80000.0,80000.0,80.0,81.0,2.0,4.0,1.0,25.0,21.0,15.0,3.38115,2.24484,0.383448,0.033824,0.00140298,53.3264,0.036622,-0.00757759,1.46351,12.7473,13.6241,12.6445,309.35,50.0335,0.425589,0.0301475,0.074858,17.7162,285.226,285.293,98317.0,57.3083,284.89,285.032,-15.8099,9.45282,9.05158,-21.509,-27.6674,-13.5621,-24.133,0.0,9.252199999999998,0.00762,52200.0,7.62,1,-6.438341599999999,2.4623750203088086,8.914335020308808,3.185423819956057
2023-05-18 09:30:00,Nit-A,autumn,morning,Yng,0.062522,0.03238953762575194,2.916793,0.0010593588674288974,0.06121,0.03053570026089681,0.619606,0.3149605313495645,0.925054,0.04158465225589039,0.901973,0.03738818525916084,1.793273,0.2738887528710333,0.917664,0.25624607821289674,9.184079,0.37742841652523174,9.419022,0.4200883330741807,18.26516,2.787419753427952,0.441786,0.0,0.0,0.0,0.0,0.0,0.0,0.0,81.691864,61.541026848299296,154.419418,93.3085474680933,0.445805,0.2117543859182693,0.5,0.0,0.8,0.0,88.995895,57.99498978511201,48.13,2.5323393005940873,47.06,2.5745551071981336,16.77,1.4249563736011954,15.73,2.1305682340633916,98.21,0.03820122162094895,156.1,0.13316656236958216,156.9,0.21275964529645114,-0.5,0.19174636024359537,755.0,531.7333040789026,4.002,0.04063651887977906,91.0,76.97614349047807,65.28,13.260769836878502,41.82,19.71383989316473,57.12,26.41860502877975,153.95,119.6105707730996,19.5,0.005000000000001024,48.74,5.261240094629148,70.86,4.106162036094846,-33.990028,7.306659063321254e-05,18.955524,7.074527074708431e-05,344.0,68.72661853701285,13.0,2.5735837529276835,0.81,0.11300884921102412,0.07,0.05341036104227969,0.001,0.0011860297916438131,0.001,0.001825741858350554,0.02,0.008208739197311984,-0.089,0.9299431667222106,-0.294,1.2047033701289294,-0.208,3.36078969757174,1.0,0.0,150.0,0.0,2.0,0.0,55537.0,0.0,55537.0,0.0,55537.0,0.0,0.0,0.0,,,0.0,0.0,0.0,0.0,0.0,0.0,0.0,0.0,2.44846,0.00377229052080196,2.46195,0.0037133433609974637,1.660556,0.0011102017504339796,0.937687,0.0005463457391310944,0.379391,0.021955542887845046,-0.003448,0.024254896621232314,0.352525,0.14826610096166057,0.739703,0.4452245495912446,81.691864,61.541026848299296,0.000254,8.013946177341928e-06,2.372455,0.0,-3e-06,0.0,1.0,0.0,2.383364,0.0,-1e-05,0.0,1.0,0.0,0.601327,0.0,0.601158,0.0,0.107461,0.0,0.0,0.0,,2.0,0.0331239,43.071,1.0,3.98869,83.1169,1.0,5.72404,-6.45196,1.0,0.67763,1.86731,1.0,0.128597,2.10389,1.1085,0.0136184,0.0249038,723.898,15.6197,16.3246,394.438,397.647,0.0,1.0,352.239,8.51084,8.5839,0.0,1.0,287.064,285.816,98347.1,1.1949,1009.99,0.0241621,0.121002,0.00634734,837.241,1460.94,0.00531202,57.3083,623.7,277.567,0.722724,-4.03143,0.196209,4.09977,7.5696e-14,0.044344,4.10001,11.8058,291.106,280.317,,,0.346593,3.00473,-83.2969,-0.063988,0.518198,0.102971,0.0,45.4499,-6.8972,15.6015,38.8499,59.2485,83.0969,124.494,-0.138096,1.03942,44.1969,1.07201,65.143,1.235,-7.57759,1.21767,1.46351,1.235,800000099.0,800000099.0,800000099.0,800000099.0,800000099.0,800001099.0,800010199.0,800010199.0,80000.0,80000.0,80.0,81.0,2.0,4.0,1.0,25.0,21.0,15.0,3.38115,2.24484,0.383448,0.033824,0.00140298,53.3264,0.036622,-0.00757759,1.46351,12.7473,13.6241,12.6445,309.35,50.0335,0.425589,0.0301475,0.074858,17.7162,285.226,285.293,98317.0,57.3083,284.89,285.032,-15.8099,9.45282,9.05158,-21.509,-27.6674,-13.5621,-24.133,0.0,9.252199999999998,0.00762,52200.0,7.62,1,-6.438341599999999,2.4623750203088086,8.914335020308808,3.185423819956057
2023-05-18 12:30:00,Nit-A,autumn,noon,Mid,0.05449,0.0380799542684862,2.918114,0.0009341304280809458,0.053491,0.036443081621664944,0.610476,0.5041913312616716,1.020112,0.0567378382158385,1.010914,0.05016341893993407,2.256418,0.2799905261891195,1.225792,0.256535907367942,10.293839,0.5121070659005071,10.379622,0.5788286352663116,22.956858,2.8492118047767603,0.441786,0.0,0.0,0.0,0.0,0.0,0.0,0.0,60.079338,79.67530009304714,79.268936,115.87039181443023,0.28435,0.17593001925450358,0.5,0.0,0.8,0.0,163.293884,95.10436601979143,39.78,1.401878144966003,39.3,1.2542992731667628,22.11,0.5063266402893172,19.37,1.7983981761556591,98.26,0.031107341041408675,156.3,0.11860297916438681,156.5,2.086448337885861,-0.1,1.3036103712382776,1582.0,472.5867010401372,3.851,0.03962743157628734,98.0,100.07913535464489,22.52,11.811354748715324,92.38,11.57540773939879,38.1,20.721232669253375,164.51,69.61992308719297,19.53,0.004999999999999706,351.43,172.5005193779621,53.84,0.29044506078316046,-33.989948,0.00012158449736280683,18.955456,5.968715662999691e-05,346.399994,11.911093011757695,16.0,4.632493928760189,0.76,0.3978705819735859,-0.1,0.02380476142847617,-0.0,0.0011284207253207169,0.001,0.0013820274961085252,0.014,0.009720539536923293,0.002,0.9037390902983744,0.092,1.5403850362815135,-1.542,4.940754531895351,1.0,0.0,150.0,0.0,2.0,0.0,55537.0,0.0,55537.0,0.0,55537.0,0.0,0.0,0.0,,,0.0,0.0,0.0,0.0,0.0,0.0,0.0,0.0,2.436788,0.0017535610264068154,2.449355,0.0019642711328460476,1.661941,0.000980527796648314,0.936534,0.005221278851328816,0.306082,0.00629420396820232,-0.029352,0.019548707290850037,0.482807,0.14821115327801754,1.432266,0.39562438921529264,60.079338,79.67530009304714,0.000266,8.956933999235824e-06,2.372455,0.0,-3e-06,0.0,1.0,0.0,2.383364,0.0,-1e-05,0.0,1.0,0.0,0.601327,0.0,0.601158,0.0,0.107461,0.0,0.0,0.0,,2.0,0.0510284,194.174,1.0,19.174,191.744,1.0,14.5578,-15.0947,1.0,2.19022,4.31644,1.0,0.327717,0.992247,2.18751,-0.0461225,0.0492441,-69.8082,-1.54318,16.2021,394.074,397.641,0.0,1.0,358.164,8.71139,8.78794,0.0,1.0,289.15,287.916,98417.0,1.18694,1010.14,0.0243224,0.279705,0.00645411,857.579,1674.7,0.0054376,51.208,817.118,277.91,0.665337,-3.54989,0.135452,3.61417,-9.07682e-14,-0.00430859,3.61418,11.181,294.422,280.706,,,0.226722,3.18855,-5.17485,-1.02998,1.01267,0.714307,0.0,28.2781,-4.29131,9.70695,24.1717,36.8633,51.7013,77.458,0.0587945,1.03772,191.962,1.06547,152.037,1.19132,-21.9936,1.17804,3.42258,1.19132,800000099.0,800000099.0,800000099.0,800000099.0,800000099.0,800000099.0,800000199.0,800000199.0,80000.0,80000.0,80.0,81.0,0.0,1.0,1.0,9.0,20.0,19.0,3.80344,2.03542,0.538232,0.340505,0.00680973,149.671,0.160104,-0.0219936,3.42258,14.7618,14.0158,19.9015,727.006,112.003,0.403263,0.0282989,0.0665467,358.805,288.467,287.668,98417.5,51.208,287.126,287.919,61.8407,9.10469,8.7445,34.2159,11.1703,18.2407,43.7328,0.0,8.924595,0.00762,63000.0,7.62,1,-15.140822499999999,2.3447922823107588,17.43949228231076,2.695904026880247
2023-05-18 12:30:00,Nit-A,autumn,noon,Old,0.049084,0.02780260433826299,2.917734,0.0006353659706552867,0.048272,0.027005683677514998,0.550417,0.345680705125949,1.033288,0.05873002142507696,1.012998,0.05502927509299024,2.140086,0.2242248547920145,1.115268,0.2103268846163435,10.307657,0.5606930998128774,10.514116,0.5981861782141865,21.778219,2.282148445884731,0.441786,0.0,0.0,0.0,0.0,0.0,0.0,0.0,67.712547,51.43235567837117,113.587257,125.67620776597342,0.403872,0.21408593444349241,0.5,0.0,0.8,0.0,152.812164,146.8553356091868,39.86,1.3268613341265147,39.35,1.195299822917522,21.83,0.5558363068386235,18.52,1.5514136564222107,98.27,0.026343879744646713,156.2,0.0866025403784511,156.4,3.561951712193749,-0.1,2.274078567977222,1366.0,530.9996327682345,3.85,0.04192008269711959,76.0,102.70137941300172,23.8,9.0665205012728,91.49,5.971037514536313,46.45,17.14474655202967,164.43,67.21497755460956,19.54,0.004999999999998951,351.15,172.55026815877937,53.82,0.2698196928814996,-33.989952,8.808995402740656e-05,18.955454,6.565269732986405e-05,345.200012,7.377676580203216,16.0,4.636090306856991,0.76,0.6184976421404799,-0.1,0.03181718613160714,0.0,0.0009574271077563381,0.002,0.0011135528725660046,0.009,0.005639148871948673,-0.214,0.9358953858916784,0.003,0.9960267734018665,-1.255,14.63877047494706,1.0,0.0,150.0,0.0,2.0,0.0,55537.0,0.0,55537.0,0.0,55537.0,0.0,0.0,0.0,,,0.0,0.0,0.0,0.0,0.0,0.0,0.0,0.0,2.436849,0.0016498416519981492,2.449612,0.0018593410553205889,1.661542,0.0006670507152133793,0.936435,0.00882768601654288,0.309581,0.0069801902724782525,-0.035026,0.0161035655497988,0.490234,0.14584019852821783,1.251443,0.4445887265472176,67.712547,51.43235567837117,0.000264,5.217917847826537e-06,2.372455,0.0,-3e-06,0.0,1.0,0.0,2.383364,0.0,-1e-05,0.0,1.0,0.0,0.601327,0.0,0.601158,0.0,0.107461,0.0,0.0,0.0,,2.0,0.0510284,194.174,1.0,19.174,191.744,1.0,14.5578,-15.0947,1.0,2.19022,4.31644,1.0,0.327717,0.992247,2.18751,-0.0461225,0.0492441,-69.8082,-1.54318,16.2021,394.074,397.641,0.0,1.0,358.164,8.71139,8.78794,0.0,1.0,289.15,287.916,98417.0,1.18694,1010.14,0.0243224,0.279705,0.00645411,857.579,1674.7,0.0054376,51.208,817.118,277.91,0.665337,-3.54989,0.135452,3.61417,-9.07682e-14,-0.00430859,3.61418,11.181,294.422,280.706,,,0.226722,3.18855,-5.17485,-1.02998,1.01267,0.714307,0.0,28.2781,-4.29131,9.70695,24.1717,36.8633,51.7013,77.458,0.0587945,1.03772,191.962,1.06547,152.037,1.19132,-21.9936,1.17804,3.42258,1.19132,800000099.0,800000099.0,800000099.0,800000099.0,800000099.0,800000099.0,800000199.0,800000199.0,80000.0,80000.0,80.0,81.0,0.0,1.0,1.0,9.0,20.0,19.0,3.80344,2.03542,0.538232,0.340505,0.00680973,149.671,0.160104,-0.0219936,3.42258,14.7618,14.0158,19.9015,727.006,112.003,0.403263,0.0282989,0.0665467,358.805,288.467,287.668,98417.5,51.208,287.126,287.919,61.8407,9.10469,8.7445,34.2159,11.1703,18.2407,43.7328,0.0,8.924595,0.00762,63000.0,7.62,1,-15.140822499999999,2.3447922823107588,17.43949228231076,2.695904026880247
2023-05-18 12:30:00,Nit-A,autumn,noon,Yng,0.099956,0.02978564993275565,2.918269,0.0010755659254551022,0.096646,0.027869318368652893,1.258107,0.3826891316185936,1.065163,0.06067012919270912,1.020916,0.05835375491568643,2.341716,0.1544152604297148,1.264399,0.12303469968531908,10.389448,0.595822560452181,10.84453,0.6193380015805123,23.827465,1.5723836594902134,0.441786,0.0,0.0,0.0,0.0,0.0,0.0,0.0,80.438377,42.54670598491412,123.549339,58.42057858535662,0.330276,0.1528994346434174,0.5,0.0,0.8,0.0,159.777405,99.21978856366032,40.44,1.7604774920458408,39.04,1.6657753950237921,22.28,0.40359839775037026,19.97,1.0773428733075952,98.26,0.029057414429606975,156.3,0.1287115638420613,156.4,0.1767295485574883,-0.1,0.15132745950421556,1561.0,510.9353090167092,3.853,0.04092928861666984,95.0,79.32500656581547,24.9,18.02185455680593,90.7,17.934754314830556,43.5,18.584412133111268,150.75,80.07413569728159,19.53,0.004999999999999706,351.72,172.4814782162614,53.9,0.31005483386008137,-33.989952,7.991470452696495e-05,18.955452,5.148906032760404e-05,346.600006,6.522661369774541,16.0,4.712395003251178,0.78,0.3998966533159953,-0.1,0.02380476142847617,0.0,0.0014922019523732927,0.002,0.0013928388277184118,0.0155,0.009640600420647474,-0.482,0.7997710672436207,-0.723,1.5876440218134544,-1.1880000000000002,10.014341428752767,1.0,0.0,150.0,0.0,2.0,0.0,55537.0,0.0,55537.0,0.0,55537.0,0.0,0.0,0.0,,,0.0,0.0,0.0,0.0,0.0,0.0,0.0,0.0,2.436519,0.0023277049161496933,2.450295,0.0024879318867954206,1.662104,0.0011295029924705737,0.936379,0.0004280806855411252,0.30412,0.004960512402296077,-0.02606,0.010028971138988617,0.478265,0.15094000642087343,1.414879,0.42781699504658927,80.438377,42.54670598491412,0.000262,1.4335271186831448e-05,2.372455,0.0,-3e-06,0.0,1.0,0.0,2.383364,0.0,-1e-05,0.0,1.0,0.0,0.601327,0.0,0.601158,0.0,0.107461,0.0,0.0,0.0,,2.0,0.0510284,194.174,1.0,19.174,191.744,1.0,14.5578,-15.0947,1.0,2.19022,4.31644,1.0,0.327717,0.992247,2.18751,-0.0461225,0.0492441,-69.8082,-1.54318,16.2021,394.074,397.641,0.0,1.0,358.164,8.71139,8.78794,0.0,1.0,289.15,287.916,98417.0,1.18694,1010.14,0.0243224,0.279705,0.00645411,857.579,1674.7,0.0054376,51.208,817.118,277.91,0.665337,-3.54989,0.135452,3.61417,-9.07682e-14,-0.00430859,3.61418,11.181,294.422,280.706,,,0.226722,3.18855,-5.17485,-1.02998,1.01267,0.714307,0.0,28.2781,-4.29131,9.70695,24.1717,36.8633,51.7013,77.458,0.0587945,1.03772,191.962,1.06547,152.037,1.19132,-21.9936,1.17804,3.42258,1.19132,800000099.0,800000099.0,800000099.0,800000099.0,800000099.0,800000099.0,800000199.0,800000199.0,80000.0,80000.0,80.0,81.0,0.0,1.0,1.0,9.0,20.0,19.0,3.80344,2.03542,0.538232,0.340505,0.00680973,149.671,0.160104,-0.0219936,3.42258,14.7618,14.0158,19.9015,727.006,112.003,0.403263,0.0282989,0.0665467,358.805,288.467,287.668,98417.5,51.208,287.126,287.919,61.8407,9.10469,8.7445,34.2159,11.1703,18.2407,43.7328,0.0,8.924595,0.00762,63000.0,7.62,1,-15.140822499999999,2.3447922823107588,17.43949228231076,2.695904026880247
2023-05-18 15:30:00,Nit-S,autumn,afternoon,Mid,0.069937,0.052862330048658784,2.917815,0.0008505593257772166,0.068301,0.04910388765216729,0.677619,0.5874056237266034,1.039715,0.04427015786433708,1.016022,0.036210346882624506,2.026855,0.14610454434436093,0.991477,0.10899567697135205,10.346777,0.3700179391580301,10.589342,0.4522082399844601,20.643124,1.4904779207224697,0.441786,0.0,0.0,0.0,0.0,0.0,0.0,0.0,138.558273,85.85060388283806,362.015961,135.9169668001856,0.556525,0.17013398493932166,0.5,0.0,0.8,0.0,136.151703,109.03593410183224,45.81,1.1705799132623693,44.89,1.2865201125516876,19.19,0.8988093976663413,17.66,1.0990940208492948,98.18,0.014456832294802732,156.2,0.10408329997331098,156.7,3.368481359109272,-0.3,2.1545146398512434,911.0,470.72655544381604,3.746,0.03679234521835562,87.0,141.99327448861794,50.15,21.730426610323754,64.07,24.461492881670157,18.36,25.89223681595187,148.82,90.4114007412782,19.56,0.004082482904638473,315.41,4.434457426412687,67.71,3.0866479661060646,-33.989975,4.927311640303654e-05,18.955515,4.729841435004288e-05,339.899994,9.508023982408437,14.0,3.463139231006073,0.9,0.4084760294884714,-0.01,0.01384437310486346,-0.001,0.002083266665599966,0.001,0.00223606797749979,0.006,0.006671967589485992,0.261,4.883488021554539,0.074,1.7476201799399471,8.251999999999999,10.142282626647114,1.0,0.0,150.0,0.0,2.0,0.0,55537.0,0.0,55537.0,0.0,55537.0,0.0,0.0,0.0,,,0.0,0.0,0.0,0.0,0.0,0.0,0.0,0.0,2.445034,0.0019032755248081796,2.458229,0.0017596589745364091,1.661627,0.0008921386159112275,0.937041,0.00835294898025043,0.344153,0.011901771706767024,-0.019081,0.0067153708043562275,0.382179,0.13158587813942396,0.869922,0.39410125053975664,138.558273,85.85060388283806,0.000267,7.128113354878699e-06,2.372455,0.0,-3e-06,0.0,1.0,0.0,2.383364,0.0,-1e-05,0.0,1.0,0.0,0.601327,0.0,0.601158,0.0,0.107461,0.0,0.0,0.0,-0.372514,1.0,0.0301569,104.578,0.0,7.04432,163.555,0.0,7.64005,-12.2394,0.0,0.931812,3.68297,0.0,0.17204,0.114622,0.0791807,0.0256776,0.001783,377.323,9.16046,16.1808,394.425,398.195,0.0,1.0,392.829,9.57563,9.66821,0.0,1.0,289.572,288.226,98306.0,1.18394,1010.63,0.0243761,0.238656,0.00707877,941.594,1708.51,0.00597902,55.1119,766.918,279.255,3.9471,-3.23387,0.494892,5.12639,1.21076e-13,0.0233192,5.12644,12.4124,246.447,320.731,,,0.560927,3.41916,-145.413,-0.0366542,0.639403,0.155816,0.0,63.1699,-9.58627,21.6842,53.9966,82.3483,115.495,173.032,-0.356757,1.04417,103.245,1.08635,110.053,1.42385,-13.3417,1.39405,2.4782,1.42385,800000099.0,800000099.0,800000099.0,800000099.0,800000099.0,800000099.0,800000199.0,800000199.0,80000.0,80000.0,80.0,81.0,3.0,3.0,5.0,2.0,0.0,1.0,3.06285,3.33647,0.438992,0.135453,0.00342773,118.438,0.0862874,-0.0133417,2.4782,15.269,14.0591,17.9213,433.059,60.4554,0.430235,0.0213806,0.0536476,274.896,288.79,288.198,98286.1,55.1119,289.25,289.868,33.4221,8.66838,8.28978,34.2595,20.8583,21.0054,47.4265,0.0,8.47908,0.00762,73800.0,7.62,1,-12.2137224,2.218963714760915,14.458363714760914,2.61949520920473
2023-05-18 15:30:00,Nit-S,autumn,afternoon,Old,0.059535,0.04078539028765897,2.917233,0.0010960533092266409,0.058345,0.03873848503318976,0.576942,0.4572644966555536,1.041809,0.04554258854936406,1.028356,0.03864443783314746,2.033594,0.2284903148036915,0.995691,0.2015115395378719,10.472881,0.393892800259368,10.609913,0.4642286556489986,20.710333,2.3279400645893187,0.441786,0.0,0.0,0.0,0.0,0.0,0.0,0.0,132.555481,77.44122214294848,333.404297,126.57737033673945,0.58558,0.26007746442866464,0.5,0.0,0.8,0.0,90.901855,113.58010359435168,45.42,1.2396024900480551,44.85,1.46641035639187,19.1,0.8722193913612956,17.71,1.7125841098566044,98.18,0.010000000000000401,156.1,0.13880441875771923,156.7,0.33877229323937785,-0.3,0.24474476501040834,1089.0,570.5935506119921,3.743,0.03192010860466058,276.0,156.6460979405488,38.02,17.693435006615683,78.77,19.513780370121353,34.32,26.60360642845252,152.2,75.23235578969108,19.56,0.004082482904638473,315.01,4.429619885874297,68.0,3.1127671505162833,-33.989983,4.926838066608326e-05,18.955517,5.494369845612676e-05,339.700012,10.180795355214135,13.0,3.2974737805376617,0.9,0.40416292094484213,-0.03,0.01332916601542147,-0.0,0.001530795000427338,0.001,0.0022233608194203057,0.002,0.011999305535460515,0.074,4.827923715912118,0.354,2.4338478191264685,-0.11649999999999999,10.252383098577617,1.0,0.0,150.0,0.0,2.0,0.0,55537.0,0.0,55537.0,0.0,55537.0,0.0,0.0,0.0,,,0.0,0.0,0.0,0.0,0.0,0.0,0.0,0.0,2.44501,0.0021274522540666333,2.457737,0.0018317855332981464,1.661017,0.0011483870456717536,0.937088,0.0008250439341837202,0.345421,0.011591306747875002,-0.022871,0.014668180705527186,0.391321,0.1295015097149836,1.019045,0.4777599222699515,132.555481,77.44122214294848,0.000265,7.413276378678101e-06,2.372455,0.0,-3e-06,0.0,1.0,0.0,2.383364,0.0,-1e-05,0.0,1.0,0.0,0.601327,0.0,0.601158,0.0,0.107461,0.0,0.0,0.0,-0.372514,1.0,0.0301569,104.578,0.0,7.04432,163.555,0.0,7.64005,-12.2394,0.0,0.931812,3.68297,0.0,0.17204,0.114622,0.0791807,0.0256776,0.001783,377.323,9.16046,16.1808,394.425,398.195,0.0,1.0,392.829,9.57563,9.66821,0.0,1.0,289.572,288.226,98306.0,1.18394,1010.63,0.0243761,0.238656,0.00707877,941.594,1708.51,0.00597902,55.1119,766.918,279.255,3.9471,-3.23387,0.494892,5.12639,1.21076e-13,0.0233192,5.12644,12.4124,246.447,320.731,,,0.560927,3.41916,-145.413,-0.0366542,0.639403,0.155816,0.0,63.1699,-9.58627,21.6842,53.9966,82.3483,115.495,173.032,-0.356757,1.04417,103.245,1.08635,110.053,1.42385,-13.3417,1.39405,2.4782,1.42385,800000099.0,800000099.0,800000099.0,800000099.0,800000099.0,800000099.0,800000199.0,800000199.0,80000.0,80000.0,80.0,81.0,3.0,3.0,5.0,2.0,0.0,1.0,3.06285,3.33647,0.438992,0.135453,0.00342773,118.438,0.0862874,-0.0133417,2.4782,15.269,14.0591,17.9213,433.059,60.4554,0.430235,0.0213806,0.0536476,274.896,288.79,288.198,98286.1,55.1119,289.25,289.868,33.4221,8.66838,8.28978,34.2595,20.8583,21.0054,47.4265,0.0,8.47908,0.00762,73800.0,7.62,1,-12.2137224,2.218963714760915,14.458363714760914,2.61949520920473
2023-05-18 15:30:00,Nit-S,autumn,afternoon,Yng,0.091735,0.043966730698411796,2.9177,0.0008385017034369372,0.088938,0.041490678007154,0.881387,0.4746362725425403,1.040469,0.037235401925542,1.021386,0.03001434607389155,2.202845,0.2190384965825414,1.165587,0.20618138860113763,10.402588,0.30713408248039403,10.596841,0.38091896377137363,22.436457,2.232913862930925,0.441786,0.0,0.0,0.0,0.0,0.0,0.0,0.0,117.641685,86.08895138338123,222.994919,124.7856444296064,0.237172,0.21255846054233332,0.5,0.0,0.8,0.0,100.244118,80.85141346079656,46.2,1.2356040358194584,45.42,1.5074380031475019,19.28,0.932809019396076,18.98,1.5772457005806053,98.18,0.016512621435328542,156.2,0.10198039027186384,156.5,4.360229351765797,-0.3,2.7929494565184427,1221.0,506.99145949414185,3.748,0.03928795404870722,28.0,113.58672164180693,32.31,17.91235646139279,84.52,18.530644214381756,39.1,21.148327215172365,147.63,55.08036544299007,19.56,0.004082482904638473,315.61,4.467177445919668,67.56,3.077533211301976,-33.989967,4.088141387118208e-05,18.955524,5.048933880850291e-05,340.200012,7.331919544344406,13.0,3.077878056930349,0.93,0.3288449482658964,-0.01,0.01384437310486346,-0.0,0.0016583123951776997,-0.0,0.002230097157823697,0.004,0.006186495556672394,-0.126,2.034007564718807,-0.09,1.9728642190142398,-0.263,14.725734970390503,1.0,0.0,150.0,0.0,2.0,0.0,55537.0,0.0,55537.0,0.0,55537.0,0.0,0.0,0.0,,,0.0,0.0,0.0,0.0,0.0,0.0,0.0,0.0,2.445751,0.002229552253256275,2.45884,0.0018886043788998352,1.661506,0.0008806415899785624,0.936715,0.01076530924358425,0.342964,0.012321358887179055,-0.006892,0.014924821006743543,0.375182,0.13405112024047638,1.129695,0.42457459879272097,117.641685,86.08895138338123,0.000263,8.090529442914518e-06,2.372455,0.0,-3e-06,0.0,1.0,0.0,2.383364,0.0,-1e-05,0.0,1.0,0.0,0.601327,0.0,0.601158,0.0,0.107461,0.0,0.0,0.0,-0.372514,1.0,0.0301569,104.578,0.0,7.04432,163.555,0.0,7.64005,-12.2394,0.0,0.931812,3.68297,0.0,0.17204,0.114622,0.0791807,0.0256776,0.001783,377.323,9.16046,16.1808,394.425,398.195,0.0,1.0,392.829,9.57563,9.66821,0.0,1.0,289.572,288.226,98306.0,1.18394,1010.63,0.0243761,0.238656,0.00707877,941.594,1708.51,0.00597902,55.1119,766.918,279.255,3.9471,-3.23387,0.494892,5.12639,1.21076e-13,0.0233192,5.12644,12.4124,246.447,320.731,,,0.560927,3.41916,-145.413,-0.0366542,0.639403,0.155816,0.0,63.1699,-9.58627,21.6842,53.9966,82.3483,115.495,173.032,-0.356757,1.04417,103.245,1.08635,110.053,1.42385,-13.3417,1.39405,2.4782,1.42385,800000099.0,800000099.0,800000099.0,800000099.0,800000099.0,800000099.0,800000199.0,800000199.0,80000.0,80000.0,80.0,81.0,3.0,3.0,5.0,2.0,0.0,1.0,3.06285,3.33647,0.438992,0.135453,0.00342773,118.438,0.0862874,-0.0133417,2.4782,15.269,14.0591,17.9213,433.059,60.4554,0.430235,0.0213806,0.0536476,274.896,288.79,288.198,98286.1,55.1119,289.25,289.868,33.4221,8.66838,8.28978,34.2595,20.8583,21.0054,47.4265,0.0,8.47908,0.00762,73800.0,7.62,1,-12.2137224,2.218963714760915,14.458363714760914,2.61949520920473
2023-05-18 09:30:00,Nit-S,autumn,morning,Mid,0.11221,0.052708022815412085,2.917593,0.0009678168180670594,0.108054,0.04902397129381367,0.945291,0.6915787917467107,1.001336,0.0629273967925207,0.985641,0.05195969550372667,1.976187,0.3177447547870671,0.933994,0.2609419083656808,10.034422,0.5258402354886031,10.191194,0.6372742282527248,20.112431,3.2274575577609093,0.441786,0.0,0.0,0.0,0.0,0.0,0.0,0.0,155.642151,82.74557826522047,353.361023,148.29417683603174,0.448739,0.21587024081186673,0.5,0.0,0.8,0.0,129.723419,83.2083725463781,50.84,3.2114145377595467,49.7,3.4544776739761995,17.19,1.8806272889650397,17.25,2.463188516266399,98.25,0.030832882879593848,156.2,0.11357816691600904,156.8,6.890203190037281,-0.4,4.448808829338478,976.0,460.2695768061727,3.959,0.04122345610612158,256.0,141.90254872035717,59.12,10.826330741914978,51.33,15.327671327808847,20.51,9.50985327612016,146.45,148.5331507913301,19.51,0.004082482904639597,43.05,4.886503965004019,66.56,3.3473782278075377,-33.98999,4.542025979794645e-05,18.955517,6.732688913262378e-05,346.600006,4.243575554339655,14.0,1.1357816691600542,0.78,0.05361902647381807,-0.03,0.052968544124477,-0.001,0.0021268129521265695,-0.001,0.0024172987679087856,0.004,0.009254599885874,-0.117,1.9440436380561694,-0.012,2.126038883307013,5.472,11.851732457043289,1.0,0.0,150.0,0.0,2.0,0.0,55537.0,0.0,55537.0,0.0,55537.0,0.0,0.0,0.0,,,0.0,0.0,0.0,0.0,0.0,0.0,0.0,0.0,2.452005,0.005046587006086225,2.465557,0.004737429669838901,1.661394,0.001015162051103106,0.937433,0.01678370239081155,0.372997,0.02703013782811082,-0.010054,0.010427410101586428,0.499006,0.1120983953885603,0.924579,0.3854152662503264,155.642151,82.74557826522047,0.000257,8.27506294034472e-06,2.372455,0.0,-3e-06,0.0,1.0,0.0,2.383364,0.0,-1e-05,0.0,1.0,0.0,0.601327,0.0,0.601158,0.0,0.107461,0.0,0.0,0.0,,2.0,0.0331239,43.071,1.0,3.98869,83.1169,1.0,5.72404,-6.45196,1.0,0.67763,1.86731,1.0,0.128597,2.10389,1.1085,0.0136184,0.0249038,723.898,15.6197,16.3246,394.438,397.647,0.0,1.0,352.239,8.51084,8.5839,0.0,1.0,287.064,285.816,98347.1,1.1949,1009.99,0.0241621,0.121002,0.00634734,837.241,1460.94,0.00531202,57.3083,623.7,277.567,0.722724,-4.03143,0.196209,4.09977,7.5696e-14,0.044344,4.10001,11.8058,291.106,280.317,,,0.346593,3.00473,-83.2969,-0.063988,0.518198,0.102971,0.0,45.4499,-6.8972,15.6015,38.8499,59.2485,83.0969,124.494,-0.138096,1.03942,44.1969,1.07201,65.143,1.235,-7.57759,1.21767,1.46351,1.235,800000099.0,800000099.0,800000099.0,800000099.0,800000099.0,800001099.0,800010199.0,800010199.0,80000.0,80000.0,80.0,81.0,2.0,4.0,1.0,25.0,21.0,15.0,3.38115,2.24484,0.383448,0.033824,0.00140298,53.3264,0.036622,-0.00757759,1.46351,12.7473,13.6241,12.6445,309.35,50.0335,0.425589,0.0301475,0.074858,17.7162,285.226,285.293,98317.0,57.3083,284.89,285.032,-15.8099,9.45282,9.05158,-21.509,-27.6674,-13.5621,-24.133,0.0,9.252199999999998,0.00762,52200.0,7.62,1,-6.438341599999999,2.4623750203088086,8.914335020308808,3.185423819956057
2023-05-18 09:30:00,Nit-S,autumn,morning,Old,0.075733,0.051270670494380444,2.917802,0.0010267977697677728,0.073818,0.04799580475805498,0.853011,0.6236223732532693,1.040179,0.040644568711903764,1.012375,0.030841902397171807,1.918886,0.44079918128761686,0.902364,0.4111774132678699,10.302573,0.3111231221994604,10.583297,0.41061791150311144,19.527765,4.479745777012611,0.441786,0.0,0.0,0.0,0.0,0.0,0.0,0.0,131.984711,60.9356360164885,294.760468,162.68096731864205,0.474026,0.22299509790608255,0.5,0.0,0.8,0.0,86.940468,48.24590842369573,50.46,4.171685990100405,49.2,4.2802034608960655,17.54,1.8014847580074989,16.79,3.1689285781369922,98.26,0.030811253355441503,156.2,0.12884098726725193,156.8,0.49739320461784986,-0.4,0.35388321990924254,737.0,626.9496258339527,3.955,0.03710646843880473,323.0,151.27935527801978,62.41,8.353862380160852,46.31,12.057791644133406,32.5,17.638273800649163,153.01,101.68793867022775,19.51,0.004082482904639597,42.84,4.777922247169781,66.42,3.2351107657492446,-33.989994,0.00041884389693460934,18.955523,6.980718683179262e-05,346.399994,5.878927971044854,15.0,1.0801234497346432,0.75,0.0282960539062723,-0.03,0.04627814458971607,0.001,0.0021579311079519352,0.001,0.002678930134711741,0.0035,0.007514691493021795,0.23,3.3487428113646867,0.975,1.7591025647566239,4.0115,8.33058916072002,1.0,0.0,150.0,0.0,2.0,0.0,55537.0,0.0,55537.0,0.0,55537.0,0.0,0.0,0.0,,,0.0,0.0,0.0,0.0,0.0,0.0,0.0,0.0,2.45123,0.006162416680437161,2.465161,0.006080883472818632,1.661613,0.0010774252827922375,0.937352,0.0012498610749466237,0.367795,0.02558641723532238,-0.008042,0.020343655929879793,0.506691,0.10761471146791847,0.724439,0.524941665936321,131.984711,60.9356360164885,0.000263,7.3767653254435926e-06,2.372455,0.0,-3e-06,0.0,1.0,0.0,2.383364,0.0,-1e-05,0.0,1.0,0.0,0.601327,0.0,0.601158,0.0,0.107461,0.0,0.0,0.0,,2.0,0.0331239,43.071,1.0,3.98869,83.1169,1.0,5.72404,-6.45196,1.0,0.67763,1.86731,1.0,0.128597,2.10389,1.1085,0.0136184,0.0249038,723.898,15.6197,16.3246,394.438,397.647,0.0,1.0,352.239,8.51084,8.5839,0.0,1.0,287.064,285.816,98347.1,1.1949,1009.99,0.0241621,0.121002,0.00634734,837.241,1460.94,0.00531202,57.3083,623.7,277.567,0.722724,-4.03143,0.196209,4.09977,7.5696e-14,0.044344,4.10001,11.8058,291.106,280.317,,,0.346593,3.00473,-83.2969,-0.063988,0.518198,0.102971,0.0,45.4499,-6.8972,15.6015,38.8499,59.2485,83.0969,124.494,-0.138096,1.03942,44.1969,1.07201,65.143,1.235,-7.57759,1.21767,1.46351,1.235,800000099.0,800000099.0,800000099.0,800000099.0,800000099.0,800001099.0,800010199.0,800010199.0,80000.0,80000.0,80.0,81.0,2.0,4.0,1.0,25.0,21.0,15.0,3.38115,2.24484,0.383448,0.033824,0.00140298,53.3264,0.036622,-0.00757759,1.46351,12.7473,13.6241,12.6445,309.35,50.0335,0.425589,0.0301475,0.074858,17.7162,285.226,285.293,98317.0,57.3083,284.89,285.032,-15.8099,9.45282,9.05158,-21.509,-27.6674,-13.5621,-24.133,0.0,9.252199999999998,0.00762,52200.0,7.62,1,-6.438341599999999,2.4623750203088086,8.914335020308808,3.185423819956057
2023-05-18 09:30:00,Nit-S,autumn,morning,Yng,0.081354,0.03552502891497768,2.917325,0.0011107746666178778,0.079146,0.03372115108587883,0.648952,0.4411689873108225,0.981279,0.06401753878529434,0.972691,0.05620483506656696,1.980956,0.2789242758633424,0.988076,0.22291865098489028,9.901125,0.5691990502761536,9.98854,0.6485576244846917,20.169329,2.833136516120488,0.441786,0.0,0.0,0.0,0.0,0.0,0.0,0.0,157.603745,64.68121958729506,325.643768,107.1945299513107,0.433312,0.18939272757145842,0.5,0.0,0.8,0.0,86.538925,30.85682456880683,50.28,2.7048855182182234,49.34,2.9974298434937006,16.92,1.8502633145942593,17.29,2.185619896810361,98.24,0.030038863715750794,156.2,0.1500000000000006,156.9,1.4862929276110541,-0.4,0.9915139938498094,643.0,446.00204782788455,3.963,0.038323534979609095,39.0,153.3356883877114,65.66,10.76447725933158,41.21,15.870039981046043,23.91,14.2616462584093,144.39,116.8125793211787,19.51,0.004082482904639597,43.46,4.8982131095601265,66.84,3.39663191019183,-33.989994,4.623862021587782e-05,18.955513,6.84787801676255e-05,345.600006,4.437814734914627,14.0,1.5405626677721778,0.76,0.03734077306823375,-0.03,0.05866571968932681,-0.001,0.0013625955623979798,-0.0,0.0024166091947189143,0.011,0.010944837764179538,-0.411,2.804468978255955,-0.147,2.3622618306755636,-0.0305,9.867232318585966,1.0,0.0,150.0,0.0,2.0,0.0,55537.0,0.0,55537.0,0.0,55537.0,0.0,0.0,0.0,,,0.0,0.0,0.0,0.0,0.0,0.0,0.0,0.0,2.4516,0.0044241311105494684,2.464803,0.004050168803889561,1.661113,0.0011642934939266952,0.937544,0.003693905295663825,0.377195,0.026731623710067938,-0.007548,0.01006065680841299,0.488184,0.11431482270367799,0.646055,0.37340181969485187,157.603745,64.68121958729506,0.000257,1.4256811237673956e-05,2.372455,0.0,-3e-06,0.0,1.0,0.0,2.383364,0.0,-1e-05,0.0,1.0,0.0,0.601327,0.0,0.601158,0.0,0.107461,0.0,0.0,0.0,,2.0,0.0331239,43.071,1.0,3.98869,83.1169,1.0,5.72404,-6.45196,1.0,0.67763,1.86731,1.0,0.128597,2.10389,1.1085,0.0136184,0.0249038,723.898,15.6197,16.3246,394.438,397.647,0.0,1.0,352.239,8.51084,8.5839,0.0,1.0,287.064,285.816,98347.1,1.1949,1009.99,0.0241621,0.121002,0.00634734,837.241,1460.94,0.00531202,57.3083,623.7,277.567,0.722724,-4.03143,0.196209,4.09977,7.5696e-14,0.044344,4.10001,11.8058,291.106,280.317,,,0.346593,3.00473,-83.2969,-0.063988,0.518198,0.102971,0.0,45.4499,-6.8972,15.6015,38.8499,59.2485,83.0969,124.494,-0.138096,1.03942,44.1969,1.07201,65.143,1.235,-7.57759,1.21767,1.46351,1.235,800000099.0,800000099.0,800000099.0,800000099.0,800000099.0,800001099.0,800010199.0,800010199.0,80000.0,80000.0,80.0,81.0,2.0,4.0,1.0,25.0,21.0,15.0,3.38115,2.24484,0.383448,0.033824,0.00140298,53.3264,0.036622,-0.00757759,1.46351,12.7473,13.6241,12.6445,309.35,50.0335,0.425589,0.0301475,0.074858,17.7162,285.226,285.293,98317.0,57.3083,284.89,285.032,-15.8099,9.45282,9.05158,-21.509,-27.6674,-13.5621,-24.133,0.0,9.252199999999998,0.00762,52200.0,7.62,1,-6.438341599999999,2.4623750203088086,8.914335020308808,3.185423819956057
2023-05-18 12:30:00,Nit-S,autumn,noon,Mid,0.128298,0.050357671870066956,2.917909,0.0009751640238100053,0.122894,0.04675727067569278,1.666017,0.6442959539839669,1.130109,0.04530328612705701,1.084779,0.047806784770295235,2.472806,0.17424550157261828,1.297224,0.17508624546253387,11.039994,0.4869290257121095,11.500387,0.46143043441968945,25.16415,1.7722488798291474,0.441786,0.0,0.0,0.0,0.0,0.0,0.0,0.0,137.238983,87.94500249610515,328.627106,116.6898749791352,0.322121,0.18949987822799957,0.5,0.0,0.8,0.0,155.20459,123.17725717888577,44.38,2.4944951393017374,42.13,2.36628626050752,21.69,0.5561153956988891,20.85,1.1258251788503102,98.28,0.011733143937858412,156.2,0.1206924466015466,156.4,4.224263249372608,-0.1,2.691344149924594,1433.0,375.43072152750983,3.871,0.026217805654427488,262.0,139.76349070244822,38.54,9.163462773427957,78.22,9.831221999324397,19.89,12.41737174284478,137.65,126.81382795000448,19.53,0.004082482904636854,8.93,143.0444963848662,53.61,0.2712299147709711,-33.989906,3.576021998594131e-05,18.955477,6.797028762539236e-05,349.100006,8.080585661535757,15.0,3.407345007480164,0.78,0.2160223753842798,-0.08,0.04636809247747852,0.0,0.002203784623475413,0.001,0.0024494897427831783,0.004,0.01222565608328104,-0.255,4.195574917696025,-0.372,2.5357017615116595,-0.18349999999999997,9.422664455980591,1.0,0.0,150.0,0.0,2.0,0.0,55537.0,0.0,55537.0,0.0,55537.0,0.0,0.0,0.0,,,0.0,0.0,0.0,0.0,0.0,0.0,0.0,0.0,2.440845,0.0033301319918786327,2.455889,0.0035070115207491547,1.661725,0.001023051494305131,0.936457,0.010420734912183533,0.311386,0.006909135744794712,-0.008994,0.015279964588527902,0.400438,0.10059270438381704,1.307668,0.31427685136648753,137.238983,87.94500249610515,0.000264,6.733003292241376e-06,2.372455,0.0,-3e-06,0.0,1.0,0.0,2.383364,0.0,-1e-05,0.0,1.0,0.0,0.601327,0.0,0.601158,0.0,0.107461,0.0,0.0,0.0,,2.0,0.0510284,194.174,1.0,19.174,191.744,1.0,14.5578,-15.0947,1.0,2.19022,4.31644,1.0,0.327717,0.992247,2.18751,-0.0461225,0.0492441,-69.8082,-1.54318,16.2021,394.074,397.641,0.0,1.0,358.164,8.71139,8.78794,0.0,1.0,289.15,287.916,98417.0,1.18694,1010.14,0.0243224,0.279705,0.00645411,857.579,1674.7,0.0054376,51.208,817.118,277.91,0.665337,-3.54989,0.135452,3.61417,-9.07682e-14,-0.00430859,3.61418,11.181,294.422,280.706,,,0.226722,3.18855,-5.17485,-1.02998,1.01267,0.714307,0.0,28.2781,-4.29131,9.70695,24.1717,36.8633,51.7013,77.458,0.0587945,1.03772,191.962,1.06547,152.037,1.19132,-21.9936,1.17804,3.42258,1.19132,800000099.0,800000099.0,800000099.0,800000099.0,800000099.0,800000099.0,800000199.0,800000199.0,80000.0,80000.0,80.0,81.0,0.0,1.0,1.0,9.0,20.0,19.0,3.80344,2.03542,0.538232,0.340505,0.00680973,149.671,0.160104,-0.0219936,3.42258,14.7618,14.0158,19.9015,727.006,112.003,0.403263,0.0282989,0.0665467,358.805,288.467,287.668,98417.5,51.208,287.126,287.919,61.8407,9.10469,8.7445,34.2159,11.1703,18.2407,43.7328,0.0,8.924595,0.00762,63000.0,7.62,1,-15.140822499999999,2.3447922823107588,17.43949228231076,2.695904026880247
2023-05-18 12:30:00,Nit-S,autumn,noon,Old,0.095623,0.048107589762323356,2.918029,0.001090173454088807,0.092589,0.044983890859284274,1.273527,0.5906922065386846,1.148442,0.06634455615715577,1.105931,0.060788337730686544,2.529989,0.21044216596710524,1.363457,0.20346174878094409,11.254664,0.6190976621926652,11.686296,0.675629020705515,25.747902,2.1414901018648087,0.441786,0.0,0.0,0.0,0.0,0.0,0.0,0.0,162.746078,83.07060829118615,258.821381,119.64828092714895,0.402432,0.17773298079996294,0.5,0.0,0.8,0.0,166.083313,109.32459388505383,43.16,2.803792788349386,41.82,2.5767041610036125,21.87,0.46845953222592573,21.22,1.330965439070451,98.28,0.011503622617832054,156.2,0.1319090595827337,156.4,0.44170125650715647,-0.1,0.31822423959633667,1346.0,407.33125340440057,3.87,0.026331350136292134,193.0,153.79403976314123,38.04,10.780672860880872,78.76,9.732979160222898,31.05,12.946548999636931,145.59,100.0845105431738,19.53,0.004082482904636854,8.64,142.93871628195538,53.61,0.2439521811065984,-33.989922,3.5283754523548134e-05,18.955503,5.553401360219276e-05,349.299988,7.84441990624013,15.0,2.976575213227443,0.83,0.1556170513364994,-0.08,0.04636809247747852,0.001,0.0019519221295943136,0.0,0.0024999999999999996,0.0,0.007502380574571934,-0.337,5.1739861084081005,-0.589,2.087308000751207,-2.761,11.519364283467995,1.0,0.0,150.0,0.0,2.0,0.0,55537.0,0.0,55537.0,0.0,55537.0,0.0,0.0,0.0,,,0.0,0.0,0.0,0.0,0.0,0.0,0.0,0.0,2.440417,0.003588462971802808,2.454219,0.003899033131431385,1.661851,0.0011448739115436685,0.936388,0.0011021642224883508,0.309114,0.005804812575785723,-0.006767,0.013280011555592363,0.407997,0.10002604287404358,1.234699,0.34108560805288557,162.746078,83.07060829118615,0.000267,6.641285016219879e-06,2.372455,0.0,-3e-06,0.0,1.0,0.0,2.383364,0.0,-1e-05,0.0,1.0,0.0,0.601327,0.0,0.601158,0.0,0.107461,0.0,0.0,0.0,,2.0,0.0510284,194.174,1.0,19.174,191.744,1.0,14.5578,-15.0947,1.0,2.19022,4.31644,1.0,0.327717,0.992247,2.18751,-0.0461225,0.0492441,-69.8082,-1.54318,16.2021,394.074,397.641,0.0,1.0,358.164,8.71139,8.78794,0.0,1.0,289.15,287.916,98417.0,1.18694,1010.14,0.0243224,0.279705,0.00645411,857.579,1674.7,0.0054376,51.208,817.118,277.91,0.665337,-3.54989,0.135452,3.61417,-9.07682e-14,-0.00430859,3.61418,11.181,294.422,280.706,,,0.226722,3.18855,-5.17485,-1.02998,1.01267,0.714307,0.0,28.2781,-4.29131,9.70695,24.1717,36.8633,51.7013,77.458,0.0587945,1.03772,191.962,1.06547,152.037,1.19132,-21.9936,1.17804,3.42258,1.19132,800000099.0,800000099.0,800000099.0,800000099.0,800000099.0,800000099.0,800000199.0,800000199.0,80000.0,80000.0,80.0,81.0,0.0,1.0,1.0,9.0,20.0,19.0,3.80344,2.03542,0.538232,0.340505,0.00680973,149.671,0.160104,-0.0219936,3.42258,14.7618,14.0158,19.9015,727.006,112.003,0.403263,0.0282989,0.0665467,358.805,288.467,287.668,98417.5,51.208,287.126,287.919,61.8407,9.10469,8.7445,34.2159,11.1703,18.2407,43.7328,0.0,8.924595,0.00762,63000.0,7.62,1,-15.140822499999999,2.3447922823107588,17.43949228231076,2.695904026880247
2023-05-18 12:30:00,Nit-S,autumn,noon,Yng,0.118181,0.043109110661900686,2.918141,0.0010613325162266627,0.113582,0.040202680240128276,1.501176,0.5974831340348501,1.118617,0.03712903416002989,1.068801,0.04215342174624343,2.522825,0.17018695335559667,1.398731,0.15771575500635102,10.874564,0.4287126553625401,11.381966,0.37764764502585874,25.6731,1.7302561212649297,0.441786,0.0,0.0,0.0,0.0,0.0,0.0,0.0,163.534637,64.06542237855037,250.108841,80.19133520620358,0.296778,0.15180845134178136,0.5,0.0,0.8,0.0,130.490463,40.87983879678061,42.71,2.2503938914480424,40.94,2.3974969586355392,21.55,0.6355443860712381,21.17,1.060280308849189,98.28,0.011902380714237262,156.3,0.13503086067020142,156.5,0.147196014438795,-0.2,0.12151817422372121,1206.0,422.5996213912171,3.874,0.026047200745313356,51.0,128.90112489811716,43.35,9.414086926870109,72.72,11.271244710915179,21.56,18.278254156237132,136.56,102.83595852943012,19.53,0.004082482904636854,9.21,143.04480426542352,53.63,0.2947558311552167,-33.989895,4.666701190304715e-05,18.95545,8.077091060630572e-05,348.799988,6.875433092156965,15.0,3.8305787204198447,0.77,0.3030275015022014,-0.08,0.045368858629387325,0.001,0.0019790570145063195,0.001,0.0018645821694595996,0.01,0.016128887923258242,-1.576,4.09934211673044,0.213,2.7681932663742974,-3.869,9.300200798769664,1.0,0.0,150.0,0.0,2.0,0.0,55537.0,0.0,55537.0,0.0,55537.0,0.0,0.0,0.0,,,0.0,0.0,0.0,0.0,0.0,0.0,0.0,0.0,2.439142,0.003401770724196342,2.453626,0.003197461650538795,1.661969,0.0011126547832398994,0.936633,0.0003457604324770085,0.31304,0.007933233366036836,-0.003003,0.016118931491985854,0.39161,0.10156383568188367,1.117067,0.3539933399661731,163.534637,64.06542237855037,0.000257,8.680053763274362e-06,2.372455,0.0,-3e-06,0.0,1.0,0.0,2.383364,0.0,-1e-05,0.0,1.0,0.0,0.601327,0.0,0.601158,0.0,0.107461,0.0,0.0,0.0,,2.0,0.0510284,194.174,1.0,19.174,191.744,1.0,14.5578,-15.0947,1.0,2.19022,4.31644,1.0,0.327717,0.992247,2.18751,-0.0461225,0.0492441,-69.8082,-1.54318,16.2021,394.074,397.641,0.0,1.0,358.164,8.71139,8.78794,0.0,1.0,289.15,287.916,98417.0,1.18694,1010.14,0.0243224,0.279705,0.00645411,857.579,1674.7,0.0054376,51.208,817.118,277.91,0.665337,-3.54989,0.135452,3.61417,-9.07682e-14,-0.00430859,3.61418,11.181,294.422,280.706,,,0.226722,3.18855,-5.17485,-1.02998,1.01267,0.714307,0.0,28.2781,-4.29131,9.70695,24.1717,36.8633,51.7013,77.458,0.0587945,1.03772,191.962,1.06547,152.037,1.19132,-21.9936,1.17804,3.42258,1.19132,800000099.0,800000099.0,800000099.0,800000099.0,800000099.0,800000099.0,800000199.0,800000199.0,80000.0,80000.0,80.0,81.0,0.0,1.0,1.0,9.0,20.0,19.0,3.80344,2.03542,0.538232,0.340505,0.00680973,149.671,0.160104,-0.0219936,3.42258,14.7618,14.0158,19.9015,727.006,112.003,0.403263,0.0282989,0.0665467,358.805,288.467,287.668,98417.5,51.208,287.126,287.919,61.8407,9.10469,8.7445,34.2159,11.1703,18.2407,43.7328,0.0,8.924595,0.00762,63000.0,7.62,1,-15.140822499999999,2.3447922823107588,17.43949228231076,2.695904026880247
2023-05-18 15:30:00,Rep-S,autumn,afternoon,Mid,0.123026,0.0360859078265556,2.917735,0.0008516850415500753,0.118046,0.03354699490033844,1.27302,0.3576822387336886,1.027485,0.028868058170926553,0.994076,0.025747388046686647,2.034055,0.0968604260288483,1.019914,0.0899688519238371,10.125735,0.2625102265204346,10.466436,0.2942965142692088,20.714767,0.9873816006199224,0.441786,0.0,0.0,0.0,0.0,0.0,0.0,0.0,117.098808,52.185097769359736,323.786621,96.83463690074142,0.556901,0.13262534096628492,0.5,0.0,0.8,0.0,145.597656,91.74583167535164,45.91,1.0611028853666025,44.45,0.9129572826808449,19.16,0.4948983060521958,17.71,0.7417160283199133,98.18,177.96441687689517,156.2,38.033959566791864,156.5,27.507036289955916,-0.2,71.19766914432901,816.0,427.4156953911107,3.73,0.5385508703920179,118.0,138.5584353260385,47.900000000000006,12.84250988494568,65.16,19.06116228530324,21.09,14.29584743902928,147.89,36.59263779323194,19.56,3.9124187744497223,313.06,62.573024974077086,69.34,13.632492039808556,-33.989952,6.864502425096501,18.9555,3.792121858639444,340.399994,69.00412430361382,13.0,2.6352099095619264,0.94,48.228707795855385,-0.03,0.008306136307574059,0.0,0.20002414854211978,0.001,0.47659234445506293,0.005,0.007564376204462425,0.125,4.405512103414691,0.105,2.1246699670138165,-1.1075,10.84863525912653,1.0,0.1785078,150.0,30.0,2.0,0.0,55537.0,0.0,55537.0,0.0,55537.0,0.0,0.0,0.0,,,0.0,0.0,0.0,0.0,0.0,0.0,0.0,0.0,2.4445069999999998,0.0012225410902668157,2.458526,0.0014670389574022993,1.6615085,0.0009093468112817799,0.93666,0.0004767524024699371,0.3446905,0.006621997866000781,-0.0178235,0.0068382367863371405,0.44193550000000004,0.12830248240964182,0.8148219999999999,0.33805441522784707,116.8438185,48.08396571023826,0.0002665,6.460021985873652e-06,2.372455,0.0,-3e-06,0.0,1.0,0.0,2.383364,0.0,-1e-05,0.0,1.0,0.0,0.601327,0.0,0.601158,0.0,0.107461,0.0,0.0,0.0,-0.372514,1.0,0.0301569,104.578,0.0,7.04432,163.555,0.0,7.64005,-12.2394,0.0,0.931812,3.68297,0.0,0.17204,0.114622,0.0791807,0.0256776,0.001783,377.323,9.16046,16.1808,394.425,398.195,0.0,1.0,392.829,9.57563,9.66821,0.0,1.0,289.572,288.226,98306.0,1.18394,1010.63,0.0243761,0.238656,0.00707877,941.594,1708.51,0.00597902,55.1119,766.918,279.255,3.9471,-3.23387,0.494892,5.12639,1.21076e-13,0.0233192,5.12644,12.4124,246.447,320.731,,,0.560927,3.41916,-145.413,-0.0366542,0.639403,0.155816,0.0,63.1699,-9.58627,21.6842,53.9966,82.3483,115.495,173.032,-0.356757,1.04417,103.245,1.08635,110.053,1.42385,-13.3417,1.39405,2.4782,1.42385,800000099.0,800000099.0,800000099.0,800000099.0,800000099.0,800000099.0,800000199.0,800000199.0,80000.0,80000.0,80.0,81.0,3.0,3.0,5.0,2.0,0.0,1.0,3.06285,3.33647,0.438992,0.135453,0.00342773,118.438,0.0862874,-0.0133417,2.4782,15.269,14.0591,17.9213,433.059,60.4554,0.430235,0.0213806,0.0536476,274.896,288.79,288.198,98286.1,55.1119,289.25,289.868,33.4221,8.66838,8.28978,34.2595,20.8583,21.0054,47.4265,0.0,8.47908,0.00762,73800.0,7.62,1,-12.2137224,2.218963714760915,14.458363714760914,2.61949520920473
2023-05-18 15:30:00,Rep-S,autumn,afternoon,Old,0.085311,0.049480667955003735,2.917786,0.0009079445192300491,0.082886,0.04601160032125957,0.877033,0.42755852883701984,1.030609,0.037750833148510354,0.998255,0.03586378990128264,1.999334,0.08397966867617426,0.970079,0.07667809483357466,10.16871,0.3653978462393557,10.499681,0.3847820648770983,20.359762,0.855717589303323,0.441786,0.0,0.0,0.0,0.0,0.0,0.0,0.0,157.395599,58.14552839915221,375.101562,114.7604320768478,0.592199,0.15722354228165067,0.5,0.0,0.8,0.0,155.333847,115.82025361776083,45.96,1.4025155970612255,45.19,1.3555161378604113,19.22,0.46112182049143374,17.44,0.6662564571294347,98.18,0.010770329614274042,156.2,0.12583057392119062,156.5,0.2739829678404579,-0.2,0.16329931618554522,785.0,446.69788448122296,3.728,0.033926538284947294,261.0,133.64714736948184,45.75,17.085402170664093,69.77,19.199045332168645,22.02,17.89359902311438,149.0,57.45363683875897,19.56,0.004082482904638473,312.86,4.596778763438578,69.64,3.4128049558488724,-33.989956,3.924869424665547e-05,18.955496,5.481231613416075e-05,340.700012,6.297716356854321,13.0,1.2013880860626738,0.93,0.09861034428496841,-0.03,0.010999999999999996,0.001,0.0015885003409925142,0.001,0.002039607805437114,0.002,0.007578510640581814,-0.171,4.036557115083761,0.164,2.0140934271610478,0.856,22.847515194410605,1.0,0.0,150.0,0.0,2.0,0.0,55537.0,0.0,55537.0,0.0,55537.0,0.0,0.0,0.0,,,0.0,0.0,0.0,0.0,0.0,0.0,0.0,0.0,2.4455,0.001892222458733274,2.458476,0.001972181261108427,1.661597,0.0009522340013533699,0.936591,0.0006884464927162645,0.34384,0.006338916188119226,-0.017719,0.007597845913590685,0.449373,0.12854579736930338,0.764712,0.3740052713217734,157.395599,58.14552839915221,0.000264,5.711975723571189e-06,2.372455,0.0,-3e-06,0.0,1.0,0.0,2.383364,0.0,-1e-05,0.0,1.0,0.0,0.601327,0.0,0.601158,0.0,0.107461,0.0,0.0,0.0,-0.372514,1.0,0.0301569,104.578,0.0,7.04432,163.555,0.0,7.64005,-12.2394,0.0,0.931812,3.68297,0.0,0.17204,0.114622,0.0791807,0.0256776,0.001783,377.323,9.16046,16.1808,394.425,398.195,0.0,1.0,392.829,9.57563,9.66821,0.0,1.0,289.572,288.226,98306.0,1.18394,1010.63,0.0243761,0.238656,0.00707877,941.594,1708.51,0.00597902,55.1119,766.918,279.255,3.9471,-3.23387,0.494892,5.12639,1.21076e-13,0.0233192,5.12644,12.4124,246.447,320.731,,,0.560927,3.41916,-145.413,-0.0366542,0.639403,0.155816,0.0,63.1699,-9.58627,21.6842,53.9966,82.3483,115.495,173.032,-0.356757,1.04417,103.245,1.08635,110.053,1.42385,-13.3417,1.39405,2.4782,1.42385,800000099.0,800000099.0,800000099.0,800000099.0,800000099.0,800000099.0,800000199.0,800000199.0,80000.0,80000.0,80.0,81.0,3.0,3.0,5.0,2.0,0.0,1.0,3.06285,3.33647,0.438992,0.135453,0.00342773,118.438,0.0862874,-0.0133417,2.4782,15.269,14.0591,17.9213,433.059,60.4554,0.430235,0.0213806,0.0536476,274.896,288.79,288.198,98286.1,55.1119,289.25,289.868,33.4221,8.66838,8.28978,34.2595,20.8583,21.0054,47.4265,0.0,8.47908,0.00762,73800.0,7.62,1,-12.2137224,2.218963714760915,14.458363714760914,2.61949520920473
2023-05-18 15:30:00,Rep-S,autumn,afternoon,Yng,0.064941,0.03222688392667422,2.917706,0.0011593790176929262,0.063527,0.030395729648696815,0.741134,0.3619894797488365,1.019816,0.03178510297461161,0.996217,0.026787575380948624,2.1163,0.13373495000551172,1.100073,0.12930118970740376,10.148599,0.2731397954856037,10.387712,0.32407690294592656,21.552397,1.3626964420209433,0.441786,0.0,0.0,0.0,0.0,0.0,0.0,0.0,104.17128,57.182393502185285,188.009262,81.74982760144846,0.380285,0.16600701468539417,0.5,0.0,0.8,0.0,104.88784,80.04292024639788,44.97,0.9987825922925674,44.11,0.8558913482446234,19.12,0.524467984405783,18.34,0.9696391081221922,98.17,0.009626352718797726,156.2,0.14628738838328406,156.7,7.31648139476894,-0.3,4.690859906953805,1054.0,456.3875619105615,3.733,0.03623074201098674,40.0,85.53901643889374,42.05,13.805870104174286,74.25,15.159964412886994,27.02,15.081353575414465,137.2,44.82049511477236,19.56,0.004082482904638473,313.44,4.683813154542613,69.19,3.4021947328158677,-33.989964,2.9472133729018543e-05,18.955492,3.8629651823363065e-05,339.5,8.013156801248162,12.0,1.258305739211792,0.97,0.10329891900047482,-0.03,0.005000000000000005,0.0,0.0016072751268321592,-0.0,0.0022457367016935296,0.001,0.004086126352846737,0.134,9.360357538933364,0.493,2.262727018444779,-0.5345,13.309408454575069,1.0,0.0,150.0,0.0,2.0,0.0,55537.0,0.0,55537.0,0.0,55537.0,0.0,0.0,0.0,,,0.0,0.0,0.0,0.0,0.0,0.0,0.0,0.0,2.444015,0.0012361990090595722,2.457144,0.0014353898459999383,1.661512,0.0012164461667770494,0.9371,0.017971582813059817,0.34516,0.00717054292969972,-0.010193,0.009515535489048073,0.432311,0.13292312165826023,0.990092,0.3821847106124559,104.17128,57.182393502185285,0.000265,6.6427905782635285e-06,2.372455,0.0,-3e-06,0.0,1.0,0.0,2.383364,0.0,-1e-05,0.0,1.0,0.0,0.601327,0.0,0.601158,0.0,0.107461,0.0,0.0,0.0,-0.372514,1.0,0.0301569,104.578,0.0,7.04432,163.555,0.0,7.64005,-12.2394,0.0,0.931812,3.68297,0.0,0.17204,0.114622,0.0791807,0.0256776,0.001783,377.323,9.16046,16.1808,394.425,398.195,0.0,1.0,392.829,9.57563,9.66821,0.0,1.0,289.572,288.226,98306.0,1.18394,1010.63,0.0243761,0.238656,0.00707877,941.594,1708.51,0.00597902,55.1119,766.918,279.255,3.9471,-3.23387,0.494892,5.12639,1.21076e-13,0.0233192,5.12644,12.4124,246.447,320.731,,,0.560927,3.41916,-145.413,-0.0366542,0.639403,0.155816,0.0,63.1699,-9.58627,21.6842,53.9966,82.3483,115.495,173.032,-0.356757,1.04417,103.245,1.08635,110.053,1.42385,-13.3417,1.39405,2.4782,1.42385,800000099.0,800000099.0,800000099.0,800000099.0,800000099.0,800000099.0,800000199.0,800000199.0,80000.0,80000.0,80.0,81.0,3.0,3.0,5.0,2.0,0.0,1.0,3.06285,3.33647,0.438992,0.135453,0.00342773,118.438,0.0862874,-0.0133417,2.4782,15.269,14.0591,17.9213,433.059,60.4554,0.430235,0.0213806,0.0536476,274.896,288.79,288.198,98286.1,55.1119,289.25,289.868,33.4221,8.66838,8.28978,34.2595,20.8583,21.0054,47.4265,0.0,8.47908,0.00762,73800.0,7.62,1,-12.2137224,2.218963714760915,14.458363714760914,2.61949520920473
2023-05-18 09:30:00,Rep-S,autumn,morning,Mid,0.110836,0.03008046186136997,2.917688,0.0011358498110812577,0.106778,0.028014927256256324,0.953767,0.285583480316305,1.016585,0.05053490882884826,0.987351,0.048863905152474324,1.852573,0.183837523681012,0.835734,0.14568521057233869,10.04682,0.49553986927724636,10.3489,0.5124262271630758,18.860455,1.8671274994030078,0.441786,0.0,0.0,0.0,0.0,0.0,0.0,0.0,153.231384,75.43714132270976,323.853149,90.86025951669608,0.551563,0.15481619192171084,0.5,0.0,0.8,0.0,93.729225,64.22045078460779,50.93,2.0110041438710833,49.72,2.098995791642596,16.67,1.1637356515406168,16.24,1.5519609101606484,98.23,0.02644491129373013,156.2,0.14719601443879698,156.7,5.411869670763823,-0.3,3.442223118857928,498.0,397.7173703356023,3.967,0.033701285831057165,240.0,128.60102384247696,62.92,7.892916909060513,45.52,12.069034413185948,22.72,21.28721408107067,144.69,118.22025699656271,19.51,0.004082482904639597,44.27,4.279089155416143,67.41,3.133282996049564,-33.989998,3.546510021843267e-05,18.955526,4.2052863556876625e-05,345.200012,3.8348506130900617,14.0,1.7635192088548397,0.77,0.05147815070493499,0.07,0.05530220007679021,0.0,0.0021315096371664222,-0.001,0.002365022903342235,0.006,0.008282299875521905,0.153,2.9125457318298027,-0.185,2.095179870560043,-0.813,8.541857870003751,1.0,0.0,150.0,0.0,2.0,0.0,55537.0,0.0,55537.0,0.0,55537.0,0.0,0.0,0.0,,,0.0,0.0,0.0,0.0,0.0,0.0,0.0,0.0,2.452241,0.003011928327500387,2.46573,0.0029636423395317676,1.661493,0.0011919724241776749,0.937139,0.013317418247418167,0.380902,0.017253922245584256,-0.01126,0.008821765921665949,0.472106,0.10840986258580594,0.524554,0.33303745441795773,153.231384,75.43714132270976,0.000257,4.813176359397901e-06,2.372455,0.0,-3e-06,0.0,1.0,0.0,2.383364,0.0,-1e-05,0.0,1.0,0.0,0.601327,0.0,0.601158,0.0,0.107461,0.0,0.0,0.0,,2.0,0.0331239,43.071,1.0,3.98869,83.1169,1.0,5.72404,-6.45196,1.0,0.67763,1.86731,1.0,0.128597,2.10389,1.1085,0.0136184,0.0249038,723.898,15.6197,16.3246,394.438,397.647,0.0,1.0,352.239,8.51084,8.5839,0.0,1.0,287.064,285.816,98347.1,1.1949,1009.99,0.0241621,0.121002,0.00634734,837.241,1460.94,0.00531202,57.3083,623.7,277.567,0.722724,-4.03143,0.196209,4.09977,7.5696e-14,0.044344,4.10001,11.8058,291.106,280.317,,,0.346593,3.00473,-83.2969,-0.063988,0.518198,0.102971,0.0,45.4499,-6.8972,15.6015,38.8499,59.2485,83.0969,124.494,-0.138096,1.03942,44.1969,1.07201,65.143,1.235,-7.57759,1.21767,1.46351,1.235,800000099.0,800000099.0,800000099.0,800000099.0,800000099.0,800001099.0,800010199.0,800010199.0,80000.0,80000.0,80.0,81.0,2.0,4.0,1.0,25.0,21.0,15.0,3.38115,2.24484,0.383448,0.033824,0.00140298,53.3264,0.036622,-0.00757759,1.46351,12.7473,13.6241,12.6445,309.35,50.0335,0.425589,0.0301475,0.074858,17.7162,285.226,285.293,98317.0,57.3083,284.89,285.032,-15.8099,9.45282,9.05158,-21.509,-27.6674,-13.5621,-24.133,0.0,9.252199999999998,0.00762,52200.0,7.62,1,-6.438341599999999,2.4623750203088086,8.914335020308808,3.185423819956057
2023-05-18 09:30:00,Rep-S,autumn,morning,Old,0.103666,0.03809538311156178,2.917675,0.0009472578265710098,0.100109,0.03561454484790356,0.884777,0.2675849296758134,1.004842,0.07855133958444005,0.978523,0.07559686720360836,1.810202,0.2006800897146002,0.839344,0.14235816951531086,9.960734,0.7672282632014562,10.230077,0.7972416248424266,18.430351,2.0387376818516705,0.441786,0.0,0.0,0.0,0.0,0.0,0.0,0.0,129.249222,77.70795657319633,355.163086,127.18610104324507,0.558492,0.14744103921878962,0.5,0.0,0.8,0.0,103.256302,90.15694605145221,51.1,1.6695830816903547,50.13,1.566185599899749,16.73,1.3259242059786058,15.88,1.7057769490762857,98.23,0.023508863576681388,156.2,0.11150485789118764,156.3,5.533308232874795,0.0,3.5248073233393438,518.0,377.7101048864503,3.967,0.03228735562620991,288.0,130.15533027886335,59.83,5.608674828632277,50.25,8.583150023932552,29.75,21.65118785809838,154.56,91.98800493723806,19.51,0.004082482904639597,44.07,4.283345654975796,67.27,3.0907896509899664,-33.98999,3.219922359500944e-05,18.955521,4.359613897416372e-05,345.399994,4.389123768826138,14.0,1.5545631755148028,0.78,0.06525590650150631,-0.0,0.05505149104853262,0.001,0.002103964511741267,-0.0,0.0023187640385918242,0.003,0.012118289531797406,0.171,9.551651086243329,0.41,2.480006302411346,0.4710000000000001,14.582509370112255,1.0,0.0,150.0,0.0,2.0,0.0,55537.0,0.0,55537.0,0.0,55537.0,0.0,0.0,0.0,,,0.0,0.0,0.0,0.0,0.0,0.0,0.0,0.0,2.452701,0.0022427370346669567,2.466109,0.0024083786890769536,1.66148,0.0009946005697431019,0.936014,0.013670495672920373,0.380044,0.019619768129108962,-0.012798,0.0078046826755907685,0.477862,0.10636854847886196,0.541431,0.31620687939868836,129.249222,77.70795657319633,0.000262,5.3718401564702875e-06,2.372455,0.0,-3e-06,0.0,1.0,0.0,2.383364,0.0,-1e-05,0.0,1.0,0.0,0.601327,0.0,0.601158,0.0,0.107461,0.0,0.0,0.0,,2.0,0.0331239,43.071,1.0,3.98869,83.1169,1.0,5.72404,-6.45196,1.0,0.67763,1.86731,1.0,0.128597,2.10389,1.1085,0.0136184,0.0249038,723.898,15.6197,16.3246,394.438,397.647,0.0,1.0,352.239,8.51084,8.5839,0.0,1.0,287.064,285.816,98347.1,1.1949,1009.99,0.0241621,0.121002,0.00634734,837.241,1460.94,0.00531202,57.3083,623.7,277.567,0.722724,-4.03143,0.196209,4.09977,7.5696e-14,0.044344,4.10001,11.8058,291.106,280.317,,,0.346593,3.00473,-83.2969,-0.063988,0.518198,0.102971,0.0,45.4499,-6.8972,15.6015,38.8499,59.2485,83.0969,124.494,-0.138096,1.03942,44.1969,1.07201,65.143,1.235,-7.57759,1.21767,1.46351,1.235,800000099.0,800000099.0,800000099.0,800000099.0,800000099.0,800001099.0,800010199.0,800010199.0,80000.0,80000.0,80.0,81.0,2.0,4.0,1.0,25.0,21.0,15.0,3.38115,2.24484,0.383448,0.033824,0.00140298,53.3264,0.036622,-0.00757759,1.46351,12.7473,13.6241,12.6445,309.35,50.0335,0.425589,0.0301475,0.074858,17.7162,285.226,285.293,98317.0,57.3083,284.89,285.032,-15.8099,9.45282,9.05158,-21.509,-27.6674,-13.5621,-24.133,0.0,9.252199999999998,0.00762,52200.0,7.62,1,-6.438341599999999,2.4623750203088086,8.914335020308808,3.185423819956057
2023-05-18 09:30:00,Rep-S,autumn,morning,Yng,0.086137,0.023544719412074828,2.917337,0.000999284572415029,0.083665,0.02231922673294634,0.807266,0.22752694876187746,0.970997,0.04091956603517036,0.964163,0.038749378508994584,1.94907,0.20338994842127767,0.942585,0.17847887861030878,9.816838,0.3928858514955804,9.886419,0.41481631145525477,19.834629,2.068029517442761,0.441786,0.0,0.0,0.0,0.0,0.0,0.0,0.0,106.864212,42.446864086138994,188.211319,63.65409541435636,0.449743,0.1504009602791485,0.5,0.0,0.8,0.0,85.62384,67.74516260374978,49.88,2.1657602206461646,48.6,2.2367571765094754,16.5,1.0855738881654566,17.04,1.7036233934372544,98.22,0.023783747952470978,156.2,0.12247448713916638,156.9,5.309482083970145,-0.4,3.397047737864943,556.0,474.9888875893134,3.969,0.036164992280749375,72.0,142.78349577828197,61.81,8.080858617746012,47.24,12.475865928530439,27.32,17.62794276142284,141.22,101.443197006995,19.51,0.004082482904639597,44.47,5.4789466140855945,67.56,5.21395349039479,-33.990005,6.599994075097416,18.955532,4.0403176441370486e-05,345.0,3.9654068827039755,14.0,2.449489742783179,0.74,0.08129165598838134,0.07,0.05530220007679021,0.001,0.0016512621435334448,0.001,0.002511971337416094,0.0055,0.01115033924862724,-0.126,1.414999532390971,-0.127,1.578973429162125,-0.4855,11.506003973487427,1.0,0.0,150.0,0.0,2.0,0.0,55537.0,0.0,55537.0,0.0,55537.0,0.0,0.0,0.0,,,0.0,0.0,0.0,0.0,0.0,0.0,0.0,0.0,2.450613,0.0032156457604448235,2.464242,0.0031635978726760067,1.661126,0.0010484988475593932,0.937566,0.013106887078046671,0.3835,0.016151273577543864,-0.011785,0.015328121676404668,0.465146,0.10979864578966052,0.572774,0.397606991003646,106.864212,42.446864086138994,0.000259,9.01702094190019e-06,2.372455,0.0,-3e-06,0.0,1.0,0.0,2.383364,0.0,-1e-05,0.0,1.0,0.0,0.601327,0.0,0.601158,0.0,0.107461,0.0,0.0,0.0,,2.0,0.0331239,43.071,1.0,3.98869,83.1169,1.0,5.72404,-6.45196,1.0,0.67763,1.86731,1.0,0.128597,2.10389,1.1085,0.0136184,0.0249038,723.898,15.6197,16.3246,394.438,397.647,0.0,1.0,352.239,8.51084,8.5839,0.0,1.0,287.064,285.816,98347.1,1.1949,1009.99,0.0241621,0.121002,0.00634734,837.241,1460.94,0.00531202,57.3083,623.7,277.567,0.722724,-4.03143,0.196209,4.09977,7.5696e-14,0.044344,4.10001,11.8058,291.106,280.317,,,0.346593,3.00473,-83.2969,-0.063988,0.518198,0.102971,0.0,45.4499,-6.8972,15.6015,38.8499,59.2485,83.0969,124.494,-0.138096,1.03942,44.1969,1.07201,65.143,1.235,-7.57759,1.21767,1.46351,1.235,800000099.0,800000099.0,800000099.0,800000099.0,800000099.0,800001099.0,800010199.0,800010199.0,80000.0,80000.0,80.0,81.0,2.0,4.0,1.0,25.0,21.0,15.0,3.38115,2.24484,0.383448,0.033824,0.00140298,53.3264,0.036622,-0.00757759,1.46351,12.7473,13.6241,12.6445,309.35,50.0335,0.425589,0.0301475,0.074858,17.7162,285.226,285.293,98317.0,57.3083,284.89,285.032,-15.8099,9.45282,9.05158,-21.509,-27.6674,-13.5621,-24.133,0.0,9.252199999999998,0.00762,52200.0,7.62,1,-6.438341599999999,2.4623750203088086,8.914335020308808,3.185423819956057
2023-05-18 12:30:00,Rep-S,autumn,noon,Mid,0.14724,0.03517512410070503,2.918105,0.0009091404970263592,0.140167,0.03245175795828838,1.72841,0.47140042662577214,1.117347,0.06107411202446311,1.088604,0.059248023232340775,2.387485,0.27177687865758565,1.284505,0.23948173815684434,11.083579,0.6032577865361479,11.376486,0.62171463271356,24.294598,2.762866420331093,0.441786,0.0,0.0,0.0,0.0,0.0,0.0,0.0,135.654327,74.23991926349386,288.827789,117.72317713059145,0.461163,0.1942409534445727,0.5,0.0,0.8,0.0,223.235016,130.62718870467586,44.45,2.039949917685887,42.43,2.1620649851473037,21.71,0.722386784670557,20.28,1.8180965320906373,98.26,0.023323807579383637,156.3,0.11135528725660893,156.1,6.706183713558706,0.1,4.272559732369656,1528.0,401.9015094937233,3.845,0.029066016812307867,54.0,136.83783589831188,34.21,9.461367712968352,82.7,8.714451063224427,29.68,18.308068958795193,145.51,89.54858190390287,19.54,0.004999999999998951,349.71,175.0088225033241,53.68,0.23949739038243986,-33.989925,2.6770194869831534e-05,18.955469,4.644128910202032e-05,343.600006,5.188712314380507,16.0,1.4809906594348707,0.76,0.05057337903152875,-0.05,0.04453463071962462,0.001,0.002274496281230931,0.001,0.002829605390627228,0.002,0.011262242016494551,-0.735,4.455874615605785,-1.499,2.079129371475795,-8.331,24.844476495840702,1.0,0.0,150.0,0.0,2.0,0.0,55537.0,0.0,55537.0,0.0,55537.0,0.0,0.0,0.0,,,0.0,0.0,0.0,0.0,0.0,0.0,0.0,0.0,2.441092,0.0030433435708113942,2.456,0.0028867009099199565,1.661932,0.0009551838008118522,0.935673,0.016490516353043626,0.311086,0.009161979820249891,-0.014098,0.016392600841334887,0.505441,0.09491493222530016,1.386695,0.3364419443141616,135.654327,74.23991926349386,0.000264,6.910137480542632e-06,2.372455,0.0,-3e-06,0.0,1.0,0.0,2.383364,0.0,-1e-05,0.0,1.0,0.0,0.601327,0.0,0.601158,0.0,0.107461,0.0,0.0,0.0,,2.0,0.0510284,194.174,1.0,19.174,191.744,1.0,14.5578,-15.0947,1.0,2.19022,4.31644,1.0,0.327717,0.992247,2.18751,-0.0461225,0.0492441,-69.8082,-1.54318,16.2021,394.074,397.641,0.0,1.0,358.164,8.71139,8.78794,0.0,1.0,289.15,287.916,98417.0,1.18694,1010.14,0.0243224,0.279705,0.00645411,857.579,1674.7,0.0054376,51.208,817.118,277.91,0.665337,-3.54989,0.135452,3.61417,-9.07682e-14,-0.00430859,3.61418,11.181,294.422,280.706,,,0.226722,3.18855,-5.17485,-1.02998,1.01267,0.714307,0.0,28.2781,-4.29131,9.70695,24.1717,36.8633,51.7013,77.458,0.0587945,1.03772,191.962,1.06547,152.037,1.19132,-21.9936,1.17804,3.42258,1.19132,800000099.0,800000099.0,800000099.0,800000099.0,800000099.0,800000099.0,800000199.0,800000199.0,80000.0,80000.0,80.0,81.0,0.0,1.0,1.0,9.0,20.0,19.0,3.80344,2.03542,0.538232,0.340505,0.00680973,149.671,0.160104,-0.0219936,3.42258,14.7618,14.0158,19.9015,727.006,112.003,0.403263,0.0282989,0.0665467,358.805,288.467,287.668,98417.5,51.208,287.126,287.919,61.8407,9.10469,8.7445,34.2159,11.1703,18.2407,43.7328,0.0,8.924595,0.00762,63000.0,7.62,1,-15.140822499999999,2.3447922823107588,17.43949228231076,2.695904026880247
2023-05-18 12:30:00,Rep-S,autumn,noon,Old,0.120314,0.0459697748512723,2.918212,0.0011908605753823906,0.11555,0.04242025633145877,1.470258,0.5414768909197172,1.160006,0.05319478038185069,1.122814,0.05584332305546163,2.492993,0.2530146147232211,1.27393,0.2296344249927335,11.42616,0.569149551047072,11.803496,0.5420517257602457,25.375912,2.5732214304705776,0.441786,0.0,0.0,0.0,0.0,0.0,0.0,0.0,150.621414,64.01287211713229,270.394928,110.21639946451235,0.525067,0.21041543701845325,0.5,0.0,0.8,0.0,209.934082,147.02401442902834,44.09,2.1985875769078054,42.74,2.3624281294182596,21.47,0.811739490230703,20.98,1.7183662783780018,98.27,0.024494897427834728,156.3,0.14966629547097057,155.7,2.912055402403364,0.4,1.8741664813991314,1311.0,489.25452476190753,3.841,0.029544147756648313,77.0,153.32835136834063,30.32,10.51048251350368,86.32,9.446608686013551,32.08,20.879632116810228,159.21,13.36357321228121,19.54,0.004999999999998951,349.13,175.02203371480596,53.68,0.26118511953529794,-33.989944,3.2181361065254303e-05,18.955471,5.5295418736878015e-05,342.600006,5.134498165814152,16.0,1.7540429489230491,0.79,0.05535642088622902,-0.05,0.04444097208657794,0.0,0.002420055095791554,-0.0,0.0022891046284519195,0.0035,0.008894626416267707,-0.074,2.900200104015813,-0.807,1.9781691872368588,-7.21,19.281778837897576,1.0,0.0,150.0,0.0,2.0,0.0,55537.0,0.0,55537.0,0.0,55537.0,0.0,0.0,0.0,,,0.0,0.0,0.0,0.0,0.0,0.0,0.0,0.0,2.441519,0.003334128771758481,2.455538,0.003117444106956991,1.662043,0.0012495676358911666,0.934683,0.0072817805176115516,0.314098,0.01023135858883527,-0.012785,0.014260172161770463,0.513367,0.09326803797448512,1.205476,0.40964256501671464,150.621414,64.01287211713229,0.00027,7.118754572723143e-06,2.372455,0.0,-3e-06,0.0,1.0,0.0,2.383364,0.0,-1e-05,0.0,1.0,0.0,0.601327,0.0,0.601158,0.0,0.107461,0.0,0.0,0.0,,2.0,0.0510284,194.174,1.0,19.174,191.744,1.0,14.5578,-15.0947,1.0,2.19022,4.31644,1.0,0.327717,0.992247,2.18751,-0.0461225,0.0492441,-69.8082,-1.54318,16.2021,394.074,397.641,0.0,1.0,358.164,8.71139,8.78794,0.0,1.0,289.15,287.916,98417.0,1.18694,1010.14,0.0243224,0.279705,0.00645411,857.579,1674.7,0.0054376,51.208,817.118,277.91,0.665337,-3.54989,0.135452,3.61417,-9.07682e-14,-0.00430859,3.61418,11.181,294.422,280.706,,,0.226722,3.18855,-5.17485,-1.02998,1.01267,0.714307,0.0,28.2781,-4.29131,9.70695,24.1717,36.8633,51.7013,77.458,0.0587945,1.03772,191.962,1.06547,152.037,1.19132,-21.9936,1.17804,3.42258,1.19132,800000099.0,800000099.0,800000099.0,800000099.0,800000099.0,800000099.0,800000199.0,800000199.0,80000.0,80000.0,80.0,81.0,0.0,1.0,1.0,9.0,20.0,19.0,3.80344,2.03542,0.538232,0.340505,0.00680973,149.671,0.160104,-0.0219936,3.42258,14.7618,14.0158,19.9015,727.006,112.003,0.403263,0.0282989,0.0665467,358.805,288.467,287.668,98417.5,51.208,287.126,287.919,61.8407,9.10469,8.7445,34.2159,11.1703,18.2407,43.7328,0.0,8.924595,0.00762,63000.0,7.62,1,-15.140822499999999,2.3447922823107588,17.43949228231076,2.695904026880247
2023-05-18 12:30:00,Rep-S,autumn,noon,Yng,0.082298,0.03152590415663496,2.918179,0.0013626441856430024,0.080041,0.029489914576851517,1.04647,0.5283000531623357,1.103574,0.04654578010922867,1.080308,0.05255087360637626,2.550602,0.2944819509566872,1.427171,0.28135513981640115,10.992701,0.5352209279884558,11.230622,0.47388941678430313,25.962107,2.9934577589254476,0.441786,0.0,0.0,0.0,0.0,0.0,0.0,0.0,97.571609,29.256138658898486,147.381668,92.81793947370332,0.407763,0.19441176557471168,0.5,0.0,0.8,0.0,115.692116,75.20942106781015,42.5,1.1423509384889856,41.52,1.4243156251337044,21.87,0.645374051745705,21.35,1.9711636157356376,98.26,0.024474476501038588,156.3,0.16901676445450226,156.4,6.089354098205599,-0.1,3.882645146460507,1027.0,658.5926282612037,3.83,0.030940695962868126,65.0,126.41828717924213,35.13,11.25671737230708,81.78,9.232568494194883,33.23,19.04896956968189,158.33,119.7785285878344,19.54,0.004999999999998951,349.99,174.96849385436985,53.66,0.22522063256579028,-33.989925,2.9626845934381928e-05,18.955477,3.515712350852984e-05,345.0,5.236010378463613,17.0,1.4410644214144868,0.75,0.02945618214682049,-0.05,0.04654746681256313,0.0,0.0020016659728003235,-0.0,0.0018027756377319946,0.008,0.008230649412020277,-0.098,0.9903974589358895,-0.364,1.8226850614775265,-1.022,8.835354733638642,1.0,0.0,150.0,0.0,2.0,0.0,55537.0,0.0,55537.0,0.0,55537.0,0.0,0.0,0.0,,,0.0,0.0,0.0,0.0,0.0,0.0,0.0,0.0,2.439956,0.0020033936391367266,2.453315,0.0016117169643996541,1.662009,0.0014299016248212825,0.936437,0.014989778062399718,0.309139,0.008190728188018437,-0.005649,0.01898735250765625,0.49965,0.09703398189924671,0.967129,0.5515377784244098,97.571609,29.256138658898486,0.00027,1.1978731151503458e-05,2.372455,0.0,-3e-06,0.0,1.0,0.0,2.383364,0.0,-1e-05,0.0,1.0,0.0,0.601327,0.0,0.601158,0.0,0.107461,0.0,0.0,0.0,,2.0,0.0510284,194.174,1.0,19.174,191.744,1.0,14.5578,-15.0947,1.0,2.19022,4.31644,1.0,0.327717,0.992247,2.18751,-0.0461225,0.0492441,-69.8082,-1.54318,16.2021,394.074,397.641,0.0,1.0,358.164,8.71139,8.78794,0.0,1.0,289.15,287.916,98417.0,1.18694,1010.14,0.0243224,0.279705,0.00645411,857.579,1674.7,0.0054376,51.208,817.118,277.91,0.665337,-3.54989,0.135452,3.61417,-9.07682e-14,-0.00430859,3.61418,11.181,294.422,280.706,,,0.226722,3.18855,-5.17485,-1.02998,1.01267,0.714307,0.0,28.2781,-4.29131,9.70695,24.1717,36.8633,51.7013,77.458,0.0587945,1.03772,191.962,1.06547,152.037,1.19132,-21.9936,1.17804,3.42258,1.19132,800000099.0,800000099.0,800000099.0,800000099.0,800000099.0,800000099.0,800000199.0,800000199.0,80000.0,80000.0,80.0,81.0,0.0,1.0,1.0,9.0,20.0,19.0,3.80344,2.03542,0.538232,0.340505,0.00680973,149.671,0.160104,-0.0219936,3.42258,14.7618,14.0158,19.9015,727.006,112.003,0.403263,0.0282989,0.0665467,358.805,288.467,287.668,98417.5,51.208,287.126,287.919,61.8407,9.10469,8.7445,34.2159,11.1703,18.2407,43.7328,0.0,8.924595,0.00762,63000.0,7.62,1,-15.140822499999999,2.3447922823107588,17.43949228231076,2.695904026880247
2023-06-01 15:30:00,Nit-A,winter,afternoon,Mid,0.027789,0.09754727693547711,2.91764,0.0008015456422853736,0.027527,0.08398381533283662,0.198832,0.5309028099590577,1.68084,0.03902544361767956,1.671644,0.033852049647596326,2.331139,0.27906303100358876,0.630238,0.2589260587395045,17.119612,0.3508967004670415,17.212814,0.4036249965395766,23.87459,2.861401048642486,0.441786,0.0,0.0,0.0,0.0,0.0,0.0,0.0,73.590157,47.318737086764955,246.419907,109.78529902062428,0.640805,0.2043123109098503,0.5,0.0,0.8,0.0,90.60202,102.97448312579824,61.29,1.4270345709430658,61.07,1.090524033053221,22.24,0.2821802024711628,19.89,1.7744250712085128,97.64,0.02791654228828321,156.2,0.10801234497347227,155.9,2.9930920466968596,0.2,1.9121802564960586,799.0,563.1402815166631,3.621,0.018602598384813623,,,,,,,,,,,,,,,,,,,,,,,,,,,0.47,0.029569128044860105,0.001,0.00241039415863879,0.001,0.0021315096371664222,0.012,0.008432740427115677,0.058,0.9020682586885169,0.106,1.4996705993873012,1.196,6.550332305752852,1.0,0.0,150.0,0.0,2.0,0.0,55537.0,0.0,55537.0,0.0,55537.0,0.0,0.0,0.0,,,0.0,0.0,0.0,0.0,0.0,0.0,0.0,0.0,2.466115,0.0014483457782357397,2.47786,0.0018876366467091836,1.661444,0.0008414126771883873,0.935041,0.007443147450731671,0.304534,0.0034281935437389427,-0.028611,0.018836702011410245,0.273226,0.14541145547046833,0.776495,0.4714719952066188,73.590157,47.318737086764955,0.000274,7.28079665970696e-06,2.372455,0.0,-3e-06,0.0,1.0,0.0,2.383364,0.0,-1e-05,0.0,1.0,0.0,0.601327,0.0,0.601158,0.0,0.107461,0.0,0.0,0.0,-0.0179485,0.0,0.00328983,69.2105,1.0,7.50677,73.6759,1.0,6.21982,-8.1475,1.0,1.16534,1.66248,1.0,0.140348,4.52113,12.282,0.0167872,0.27714,-196.936,-8.65338,15.9393,393.378,399.911,0.0,1.0,700.372,17.285,17.5891,0.0,1.0,291.711,290.37,97818.3,1.16594,1014.99,0.0246798,0.107728,0.0126207,1691.25,1958.94,0.0108244,86.3349,267.69,288.034,0.294343,-0.153361,0.0457883,0.334721,-6.92514e-14,-0.0123554,0.334949,2.51663,263.963,332.527,,,0.124072,0.358245,-2.37262,-2.24646,0.939391,0.471367,0.0,,,,,,,,-0.0158134,1.13502,67.1435,1.09273,55.9498,1.18232,-10.2182,1.17554,1.26249,1.18232,800000099.0,800000099.0,800000099.0,800000099.0,800000099.0,800010199.0,801010199.0,801110199.0,80000.0,80000.0,81.0,81.0,2.0,5.0,0.0,19.0,17.0,21.0,0.353904,0.301462,0.0611242,0.136799,0.00419247,62.3062,0.0567369,-0.0102182,1.26249,17.1202,12.6961,19.8308,296.024,40.0421,0.434749,0.0221904,0.0563089,172.287,289.748,289.224,97835.4,86.3349,289.859,290.234,50.733,9.55684,10.4833,37.962,36.5442,30.4923,51.7803,0.0,10.02007,0.000254,10800.0,0.254,1,-8.130712800000001,2.570298890238733,10.717798890238734,4.301776341077206
2023-06-01 15:30:00,Nit-A,winter,afternoon,Old,0.02225,0.026846258674285816,2.917707,0.0009500480373817852,0.022081,0.026432704633780228,0.128159,0.2108297915873292,1.670513,0.03185833275282928,1.664443,0.031186759539640122,2.287015,0.23599309809257843,0.595555,0.22684246728539026,17.04512,0.32408933183304556,17.107367,0.3309416163766699,23.431574,2.418502880820277,0.441786,0.0,0.0,0.0,0.0,0.0,0.0,0.0,82.481148,31.079231988212992,239.562393,115.46824961332298,0.618799,0.17749531958587905,0.5,0.0,0.8,0.0,100.201118,93.44199201499922,61.96,0.9679442132685132,61.86,0.8399746027906657,22.21,0.31220025624589315,19.59,1.5503141617104585,97.65,0.028589042189843643,156.2,0.12609520212918957,155.9,1.3076696830621966,0.2,0.8472897969408106,643.0,370.23899938643234,3.62,0.020314034557418627,,,,,,,,,,,,,,,,,,,,,,,,,,,0.47,0.030276503540974904,0.001,0.0019043809142780933,-0.0,0.001977371993328519,0.008,0.010948363652467279,0.12,1.266404775996469,0.011,1.2430905705807065,1.0135,6.227703140002742,1.0,0.0,150.0,0.0,2.0,0.0,55537.0,0.0,55537.0,0.0,55537.0,0.0,0.0,0.0,,,0.0,0.0,0.0,0.0,0.0,0.0,0.0,0.0,2.467184,0.0011242945595647538,2.47891,0.0012868546758149086,1.661513,0.0009981748043304444,0.935151,0.003290134953159225,0.304941,0.0038134768571475583,-0.030088,0.017987494332452197,0.287431,0.14258418254119218,0.645632,0.3100054599174182,82.481148,31.079231988212992,0.000274,6.435578192102611e-06,2.372455,0.0,-3e-06,0.0,1.0,0.0,2.383364,0.0,-1e-05,0.0,1.0,0.0,0.601327,0.0,0.601158,0.0,0.107461,0.0,0.0,0.0,-0.0179485,0.0,0.00328983,69.2105,1.0,7.50677,73.6759,1.0,6.21982,-8.1475,1.0,1.16534,1.66248,1.0,0.140348,4.52113,12.282,0.0167872,0.27714,-196.936,-8.65338,15.9393,393.378,399.911,0.0,1.0,700.372,17.285,17.5891,0.0,1.0,291.711,290.37,97818.3,1.16594,1014.99,0.0246798,0.107728,0.0126207,1691.25,1958.94,0.0108244,86.3349,267.69,288.034,0.294343,-0.153361,0.0457883,0.334721,-6.92514e-14,-0.0123554,0.334949,2.51663,263.963,332.527,,,0.124072,0.358245,-2.37262,-2.24646,0.939391,0.471367,0.0,,,,,,,,-0.0158134,1.13502,67.1435,1.09273,55.9498,1.18232,-10.2182,1.17554,1.26249,1.18232,800000099.0,800000099.0,800000099.0,800000099.0,800000099.0,800010199.0,801010199.0,801110199.0,80000.0,80000.0,81.0,81.0,2.0,5.0,0.0,19.0,17.0,21.0,0.353904,0.301462,0.0611242,0.136799,0.00419247,62.3062,0.0567369,-0.0102182,1.26249,17.1202,12.6961,19.8308,296.024,40.0421,0.434749,0.0221904,0.0563089,172.287,289.748,289.224,97835.4,86.3349,289.859,290.234,50.733,9.55684,10.4833,37.962,36.5442,30.4923,51.7803,0.0,10.02007,0.000254,10800.0,0.254,1,-8.130712800000001,2.570298890238733,10.717798890238734,4.301776341077206
2023-06-01 15:30:00,Nit-A,winter,afternoon,Yng,0.069681,0.03170195921327261,2.917918,0.0007745424455767154,0.068056,0.030656948808929652,0.604269,0.39895305858932417,1.679435,0.030313307046301294,1.659834,0.02559822684614436,2.6143,0.29777432712544255,0.93574,0.2829604857672887,16.999966,0.26648582910127266,17.19953,0.31503374494519354,26.774817,3.0534626621812495,0.441786,0.0,0.0,0.0,0.0,0.0,0.0,0.0,86.73513,49.534573641938366,201.792236,83.7817560182259,0.550897,0.17634667366651216,0.5,0.0,0.8,0.0,134.463943,77.48693578117509,61.78,1.459216342196503,61.27,1.2283351876964734,22.53,0.28910032860583146,21.76,1.862585747466855,97.64,0.02847220867208056,156.2,0.1036018017861394,155.9,0.1443375672974057,0.2,0.1254325848148452,883.0,441.50997723720803,3.622,0.019041008376659327,,,,,,,,,,,,,,,,,,,,,,,,,,,0.5,0.02629955639676586,0.0,0.0019773719933285187,0.001,0.002336664289109585,0.0165,0.006988609256544491,0.025,2.309208683366086,0.272,2.0630695956914944,0.3405,4.7868568371240094,1.0,0.0,150.0,0.0,2.0,0.0,55537.0,0.0,55537.0,0.0,55537.0,0.0,0.0,0.0,,,0.0,0.0,0.0,0.0,0.0,0.0,0.0,0.0,2.466305,0.0016501712153592888,2.478554,0.001957097645324245,1.661735,0.0008139374607425376,0.935136,0.0003543679914062668,0.300992,0.0035071995713579374,-0.006544,0.023565375443080325,0.264274,0.14900435341943313,0.84699,0.3697234772170953,86.73513,49.534573641938366,0.000269,4.3874821936960815e-06,2.372455,0.0,-3e-06,0.0,1.0,0.0,2.383364,0.0,-1e-05,0.0,1.0,0.0,0.601327,0.0,0.601158,0.0,0.107461,0.0,0.0,0.0,-0.0179485,0.0,0.00328983,69.2105,1.0,7.50677,73.6759,1.0,6.21982,-8.1475,1.0,1.16534,1.66248,1.0,0.140348,4.52113,12.282,0.0167872,0.27714,-196.936,-8.65338,15.9393,393.378,399.911,0.0,1.0,700.372,17.285,17.5891,0.0,1.0,291.711,290.37,97818.3,1.16594,1014.99,0.0246798,0.107728,0.0126207,1691.25,1958.94,0.0108244,86.3349,267.69,288.034,0.294343,-0.153361,0.0457883,0.334721,-6.92514e-14,-0.0123554,0.334949,2.51663,263.963,332.527,,,0.124072,0.358245,-2.37262,-2.24646,0.939391,0.471367,0.0,,,,,,,,-0.0158134,1.13502,67.1435,1.09273,55.9498,1.18232,-10.2182,1.17554,1.26249,1.18232,800000099.0,800000099.0,800000099.0,800000099.0,800000099.0,800010199.0,801010199.0,801110199.0,80000.0,80000.0,81.0,81.0,2.0,5.0,0.0,19.0,17.0,21.0,0.353904,0.301462,0.0611242,0.136799,0.00419247,62.3062,0.0567369,-0.0102182,1.26249,17.1202,12.6961,19.8308,296.024,40.0421,0.434749,0.0221904,0.0563089,172.287,289.748,289.224,97835.4,86.3349,289.859,290.234,50.733,9.55684,10.4833,37.962,36.5442,30.4923,51.7803,0.0,10.02007,0.000254,10800.0,0.254,1,-8.130712800000001,2.570298890238733,10.717798890238734,4.301776341077206
2023-06-01 09:30:00,Nit-A,winter,morning,Mid,0.052928,0.4603418845915863,2.917247,0.001056143688140835,0.051984,0.30111684329366784,0.235774,0.7846106598483523,1.519839,0.09268886545747192,1.496496,0.10020198779839659,1.894586,0.25563703187816256,0.42268,0.17825133264937085,15.276407,1.0259087171902153,15.512443,0.9492627491715487,19.339911,2.613458246826493,0.441786,0.0,0.0,0.0,0.0,0.0,0.0,0.0,46.444775,28.2294032386634,85.156921,71.21534062044671,0.413062,0.1581222533348063,0.5,0.0,0.8,0.0,49.400654,78.49336733898015,75.5,2.001763639060988,74.58,2.0121520817274274,17.43,0.7303485469281094,16.59,1.9317627528589867,97.96,0.020752509888374432,156.2,0.12948616399704238,156.6,4.592228943189431,-0.3,2.9629264812568894,426.0,506.4922440998809,3.894,0.05550225220655477,,,,,,,,,,,,,,,,,,,,,,,,,,,-0.23,0.09806120537705011,0.0,0.0047609522856952345,0.0,0.0026457513110645908,-0.009999999999999998,0.018291074484488367,-0.069,0.6373761108377586,-0.097,1.0964346416149635,0.0725,3.3137613332756843,1.0,0.0,150.0,0.0,2.0,0.0,55537.0,0.0,55537.0,0.0,55537.0,0.0,0.0,0.0,,,0.0,0.0,0.0,0.0,0.0,0.0,0.0,0.0,2.484566,0.0025058919403409927,2.498265,0.0024693617474966633,1.661031,0.0011073832715008062,0.936945,0.011328742225713605,0.369416,0.010637725564862708,-0.008154,0.014899117415135704,0.591364,0.15644685161661137,0.463757,0.42409891847490405,46.444775,28.2294032386634,0.000262,7.123903424387515e-06,2.372455,0.0,-3e-06,0.0,1.0,0.0,2.383364,0.0,-1e-05,0.0,1.0,0.0,0.601327,0.0,0.601158,0.0,0.107461,0.0,0.0,0.0,-0.0196447,1.0,0.00344125,,2.0,0.745247,16.3928,1.0,1.59275,,2.0,0.171615,0.367996,1.0,0.0357551,3.77449,4.86133,-1.16076,0.10913,668.439,21.975,16.9195,408.636,414.137,0.0,1.0,556.23,13.4339,13.6169,0.0,1.0,286.935,285.004,98109.7,1.19318,1012.72,0.0241518,0.0238461,0.0100233,1318.35,1384.91,0.00840045,95.1939,66.5599,284.225,-0.733508,-0.369255,-0.0461397,0.822496,-3.45341e-14,0.039507,0.823444,2.8381,8.44366,206.539,,,0.128312,0.102429,-28.5615,-0.186615,0.388452,0.04107,0.0,,,,,,,,-0.0184418,1.06522,7.0129,1.05193,15.5026,1.01366,-0.464207,1.01237,0.348012,1.01366,800000099.0,800000099.0,800000099.0,800000099.0,800000099.0,800000099.0,810010199.0,811110199.0,80000.0,80000.0,80.0,81.0,1.0,0.0,0.0,7.0,35.0,23.0,0.126527,0.0591973,0.0191338,0.00984721,0.00186783,23.9394,0.00580367,-0.000464207,0.348012,11.9944,12.7038,11.3615,110.313,7.05482,0.57148,0.0149522,0.054556,11.3396,284.086,284.067,98080.4,95.1939,285.813,285.803,-11.4652,10.0524,11.1218,-12.1523,-13.6146,-8.23979,-14.8257,0.0,10.5871,0.07112,59400.0,71.12,1,,2.1331854809403583,,0.0
2023-06-01 09:30:00,Nit-A,winter,morning,Old,0.031994,0.26764869168683914,2.917212,0.0008442799259330175,0.031647,0.21223423108916714,0.144511,0.7308793284253495,1.544102,0.10021337327536012,1.509299,0.09550398053960887,1.885769,0.25127591479804295,0.373754,0.168453880583757,15.404237,0.9782056809448503,15.758108,1.0261124482340025,19.248676,2.5692918433652947,0.441786,0.0,0.0,0.0,0.0,0.0,0.0,0.0,77.022675,60.550248387226496,166.336304,120.8767102185323,0.515573,0.09806749983169755,0.5,0.0,0.8,0.0,47.880287,71.64313100825933,75.27,2.6921820146490827,75.29,2.1636637908880387,17.35,0.7552123321733216,16.52,1.9019518045067962,97.97,0.022999999999999417,156.1,0.11135528725661206,156.7,0.31527765540867625,-0.3,0.21817424229271426,288.0,341.7777689279005,3.889,0.05465793629474137,,,,,,,,,,,,,,,,,,,,,,,,,,,-0.29,0.10954451150103323,0.001,0.003479942528261063,0.001,0.002690724809414742,-0.0125,0.01348634787284417,0.033,0.6762611108144547,0.031,1.3467646107121565,0.0035000000000000014,2.882725991962615,1.0,0.0,150.0,0.0,2.0,0.0,55537.0,0.0,55537.0,0.0,55537.0,0.0,0.0,0.0,,,0.0,0.0,0.0,0.0,0.0,0.0,0.0,0.0,2.485484,0.002736743230557137,2.49833,0.0033283950301409167,1.660994,0.0008859893246159117,0.937022,0.0007929916077740188,0.370723,0.010946370243601261,-0.009476,0.014651105766915114,0.608936,0.15063560099246132,0.348307,0.2862450296264374,77.022675,60.550248387226496,0.000262,6.311893535223793e-06,2.372455,0.0,-3e-06,0.0,1.0,0.0,2.383364,0.0,-1e-05,0.0,1.0,0.0,0.601327,0.0,0.601158,0.0,0.107461,0.0,0.0,0.0,-0.0196447,1.0,0.00344125,,2.0,0.745247,16.3928,1.0,1.59275,,2.0,0.171615,0.367996,1.0,0.0357551,3.77449,4.86133,-1.16076,0.10913,668.439,21.975,16.9195,408.636,414.137,0.0,1.0,556.23,13.4339,13.6169,0.0,1.0,286.935,285.004,98109.7,1.19318,1012.72,0.0241518,0.0238461,0.0100233,1318.35,1384.91,0.00840045,95.1939,66.5599,284.225,-0.733508,-0.369255,-0.0461397,0.822496,-3.45341e-14,0.039507,0.823444,2.8381,8.44366,206.539,,,0.128312,0.102429,-28.5615,-0.186615,0.388452,0.04107,0.0,,,,,,,,-0.0184418,1.06522,7.0129,1.05193,15.5026,1.01366,-0.464207,1.01237,0.348012,1.01366,800000099.0,800000099.0,800000099.0,800000099.0,800000099.0,800000099.0,810010199.0,811110199.0,80000.0,80000.0,80.0,81.0,1.0,0.0,0.0,7.0,35.0,23.0,0.126527,0.0591973,0.0191338,0.00984721,0.00186783,23.9394,0.00580367,-0.000464207,0.348012,11.9944,12.7038,11.3615,110.313,7.05482,0.57148,0.0149522,0.054556,11.3396,284.086,284.067,98080.4,95.1939,285.813,285.803,-11.4652,10.0524,11.1218,-12.1523,-13.6146,-8.23979,-14.8257,0.0,10.5871,0.07112,59400.0,71.12,1,,2.1331854809403583,,0.0
2023-06-01 09:30:00,Nit-A,winter,morning,Yng,0.056672,0.9605243685425476,2.917271,0.0009000213090070577,0.055592,0.5159334208812961,0.423106,1.190599640022493,1.508111,0.07586028754412057,1.50345,0.09563974833544196,1.988421,0.3376724266934993,0.516466,0.27215580067345,15.347429,0.9796984110064616,15.394309,0.7779551331364623,20.294775,3.4516729711908165,0.441786,0.0,0.0,0.0,0.0,0.0,0.0,0.0,69.736008,22.840717282909875,130.706909,92.12883001949083,0.472331,0.15372514300142964,0.5,0.0,0.8,0.0,133.224411,90.8585561753034,75.34,1.1727577186557614,74.63,1.6604213320720767,17.45,0.7559988977064295,17.35,2.5277652844624106,97.96,0.02254624876410958,156.2,0.11590225767142236,156.7,0.20264912204762434,-0.4,0.1650252505931542,817.0,596.1140131440181,3.897,0.056756262503210204,,,,,,,,,,,,,,,,,,,,,,,,,,,-0.23,0.08013946177341931,0.0,0.006885976086704534,0.001,0.0024718414188616552,-0.004,0.021894483804205833,0.012,0.6838338199689551,0.289,1.3079633315451418,0.286,3.42721546905721,1.0,0.0,150.0,0.0,2.0,0.0,55537.0,0.0,55537.0,0.0,55537.0,0.0,0.0,0.0,,,0.0,0.0,0.0,0.0,0.0,0.0,0.0,0.0,2.484494,0.00204257315903244,2.498335,0.001527842839867209,1.661056,0.0009430217088346296,0.937045,0.0004991564784714168,0.369146,0.01109931838372674,6.6e-05,0.020677064123080915,0.57857,0.17095178037168848,0.791718,0.4990587901800482,69.736008,22.840717282909875,0.000257,7.3161920878737705e-06,2.372455,0.0,-3e-06,0.0,1.0,0.0,2.383364,0.0,-1e-05,0.0,1.0,0.0,0.601327,0.0,0.601158,0.0,0.107461,0.0,0.0,0.0,-0.0196447,1.0,0.00344125,,2.0,0.745247,16.3928,1.0,1.59275,,2.0,0.171615,0.367996,1.0,0.0357551,3.77449,4.86133,-1.16076,0.10913,668.439,21.975,16.9195,408.636,414.137,0.0,1.0,556.23,13.4339,13.6169,0.0,1.0,286.935,285.004,98109.7,1.19318,1012.72,0.0241518,0.0238461,0.0100233,1318.35,1384.91,0.00840045,95.1939,66.5599,284.225,-0.733508,-0.369255,-0.0461397,0.822496,-3.45341e-14,0.039507,0.823444,2.8381,8.44366,206.539,,,0.128312,0.102429,-28.5615,-0.186615,0.388452,0.04107,0.0,,,,,,,,-0.0184418,1.06522,7.0129,1.05193,15.5026,1.01366,-0.464207,1.01237,0.348012,1.01366,800000099.0,800000099.0,800000099.0,800000099.0,800000099.0,800000099.0,810010199.0,811110199.0,80000.0,80000.0,80.0,81.0,1.0,0.0,0.0,7.0,35.0,23.0,0.126527,0.0591973,0.0191338,0.00984721,0.00186783,23.9394,0.00580367,-0.000464207,0.348012,11.9944,12.7038,11.3615,110.313,7.05482,0.57148,0.0149522,0.054556,11.3396,284.086,284.067,98080.4,95.1939,285.813,285.803,-11.4652,10.0524,11.1218,-12.1523,-13.6146,-8.23979,-14.8257,0.0,10.5871,0.07112,59400.0,71.12,1,,2.1331854809403583,,0.0
2023-06-01 12:30:00,Nit-A,winter,noon,Mid,0.057754,0.09878171957076201,2.918067,0.000995239245943722,0.056633,0.08829026418256242,0.384196,0.9219540382654603,1.727177,0.08961700938209195,1.723495,0.07834198025426721,2.641456,0.24308685582952294,0.855701,0.16901037982244363,17.640551,0.7928514117707783,17.679276,0.9077976658685187,27.036743,2.476566231083589,0.441786,0.0,0.0,0.0,0.0,0.0,0.0,0.0,70.753815,30.54235053730609,137.117386,84.76807706750353,0.523964,0.1995142991086353,0.5,0.0,0.8,0.0,188.944916,99.45081655765516,59.18,1.1604441678368969,58.85,1.3814213694597317,23.25,0.9513222377301997,21.93,1.5023446120425659,97.72,0.055452682532046896,156.3,0.12622730819174677,155.8,6.394208316906794,0.3,4.068709869233736,1357.0,485.61121280299943,3.67,0.04628649911151203,,,,,,,,,,,,,,,,,,,,,,,,,,,0.45,0.06795341541575865,-0.0,0.002385372088375313,0.0,0.00229128784747792,0.0125,0.017888543819998316,0.063,1.6898969643146886,0.152,1.7626335646790947,-0.36850000000000005,7.509100533587855,1.0,0.0,150.0,0.0,2.0,0.0,55537.0,0.0,55537.0,0.0,55537.0,0.0,0.0,0.0,,,0.0,0.0,0.0,0.0,0.0,0.0,0.0,0.0,2.462793,0.0019518973461735715,2.47501,0.0016125598882937413,1.661891,0.0010450764692914213,0.934866,0.01577373236132357,0.292498,0.010775046821553393,-0.022885,0.011664289766205227,0.548232,0.1688643392267592,1.243959,0.4066045377271098,70.753815,30.54235053730609,0.000277,6.459360133429141e-06,2.372455,0.0,-3e-06,0.0,1.0,0.0,2.383364,0.0,-1e-05,0.0,1.0,0.0,0.601327,0.0,0.601158,0.0,0.107461,0.0,0.0,0.0,-0.0277215,1.0,0.00815821,80.7202,0.0,9.34534,129.046,0.0,12.4726,-9.16841,0.0,1.47947,2.91387,0.0,0.281632,5.38199,8.35541,-0.0885028,0.188665,-635.843,-31.7202,15.9257,393.445,399.822,0.0,1.0,794.482,19.6276,20.0206,0.0,1.0,292.353,291.074,97955.7,1.16372,1016.34,0.024705,0.188819,0.0143166,1923.16,2047.94,0.0123024,93.907,124.781,290.044,0.41417,0.826782,0.0205436,0.924645,-4.50255e-14,-0.0399256,0.925507,4.58953,141.744,63.3444,,,0.154342,0.369727,-3.9217,-1.3591,0.625513,0.442193,0.0,,,,,,,,-0.0261599,1.05969,84.2159,1.04939,109.738,1.07768,-13.0981,1.07262,2.4779,1.07768,800000099.0,800000099.0,800000099.0,800000099.0,800000099.0,800011099.0,800000199.0,800010199.0,80000.0,80000.0,81.0,81.0,2.0,3.0,1.0,12.0,17.0,16.0,0.363013,0.291568,0.0848726,0.176117,0.00587933,240.461,0.071205,-0.0130981,2.4779,17.2884,12.7225,22.034,520.556,73.243,0.423217,0.0267392,0.0659784,276.811,289.11,289.709,98004.9,93.907,287.314,287.796,59.9685,9.86791,10.9184,29.3522,18.7379,17.2667,49.8443,0.0,10.393155,0.000254,0.0,0.254,1,-9.2569128,2.3600169074993267,11.528426907499327,2.6399468136598956
2023-06-01 12:30:00,Nit-A,winter,noon,Old,0.030453,0.09439082012236853,2.9182,0.0010861964601304784,0.030139,0.0833107585953939,0.230067,0.7061766927631333,1.695111,0.08297260957940653,1.692261,0.07054271545496395,2.454222,0.31186803350812226,0.754392,0.2432929755320938,17.324408,0.7128127738231425,17.353579,0.8399209778039136,25.114325,3.1783250523274185,0.441786,0.0,0.0,0.0,0.0,0.0,0.0,0.0,65.111877,31.421522218230816,148.934479,90.31513048679918,0.56296,0.15332866347248972,0.5,0.0,0.8,0.0,213.526978,98.04094932768704,59.34,1.08390543867996,59.07,1.2688962395194716,23.07,0.9441924238910921,20.73,1.8975477156934217,97.72,0.0547326837152032,156.3,0.12754084313139832,155.8,5.791450595489875,0.3,3.6856794941141215,1096.0,430.6260674877915,3.669,0.04594772391896392,,,,,,,,,,,,,,,,,,,,,,,,,,,0.45,0.04941322360124532,-0.0,0.002749545416973504,0.001,0.002541653005427767,0.013,0.013443001365553963,0.094,0.4231848414109372,0.217,0.8195008094362488,0.601,1.624603887252579,1.0,0.0,150.0,0.0,2.0,0.0,55537.0,0.0,55537.0,0.0,55537.0,0.0,0.0,0.0,,,0.0,0.0,0.0,0.0,0.0,0.0,0.0,0.0,2.463376,0.0018275468284010814,2.475238,0.001530519995513376,1.662031,0.0011408328215241248,0.934915,0.014231695534147248,0.294551,0.010747795983053126,-0.030844,0.013609426436236517,0.554727,0.16676917010285,1.025028,0.3604240060449638,65.111877,31.421522218230816,0.000276,5.854627799157416e-06,2.372455,0.0,-3e-06,0.0,1.0,0.0,2.383364,0.0,-1e-05,0.0,1.0,0.0,0.601327,0.0,0.601158,0.0,0.107461,0.0,0.0,0.0,-0.0277215,1.0,0.00815821,80.7202,0.0,9.34534,129.046,0.0,12.4726,-9.16841,0.0,1.47947,2.91387,0.0,0.281632,5.38199,8.35541,-0.0885028,0.188665,-635.843,-31.7202,15.9257,393.445,399.822,0.0,1.0,794.482,19.6276,20.0206,0.0,1.0,292.353,291.074,97955.7,1.16372,1016.34,0.024705,0.188819,0.0143166,1923.16,2047.94,0.0123024,93.907,124.781,290.044,0.41417,0.826782,0.0205436,0.924645,-4.50255e-14,-0.0399256,0.925507,4.58953,141.744,63.3444,,,0.154342,0.369727,-3.9217,-1.3591,0.625513,0.442193,0.0,,,,,,,,-0.0261599,1.05969,84.2159,1.04939,109.738,1.07768,-13.0981,1.07262,2.4779,1.07768,800000099.0,800000099.0,800000099.0,800000099.0,800000099.0,800011099.0,800000199.0,800010199.0,80000.0,80000.0,81.0,81.0,2.0,3.0,1.0,12.0,17.0,16.0,0.363013,0.291568,0.0848726,0.176117,0.00587933,240.461,0.071205,-0.0130981,2.4779,17.2884,12.7225,22.034,520.556,73.243,0.423217,0.0267392,0.0659784,276.811,289.11,289.709,98004.9,93.907,287.314,287.796,59.9685,9.86791,10.9184,29.3522,18.7379,17.2667,49.8443,0.0,10.393155,0.000254,0.0,0.254,1,-9.2569128,2.3600169074993267,11.528426907499327,2.6399468136598956
2023-06-01 12:30:00,Nit-A,winter,noon,Yng,0.072017,0.0691762467219782,2.918158,0.0008617927593104881,0.070283,0.0633785731112916,0.72108,0.7628998529240433,1.753088,0.07921053848200997,1.729805,0.07085744691397425,2.727199,0.298813276277522,0.993761,0.2330388931391639,17.699743,0.7159272302479531,17.937981,0.800892223378135,27.922302,3.042974569336817,0.441786,0.0,0.0,0.0,0.0,0.0,0.0,0.0,73.470711,44.11207380071802,152.774689,65.0316133761791,0.458415,0.15205941108947074,0.5,0.0,0.8,0.0,226.762665,100.75384011150975,59.83,1.1277244048673098,59.35,1.5920126674537922,23.35,0.9544329904887687,22.45,1.7196141039973658,97.73,0.055302200076782104,156.3,0.11135528725660523,155.8,0.33126021996812577,0.3,0.21408720964441877,1594.0,459.91928639708067,3.673,0.045626198614392835,,,,,,,,,,,,,,,,,,,,,,,,,,,0.45,0.0699833313487338,-0.001,0.0029194748386196672,-0.001,0.0026770630673681683,0.0085,0.011806666270419123,-0.363,0.8849283172475988,-0.521,1.8796934962913503,-1.6484999999999999,5.255375055723024,1.0,0.0,150.0,0.0,2.0,0.0,55537.0,0.0,55537.0,0.0,55537.0,0.0,0.0,0.0,,,0.0,0.0,0.0,0.0,0.0,0.0,0.0,0.0,2.463689,0.0022458146235464047,2.475854,0.0016028079527294647,1.661987,0.0009053069921302621,0.934792,0.000819371175556808,0.291312,0.010757444066474766,-0.014234,0.012117129225467007,0.540196,0.17024584325256428,1.442394,0.3851389603911034,73.470711,44.11207380071802,0.000268,7.293375990125055e-06,2.372455,0.0,-3e-06,0.0,1.0,0.0,2.383364,0.0,-1e-05,0.0,1.0,0.0,0.601327,0.0,0.601158,0.0,0.107461,0.0,0.0,0.0,-0.0277215,1.0,0.00815821,80.7202,0.0,9.34534,129.046,0.0,12.4726,-9.16841,0.0,1.47947,2.91387,0.0,0.281632,5.38199,8.35541,-0.0885028,0.188665,-635.843,-31.7202,15.9257,393.445,399.822,0.0,1.0,794.482,19.6276,20.0206,0.0,1.0,292.353,291.074,97955.7,1.16372,1016.34,0.024705,0.188819,0.0143166,1923.16,2047.94,0.0123024,93.907,124.781,290.044,0.41417,0.826782,0.0205436,0.924645,-4.50255e-14,-0.0399256,0.925507,4.58953,141.744,63.3444,,,0.154342,0.369727,-3.9217,-1.3591,0.625513,0.442193,0.0,,,,,,,,-0.0261599,1.05969,84.2159,1.04939,109.738,1.07768,-13.0981,1.07262,2.4779,1.07768,800000099.0,800000099.0,800000099.0,800000099.0,800000099.0,800011099.0,800000199.0,800010199.0,80000.0,80000.0,81.0,81.0,2.0,3.0,1.0,12.0,17.0,16.0,0.363013,0.291568,0.0848726,0.176117,0.00587933,240.461,0.071205,-0.0130981,2.4779,17.2884,12.7225,22.034,520.556,73.243,0.423217,0.0267392,0.0659784,276.811,289.11,289.709,98004.9,93.907,287.314,287.796,59.9685,9.86791,10.9184,29.3522,18.7379,17.2667,49.8443,0.0,10.393155,0.000254,0.0,0.254,1,-9.2569128,2.3600169074993267,11.528426907499327,2.6399468136598956
2023-06-01 15:30:00,Nit-S,winter,afternoon,Mid,0.07701,0.040267303001442746,2.918005,0.0006962038135490222,0.07503,0.037839489717225304,0.521858,0.41992077846429554,1.72604,0.03640099888478337,1.709414,0.034359080638263116,2.438798,0.20878348991557427,0.702501,0.19291347188889288,17.502289,0.35440981574100794,17.673424,0.37556847922793396,24.96946,2.14042436306057,0.441786,0.0,0.0,0.0,0.0,0.0,0.0,0.0,123.347641,94.33158265666907,349.628448,110.66802752694318,0.579798,0.20642570096920262,0.5,0.0,0.8,0.0,120.225784,94.1027979736046,64.09,1.1777233687642146,63.47,1.0331597165975828,22.22,0.29110879982119,20.62,1.3378966078637513,97.66,0.019218047073861183,156.2,0.08660254037845379,155.9,3.0048571790796794,0.2,1.9406442229321683,726.0,374.0770107878858,3.609,0.01372807342637745,,,,,,,,,,,,,,,,,,,,,,,,,,,0.52,0.019364916731037095,-0.001,0.002406241883103193,0.001,0.0025152865973217973,0.0,0.010592947008070487,-0.274,2.117195431067556,-0.384,2.2316487910660734,-0.9385,8.596341501353628,1.0,0.0,150.0,0.0,2.0,0.0,55537.0,0.0,55537.0,0.0,55537.0,0.0,0.0,0.0,,,0.0,0.0,0.0,0.0,0.0,0.0,0.0,0.0,2.469229,0.0013663750546612067,2.481733,0.001573005032837843,1.661827,0.0007315710833541795,0.93517,0.007456578081801311,0.304803,0.003534065317260924,-0.018516,0.015016740507624596,0.370463,0.10314263690293167,0.715064,0.3131747708972207,123.347641,94.33158265666907,0.000274,6.035174672976185e-06,2.372455,0.0,-3e-06,0.0,1.0,0.0,2.383364,0.0,-1e-05,0.0,1.0,0.0,0.601327,0.0,0.601158,0.0,0.107461,0.0,0.0,0.0,-0.0179485,0.0,0.00328983,69.2105,1.0,7.50677,73.6759,1.0,6.21982,-8.1475,1.0,1.16534,1.66248,1.0,0.140348,4.52113,12.282,0.0167872,0.27714,-196.936,-8.65338,15.9393,393.378,399.911,0.0,1.0,700.372,17.285,17.5891,0.0,1.0,291.711,290.37,97818.3,1.16594,1014.99,0.0246798,0.107728,0.0126207,1691.25,1958.94,0.0108244,86.3349,267.69,288.034,0.294343,-0.153361,0.0457883,0.334721,-6.92514e-14,-0.0123554,0.334949,2.51663,263.963,332.527,,,0.124072,0.358245,-2.37262,-2.24646,0.939391,0.471367,0.0,,,,,,,,-0.0158134,1.13502,67.1435,1.09273,55.9498,1.18232,-10.2182,1.17554,1.26249,1.18232,800000099.0,800000099.0,800000099.0,800000099.0,800000099.0,800010199.0,801010199.0,801110199.0,80000.0,80000.0,81.0,81.0,2.0,5.0,0.0,19.0,17.0,21.0,0.353904,0.301462,0.0611242,0.136799,0.00419247,62.3062,0.0567369,-0.0102182,1.26249,17.1202,12.6961,19.8308,296.024,40.0421,0.434749,0.0221904,0.0563089,172.287,289.748,289.224,97835.4,86.3349,289.859,290.234,50.733,9.55684,10.4833,37.962,36.5442,30.4923,51.7803,0.0,10.02007,0.000254,10800.0,0.254,1,-8.130712800000001,2.570298890238733,10.717798890238734,4.301776341077206
2023-06-01 15:30:00,Nit-S,winter,afternoon,Old,0.046673,0.049546335266495746,2.918008,0.001116991095159921,0.045938,0.047380532892388055,0.313836,0.41315480626942164,1.731029,0.02861290083522926,1.720706,0.02284967478557768,2.383011,0.1962690799973512,0.652049,0.1797401276783883,17.619509,0.23650117872205928,17.730953,0.2956705363117202,24.400656,2.012217589722677,0.441786,0.0,0.0,0.0,0.0,0.0,0.0,0.0,116.370323,53.673698128359696,378.955719,121.39446410762186,0.613296,0.17193330529784898,0.5,0.0,0.8,0.0,178.086609,94.49821836984245,64.01,1.0780819387535756,63.73,0.8921836507506005,22.26,0.2990891728788138,20.25,1.2818736287169643,97.66,0.019148542155132252,156.2,0.13808210118138892,155.9,0.2625515822335308,0.2,0.2041241452319315,896.0,348.8131448211205,3.608,0.015035846057560734,,,,,,,,,,,,,,,,,,,,,,,,,,,0.52,0.019364916731037095,0.0,0.00268824602048746,0.001,0.0027976180344476383,-0.005,0.010759611088196022,0.626,4.2053012860753105,1.135,2.37272507327194,-0.269,7.933135945885299,1.0,0.0,150.0,0.0,2.0,0.0,55537.0,0.0,55537.0,0.0,55537.0,0.0,0.0,0.0,,,0.0,0.0,0.0,0.0,0.0,0.0,0.0,0.0,2.469689,0.001206328728000847,2.481595,0.0014620245118784874,1.66183,0.0011716281520459525,0.935075,0.0006492978258601261,0.304302,0.0036375053553225263,-0.022812,0.014724101049866057,0.378666,0.10189601505615094,0.858062,0.2920434073940493,116.370323,53.673698128359696,0.000278,3.2624121954978836e-06,2.372455,0.0,-3e-06,0.0,1.0,0.0,2.383364,0.0,-1e-05,0.0,1.0,0.0,0.601327,0.0,0.601158,0.0,0.107461,0.0,0.0,0.0,-0.0179485,0.0,0.00328983,69.2105,1.0,7.50677,73.6759,1.0,6.21982,-8.1475,1.0,1.16534,1.66248,1.0,0.140348,4.52113,12.282,0.0167872,0.27714,-196.936,-8.65338,15.9393,393.378,399.911,0.0,1.0,700.372,17.285,17.5891,0.0,1.0,291.711,290.37,97818.3,1.16594,1014.99,0.0246798,0.107728,0.0126207,1691.25,1958.94,0.0108244,86.3349,267.69,288.034,0.294343,-0.153361,0.0457883,0.334721,-6.92514e-14,-0.0123554,0.334949,2.51663,263.963,332.527,,,0.124072,0.358245,-2.37262,-2.24646,0.939391,0.471367,0.0,,,,,,,,-0.0158134,1.13502,67.1435,1.09273,55.9498,1.18232,-10.2182,1.17554,1.26249,1.18232,800000099.0,800000099.0,800000099.0,800000099.0,800000099.0,800010199.0,801010199.0,801110199.0,80000.0,80000.0,81.0,81.0,2.0,5.0,0.0,19.0,17.0,21.0,0.353904,0.301462,0.0611242,0.136799,0.00419247,62.3062,0.0567369,-0.0102182,1.26249,17.1202,12.6961,19.8308,296.024,40.0421,0.434749,0.0221904,0.0563089,172.287,289.748,289.224,97835.4,86.3349,289.859,290.234,50.733,9.55684,10.4833,37.962,36.5442,30.4923,51.7803,0.0,10.02007,0.000254,10800.0,0.254,1,-8.130712800000001,2.570298890238733,10.717798890238734,4.301776341077206
2023-06-01 15:30:00,Nit-S,winter,afternoon,Yng,0.060131,0.0420253477494238,2.91811,0.0009727263609738138,0.058917,0.04014057458794031,0.532524,0.4210885837964422,1.73088,0.03319252850291263,1.710083,0.029688467874748978,2.629639,0.2743409868770857,0.926842,0.25708867684868325,17.51026,0.3065725093181758,17.722673,0.34255766169241175,26.925987,2.8102495104925844,0.441786,0.0,0.0,0.0,0.0,0.0,0.0,0.0,111.701843,59.78136639294532,211.399918,120.50474666668835,0.43051,0.15192937742665175,0.5,0.0,0.8,0.0,129.543335,61.82529318963597,63.44,1.2938905157186462,62.9,1.103258507029668,22.18,0.2857166428474188,21.85,1.6990397287879997,97.66,0.018929694486002242,156.3,0.11445523142260455,155.9,0.4048868154599884,0.2,0.28,860.0,417.31855138890404,3.609,0.0166658333124991,,,,,,,,,,,,,,,,,,,,,,,,,,,0.52,0.018330302779823386,-0.0,0.002336664289109585,0.0,0.002347338918861101,-0.004,0.015360324229636575,0.034,2.2040214139915553,0.124,2.1415900689285365,1.0625,10.210690485041582,1.0,0.0,150.0,0.0,2.0,0.0,55537.0,0.0,55537.0,0.0,55537.0,0.0,0.0,0.0,,,0.0,0.0,0.0,0.0,0.0,0.0,0.0,0.0,2.468523,0.0014699136051707971,2.480717,0.0017410250026923767,1.661937,0.0010215235875886768,0.935158,0.0010050489490567088,0.305268,0.0034801157605267303,-0.005496,0.01982591584265403,0.364152,0.1038895977483951,0.827696,0.34942361478644607,111.701843,59.78136639294532,0.00027,5.720431219176851e-06,2.372455,0.0,-3e-06,0.0,1.0,0.0,2.383364,0.0,-1e-05,0.0,1.0,0.0,0.601327,0.0,0.601158,0.0,0.107461,0.0,0.0,0.0,-0.0179485,0.0,0.00328983,69.2105,1.0,7.50677,73.6759,1.0,6.21982,-8.1475,1.0,1.16534,1.66248,1.0,0.140348,4.52113,12.282,0.0167872,0.27714,-196.936,-8.65338,15.9393,393.378,399.911,0.0,1.0,700.372,17.285,17.5891,0.0,1.0,291.711,290.37,97818.3,1.16594,1014.99,0.0246798,0.107728,0.0126207,1691.25,1958.94,0.0108244,86.3349,267.69,288.034,0.294343,-0.153361,0.0457883,0.334721,-6.92514e-14,-0.0123554,0.334949,2.51663,263.963,332.527,,,0.124072,0.358245,-2.37262,-2.24646,0.939391,0.471367,0.0,,,,,,,,-0.0158134,1.13502,67.1435,1.09273,55.9498,1.18232,-10.2182,1.17554,1.26249,1.18232,800000099.0,800000099.0,800000099.0,800000099.0,800000099.0,800010199.0,801010199.0,801110199.0,80000.0,80000.0,81.0,81.0,2.0,5.0,0.0,19.0,17.0,21.0,0.353904,0.301462,0.0611242,0.136799,0.00419247,62.3062,0.0567369,-0.0102182,1.26249,17.1202,12.6961,19.8308,296.024,40.0421,0.434749,0.0221904,0.0563089,172.287,289.748,289.224,97835.4,86.3349,289.859,290.234,50.733,9.55684,10.4833,37.962,36.5442,30.4923,51.7803,0.0,10.02007,0.000254,10800.0,0.254,1,-8.130712800000001,2.570298890238733,10.717798890238734,4.301776341077206
2023-06-01 09:30:00,Nit-S,winter,morning,Mid,0.069365,0.21756187228159563,2.916942,0.0008566341945856497,0.067754,0.17990062603209583,0.354261,0.6538348233160447,1.571959,0.12275049513094984,1.5456,0.13115675354473114,1.985126,0.32761345138856335,0.470295,0.21599473964866212,15.773396,1.3469812326441297,16.042406,1.2612509455802046,20.25494,3.357167666953273,0.441786,0.0,0.0,0.0,0.0,0.0,0.0,0.0,103.063705,68.52316648078634,350.430237,98.55309752059136,0.460502,0.19113013052148525,0.5,0.0,0.8,0.0,79.302925,120.59056568355157,76.04,3.848068649768783,75.58,3.740467974287001,17.48,1.6500770689071877,17.33,2.3740572163843603,97.98,0.05857473858243111,156.1,0.11000000000001249,156.6,3.7675677388292117,-0.3,2.414760167525269,640.0,544.9169141560328,3.863,0.08548025113049984,,,,,,,,,,,,,,,,,,,,,,,,,,,-0.18,0.3395698259072302,-0.001,0.0036203130619694573,-0.002,0.0028722813232690144,-0.008,0.011353465804359083,-0.077,2.4904896051446057,-0.136,2.2833528527146214,-0.75,7.508110381315909,1.0,0.0,150.0,0.0,2.0,0.0,55537.0,0.0,55537.0,0.0,55537.0,0.0,0.0,0.0,,,0.0,0.0,0.0,0.0,0.0,0.0,0.0,0.0,2.485883,0.004998031436475664,2.499398,0.005657079071688026,1.660712,0.0008982008405695643,0.936775,0.009292435198410956,0.368779,0.022883252275554405,-0.001476,0.012092597982236901,0.676003,0.25010839337703833,0.643362,0.4563213943573762,103.063705,68.52316648078634,0.000263,6.946701855317154e-06,2.372455,0.0,-3e-06,0.0,1.0,0.0,2.383364,0.0,-1e-05,0.0,1.0,0.0,0.601327,0.0,0.601158,0.0,0.107461,0.0,0.0,0.0,-0.0196447,1.0,0.00344125,,2.0,0.745247,16.3928,1.0,1.59275,,2.0,0.171615,0.367996,1.0,0.0357551,3.77449,4.86133,-1.16076,0.10913,668.439,21.975,16.9195,408.636,414.137,0.0,1.0,556.23,13.4339,13.6169,0.0,1.0,286.935,285.004,98109.7,1.19318,1012.72,0.0241518,0.0238461,0.0100233,1318.35,1384.91,0.00840045,95.1939,66.5599,284.225,-0.733508,-0.369255,-0.0461397,0.822496,-3.45341e-14,0.039507,0.823444,2.8381,8.44366,206.539,,,0.128312,0.102429,-28.5615,-0.186615,0.388452,0.04107,0.0,,,,,,,,-0.0184418,1.06522,7.0129,1.05193,15.5026,1.01366,-0.464207,1.01237,0.348012,1.01366,800000099.0,800000099.0,800000099.0,800000099.0,800000099.0,800000099.0,810010199.0,811110199.0,80000.0,80000.0,80.0,81.0,1.0,0.0,0.0,7.0,35.0,23.0,0.126527,0.0591973,0.0191338,0.00984721,0.00186783,23.9394,0.00580367,-0.000464207,0.348012,11.9944,12.7038,11.3615,110.313,7.05482,0.57148,0.0149522,0.054556,11.3396,284.086,284.067,98080.4,95.1939,285.813,285.803,-11.4652,10.0524,11.1218,-12.1523,-13.6146,-8.23979,-14.8257,0.0,10.5871,0.07112,59400.0,71.12,1,,2.1331854809403583,,0.0
2023-06-01 09:30:00,Nit-S,winter,morning,Old,0.168902,0.21393041297746795,2.917596,0.000987220969860969,0.159659,0.17683695398845986,0.730243,0.7463588948715176,1.655989,0.14530133548694601,1.627649,0.14782058879552834,2.043021,0.3482112122838088,0.421517,0.23102806280262428,16.612474,1.518140844615997,16.901852,1.4921049653507445,20.84503,3.5701913108217997,0.441786,0.0,0.0,0.0,0.0,0.0,0.0,0.0,108.695267,58.941831392814386,160.48085,128.5656143853547,0.297433,0.2427876742006274,0.5,0.0,0.8,0.0,59.381401,51.0755488310835,77.15,3.940906114080873,76.24,3.5337622538403224,17.81,1.722800723628051,17.78,2.480486712992702,97.98,0.06320073839230712,156.2,0.11902380714238066,156.6,0.5355059912518855,-0.3,0.3510460558578224,634.0,461.19419264918474,3.857,0.084908774576012,,,,,,,,,,,,,,,,,,,,,,,,,,,-0.18,0.2619319249983349,-0.001,0.004186088070422472,-0.001,0.0023678400846904053,-0.013,0.01433503865824342,-0.133,0.740646226840678,-0.115,1.7331985720049505,-0.178,4.396485414510095,1.0,0.0,150.0,0.0,2.0,0.0,55537.0,0.0,55537.0,0.0,55537.0,0.0,0.0,0.0,,,0.0,0.0,0.0,0.0,0.0,0.0,0.0,0.0,2.486245,0.00470598743694312,2.500183,0.0056316127920871765,1.661397,0.0010355292962216196,0.936911,0.0013210695956938348,0.363931,0.02388562796955523,0.000343,0.009547048031197915,0.694806,0.24011321527974397,0.63868,0.38622004384330355,108.695267,58.941831392814386,0.000262,5.929586832149431e-06,2.372455,0.0,-3e-06,0.0,1.0,0.0,2.383364,0.0,-1e-05,0.0,1.0,0.0,0.601327,0.0,0.601158,0.0,0.107461,0.0,0.0,0.0,-0.0196447,1.0,0.00344125,,2.0,0.745247,16.3928,1.0,1.59275,,2.0,0.171615,0.367996,1.0,0.0357551,3.77449,4.86133,-1.16076,0.10913,668.439,21.975,16.9195,408.636,414.137,0.0,1.0,556.23,13.4339,13.6169,0.0,1.0,286.935,285.004,98109.7,1.19318,1012.72,0.0241518,0.0238461,0.0100233,1318.35,1384.91,0.00840045,95.1939,66.5599,284.225,-0.733508,-0.369255,-0.0461397,0.822496,-3.45341e-14,0.039507,0.823444,2.8381,8.44366,206.539,,,0.128312,0.102429,-28.5615,-0.186615,0.388452,0.04107,0.0,,,,,,,,-0.0184418,1.06522,7.0129,1.05193,15.5026,1.01366,-0.464207,1.01237,0.348012,1.01366,800000099.0,800000099.0,800000099.0,800000099.0,800000099.0,800000099.0,810010199.0,811110199.0,80000.0,80000.0,80.0,81.0,1.0,0.0,0.0,7.0,35.0,23.0,0.126527,0.0591973,0.0191338,0.00984721,0.00186783,23.9394,0.00580367,-0.000464207,0.348012,11.9944,12.7038,11.3615,110.313,7.05482,0.57148,0.0149522,0.054556,11.3396,284.086,284.067,98080.4,95.1939,285.813,285.803,-11.4652,10.0524,11.1218,-12.1523,-13.6146,-8.23979,-14.8257,0.0,10.5871,0.07112,59400.0,71.12,1,,2.1331854809403583,,0.0
2023-06-01 09:30:00,Nit-S,winter,morning,Yng,0.089084,0.46127653607159197,2.918084,0.0011043024193280178,0.086445,0.27741018776053145,0.626194,0.8998736062099999,1.528315,0.14187917457235685,1.505738,0.15378298000344517,1.960869,0.3458076659775536,0.457955,0.22537887157083591,15.367538,1.577256339417899,15.598153,1.4561148374061523,20.012182,3.542604438457365,0.441786,0.0,0.0,0.0,0.0,0.0,0.0,0.0,99.958778,31.92647425083675,266.999969,85.68394388087498,0.481104,0.16099763510776585,0.5,0.0,0.8,0.0,100.63974,54.60313666487972,73.34,3.5579475356821506,72.89,4.031455485718936,17.67,1.5377879134219623,17.13,2.5094569133579485,97.98,0.0541848687365765,156.3,0.1443375672974096,156.6,0.6514854820587586,-0.3,0.44226688774991957,618.0,470.1100863982109,3.869,0.08744278129153953,,,,,,,,,,,,,,,,,,,,,,,,,,,-0.21,0.3572697393660239,-0.0,0.005249761899362673,0.001,0.002525206262202489,-0.010499999999999999,0.019121903308697754,-0.237,1.908567460164822,-0.25,1.9616906798303684,-0.3305,6.616136067791568,1.0,0.0,150.0,0.0,2.0,0.0,55537.0,0.0,55537.0,0.0,55537.0,0.0,0.0,0.0,,,0.0,0.0,0.0,0.0,0.0,0.0,0.0,0.0,2.482453,0.005270004372863421,2.495617,0.005096594839367482,1.66191,0.0011581622756187606,0.936984,0.0016216516189778015,0.36596,0.021325754206045464,-0.006183,0.013685136212694416,0.665373,0.2625029702543065,0.624502,0.393703786782432,99.958778,31.92647425083675,0.00026,5.9067757702489615e-06,2.372455,0.0,-3e-06,0.0,1.0,0.0,2.383364,0.0,-1e-05,0.0,1.0,0.0,0.601327,0.0,0.601158,0.0,0.107461,0.0,0.0,0.0,-0.0196447,1.0,0.00344125,,2.0,0.745247,16.3928,1.0,1.59275,,2.0,0.171615,0.367996,1.0,0.0357551,3.77449,4.86133,-1.16076,0.10913,668.439,21.975,16.9195,408.636,414.137,0.0,1.0,556.23,13.4339,13.6169,0.0,1.0,286.935,285.004,98109.7,1.19318,1012.72,0.0241518,0.0238461,0.0100233,1318.35,1384.91,0.00840045,95.1939,66.5599,284.225,-0.733508,-0.369255,-0.0461397,0.822496,-3.45341e-14,0.039507,0.823444,2.8381,8.44366,206.539,,,0.128312,0.102429,-28.5615,-0.186615,0.388452,0.04107,0.0,,,,,,,,-0.0184418,1.06522,7.0129,1.05193,15.5026,1.01366,-0.464207,1.01237,0.348012,1.01366,800000099.0,800000099.0,800000099.0,800000099.0,800000099.0,800000099.0,810010199.0,811110199.0,80000.0,80000.0,80.0,81.0,1.0,0.0,0.0,7.0,35.0,23.0,0.126527,0.0591973,0.0191338,0.00984721,0.00186783,23.9394,0.00580367,-0.000464207,0.348012,11.9944,12.7038,11.3615,110.313,7.05482,0.57148,0.0149522,0.054556,11.3396,284.086,284.067,98080.4,95.1939,285.813,285.803,-11.4652,10.0524,11.1218,-12.1523,-13.6146,-8.23979,-14.8257,0.0,10.5871,0.07112,59400.0,71.12,1,,2.1331854809403583,,0.0
2023-06-01 12:30:00,Nit-S,winter,noon,Mid,0.109855,0.05205887856238677,2.918189,0.0010522848109393067,0.105872,0.048583092282981195,1.027143,0.5068457416884748,1.88604,0.05174004870043452,1.868411,0.053095662107024655,2.9555,0.2139191101629149,1.074962,0.1842564050798235,19.108,0.5421507696569381,19.295565,0.5280531338686891,30.21574,2.184236374850352,0.441786,0.0,0.0,0.0,0.0,0.0,0.0,0.0,136.312012,83.19157269421945,342.48233,132.43096313439753,0.319448,0.20016207256639137,0.5,0.0,0.8,0.0,168.186996,100.36210235480205,61.95,1.686170513323013,61.03,1.6571273336711314,24.25,0.30381628220576673,23.78,1.217890662853881,97.79,0.02768874620972688,156.3,0.1331665623695938,155.7,0.19339079605813056,0.4,0.1525341491819673,1257.0,396.3165275382797,3.717,0.02173384457476383,,,,,,,,,,,,,,,,,,,,,,,,,,,0.08,0.16375795146088834,0.0,0.0027856776554368236,-0.0,0.0028442925306655783,0.005,0.012063894454408768,-1.548,3.929348196584263,-1.082,2.095134715636841,0.045,13.066721450857836,1.0,0.0,150.0,0.0,2.0,0.0,55537.0,0.0,55537.0,0.0,55537.0,0.0,0.0,0.0,,,0.0,0.0,0.0,0.0,0.0,0.0,0.0,0.0,2.465724,0.002189754816564187,2.478628,0.002421402157153362,1.662019,0.0011058112964395872,0.934573,0.0004936764291179982,0.281013,0.0033690079934603693,-0.00803,0.013008579354538807,0.383952,0.08160849676146882,1.159992,0.33182058857130403,136.312012,83.19157269421945,0.000271,7.81622244651042e-06,2.372455,0.0,-3e-06,0.0,1.0,0.0,2.383364,0.0,-1e-05,0.0,1.0,0.0,0.601327,0.0,0.601158,0.0,0.107461,0.0,0.0,0.0,-0.0277215,1.0,0.00815821,80.7202,0.0,9.34534,129.046,0.0,12.4726,-9.16841,0.0,1.47947,2.91387,0.0,0.281632,5.38199,8.35541,-0.0885028,0.188665,-635.843,-31.7202,15.9257,393.445,399.822,0.0,1.0,794.482,19.6276,20.0206,0.0,1.0,292.353,291.074,97955.7,1.16372,1016.34,0.024705,0.188819,0.0143166,1923.16,2047.94,0.0123024,93.907,124.781,290.044,0.41417,0.826782,0.0205436,0.924645,-4.50255e-14,-0.0399256,0.925507,4.58953,141.744,63.3444,,,0.154342,0.369727,-3.9217,-1.3591,0.625513,0.442193,0.0,,,,,,,,-0.0261599,1.05969,84.2159,1.04939,109.738,1.07768,-13.0981,1.07262,2.4779,1.07768,800000099.0,800000099.0,800000099.0,800000099.0,800000099.0,800011099.0,800000199.0,800010199.0,80000.0,80000.0,81.0,81.0,2.0,3.0,1.0,12.0,17.0,16.0,0.363013,0.291568,0.0848726,0.176117,0.00587933,240.461,0.071205,-0.0130981,2.4779,17.2884,12.7225,22.034,520.556,73.243,0.423217,0.0267392,0.0659784,276.811,289.11,289.709,98004.9,93.907,287.314,287.796,59.9685,9.86791,10.9184,29.3522,18.7379,17.2667,49.8443,0.0,10.393155,0.000254,0.0,0.254,1,-9.2569128,2.3600169074993267,11.528426907499327,2.6399468136598956
2023-06-01 12:30:00,Nit-S,winter,noon,Old,0.066904,0.0597226029916089,2.918359,0.000881532377926716,0.065405,0.05648039467850769,0.730801,0.6080365856321285,1.89759,0.06298693447882678,1.871715,0.05540210672143557,3.021938,0.19310942653799518,1.043289,0.18074789847785228,19.14529,0.5636251990582583,19.410009,0.6409205043823494,30.899952,1.9730487181244725,0.441786,0.0,0.0,0.0,0.0,0.0,0.0,0.0,101.212624,73.87028024002953,155.507324,146.0998330517523,0.421104,0.18350495874741368,0.5,0.0,0.8,0.0,151.270447,76.7122231023569,62.15,1.2751237848407744,61.2,1.2221258800412764,24.23,0.3492024245811231,24.15,1.0847964478801229,97.79,0.028136571693562866,156.3,0.1067707825203175,155.7,2.498052574840386,0.4,1.614754883359494,1201.0,317.4539966672337,3.712,0.02230283987896314,,,,,,,,,,,,,,,,,,,,,,,,,,,0.08,0.16375795146088834,0.001,0.002791654228828014,-0.001,0.002385372088375313,0.002,0.014177299930992971,-0.957,2.107821364980122,-0.389,1.9128723140868553,-6.8515,12.684917564933825,1.0,0.0,150.0,0.0,2.0,0.0,55537.0,0.0,55537.0,0.0,55537.0,0.0,0.0,0.0,,,0.0,0.0,0.0,0.0,0.0,0.0,0.0,0.0,2.465824,0.0016002388436313184,2.478773,0.0016833072575537995,1.662198,0.0009261371154783789,0.934562,0.006242138769417628,0.281196,0.003855127508915902,-0.006565,0.012700094645316627,0.396698,0.07869235140814723,1.113302,0.2658463112365112,101.212624,73.87028024002953,0.000277,7.181457605064131e-06,2.372455,0.0,-3e-06,0.0,1.0,0.0,2.383364,0.0,-1e-05,0.0,1.0,0.0,0.601327,0.0,0.601158,0.0,0.107461,0.0,0.0,0.0,-0.0277215,1.0,0.00815821,80.7202,0.0,9.34534,129.046,0.0,12.4726,-9.16841,0.0,1.47947,2.91387,0.0,0.281632,5.38199,8.35541,-0.0885028,0.188665,-635.843,-31.7202,15.9257,393.445,399.822,0.0,1.0,794.482,19.6276,20.0206,0.0,1.0,292.353,291.074,97955.7,1.16372,1016.34,0.024705,0.188819,0.0143166,1923.16,2047.94,0.0123024,93.907,124.781,290.044,0.41417,0.826782,0.0205436,0.924645,-4.50255e-14,-0.0399256,0.925507,4.58953,141.744,63.3444,,,0.154342,0.369727,-3.9217,-1.3591,0.625513,0.442193,0.0,,,,,,,,-0.0261599,1.05969,84.2159,1.04939,109.738,1.07768,-13.0981,1.07262,2.4779,1.07768,800000099.0,800000099.0,800000099.0,800000099.0,800000099.0,800011099.0,800000199.0,800010199.0,80000.0,80000.0,81.0,81.0,2.0,3.0,1.0,12.0,17.0,16.0,0.363013,0.291568,0.0848726,0.176117,0.00587933,240.461,0.071205,-0.0130981,2.4779,17.2884,12.7225,22.034,520.556,73.243,0.423217,0.0267392,0.0659784,276.811,289.11,289.709,98004.9,93.907,287.314,287.796,59.9685,9.86791,10.9184,29.3522,18.7379,17.2667,49.8443,0.0,10.393155,0.000254,0.0,0.254,1,-9.2569128,2.3600169074993267,11.528426907499327,2.6399468136598956
2023-06-01 12:30:00,Nit-S,winter,noon,Yng,0.060942,0.059422962557275215,2.918507,0.0008296548117540017,0.059696,0.05606967692677865,0.6923,0.701022945967018,1.839146,0.04255952942154474,1.812565,0.043612267694155375,3.032062,0.166167097698351,1.170434,0.16661670398239392,18.543577,0.4446849553598893,18.813589,0.4341091852854455,31.020437,1.6997155807564555,0.441786,0.0,0.0,0.0,0.0,0.0,0.0,0.0,151.139969,53.806668736706,205.933212,87.91924263676032,0.223029,0.17968079968518244,0.5,0.0,0.8,0.0,111.372719,60.7574651691166,60.12,1.7615232991173673,59.65,1.73606134684233,24.27,0.29453183189597737,24.21,0.945627305020323,97.8,0.02798809270624545,156.3,0.09712534856222733,155.7,0.11874342087038636,0.4,0.11060440015358038,1415.0,468.79786688934496,3.719,0.02165348316861119,,,,,,,,,,,,,,,,,,,,,,,,,,,0.08,0.1639939023256657,0.001,0.0033181320046074114,-0.0,0.00287981480886069,0.005,0.010210172331925602,-1.562,1.0921880943012212,-2.699,1.8957288237860748,-6.038,8.011270560309157,1.0,0.0,150.0,0.0,2.0,0.0,55537.0,0.0,55537.0,0.0,55537.0,0.0,0.0,0.0,,,0.0,0.0,0.0,0.0,0.0,0.0,0.0,0.0,2.463887,0.0023140356162632664,2.476504,0.0025360478767827675,1.662354,0.000872859337656015,0.934584,0.00028510695069277773,0.280786,0.0032712254823944282,-0.001887,0.010968216911148321,0.373502,0.08287831648617952,1.292589,0.39254065946038,151.139969,53.806668736706,0.000269,1.3202020047452335e-05,2.372455,0.0,-3e-06,0.0,1.0,0.0,2.383364,0.0,-1e-05,0.0,1.0,0.0,0.601327,0.0,0.601158,0.0,0.107461,0.0,0.0,0.0,-0.0277215,1.0,0.00815821,80.7202,0.0,9.34534,129.046,0.0,12.4726,-9.16841,0.0,1.47947,2.91387,0.0,0.281632,5.38199,8.35541,-0.0885028,0.188665,-635.843,-31.7202,15.9257,393.445,399.822,0.0,1.0,794.482,19.6276,20.0206,0.0,1.0,292.353,291.074,97955.7,1.16372,1016.34,0.024705,0.188819,0.0143166,1923.16,2047.94,0.0123024,93.907,124.781,290.044,0.41417,0.826782,0.0205436,0.924645,-4.50255e-14,-0.0399256,0.925507,4.58953,141.744,63.3444,,,0.154342,0.369727,-3.9217,-1.3591,0.625513,0.442193,0.0,,,,,,,,-0.0261599,1.05969,84.2159,1.04939,109.738,1.07768,-13.0981,1.07262,2.4779,1.07768,800000099.0,800000099.0,800000099.0,800000099.0,800000099.0,800011099.0,800000199.0,800010199.0,80000.0,80000.0,81.0,81.0,2.0,3.0,1.0,12.0,17.0,16.0,0.363013,0.291568,0.0848726,0.176117,0.00587933,240.461,0.071205,-0.0130981,2.4779,17.2884,12.7225,22.034,520.556,73.243,0.423217,0.0267392,0.0659784,276.811,289.11,289.709,98004.9,93.907,287.314,287.796,59.9685,9.86791,10.9184,29.3522,18.7379,17.2667,49.8443,0.0,10.393155,0.000254,0.0,0.254,1,-9.2569128,2.3600169074993267,11.528426907499327,2.6399468136598956
2023-06-01 15:30:00,Rep-S,winter,afternoon,Mid,0.111526,0.03396203429404664,2.917788,0.0010755417239698797,0.107419,0.03147634767874655,0.73789,0.3001882883389023,1.748167,0.03143002196006228,1.733718,0.03375631185176095,2.41274,0.12923108744966638,0.670336,0.12709241358452517,17.763096,0.34961868573889177,17.904343,0.3260643308050324,24.710756,1.3254582416301817,0.441786,0.0,0.0,0.0,0.0,0.0,0.0,0.0,120.544907,43.75412183887045,325.197815,116.35434249388248,0.649019,0.12109385811186572,0.5,0.0,0.8,0.0,147.538681,74.16664596724732,64.13,0.834211603851207,63.33,0.696960783210457,22.46,0.3558332943013264,20.45,0.8490253235328148,97.63,0.03162277660169421,156.2,0.13228756555321808,155.6,1.458218090684653,0.4,0.9581579549670642,653.0,315.0557199396111,3.6,0.01637833935415922,,,,,,,,,,,,,,,,,,,,,,,,,,,0.51,0.019790570145063212,-0.0,0.0016051998837112679,-0.0,0.0020615528128088306,0.011,0.010672792358704733,0.311,2.6662741869507722,1.006,1.9721312726760019,0.1655,5.774668335268523,1.0,0.0,150.0,0.0,2.0,0.0,55537.0,0.0,55537.0,0.0,55537.0,0.0,0.0,0.0,,,0.0,0.0,0.0,0.0,0.0,0.0,0.0,0.0,2.469055,0.0009410191283920993,2.481653,0.0011430228679544573,1.661598,0.00112927601143397,0.934281,0.0036410938823381155,0.30185,0.004365612611459396,-0.019837,0.010993879903534209,0.453523,0.13583794131915675,0.654376,0.26379594172548093,120.544907,43.75412183887045,0.000271,4.856267428111154e-06,2.372455,0.0,-3e-06,0.0,1.0,0.0,2.383364,0.0,-1e-05,0.0,1.0,0.0,0.601327,0.0,0.601158,0.0,0.107461,0.0,0.0,0.0,-0.0179485,0.0,0.00328983,69.2105,1.0,7.50677,73.6759,1.0,6.21982,-8.1475,1.0,1.16534,1.66248,1.0,0.140348,4.52113,12.282,0.0167872,0.27714,-196.936,-8.65338,15.9393,393.378,399.911,0.0,1.0,700.372,17.285,17.5891,0.0,1.0,291.711,290.37,97818.3,1.16594,1014.99,0.0246798,0.107728,0.0126207,1691.25,1958.94,0.0108244,86.3349,267.69,288.034,0.294343,-0.153361,0.0457883,0.334721,-6.92514e-14,-0.0123554,0.334949,2.51663,263.963,332.527,,,0.124072,0.358245,-2.37262,-2.24646,0.939391,0.471367,0.0,,,,,,,,-0.0158134,1.13502,67.1435,1.09273,55.9498,1.18232,-10.2182,1.17554,1.26249,1.18232,800000099.0,800000099.0,800000099.0,800000099.0,800000099.0,800010199.0,801010199.0,801110199.0,80000.0,80000.0,81.0,81.0,2.0,5.0,0.0,19.0,17.0,21.0,0.353904,0.301462,0.0611242,0.136799,0.00419247,62.3062,0.0567369,-0.0102182,1.26249,17.1202,12.6961,19.8308,296.024,40.0421,0.434749,0.0221904,0.0563089,172.287,289.748,289.224,97835.4,86.3349,289.859,290.234,50.733,9.55684,10.4833,37.962,36.5442,30.4923,51.7803,0.0,10.02007,0.000254,10800.0,0.254,1,-8.130712800000001,2.570298890238733,10.717798890238734,4.301776341077206
2023-06-01 15:30:00,Rep-S,winter,afternoon,Old,0.103573,0.036777814862695594,2.9181175,0.001021612752510475,0.1000225,0.03425067965344613,0.7408105,0.3333091836769768,1.7502565,0.028785122486487156,1.72854,0.02991506733534394,2.4183775,0.12735690720445855,0.6687805,0.13047744531076233,17.704217999999997,0.30956417459965335,17.925355500000002,0.29782081773288965,24.7638885,1.3035238314829842,0.441786,0.0,0.0,0.0,0.0,0.0,0.0,0.0,115.86302549999999,37.03095531331948,379.122925,115.37556506181731,0.6873045,0.13426903237392843,0.5,0.0,0.8,0.0,138.03257000000002,71.60233477530925,64.39500000000001,1.0482396847961852,63.71,0.9224607271333854,22.5,0.3137859289314961,20.485,0.8395704977484946,97.64,0.023635157914751938,156.3,0.12780193008454124,155.4,0.5481840449396885,0.6,0.35958149364881475,553.0,362.4304546844245,3.5975,0.017345342877563022,,,,,,,,,,,,,,,,,,,,,,,,,,,0.51,0.020692049669866736,-0.001,0.0017449434335263985,-0.001,0.002402345597081338,0.005,0.012521140018721183,0.1485,2.2626813107004495,0.0385,2.1740305978136294,0.1255,8.481366646950242,1.0,0.0,150.0,0.0,2.0,0.0,55537.0,0.0,55537.0,0.0,55537.0,0.0,0.0,0.0,,,0.0,0.0,0.0,0.0,0.0,0.0,0.0,0.0,2.4695355,0.0012357960550411463,2.481992,0.0014293170477499952,1.6619445000000002,0.0010724612599170764,0.9338335,0.0013673942267189703,0.3014255,0.0038412560327574516,-0.0223545,0.01063601731706777,0.466853,0.12403634685313515,0.5704095,0.3034831319936284,115.86302549999999,37.03095531331948,0.000273,6.50057468723865e-06,2.372455,0.0,-3e-06,0.0,1.0,0.0,2.383364,0.0,-1e-05,0.0,1.0,0.0,0.601327,0.0,0.601158,0.0,0.107461,0.0,0.0,0.0,-0.0179485,0.0,0.00328983,69.2105,1.0,7.50677,73.6759,1.0,6.21982,-8.1475,1.0,1.16534,1.66248,1.0,0.140348,4.52113,12.282,0.0167872,0.27714,-196.936,-8.65338,15.9393,393.378,399.911,0.0,1.0,700.372,17.285,17.5891,0.0,1.0,291.711,290.37,97818.3,1.16594,1014.99,0.0246798,0.107728,0.0126207,1691.25,1958.94,0.0108244,86.3349,267.69,288.034,0.294343,-0.153361,0.0457883,0.334721,-6.92514e-14,-0.0123554,0.334949,2.51663,263.963,332.527,,,0.124072,0.358245,-2.37262,-2.24646,0.939391,0.471367,0.0,,,,,,,,-0.0158134,1.13502,67.1435,1.09273,55.9498,1.18232,-10.2182,1.17554,1.26249,1.18232,800000099.0,800000099.0,800000099.0,800000099.0,800000099.0,800010199.0,801010199.0,801110199.0,80000.0,80000.0,81.0,81.0,2.0,5.0,0.0,19.0,17.0,21.0,0.353904,0.301462,0.0611242,0.136799,0.00419247,62.3062,0.0567369,-0.0102182,1.26249,17.1202,12.6961,19.8308,296.024,40.0421,0.434749,0.0221904,0.0563089,172.287,289.748,289.224,97835.4,86.3349,289.859,290.234,50.733,9.55684,10.4833,37.962,36.5442,30.4923,51.7803,0.0,10.02007,0.000254,10800.0,0.254,1,-8.130712800000001,2.570298890238733,10.717798890238734,4.301776341077206
2023-06-01 15:30:00,Rep-S,winter,afternoon,Yng,0.100987,0.03206793314922491,2.917815,0.000763219032850505,0.0976085,0.0297274611702538,0.7645554999999999,0.23656239201071583,1.72032,0.035937201405112,1.7044730000000001,0.03350289183979422,2.481972,0.141536291284817,0.757553,0.12078111459394336,17.4558155,0.34883018936063864,17.618090000000002,0.3738183101387071,25.4163615,1.456446641205738,0.441786,0.0,0.0,0.0,0.0,0.0,0.0,0.0,130.554554,44.02869464908704,256.2230225,62.194797293019825,0.4346755,0.12885147113609857,0.5,0.0,0.8,0.0,128.5180435,54.85072632939229,64.155,1.019290129659389,63.095,0.9629281002836059,22.47,0.4229271431594961,20.91,0.9078279456743807,97.645,0.03555573830362035,156.2,0.09880869341681885,155.6,2.0358885296752285,0.4,1.3179329908690547,743.5,315.9415793765476,3.6014999999999997,0.020124350267379874,,,,,,,,,,,,,,,,,,,,,,,,,,,0.52,0.03034884893334424,-0.001,0.0020332758116683998,0.0,0.0025975697143777745,-0.004,0.012704805701469342,0.3475,3.6446370825032632,0.1475,2.5883913130501894,4.2105,12.723456542979935,1.0,0.0,150.0,0.0,2.0,0.0,55537.0,0.0,55537.0,0.0,55537.0,0.0,0.0,0.0,,,0.0,0.0,0.0,0.0,0.0,0.0,0.0,0.0,2.468732,0.0013137813995447289,2.4816575,0.0014236867956489685,1.661627,0.000801854633104724,0.9344715,0.005066403909709104,0.301786,0.005213063899575027,-0.012728,0.00957454002193207,0.39305049999999997,0.14946589881338188,0.729662,0.26454496461132626,130.554554,44.02869464908704,0.0002725,6.899847443012206e-06,2.372455,0.0,-3e-06,0.0,1.0,0.0,2.383364,0.0,-1e-05,0.0,1.0,0.0,0.601327,0.0,0.601158,0.0,0.107461,0.0,0.0,0.0,-0.0179485,0.0,0.00328983,69.2105,1.0,7.50677,73.6759,1.0,6.21982,-8.1475,1.0,1.16534,1.66248,1.0,0.140348,4.52113,12.282,0.0167872,0.27714,-196.936,-8.65338,15.9393,393.378,399.911,0.0,1.0,700.372,17.285,17.5891,0.0,1.0,291.711,290.37,97818.3,1.16594,1014.99,0.0246798,0.107728,0.0126207,1691.25,1958.94,0.0108244,86.3349,267.69,288.034,0.294343,-0.153361,0.0457883,0.334721,-6.92514e-14,-0.0123554,0.334949,2.51663,263.963,332.527,,,0.124072,0.358245,-2.37262,-2.24646,0.939391,0.471367,0.0,,,,,,,,-0.0158134,1.13502,67.1435,1.09273,55.9498,1.18232,-10.2182,1.17554,1.26249,1.18232,800000099.0,800000099.0,800000099.0,800000099.0,800000099.0,800010199.0,801010199.0,801110199.0,80000.0,80000.0,81.0,81.0,2.0,5.0,0.0,19.0,17.0,21.0,0.353904,0.301462,0.0611242,0.136799,0.00419247,62.3062,0.0567369,-0.0102182,1.26249,17.1202,12.6961,19.8308,296.024,40.0421,0.434749,0.0221904,0.0563089,172.287,289.748,289.224,97835.4,86.3349,289.859,290.234,50.733,9.55684,10.4833,37.962,36.5442,30.4923,51.7803,0.0,10.02007,0.000254,10800.0,0.254,1,-8.130712800000001,2.570298890238733,10.717798890238734,4.301776341077206
2023-06-01 09:30:00,Rep-S,winter,morning,Mid,0.287418,0.24030979090731336,2.917449,0.0009718462241184842,0.261644,0.17763007276577164,1.327116,0.5875658610701385,1.65835,0.11653687556546223,1.615016,0.11526293344909275,2.024971,0.30323794183253744,0.416079,0.21461743774525874,16.485558,1.1843118094236085,16.928461,1.1974263211191707,20.66629,3.1068398615045276,0.441786,0.0,0.0,0.0,0.0,0.0,0.0,0.0,159.722687,42.825739653697134,356.008881,76.87826208011668,0.480036,0.12248792904917882,0.5,0.0,0.8,0.0,123.539795,59.525606611293185,76.33,4.3378156177197535,74.25,4.129646595049025,18.22,1.7189203976139558,17.64,2.1670044608475845,97.96,0.04795831523312968,156.2,0.12138094304022275,156.5,4.745847307559182,-0.2,3.035715182072697,577.0,378.31145898584674,3.845,0.05469710534693172,,,,,,,,,,,,,,,,,,,,,,,,,,,-0.31,0.43626903014844715,0.0,0.0042201895692018385,0.002,0.0028705400188814645,-0.0115,0.016616518758517797,-0.208,1.620012522585345,-0.514,2.0699833026701766,-1.963,6.337639828231904,1.0,0.0,150.0,0.0,2.0,0.0,55537.0,0.0,55537.0,0.0,55537.0,0.0,0.0,0.0,,,0.0,0.0,0.0,0.0,0.0,0.0,0.0,0.0,2.484153,0.005568101408320085,2.499585,0.00642028995788625,1.661242,0.0010205599084163002,0.936523,0.011681677281537965,0.357847,0.023791932260187148,-0.002354,0.007596501162377321,0.727618,0.1401749433401348,0.590396,0.3167639326122478,159.722687,42.825739653697134,0.000262,5.212165257037301e-06,2.372455,0.0,-3e-06,0.0,1.0,0.0,2.383364,0.0,-1e-05,0.0,1.0,0.0,0.601327,0.0,0.601158,0.0,0.107461,0.0,0.0,0.0,-0.0196447,1.0,0.00344125,,2.0,0.745247,16.3928,1.0,1.59275,,2.0,0.171615,0.367996,1.0,0.0357551,3.77449,4.86133,-1.16076,0.10913,668.439,21.975,16.9195,408.636,414.137,0.0,1.0,556.23,13.4339,13.6169,0.0,1.0,286.935,285.004,98109.7,1.19318,1012.72,0.0241518,0.0238461,0.0100233,1318.35,1384.91,0.00840045,95.1939,66.5599,284.225,-0.733508,-0.369255,-0.0461397,0.822496,-3.45341e-14,0.039507,0.823444,2.8381,8.44366,206.539,,,0.128312,0.102429,-28.5615,-0.186615,0.388452,0.04107,0.0,,,,,,,,-0.0184418,1.06522,7.0129,1.05193,15.5026,1.01366,-0.464207,1.01237,0.348012,1.01366,800000099.0,800000099.0,800000099.0,800000099.0,800000099.0,800000099.0,810010199.0,811110199.0,80000.0,80000.0,80.0,81.0,1.0,0.0,0.0,7.0,35.0,23.0,0.126527,0.0591973,0.0191338,0.00984721,0.00186783,23.9394,0.00580367,-0.000464207,0.348012,11.9944,12.7038,11.3615,110.313,7.05482,0.57148,0.0149522,0.054556,11.3396,284.086,284.067,98080.4,95.1939,285.813,285.803,-11.4652,10.0524,11.1218,-12.1523,-13.6146,-8.23979,-14.8257,0.0,10.5871,0.07112,59400.0,71.12,1,,2.1331854809403583,,0.0
2023-06-01 09:30:00,Rep-S,winter,morning,Old,0.280537,0.1639479019171741,2.917708,0.0010727941585722464,0.255943,0.13027514490330327,1.472451,0.35799172449804384,1.681798,0.11991448527905202,1.645159,0.12101377198170463,2.058932,0.27698774135760956,0.441723,0.1964719308573958,16.794531,1.2426887113242433,17.170265,1.2315205542365526,21.012247,2.83867625616758,0.441786,0.0,0.0,0.0,0.0,0.0,0.0,0.0,123.629448,43.990388609650076,237.251755,70.80743747006731,0.525589,0.15000541629840122,0.5,0.0,0.8,0.0,126.213417,52.2392668109852,78.68,4.706307930143682,76.71,4.379709351087117,18.31,1.8085484971840424,17.9,1.9669305190236581,97.96,0.0474447046571176,156.2,0.12675435561221,156.4,0.7472616676907586,-0.1,0.4957485921983709,585.0,312.95938501132485,3.838,0.05350894006300887,,,,,,,,,,,,,,,,,,,,,,,,,,,-0.31,0.45023956586096103,0.0,0.003292415526630865,-0.0,0.0029228981051917175,-0.01,0.015643508800423672,-0.446,1.0548757399175819,-0.782,1.4053614683300046,-2.313,4.950777364599825,1.0,0.0,150.0,0.0,2.0,0.0,55537.0,0.0,55537.0,0.0,55537.0,0.0,0.0,0.0,,,0.0,0.0,0.0,0.0,0.0,0.0,0.0,0.0,2.4873,0.005912499855672953,2.502787,0.0069623510057067566,1.661514,0.0011268794670830314,0.936476,0.001872750390023611,0.356665,0.02489772363972256,-0.002046,0.006467421421246647,0.742316,0.13481514792299867,0.597424,0.26202032467557423,123.629448,43.990388609650076,0.000262,5.921148537234985e-06,2.372455,0.0,-3e-06,0.0,1.0,0.0,2.383364,0.0,-1e-05,0.0,1.0,0.0,0.601327,0.0,0.601158,0.0,0.107461,0.0,0.0,0.0,-0.0196447,1.0,0.00344125,,2.0,0.745247,16.3928,1.0,1.59275,,2.0,0.171615,0.367996,1.0,0.0357551,3.77449,4.86133,-1.16076,0.10913,668.439,21.975,16.9195,408.636,414.137,0.0,1.0,556.23,13.4339,13.6169,0.0,1.0,286.935,285.004,98109.7,1.19318,1012.72,0.0241518,0.0238461,0.0100233,1318.35,1384.91,0.00840045,95.1939,66.5599,284.225,-0.733508,-0.369255,-0.0461397,0.822496,-3.45341e-14,0.039507,0.823444,2.8381,8.44366,206.539,,,0.128312,0.102429,-28.5615,-0.186615,0.388452,0.04107,0.0,,,,,,,,-0.0184418,1.06522,7.0129,1.05193,15.5026,1.01366,-0.464207,1.01237,0.348012,1.01366,800000099.0,800000099.0,800000099.0,800000099.0,800000099.0,800000099.0,810010199.0,811110199.0,80000.0,80000.0,80.0,81.0,1.0,0.0,0.0,7.0,35.0,23.0,0.126527,0.0591973,0.0191338,0.00984721,0.00186783,23.9394,0.00580367,-0.000464207,0.348012,11.9944,12.7038,11.3615,110.313,7.05482,0.57148,0.0149522,0.054556,11.3396,284.086,284.067,98080.4,95.1939,285.813,285.803,-11.4652,10.0524,11.1218,-12.1523,-13.6146,-8.23979,-14.8257,0.0,10.5871,0.07112,59400.0,71.12,1,,2.1331854809403583,,0.0
2023-06-01 09:30:00,Rep-S,winter,morning,Yng,0.293873,0.3831608123804417,2.917722,0.0010125071193165807,0.266978,0.24795586369536948,1.107731,0.7123890135813135,1.657522,0.1070142965227543,1.629871,0.11231960217510269,2.044823,0.2066524890881629,0.427764,0.12335394768784934,16.637743,1.1539074244289944,16.920004,1.099740824160657,20.87262,2.120204183539523,0.441786,0.0,0.0,0.0,0.0,0.0,0.0,0.0,119.221687,26.98578616250026,250.698563,44.805611698021195,0.541443,0.10608581244024418,0.5,0.0,0.8,0.0,99.833328,46.382006396713365,75.85,4.2422807544998715,74.48,3.8282379758839467,18.13,1.647368811165248,17.8,1.5632362798587627,97.96,0.04786439177509962,156.2,0.126227308191747,156.6,3.528800551651132,-0.3,2.2630142141253407,457.0,205.55676426071057,3.85,0.05651306633573058,,,,,,,,,,,,,,,,,,,,,,,,,,,-0.2,0.3580633091135328,0.0,0.004773887304912004,-0.001,0.0026695817400234564,-0.007,0.0214455410723082,-0.228,0.8243644683431393,-0.1,1.9055629334486262,-0.5745,5.381809489758809,1.0,0.0,150.0,0.0,2.0,0.0,55537.0,0.0,55537.0,0.0,55537.0,0.0,0.0,0.0,,,0.0,0.0,0.0,0.0,0.0,0.0,0.0,0.0,2.484052,0.005169592126076982,2.498956,0.006219813503903111,1.66153,0.0010603412375268715,0.936906,0.008745571400810047,0.359163,0.022849576464200234,-0.007576,0.004889491043043232,0.715569,0.14506651720995667,0.490308,0.17220875143249836,119.221687,26.98578616250026,0.000266,7.569015788066505e-06,2.372455,0.0,-3e-06,0.0,1.0,0.0,2.383364,0.0,-1e-05,0.0,1.0,0.0,0.601327,0.0,0.601158,0.0,0.107461,0.0,0.0,0.0,-0.0196447,1.0,0.00344125,,2.0,0.745247,16.3928,1.0,1.59275,,2.0,0.171615,0.367996,1.0,0.0357551,3.77449,4.86133,-1.16076,0.10913,668.439,21.975,16.9195,408.636,414.137,0.0,1.0,556.23,13.4339,13.6169,0.0,1.0,286.935,285.004,98109.7,1.19318,1012.72,0.0241518,0.0238461,0.0100233,1318.35,1384.91,0.00840045,95.1939,66.5599,284.225,-0.733508,-0.369255,-0.0461397,0.822496,-3.45341e-14,0.039507,0.823444,2.8381,8.44366,206.539,,,0.128312,0.102429,-28.5615,-0.186615,0.388452,0.04107,0.0,,,,,,,,-0.0184418,1.06522,7.0129,1.05193,15.5026,1.01366,-0.464207,1.01237,0.348012,1.01366,800000099.0,800000099.0,800000099.0,800000099.0,800000099.0,800000099.0,810010199.0,811110199.0,80000.0,80000.0,80.0,81.0,1.0,0.0,0.0,7.0,35.0,23.0,0.126527,0.0591973,0.0191338,0.00984721,0.00186783,23.9394,0.00580367,-0.000464207,0.348012,11.9944,12.7038,11.3615,110.313,7.05482,0.57148,0.0149522,0.054556,11.3396,284.086,284.067,98080.4,95.1939,285.813,285.803,-11.4652,10.0524,11.1218,-12.1523,-13.6146,-8.23979,-14.8257,0.0,10.5871,0.07112,59400.0,71.12,1,,2.1331854809403583,,0.0
2023-06-01 12:30:00,Rep-S,winter,noon,Mid,0.128302,0.04367963509176788,2.918065,0.0005441160354190059,0.122897,0.0395679736813752,1.090715,0.37773205890724537,1.843108,0.08315509774788327,1.813959,0.08012183424843278,2.817815,0.183889172939056,0.968714,0.15760170425976786,18.559448,0.813006710539137,18.865166,0.8438470508344054,28.830368,1.871123968837735,0.441786,0.0,0.0,0.0,0.0,0.0,0.0,0.0,106.1157,78.26559300522187,290.558685,92.28650314827418,0.441362,0.1827396450488326,0.5,0.0,0.8,0.0,209.709641,104.37739876586186,63.63,1.384726567473401,62.39,1.3725290525158285,23.72,0.6797671169844379,22.99,1.0645628210678781,97.74,0.04252450274058015,156.3,0.07702813338861624,155.3,0.2910899059282755,0.6,0.20510160083886883,1241.0,325.7745795280329,3.679,0.040840217106834095,,,,,,,,,,,,,,,,,,,,,,,,,,,0.32,0.18772763959168792,-0.001,0.003234192325759246,0.0,0.0029961085872622626,0.0,0.012371916888072767,-0.001,2.152089098991954,-0.124,2.455776854683666,-2.057,9.703642078956294,1.0,0.0,150.0,0.0,2.0,0.0,55537.0,0.0,55537.0,0.0,55537.0,0.0,0.0,0.0,,,0.0,0.0,0.0,0.0,0.0,0.0,0.0,0.0,2.467638,0.001821474853884469,2.48099,0.001694699159142977,1.66189,0.0005716119021387606,0.933644,0.000736213605778471,0.287025,0.007792605156386001,-0.009804,0.009479144743066222,0.521791,0.15900003110815206,1.14648,0.27269212699647194,106.1157,78.26559300522187,0.000272,7.218494764607562e-06,2.372455,0.0,-3e-06,0.0,1.0,0.0,2.383364,0.0,-1e-05,0.0,1.0,0.0,0.601327,0.0,0.601158,0.0,0.107461,0.0,0.0,0.0,-0.0277215,1.0,0.00815821,80.7202,0.0,9.34534,129.046,0.0,12.4726,-9.16841,0.0,1.47947,2.91387,0.0,0.281632,5.38199,8.35541,-0.0885028,0.188665,-635.843,-31.7202,15.9257,393.445,399.822,0.0,1.0,794.482,19.6276,20.0206,0.0,1.0,292.353,291.074,97955.7,1.16372,1016.34,0.024705,0.188819,0.0143166,1923.16,2047.94,0.0123024,93.907,124.781,290.044,0.41417,0.826782,0.0205436,0.924645,-4.50255e-14,-0.0399256,0.925507,4.58953,141.744,63.3444,,,0.154342,0.369727,-3.9217,-1.3591,0.625513,0.442193,0.0,,,,,,,,-0.0261599,1.05969,84.2159,1.04939,109.738,1.07768,-13.0981,1.07262,2.4779,1.07768,800000099.0,800000099.0,800000099.0,800000099.0,800000099.0,800011099.0,800000199.0,800010199.0,80000.0,80000.0,81.0,81.0,2.0,3.0,1.0,12.0,17.0,16.0,0.363013,0.291568,0.0848726,0.176117,0.00587933,240.461,0.071205,-0.0130981,2.4779,17.2884,12.7225,22.034,520.556,73.243,0.423217,0.0267392,0.0659784,276.811,289.11,289.709,98004.9,93.907,287.314,287.796,59.9685,9.86791,10.9184,29.3522,18.7379,17.2667,49.8443,0.0,10.393155,0.000254,0.0,0.254,1,-9.2569128,2.3600169074993267,11.528426907499327,2.6399468136598956
2023-06-01 12:30:00,Rep-S,winter,noon,Old,0.116174,0.07731423216016435,2.9177324999999996,0.0007874801250625574,0.1117245,0.06744117349315781,1.062685,0.6011773877990895,1.8218230000000002,0.11363097759529814,1.7911519999999999,0.10934284905768947,2.754509,0.3868063688609552,0.941965,0.2924622922908678,18.33042,1.1089612767033217,18.643983,1.1528508503799837,28.1842405,3.942335967773895,0.441786,0.0,0.0,0.0,0.0,0.0,0.0,0.0,170.512146,69.2090814976499,272.376892,115.58659469893308,0.274363,0.19671765162557625,0.5,0.0,0.8,0.0,183.934967,96.43139023607336,63.995000000000005,1.4182476214644157,62.945,1.1419580368361792,23.295,0.7816936740181543,22.61,2.165501279028412,97.735,0.049193495504991865,156.2,0.10310954828418929,155.1,0.3432047110460682,0.7,0.2137386500526187,1196.5,267.90895448778275,3.6685,0.04737409907489406,,,,,,,,,,,,,,,,,,,,,,,,,,,0.45,0.10679049829603655,0.001,0.0031030545223087935,0.0,0.0027198103649064636,-0.006,0.014555421468224375,-0.194,1.977559710988853,-0.5660000000000001,2.3049804200561237,-1.021,9.99757283522297,1.0,0.0,150.0,0.0,2.0,0.0,55537.0,0.0,55537.0,0.0,55537.0,0.0,0.0,0.0,,,0.0,0.0,0.0,0.0,0.0,0.0,0.0,0.0,2.468395,0.0014306214880622382,2.48139,0.0017984482631599919,1.6615405,0.0008269801674577414,0.9330655,0.0008503877691352123,0.2919835,0.00886065714727632,-0.008287,0.018204722558128182,0.557313,0.17335458621911334,1.109279,0.22436242156134578,170.512146,69.2090814976499,0.000272,6.219451659701879e-06,2.372455,0.0,-3e-06,0.0,1.0,0.0,2.383364,0.0,-1e-05,0.0,1.0,0.0,0.601327,0.0,0.601158,0.0,0.107461,0.0,0.0,0.0,-0.0277215,1.0,0.00815821,80.7202,0.0,9.34534,129.046,0.0,12.4726,-9.16841,0.0,1.47947,2.91387,0.0,0.281632,5.38199,8.35541,-0.0885028,0.188665,-635.843,-31.7202,15.9257,393.445,399.822,0.0,1.0,794.482,19.6276,20.0206,0.0,1.0,292.353,291.074,97955.7,1.16372,1016.34,0.024705,0.188819,0.0143166,1923.16,2047.94,0.0123024,93.907,124.781,290.044,0.41417,0.826782,0.0205436,0.924645,-4.50255e-14,-0.0399256,0.925507,4.58953,141.744,63.3444,,,0.154342,0.369727,-3.9217,-1.3591,0.625513,0.442193,0.0,,,,,,,,-0.0261599,1.05969,84.2159,1.04939,109.738,1.07768,-13.0981,1.07262,2.4779,1.07768,800000099.0,800000099.0,800000099.0,800000099.0,800000099.0,800011099.0,800000199.0,800010199.0,80000.0,80000.0,81.0,81.0,2.0,3.0,1.0,12.0,17.0,16.0,0.363013,0.291568,0.0848726,0.176117,0.00587933,240.461,0.071205,-0.0130981,2.4779,17.2884,12.7225,22.034,520.556,73.243,0.423217,0.0267392,0.0659784,276.811,289.11,289.709,98004.9,93.907,287.314,287.796,59.9685,9.86791,10.9184,29.3522,18.7379,17.2667,49.8443,0.0,10.393155,0.000254,0.0,0.254,1,-9.2569128,2.3600169074993267,11.528426907499327,2.6399468136598956
2023-06-01 12:30:00,Rep-S,winter,noon,Yng,0.106545,0.049892951415246405,2.9181470000000003,0.0008715311806532626,0.10279,0.045290422768892946,0.9934755,0.4712383231839827,1.825902,0.0725527841258294,1.8009795,0.07135623133729864,2.7707765,0.19566575421138252,0.9061835,0.18396490701095847,18.423402,0.7250336330204523,18.6796655,0.7372684489959581,28.344288,1.9941008543215286,0.441786,0.0,0.0,0.0,0.0,0.0,0.0,0.0,120.048344,41.14635010791367,260.251526,100.6995212024331,0.405728,0.17255611714535538,0.5,0.0,0.8,0.0,208.524597,136.01195876931737,62.57,1.5569304091225697,61.46,1.5510937927872033,23.995,0.6522675743172784,22.71,1.1554908893636064,97.755,0.037077117521162155,156.3,0.10933445471812363,155.5,5.505278553717598,0.6,3.5002791350103077,1357.5,501.3411037396103,3.681,0.0430622244248224,,,,,,,,,,,,,,,,,,,,,,,,,,,0.2,0.18108739237771612,-0.001,0.0038542408349496148,-0.0005,0.0027503395819592816,0.009,0.01234672257895019,0.237,1.8421014486521738,0.358,2.305876850695785,-1.2685,5.871955635094621,1.0,0.0,150.0,0.0,2.0,0.0,55537.0,0.0,55537.0,0.0,55537.0,0.0,0.0,0.0,,,0.0,0.0,0.0,0.0,0.0,0.0,0.0,0.0,2.4665295,0.002077145091197272,2.4795075,0.002023688802401562,1.6619755,0.000915711883740223,0.934006,0.013576706058159114,0.283845,0.007520113677301736,-0.013645000000000001,0.011193698699530111,0.479599,0.1474328367387602,1.2439939999999998,0.41978455003055454,120.048344,41.14635010791367,0.000275,7.426343293481902e-06,2.372455,0.0,-3e-06,0.0,1.0,0.0,2.383364,0.0,-1e-05,0.0,1.0,0.0,0.601327,0.0,0.601158,0.0,0.107461,0.0,0.0,0.0,-0.0277215,1.0,0.00815821,80.7202,0.0,9.34534,129.046,0.0,12.4726,-9.16841,0.0,1.47947,2.91387,0.0,0.281632,5.38199,8.35541,-0.0885028,0.188665,-635.843,-31.7202,15.9257,393.445,399.822,0.0,1.0,794.482,19.6276,20.0206,0.0,1.0,292.353,291.074,97955.7,1.16372,1016.34,0.024705,0.188819,0.0143166,1923.16,2047.94,0.0123024,93.907,124.781,290.044,0.41417,0.826782,0.0205436,0.924645,-4.50255e-14,-0.0399256,0.925507,4.58953,141.744,63.3444,,,0.154342,0.369727,-3.9217,-1.3591,0.625513,0.442193,0.0,,,,,,,,-0.0261599,1.05969,84.2159,1.04939,109.738,1.07768,-13.0981,1.07262,2.4779,1.07768,800000099.0,800000099.0,800000099.0,800000099.0,800000099.0,800011099.0,800000199.0,800010199.0,80000.0,80000.0,81.0,81.0,2.0,3.0,1.0,12.0,17.0,16.0,0.363013,0.291568,0.0848726,0.176117,0.00587933,240.461,0.071205,-0.0130981,2.4779,17.2884,12.7225,22.034,520.556,73.243,0.423217,0.0267392,0.0659784,276.811,289.11,289.709,98004.9,93.907,287.314,287.796,59.9685,9.86791,10.9184,29.3522,18.7379,17.2667,49.8443,0.0,10.393155,0.000254,0.0,0.254,1,-9.2569128,2.3600169074993267,11.528426907499327,2.6399468136598956
2023-06-16 15:30:00,Nit-A,winter,afternoon,Mid,0.024153,0.04508655828244895,2.917274,0.0009155429045107261,0.023955,0.043086807807108045,0.111584,0.26205818957721966,1.224121,0.039804122929247746,1.215832,0.0429519425943306,1.663953,0.052736157954702705,0.439832,0.08570588781554035,12.484064,0.4406586333972137,12.567458,0.40833630842383567,17.083006,0.5419448766870404,0.441786,0.0,0.0,0.0,0.0,0.0,0.0,0.0,87.661385,51.53712857754824,302.415131,101.67024147733692,0.66817,18.930703914082123,0.5,0.0,0.8,0.0,29.65596,986.6289294115148,65.19,3.733985806079074,64.97,3.921027586403001,16.67,0.534263667739692,14.56,0.4797655677515845,97.39,0.00879393730551985,156.2,0.11180339887498975,156.8,35.24547866984738,-0.4,22.57594590118725,120.0,38.23096476243657,3.648,0.026693444888211623,105.0,91.63105368814658,37.0,14.899382850753693,79.86,19.211535059264094,35.05,19.070721888102018,156.56,110.0613333585718,23.34,0.0,317.93,3.871364875596222,70.66,2.4916271122835902,-33.989964,6.320253159826017e-05,18.955524,7.318064407115185e-05,345.5,3.294704407792532,14.0,3.41418609139377,0.76,0.649333504448985,0.02,0.08266397845091498,0.001,0.0018903262505010434,0.001,0.001881488772222678,0.002,0.007813740810555816,0.079,1.4993143688588684,0.233,1.5480296218096086,10.751,6.861826853224756,1.0,0.0,150.0,0.0,2.0,0.0,55537.0,0.0,55537.0,0.0,55537.0,0.0,0.0,0.0,,,0.0,0.0,0.0,0.0,0.0,0.0,0.0,0.0,2.472331,0.005252854753052401,2.484921,0.0051819518645650365,1.66106,0.0009605016258879322,0.937336,0.07411893257803075,0.38102,0.008123914639917584,-0.021092,0.002421039549449782,0.470142,0.1115927329584682,0.207746,0.031997494513998026,87.661385,51.53712857754824,0.000262,6.055300708194974e-06,2.372455,0.0,-3e-06,0.0,1.0,0.0,2.383364,0.0,-1e-05,0.0,1.0,0.0,0.601327,0.0,0.601158,0.0,0.107461,0.0,0.0,0.0,-0.608922,0.0,0.0592815,-5.65785,0.0,0.811845,58.0764,0.0,10.6146,-4.01393,0.0,0.378525,1.30685,0.0,0.238854,-1.23051,-1.26848,-0.0602655,-0.0285438,-384.077,-11.6812,15.7499,385.996,390.633,0.0,1.0,479.013,11.7396,11.879,0.0,1.0,289.203,287.492,97528.5,1.1766,1011.82,0.0245079,0.0846842,0.00863182,1145.25,1629.49,0.00733622,70.2827,484.24,282.122,0.953261,3.66976,0.0671346,3.79213,-4.02866e-14,-0.024386,3.79221,14.2229,136.141,75.3181,,,0.719392,3.39173,5639.77,0.000945074,-0.0974208,-0.00660621,0.0,64.6047,-9.80401,22.1767,55.2231,84.2188,118.118,176.962,-0.589885,1.03227,-1.95701,1.06631,55.463,1.04117,-4.10788,1.03657,1.24805,1.04117,800000099.0,800000099.0,800000099.0,800000099.0,800000099.0,800000099.0,800010199.0,800010199.0,80000.0,80000.0,80.0,81.0,3.0,2.0,0.0,102.0,19.0,25.0,4.0052,2.08776,0.690503,0.00568843,0.000299248,83.0094,-0.00164385,-0.00410788,1.24805,14.4982,12.9703,15.4511,105.511,6.91045,0.424473,0.0251546,0.0622455,90.878,287.896,287.803,97543.5,70.2827,286.815,286.892,13.4138,10.3783,12.0666,17.4138,15.3561,12.9395,20.657,0.0,11.222449999999998,0.247898,41400.0,247.898,1,-4.0741955,2.5695508901035664,6.583480890103567,3.361429524472816
2023-06-16 15:30:00,Nit-A,winter,afternoon,Old,0.008443,0.018603330085229363,2.917555,0.0010427445884140377,0.008418,0.018318418156962498,0.042698,0.08401376207439669,1.2121,0.034482359653790054,1.212308,0.034241744703261516,1.673693,0.04189000640864927,0.449707,0.06451001529576626,12.446817,0.35082275989700373,12.444395,0.35328002981243206,17.185431,0.4302901614210462,0.441786,0.0,0.0,0.0,0.0,0.0,0.0,0.0,88.263992,51.6835242158632,305.260071,73.96059586949244,0.703748,0.08595554791861894,0.5,0.0,0.8,0.0,23.673588,9.910055962510983,65.11,3.391377547054686,64.98,3.4151541204851497,16.62,0.5201047971322709,14.65,0.38765319552403965,97.39,0.010456258094240415,156.2,0.13228756555323912,156.8,3.167922557976021,-0.4,2.0458738964071075,96.0,34.58891922759851,3.647,0.025405904825453525,52.0,90.1443287178955,33.96,10.658529792299372,82.94,11.72129839224307,41.29,15.29742089373238,163.73,68.77036873295552,23.34,0.0,317.54,3.8494812204590345,70.94,2.5013177860213314,-33.989975,5.8741297225466304e-05,18.955524,6.809290222421697e-05,345.5,2.8818316129509154,14.0,2.973213749463701,0.76,0.20834106652314133,0.02,0.08266397845091498,0.0,0.0018929694486000915,-0.0,0.0016248076809271923,-0.007,0.017775049393809878,0.097,1.178167294289454,0.274,1.8423611272856728,8.507,15.603156213071887,1.0,0.0,150.0,0.0,2.0,0.0,55537.0,0.0,55537.0,0.0,55537.0,0.0,0.0,0.0,,,0.0,0.0,0.0,0.0,0.0,0.0,0.0,0.0,2.472357,0.00457668396148696,2.484815,0.004715763959671081,1.661354,0.001092590995447666,0.937472,0.007851085195691098,0.381782,0.007947786545741357,-0.020569,0.0030015603286735154,0.476423,0.10990702871249865,0.1876,0.02897255824753256,88.263992,51.6835242158632,0.000265,5.405861016834725e-06,2.372455,0.0,-3e-06,0.0,1.0,0.0,2.383364,0.0,-1e-05,0.0,1.0,0.0,0.601327,0.0,0.601158,0.0,0.107461,0.0,0.0,0.0,-0.608922,0.0,0.0592815,-5.65785,0.0,0.811845,58.0764,0.0,10.6146,-4.01393,0.0,0.378525,1.30685,0.0,0.238854,-1.23051,-1.26848,-0.0602655,-0.0285438,-384.077,-11.6812,15.7499,385.996,390.633,0.0,1.0,479.013,11.7396,11.879,0.0,1.0,289.203,287.492,97528.5,1.1766,1011.82,0.0245079,0.0846842,0.00863182,1145.25,1629.49,0.00733622,70.2827,484.24,282.122,0.953261,3.66976,0.0671346,3.79213,-4.02866e-14,-0.024386,3.79221,14.2229,136.141,75.3181,,,0.719392,3.39173,5639.77,0.000945074,-0.0974208,-0.00660621,0.0,64.6047,-9.80401,22.1767,55.2231,84.2188,118.118,176.962,-0.589885,1.03227,-1.95701,1.06631,55.463,1.04117,-4.10788,1.03657,1.24805,1.04117,800000099.0,800000099.0,800000099.0,800000099.0,800000099.0,800000099.0,800010199.0,800010199.0,80000.0,80000.0,80.0,81.0,3.0,2.0,0.0,102.0,19.0,25.0,4.0052,2.08776,0.690503,0.00568843,0.000299248,83.0094,-0.00164385,-0.00410788,1.24805,14.4982,12.9703,15.4511,105.511,6.91045,0.424473,0.0251546,0.0622455,90.878,287.896,287.803,97543.5,70.2827,286.815,286.892,13.4138,10.3783,12.0666,17.4138,15.3561,12.9395,20.657,0.0,11.222449999999998,0.247898,41400.0,247.898,1,-4.0741955,2.5695508901035664,6.583480890103567,3.361429524472816
2023-06-16 15:30:00,Nit-A,winter,afternoon,Yng,0.043693,0.02819203089273042,2.917501,0.0009588948934407557,0.043048,0.02720219555765062,0.206031,0.17459935679046282,1.225828,0.03498097820601932,1.219431,0.03825830323263166,1.662431,0.050800936727813814,0.446806,0.07952228549358556,12.521945,0.3920082090775223,12.584623,0.35837702087455864,17.068298,0.5226696353792646,0.441786,0.0,0.0,0.0,0.0,0.0,0.0,0.0,90.534569,39.31959241917643,309.750793,55.25666284458889,0.6956,0.08873839227438897,0.5,0.0,0.8,0.0,44.938965,12.519911112891188,64.92,3.631683493918491,64.57,3.817001790236239,16.71,0.56059730050486,14.55,0.46333033572171767,97.39,0.011430952132994856,156.2,0.11789826122552248,156.8,0.15545631755149328,-0.4,0.12909944487358055,184.0,50.40277770123389,3.649,0.028916719500432127,81.0,54.64653084444917,33.2,12.921326209023594,83.67,14.071434219723304,40.43,23.138534720245364,155.08,84.94455110639333,23.34,0.0,318.12,3.8903652356387135,70.52,2.480562772168177,-33.989964,7.745777344632276e-05,18.955498,6.941032584081683e-05,345.399994,3.5454051373649267,14.0,3.2598568475727077,0.77,0.6059144604094984,0.02,0.08266397845091498,0.0,0.0022457367016935296,0.001,0.0020992061991778384,0.002,0.004799267343352215,0.402,1.01951435007066,1.098,1.5766451196554454,11.210999999999999,8.682748071085218,1.0,0.0,150.0,0.0,2.0,0.0,55537.0,0.0,55537.0,0.0,55537.0,0.0,0.0,0.0,,,0.0,0.0,0.0,0.0,0.0,0.0,0.0,0.0,2.471802,0.005124198148653896,2.484558,0.005052969007425182,1.661298,0.0010056391831400932,0.937432,0.0003754156674052217,0.380367,0.008494699579149317,-0.022733,0.0025785155664968685,0.464792,0.11353440142232953,0.261855,0.04223468795228237,90.534569,39.31959241917643,0.000264,4.692902442341331e-06,2.372455,0.0,-3e-06,0.0,1.0,0.0,2.383364,0.0,-1e-05,0.0,1.0,0.0,0.601327,0.0,0.601158,0.0,0.107461,0.0,0.0,0.0,-0.608922,0.0,0.0592815,-5.65785,0.0,0.811845,58.0764,0.0,10.6146,-4.01393,0.0,0.378525,1.30685,0.0,0.238854,-1.23051,-1.26848,-0.0602655,-0.0285438,-384.077,-11.6812,15.7499,385.996,390.633,0.0,1.0,479.013,11.7396,11.879,0.0,1.0,289.203,287.492,97528.5,1.1766,1011.82,0.0245079,0.0846842,0.00863182,1145.25,1629.49,0.00733622,70.2827,484.24,282.122,0.953261,3.66976,0.0671346,3.79213,-4.02866e-14,-0.024386,3.79221,14.2229,136.141,75.3181,,,0.719392,3.39173,5639.77,0.000945074,-0.0974208,-0.00660621,0.0,64.6047,-9.80401,22.1767,55.2231,84.2188,118.118,176.962,-0.589885,1.03227,-1.95701,1.06631,55.463,1.04117,-4.10788,1.03657,1.24805,1.04117,800000099.0,800000099.0,800000099.0,800000099.0,800000099.0,800000099.0,800010199.0,800010199.0,80000.0,80000.0,80.0,81.0,3.0,2.0,0.0,102.0,19.0,25.0,4.0052,2.08776,0.690503,0.00568843,0.000299248,83.0094,-0.00164385,-0.00410788,1.24805,14.4982,12.9703,15.4511,105.511,6.91045,0.424473,0.0251546,0.0622455,90.878,287.896,287.803,97543.5,70.2827,286.815,286.892,13.4138,10.3783,12.0666,17.4138,15.3561,12.9395,20.657,0.0,11.222449999999998,0.247898,41400.0,247.898,1,-4.0741955,2.5695508901035664,6.583480890103567,3.361429524472816
2023-06-16 09:30:00,Nit-A,winter,morning,Mid,0.034,0.021978257003608517,2.91711,0.0011730035194605333,0.033609,0.021505151204847018,0.143813,0.09723617965880806,1.005868,0.015878177351321014,1.001697,0.015875598085006503,1.438207,0.022091993393157944,0.428404,0.029452440500576497,10.251628,0.1612550101402855,10.294295,0.16126963658006446,14.719477,0.2263046405975953,0.441786,0.0,0.0,0.0,0.0,0.0,0.0,0.0,95.092537,48.61977661328641,292.723785,83.67005620338097,0.643145,0.11321891693237487,0.5,0.0,0.8,0.0,36.283897,8.229943425146915,62.47,0.6301261778405972,62.26,0.6764534968002838,13.86,0.22639714368045147,12.33,0.23359295080688314,97.71,0.0126227308191731,156.1,0.1468559384794094,157.1,0.6054474929064192,-0.6,0.3636848452529562,149.0,28.9972987247663,3.88,0.027583932521185694,99.0,58.1481728001835,61.61,6.9601966447316235,47.55,10.342761285072761,35.45,16.92388130227027,159.56,107.44828708577288,23.33,0.0,42.98,4.17433096435824,71.16,5.583747636369922,-33.989956,6.599989141973288,18.95545,5.576041008981367e-05,346.799988,1.0141987635912126,15.0,1.1874342087037917,0.81,0.0487442304278158,-0.18,0.15171244730300365,0.0,0.0022912878474779202,0.001,0.0022605309110914633,0.012,0.008958181280690154,0.377,0.8068425455647051,0.598,1.1286070322895092,1.031,7.740824890422836,1.0,0.0,150.0,0.0,2.0,0.0,55537.0,0.0,55537.0,0.0,55537.0,0.0,0.0,0.0,,,0.0,0.0,0.0,0.0,0.0,0.0,0.0,0.0,2.469371,0.0008949176647416069,2.481979,0.0009645740994518161,1.660888,0.0012295618298131066,0.938237,0.0015195983811520867,0.426496,0.0038451413467734297,-0.016961,0.003358003584472971,0.483565,0.08701152016194948,0.232062,0.024231783846015133,95.092537,48.61977661328641,0.000259,5.284253337353669e-06,2.372455,0.0,-3e-06,0.0,1.0,0.0,2.383364,0.0,-1e-05,0.0,1.0,0.0,0.601327,0.0,0.601158,0.0,0.107461,0.0,0.0,0.0,-0.411933,1.0,0.0594798,-34.5487,0.0,3.17325,64.0542,0.0,5.84992,-2.94075,0.0,0.23507,1.43779,0.0,0.13131,0.851737,-0.64752,-0.0837301,-0.0145346,547.236,14.8215,16.0628,388.748,392.377,0.0,1.0,435.049,10.5289,10.641,0.0,1.0,286.45,284.905,97873.3,1.19203,1011.09,0.0242017,0.0931691,0.00783957,1030.78,1375.93,0.00657664,74.915,345.152,280.572,0.674018,2.61833,0.103731,2.70521,-1.55235e-14,0.0340685,2.70543,13.6313,136.375,75.282,,,0.587855,4.12343,505.095,0.0105525,-0.539367,-0.0487624,0.0,61.7588,-9.37214,21.1998,52.7905,80.5089,112.915,169.167,-0.400844,1.02766,-29.6718,1.05093,55.2701,1.18201,-1.83426,1.02694,1.24062,1.18201,800000099.0,800000099.0,800000099.0,800000099.0,800000099.0,800000099.0,800010199.0,811010199.0,80000.0,80000.0,80.0,81.0,14.0,1.0,4.0,5.0,60.0,0.0,4.11863,3.60985,0.518357,0.0146487,0.000147863,33.0459,-0.0246187,-0.00183426,1.24062,11.8567,12.2898,11.221,106.159,8.73063,0.442254,0.0228366,0.0590214,5.53704,284.594,284.694,97862.8,74.915,284.325,284.287,-11.0429,10.995,12.9398,-10.5752,-12.8778,-7.71591,-13.4246,0.0,11.9674,0.247898,19800.0,247.898,1,-3.0244801,2.38520695534152,5.325956955341519,2.4717046352564678
2023-06-16 09:30:00,Nit-A,winter,morning,Old,0.004501,0.018623943440546277,2.917112,0.0010609762752609587,0.004494,0.018361577932374622,0.019139,0.08243424260348366,1.004276,0.013736432469046114,1.002262,0.013240826802608107,1.439674,0.015807099188655725,0.431611,0.027373829141292372,10.257145,0.1344116361783465,10.277765,0.1394983484456365,14.732678,0.1635366123773004,0.441786,0.0,0.0,0.0,0.0,0.0,0.0,0.0,103.787544,47.21435990013767,337.743774,104.30638291071354,0.667698,0.08349142329690713,0.5,0.0,0.8,0.0,30.007854,7.1331267332612445,62.05,0.6541921226469568,62.06,0.6283955760506249,13.88,0.18239152027072453,12.34,0.1672891707991485,97.71,0.014999999999997892,156.1,0.14294521094928114,157.1,0.15885003409925033,-0.6,0.1451436070471816,123.0,26.658332030842942,3.878,0.029772582465528236,83.0,85.91377460376577,62.99,8.777146043371198,45.41,13.870018925726093,33.73,18.03510967529724,147.54,105.86410261431082,23.33,0.0,42.6,3.3616406212839935,71.02,2.482856083894773,-33.98996,5.598958236809716e-05,18.955456,6.313934325546528e-05,346.799988,0.9178249060141185,15.0,1.1902380714238086,0.82,0.04822862220714997,-0.18,0.15171244730300365,0.0,0.0018929694486000913,0.001,0.002289832599412746,0.01,0.006954272410677106,0.074,1.4373542558001027,0.431,1.567251256180706,0.731,7.141947882889147,1.0,0.0,150.0,0.0,2.0,0.0,55537.0,0.0,55537.0,0.0,55537.0,0.0,0.0,0.0,,,0.0,0.0,0.0,0.0,0.0,0.0,0.0,0.0,2.469089,0.0008303070676963314,2.481575,0.0009897107119421979,1.660889,0.0011109532588427383,0.93819,0.00037698806347149095,0.426155,0.0030887832512711474,-0.016039,0.0034129377580026264,0.490032,0.08577193309785743,0.210346,0.022347821001684563,103.787544,47.21435990013767,0.000259,5.6124860801609205e-06,2.372455,0.0,-3e-06,0.0,1.0,0.0,2.383364,0.0,-1e-05,0.0,1.0,0.0,0.601327,0.0,0.601158,0.0,0.107461,0.0,0.0,0.0,-0.411933,1.0,0.0594798,-34.5487,0.0,3.17325,64.0542,0.0,5.84992,-2.94075,0.0,0.23507,1.43779,0.0,0.13131,0.851737,-0.64752,-0.0837301,-0.0145346,547.236,14.8215,16.0628,388.748,392.377,0.0,1.0,435.049,10.5289,10.641,0.0,1.0,286.45,284.905,97873.3,1.19203,1011.09,0.0242017,0.0931691,0.00783957,1030.78,1375.93,0.00657664,74.915,345.152,280.572,0.674018,2.61833,0.103731,2.70521,-1.55235e-14,0.0340685,2.70543,13.6313,136.375,75.282,,,0.587855,4.12343,505.095,0.0105525,-0.539367,-0.0487624,0.0,61.7588,-9.37214,21.1998,52.7905,80.5089,112.915,169.167,-0.400844,1.02766,-29.6718,1.05093,55.2701,1.18201,-1.83426,1.02694,1.24062,1.18201,800000099.0,800000099.0,800000099.0,800000099.0,800000099.0,800000099.0,800010199.0,811010199.0,80000.0,80000.0,80.0,81.0,14.0,1.0,4.0,5.0,60.0,0.0,4.11863,3.60985,0.518357,0.0146487,0.000147863,33.0459,-0.0246187,-0.00183426,1.24062,11.8567,12.2898,11.221,106.159,8.73063,0.442254,0.0228366,0.0590214,5.53704,284.594,284.694,97862.8,74.915,284.325,284.287,-11.0429,10.995,12.9398,-10.5752,-12.8778,-7.71591,-13.4246,0.0,11.9674,0.247898,19800.0,247.898,1,-3.0244801,2.38520695534152,5.325956955341519,2.4717046352564678
2023-06-16 09:30:00,Nit-A,winter,morning,Yng,0.050460500000000005,0.02176112463326782,2.91678,0.0006001484534295361,0.049602499999999994,0.020858109009650457,0.213165,0.08986542506222205,1.0074960000000002,0.016747290291222242,1.00271,0.016498069605306344,1.43544,0.024136225534118736,0.420321,0.024600322556015363,10.2618945,0.1675442922601655,10.311074999999999,0.1700870901031779,14.6874895,0.24616796360488075,0.441786,0.0,0.0,0.0,0.0,0.0,0.0,0.0,103.11842,32.765247637818824,330.23928850000004,64.6129656075509,0.702299,0.06705008343637325,0.5,0.0,0.8,0.0,46.751869,6.889816750554931,62.85,0.5099334798247263,62.525,0.4961006411544384,13.905000000000001,0.25145606742759974,12.295,0.2535034516530301,97.71,0.013032503744337894,156.1,0.07961445558729441,157.1,0.15033296378373562,-0.7,0.10561177090573833,172.5,28.774053483062715,3.883,0.027949514926298647,123.0,112.1833938074341,63.085,11.216125067886031,45.265,18.138556065846206,27.795,12.676392601391589,148.66500000000002,103.01038401801277,23.33,0.0,43.17,3.3191968676404033,71.45,2.4901871415618504,-33.989964,6.379635871541604e-05,18.955475999999997,5.617708265264733e-05,346.700012,0.8301719955627106,15.0,1.2108483993274495,0.79,0.07483417565627248,-0.18,0.14864775089503993,0.0,0.001942638966418144,0.0,0.001984555753427335,0.013,0.011561828978499172,0.5545,0.8033556583768823,1.806,1.506378179608295,5.055,4.024990346881607,1.0,0.0,150.0,0.0,2.0,0.0,55537.0,0.0,55537.0,0.0,55537.0,0.0,0.0,0.0,,,0.0,0.0,0.0,0.0,0.0,0.0,0.0,0.0,2.469684,0.0006604217172500626,2.4826360000000003,0.0007881066542426333,1.660542,0.0006290429274822273,0.9382505,0.00036338556128969314,0.42584299999999997,0.004260462503603992,-0.017989,0.0027440811540477435,0.47583549999999997,0.08677466667559142,0.2518945,0.024084594088721132,103.11842,32.765247637818824,0.000258,5.359247938054219e-06,2.372455,0.0,-3e-06,0.0,1.0,0.0,2.383364,0.0,-1e-05,0.0,1.0,0.0,0.601327,0.0,0.601158,0.0,0.107461,0.0,0.0,0.0,-0.411933,1.0,0.0594798,-34.5487,0.0,3.17325,64.0542,0.0,5.84992,-2.94075,0.0,0.23507,1.43779,0.0,0.13131,0.851737,-0.64752,-0.0837301,-0.0145346,547.236,14.8215,16.0628,388.748,392.377,0.0,1.0,435.049,10.5289,10.641,0.0,1.0,286.45,284.905,97873.3,1.19203,1011.09,0.0242017,0.0931691,0.00783957,1030.78,1375.93,0.00657664,74.915,345.152,280.572,0.674018,2.61833,0.103731,2.70521,-1.55235e-14,0.0340685,2.70543,13.6313,136.375,75.282,,,0.587855,4.12343,505.095,0.0105525,-0.539367,-0.0487624,0.0,61.7588,-9.37214,21.1998,52.7905,80.5089,112.915,169.167,-0.400844,1.02766,-29.6718,1.05093,55.2701,1.18201,-1.83426,1.02694,1.24062,1.18201,800000099.0,800000099.0,800000099.0,800000099.0,800000099.0,800000099.0,800010199.0,811010199.0,80000.0,80000.0,80.0,81.0,14.0,1.0,4.0,5.0,60.0,0.0,4.11863,3.60985,0.518357,0.0146487,0.000147863,33.0459,-0.0246187,-0.00183426,1.24062,11.8567,12.2898,11.221,106.159,8.73063,0.442254,0.0228366,0.0590214,5.53704,284.594,284.694,97862.8,74.915,284.325,284.287,-11.0429,10.995,12.9398,-10.5752,-12.8778,-7.71591,-13.4246,0.0,11.9674,0.247898,19800.0,247.898,1,-3.0244801,2.38520695534152,5.325956955341519,2.4717046352564678
2023-06-16 12:30:00,Nit-A,winter,noon,Mid,0.051826,0.03455922772005571,2.91768,0.0007754174961485178,0.050922,0.03322829183201167,0.395305,0.25361072282891883,1.153907,0.03861534476120433,1.142487,0.03838405292835383,1.818553,0.16204245199209377,0.706933,0.14654147422728714,11.712016,0.3897325303148,11.82252,0.39260590415082147,18.621881,1.6590930659870315,0.441786,0.0,0.0,0.0,0.0,0.0,0.0,0.0,89.817879,63.47871534396741,190.102097,104.99463132697248,0.452763,0.187891629687328,0.5,0.0,0.8,0.0,123.97319,102.94684114111337,54.0,2.3312756164812445,53.61,2.496034989071005,17.92,0.7697348028163117,15.95,1.2927796924972692,97.58,0.05219514664539036,156.2,0.10408329997331153,156.8,5.362794669448621,-0.3,3.4522601292486637,914.0,601.5546525462171,3.753,0.034917760523836744,143.0,85.36757776423865,27.5,12.374174221606332,88.7,12.234113467404713,31.52,12.854234866377695,161.3,123.1001249498418,23.33,0.0,351.28,178.12765954692904,57.44,0.2976295236251519,-33.989956,0.00016578726328374046,18.955486,5.0499603961206986e-05,350.299988,4.81773067374725,13.0,1.6911534525287777,0.9,0.07228416147400475,0.26,0.21027997210068927,0.002,0.002375570107012911,0.002,0.002309401076758503,0.014,0.013774008863003638,0.095,1.5597655347305677,0.058,1.91025300942048,0.636,8.529101342780201,1.0,0.0,150.0,0.0,2.0,0.0,55537.0,0.0,55537.0,0.0,55537.0,0.0,0.0,0.0,,,0.0,0.0,0.0,0.0,0.0,0.0,0.0,0.0,2.456928,0.0034266104330663376,2.469338,0.003534048635771623,1.661485,0.000813935781660152,0.937305,0.01315616375189466,0.3622,0.011226531725930905,-0.020548,0.011282342818463428,0.507474,0.12518923178250332,0.8729,0.5037060917805475,89.817879,63.47871534396741,0.000266,1.104430471630816e-05,2.372455,0.0,-3e-06,0.0,1.0,0.0,2.383364,0.0,-1e-05,0.0,1.0,0.0,0.601327,0.0,0.601158,0.0,0.107461,0.0,0.0,0.0,-0.632546,0.0,0.0566571,146.911,0.0,8.62981,181.739,0.0,13.7455,-20.5834,0.0,1.41395,4.0882,0.0,0.309203,1.15109,0.430042,-0.125558,0.00967373,620.899,17.3769,15.8457,386.838,390.848,0.0,1.0,443.467,10.8263,10.9447,0.0,1.0,288.583,287.147,97790.8,1.1816,1011.3,0.0244128,0.264915,0.00799128,1058.99,1593.45,0.00676312,66.4591,534.456,280.968,2.96885,3.11707,0.411034,4.3239,1.12675e-13,0.0391841,4.32407,15.6024,165.239,46.1251,,,0.731664,5.35835,-228.906,-0.0232846,0.808359,0.168032,0.0,60.5644,-9.19088,20.7898,51.7695,78.9518,110.731,165.895,-0.60802,1.04034,144.631,1.0751,124.04,1.38125,-21.4244,1.35124,2.79025,1.38125,800000099.0,800000099.0,800000099.0,800100099.0,800000099.0,800000099.0,800000199.0,800000199.0,80000.0,80000.0,80.0,80.0,4.0,7.0,4.0,19.0,17.0,17.0,4.33531,5.54847,0.832903,0.112629,0.00426891,225.91,0.121035,-0.0214244,2.79025,13.9944,13.2402,16.7216,526.615,76.6749,0.414167,0.0273865,0.0661126,311.087,287.389,286.858,97806.0,66.4591,285.138,285.542,50.8611,10.7419,12.5784,19.8377,9.59936,10.0661,32.7058,0.0,11.66015,0.247898,30600.0,247.898,1,-20.708958000000003,2.4916331681572457,23.075033168157248,3.7662279717721923
2023-06-16 12:30:00,Nit-A,winter,noon,Old,0.02268,0.02781372422402293,2.917603,0.0010182008839125839,0.022505,0.027105070869488608,0.170648,0.1874253168150539,1.144256,0.03169172168984629,1.130353,0.03163217626394571,1.832777,0.160279242545908,0.674024,0.16062418143426188,11.591526,0.3192853291303247,11.733527,0.32014788618339135,18.793999,1.6437748665421532,0.441786,0.0,0.0,0.0,0.0,0.0,0.0,0.0,75.28746,32.86937429128277,181.314117,103.60650306426938,0.497974,0.1722764170168589,0.5,0.0,0.8,0.0,77.26609,97.40767468603936,54.04,2.719210547199314,53.74,2.7330551891000447,17.66,0.7449310930101755,16.07,1.281781052546287,97.57,0.05866003750425147,156.2,0.13203534880226078,156.6,0.2501332977967187,-0.3,0.1833030277982336,349.0,773.8376186255099,3.751,0.03542207409699978,101.0,101.66280866996871,27.29,11.632022796286693,88.87,10.518869822054713,34.52,15.589576517660767,160.46,103.9681626749266,23.33,0.0,351.01,174.37754480628138,57.4,0.2902539118312357,-33.989975,5.630372989121084e-05,18.955523,7.133774129472173e-05,349.399994,4.658458131335157,12.0,1.9347695814575265,0.91,0.09806970310277617,0.26,0.1978568506100644,-0.0,0.0019578900207451217,0.0,0.0018929694486000913,0.016,0.010046948614907326,-0.015,1.4734094950148786,0.009,1.306577216751208,0.9804999999999999,3.5455097534437416,1.0,0.0,150.0,0.0,2.0,0.0,55537.0,0.0,55537.0,0.0,55537.0,0.0,0.0,0.0,,,0.0,0.0,0.0,0.0,0.0,0.0,0.0,0.0,2.45728,0.0037479309082922366,2.469433,0.00404141295341106,1.661404,0.0010679907739926042,0.936915,0.0006117135168252093,0.366037,0.010885334946308884,-0.024082,0.016361958917256822,0.513454,0.12314224793305777,0.39982,0.6478385611741478,75.28746,32.86937429128277,0.000265,8.447287533088167e-06,2.372455,0.0,-3e-06,0.0,1.0,0.0,2.383364,0.0,-1e-05,0.0,1.0,0.0,0.601327,0.0,0.601158,0.0,0.107461,0.0,0.0,0.0,-0.632546,0.0,0.0566571,146.911,0.0,8.62981,181.739,0.0,13.7455,-20.5834,0.0,1.41395,4.0882,0.0,0.309203,1.15109,0.430042,-0.125558,0.00967373,620.899,17.3769,15.8457,386.838,390.848,0.0,1.0,443.467,10.8263,10.9447,0.0,1.0,288.583,287.147,97790.8,1.1816,1011.3,0.0244128,0.264915,0.00799128,1058.99,1593.45,0.00676312,66.4591,534.456,280.968,2.96885,3.11707,0.411034,4.3239,1.12675e-13,0.0391841,4.32407,15.6024,165.239,46.1251,,,0.731664,5.35835,-228.906,-0.0232846,0.808359,0.168032,0.0,60.5644,-9.19088,20.7898,51.7695,78.9518,110.731,165.895,-0.60802,1.04034,144.631,1.0751,124.04,1.38125,-21.4244,1.35124,2.79025,1.38125,800000099.0,800000099.0,800000099.0,800100099.0,800000099.0,800000099.0,800000199.0,800000199.0,80000.0,80000.0,80.0,80.0,4.0,7.0,4.0,19.0,17.0,17.0,4.33531,5.54847,0.832903,0.112629,0.00426891,225.91,0.121035,-0.0214244,2.79025,13.9944,13.2402,16.7216,526.615,76.6749,0.414167,0.0273865,0.0661126,311.087,287.389,286.858,97806.0,66.4591,285.138,285.542,50.8611,10.7419,12.5784,19.8377,9.59936,10.0661,32.7058,0.0,11.66015,0.247898,30600.0,247.898,1,-20.708958000000003,2.4916331681572457,23.075033168157248,3.7662279717721923
2023-06-16 12:30:00,Nit-A,winter,noon,Yng,0.069761,0.02771746505773331,2.917764,0.0006714060917209046,0.068132,0.026708293332658558,0.499146,0.18281765302533012,1.132059,0.033120838244122555,1.121509,0.03211217488134361,1.769577,0.13224185653173506,0.650518,0.10551804114207201,11.499875,0.3269513794249488,11.611043,0.3378783260742683,18.11977,1.3536618600002936,0.441786,0.0,0.0,0.0,0.0,0.0,0.0,0.0,104.709503,42.741345776210046,232.932693,90.39276001270503,0.544515,0.12895920653042445,0.5,0.0,0.8,0.0,83.125443,42.13790575222763,54.9,2.098429968651166,54.21,2.225120446178135,18.14,0.7347555148936721,15.52,1.0866489773611352,97.59,0.050309044912424675,156.2,0.08326663997865241,156.6,1.5275252316519483,-0.3,0.969106117340442,346.0,465.34485420313115,3.754,0.03442687903368514,119.0,71.27570881209577,25.96,13.039823848503477,89.91,14.669160473592209,38.47,12.635481167463839,153.0,102.48171848025709,23.33,0.0,11.05,174.64566236430454,57.47,0.3169647719647528,-33.989975,5.552633009251206e-05,18.955509,5.306992242909533e-05,351.700012,5.278975363151188,12.0,1.6950909513454826,0.89,0.09345230512584123,0.06,0.20234047214204745,0.001,0.002385372088375313,0.001,0.002203784623475413,0.015,0.006281719509815764,0.143,1.4770424864121772,0.316,1.9917673408307506,1.036,4.896534971453454,1.0,0.0,150.0,0.0,2.0,0.0,55537.0,0.0,55537.0,0.0,55537.0,0.0,0.0,0.0,,,0.0,0.0,0.0,0.0,0.0,0.0,0.0,0.0,2.457735,0.0030828890606054795,2.470752,0.003217491562796607,1.661573,0.0007041314791998061,0.937003,0.0038075185926444793,0.359118,0.010685352576151462,-0.026378,0.009153069102765475,0.501661,0.1276431832994226,0.397159,0.38973025732848016,104.709503,42.741345776210046,0.000265,6.048415770541361e-06,2.372455,0.0,-3e-06,0.0,1.0,0.0,2.383364,0.0,-1e-05,0.0,1.0,0.0,0.601327,0.0,0.601158,0.0,0.107461,0.0,0.0,0.0,-0.632546,0.0,0.0566571,146.911,0.0,8.62981,181.739,0.0,13.7455,-20.5834,0.0,1.41395,4.0882,0.0,0.309203,1.15109,0.430042,-0.125558,0.00967373,620.899,17.3769,15.8457,386.838,390.848,0.0,1.0,443.467,10.8263,10.9447,0.0,1.0,288.583,287.147,97790.8,1.1816,1011.3,0.0244128,0.264915,0.00799128,1058.99,1593.45,0.00676312,66.4591,534.456,280.968,2.96885,3.11707,0.411034,4.3239,1.12675e-13,0.0391841,4.32407,15.6024,165.239,46.1251,,,0.731664,5.35835,-228.906,-0.0232846,0.808359,0.168032,0.0,60.5644,-9.19088,20.7898,51.7695,78.9518,110.731,165.895,-0.60802,1.04034,144.631,1.0751,124.04,1.38125,-21.4244,1.35124,2.79025,1.38125,800000099.0,800000099.0,800000099.0,800100099.0,800000099.0,800000099.0,800000199.0,800000199.0,80000.0,80000.0,80.0,80.0,4.0,7.0,4.0,19.0,17.0,17.0,4.33531,5.54847,0.832903,0.112629,0.00426891,225.91,0.121035,-0.0214244,2.79025,13.9944,13.2402,16.7216,526.615,76.6749,0.414167,0.0273865,0.0661126,311.087,287.389,286.858,97806.0,66.4591,285.138,285.542,50.8611,10.7419,12.5784,19.8377,9.59936,10.0661,32.7058,0.0,11.66015,0.247898,30600.0,247.898,1,-20.708958000000003,2.4916331681572457,23.075033168157248,3.7662279717721923
2023-06-16 15:30:00,Nit-S,winter,afternoon,Mid,0.068152,0.03947173203179714,2.917465,0.0009887725926622532,0.066596,0.03788238012000654,0.317253,0.17967725631408296,1.241765,0.023809590369008864,1.235513,0.022130997057897422,1.704695,0.030182171351202214,0.467404,0.03484795243229267,12.681421,0.22687592894323705,12.748511,0.24424777669904535,17.502224,0.30957869381428726,0.441786,0.0,0.0,0.0,0.0,0.0,0.0,0.0,116.107468,69.64446965530311,417.284119,72.69286394688264,0.704759,0.13763470299373382,0.5,0.0,0.8,0.0,45.827415,10.29361595504954,65.31,1.779214433394695,64.98,1.8552275691497628,16.68,0.41985235500113344,14.94,0.2752320233306201,97.41,0.010214368964024934,156.2,0.12423096769056174,156.8,2.1979763420018874,-0.3,1.4118899862713572,162.0,57.75523064335099,3.663,0.019731531449264882,39.0,143.3087226933518,46.44,16.178058258023427,68.92,18.841761904521203,22.76,19.121882900662964,138.33,86.62642408257041,23.34,0.0,320.49,3.323133461057516,68.9,2.257017057977186,-33.989956,2.645738711998472e-05,18.955549,5.316226731986726e-05,345.200012,3.002814662622741,13.0,1.6832508230603473,0.77,0.10227903010881556,-0.0,0.046804558182581606,-0.001,0.002393045479439676,0.0,0.0028266588050205143,-0.007,0.014208349410908226,0.229,1.3840798423501444,0.531,1.9250535421125305,5.957,7.910700661333126,1.0,0.0,150.0,0.0,2.0,0.0,55537.0,0.0,55537.0,0.0,55537.0,0.0,0.0,0.0,,,0.0,0.0,0.0,0.0,0.0,0.0,0.0,0.0,2.472348,0.0024871068814990684,2.48508,0.0023726110602734778,1.661259,0.0010361618004282465,0.937299,0.0054985916539298145,0.380753,0.006452844353461485,-0.018216,0.004326652319442056,0.400541,0.0909736311624051,0.242909,0.04827981309253382,116.107468,69.64446965530311,0.000267,5.644171034498034e-06,2.372455,0.0,-3e-06,0.0,1.0,0.0,2.383364,0.0,-1e-05,0.0,1.0,0.0,0.601327,0.0,0.601158,0.0,0.107461,0.0,0.0,0.0,-0.608922,0.0,0.0592815,-5.65785,0.0,0.811845,58.0764,0.0,10.6146,-4.01393,0.0,0.378525,1.30685,0.0,0.238854,-1.23051,-1.26848,-0.0602655,-0.0285438,-384.077,-11.6812,15.7499,385.996,390.633,0.0,1.0,479.013,11.7396,11.879,0.0,1.0,289.203,287.492,97528.5,1.1766,1011.82,0.0245079,0.0846842,0.00863182,1145.25,1629.49,0.00733622,70.2827,484.24,282.122,0.953261,3.66976,0.0671346,3.79213,-4.02866e-14,-0.024386,3.79221,14.2229,136.141,75.3181,,,0.719392,3.39173,5639.77,0.000945074,-0.0974208,-0.00660621,0.0,64.6047,-9.80401,22.1767,55.2231,84.2188,118.118,176.962,-0.589885,1.03227,-1.95701,1.06631,55.463,1.04117,-4.10788,1.03657,1.24805,1.04117,800000099.0,800000099.0,800000099.0,800000099.0,800000099.0,800000099.0,800010199.0,800010199.0,80000.0,80000.0,80.0,81.0,3.0,2.0,0.0,102.0,19.0,25.0,4.0052,2.08776,0.690503,0.00568843,0.000299248,83.0094,-0.00164385,-0.00410788,1.24805,14.4982,12.9703,15.4511,105.511,6.91045,0.424473,0.0251546,0.0622455,90.878,287.896,287.803,97543.5,70.2827,286.815,286.892,13.4138,10.3783,12.0666,17.4138,15.3561,12.9395,20.657,0.0,11.222449999999998,0.247898,41400.0,247.898,1,-4.0741955,2.5695508901035664,6.583480890103567,3.361429524472816
2023-06-16 15:30:00,Nit-S,winter,afternoon,Old,0.021156,0.036227407719064485,2.917212,0.0008502595838919048,0.021004,0.03521551804839262,0.108208,0.1714633321928044,1.240661,0.02044505092175931,1.238885,0.0212773122752068,1.710137,0.030340379007301025,0.477229,0.02891371048626123,12.718987,0.21835468816717304,12.735044,0.2098744110797611,17.554087,0.31206299037148055,0.441786,0.0,0.0,0.0,0.0,0.0,0.0,0.0,119.430183,47.71740071084526,395.615112,80.24824666427722,0.63675,0.09687735852428749,0.5,0.0,0.8,0.0,34.667,10.34520946114592,65.23,1.4145238303636503,65.15,1.4621139946438273,16.68,0.4055522983126438,14.99,0.2755467292493243,97.41,0.009780933834078217,156.1,0.10754843869934748,156.8,0.1423610433604124,-0.4,0.116619037896906,141.0,45.40693779589194,3.66,0.021986207797920678,310.0,131.08816371689193,46.64,17.20429943357183,68.66,20.883043623954816,22.53,17.817110708529597,123.0,128.49988404664032,23.34,0.0,320.09,3.3128020868543757,69.17,2.268521765379391,-33.989941,2.7999583331417828e-05,18.955545,4.8650111338798814e-05,345.600006,2.6823666177616383,13.0,1.6950909513454824,0.79,0.10243371840691254,0.04,0.04310839052125853,-0.0,0.0025152865973217973,-0.0,0.002587147721590967,-0.010499999999999999,0.013986921996211484,0.306,1.22011360536632,1.234,2.231096252966241,4.862,7.5512462590859455,1.0,0.0,150.0,0.0,2.0,0.0,55537.0,0.0,55537.0,0.0,55537.0,0.0,0.0,0.0,,,0.0,0.0,0.0,0.0,0.0,0.0,0.0,0.0,2.472573,0.0019651962989316947,2.484945,0.0018825694320970595,1.660994,0.0008917148497884929,0.937388,0.00035969620515096176,0.380775,0.006246337438318021,-0.017714,0.0031597518362470574,0.408866,0.09009668314174131,0.225778,0.03801478049829214,119.430183,47.71740071084526,0.000265,4.490731195102489e-06,2.372455,0.0,-3e-06,0.0,1.0,0.0,2.383364,0.0,-1e-05,0.0,1.0,0.0,0.601327,0.0,0.601158,0.0,0.107461,0.0,0.0,0.0,-0.608922,0.0,0.0592815,-5.65785,0.0,0.811845,58.0764,0.0,10.6146,-4.01393,0.0,0.378525,1.30685,0.0,0.238854,-1.23051,-1.26848,-0.0602655,-0.0285438,-384.077,-11.6812,15.7499,385.996,390.633,0.0,1.0,479.013,11.7396,11.879,0.0,1.0,289.203,287.492,97528.5,1.1766,1011.82,0.0245079,0.0846842,0.00863182,1145.25,1629.49,0.00733622,70.2827,484.24,282.122,0.953261,3.66976,0.0671346,3.79213,-4.02866e-14,-0.024386,3.79221,14.2229,136.141,75.3181,,,0.719392,3.39173,5639.77,0.000945074,-0.0974208,-0.00660621,0.0,64.6047,-9.80401,22.1767,55.2231,84.2188,118.118,176.962,-0.589885,1.03227,-1.95701,1.06631,55.463,1.04117,-4.10788,1.03657,1.24805,1.04117,800000099.0,800000099.0,800000099.0,800000099.0,800000099.0,800000099.0,800010199.0,800010199.0,80000.0,80000.0,80.0,81.0,3.0,2.0,0.0,102.0,19.0,25.0,4.0052,2.08776,0.690503,0.00568843,0.000299248,83.0094,-0.00164385,-0.00410788,1.24805,14.4982,12.9703,15.4511,105.511,6.91045,0.424473,0.0251546,0.0622455,90.878,287.896,287.803,97543.5,70.2827,286.815,286.892,13.4138,10.3783,12.0666,17.4138,15.3561,12.9395,20.657,0.0,11.222449999999998,0.247898,41400.0,247.898,1,-4.0741955,2.5695508901035664,6.583480890103567,3.361429524472816
2023-06-16 15:30:00,Nit-S,winter,afternoon,Yng,0.05904,0.03455975576799311,2.917412,0.0011747924454984537,0.057868,0.03286718747738135,0.283797,0.1622468796775149,1.230476,0.022977286364291794,1.226933,0.02231506149166227,1.700617,0.030381488361226366,0.470428,0.025928779832906396,12.597077,0.22878475540678653,12.63287,0.23570203347127316,17.460539,0.3116261905550884,0.441786,0.0,0.0,0.0,0.0,0.0,0.0,0.0,138.017181,36.49830938864951,376.891144,29.116215137377498,0.626185,0.10553300827889502,0.5,0.0,0.8,0.0,46.812614,4.539685779444272,64.69,1.6714218498033309,64.41,1.7645937209454117,16.68,0.43096906308148647,14.9,0.2788799024669937,97.4,0.0126885775404466,156.2,0.14433756729740455,156.8,1.5831719215970563,-0.4,0.9861203442447243,183.0,37.871625262193334,3.664,0.019413740838213914,32.0,109.28288978609596,46.47,14.227012077968679,68.87,18.43329507530689,23.91,11.8361321525798,140.29,44.341650067026904,23.34,0.0,320.7,3.3345808332282725,68.77,2.2445914253303845,-33.989937,2.832943110438314e-05,18.955532,7.07942323475992e-05,344.600006,2.9494181010391123,13.0,1.6502525059315438,0.77,0.10968591523071675,0.04,0.08462072244235842,0.0,0.0019790570145063195,0.001,0.0022561028345356956,-0.0045000000000000005,0.019571554655519498,0.406,1.0491876095341577,1.404,1.9676504711626672,6.17,5.011102369490803,1.0,0.0,150.0,0.0,2.0,0.0,55537.0,0.0,55537.0,0.0,55537.0,0.0,0.0,0.0,,,0.0,0.0,0.0,0.0,0.0,0.0,0.0,0.0,2.471601,0.002369427075616927,2.484294,0.0023023133496548665,1.661204,0.0012321886313926655,0.937347,0.003941952142023044,0.38079,0.006647038963077231,-0.018822,0.004109719431623851,0.392756,0.09200427868958044,0.260501,0.031753063390272576,138.017181,36.49830938864951,0.000261,5.868560300448486e-06,2.372455,0.0,-3e-06,0.0,1.0,0.0,2.383364,0.0,-1e-05,0.0,1.0,0.0,0.601327,0.0,0.601158,0.0,0.107461,0.0,0.0,0.0,-0.608922,0.0,0.0592815,-5.65785,0.0,0.811845,58.0764,0.0,10.6146,-4.01393,0.0,0.378525,1.30685,0.0,0.238854,-1.23051,-1.26848,-0.0602655,-0.0285438,-384.077,-11.6812,15.7499,385.996,390.633,0.0,1.0,479.013,11.7396,11.879,0.0,1.0,289.203,287.492,97528.5,1.1766,1011.82,0.0245079,0.0846842,0.00863182,1145.25,1629.49,0.00733622,70.2827,484.24,282.122,0.953261,3.66976,0.0671346,3.79213,-4.02866e-14,-0.024386,3.79221,14.2229,136.141,75.3181,,,0.719392,3.39173,5639.77,0.000945074,-0.0974208,-0.00660621,0.0,64.6047,-9.80401,22.1767,55.2231,84.2188,118.118,176.962,-0.589885,1.03227,-1.95701,1.06631,55.463,1.04117,-4.10788,1.03657,1.24805,1.04117,800000099.0,800000099.0,800000099.0,800000099.0,800000099.0,800000099.0,800010199.0,800010199.0,80000.0,80000.0,80.0,81.0,3.0,2.0,0.0,102.0,19.0,25.0,4.0052,2.08776,0.690503,0.00568843,0.000299248,83.0094,-0.00164385,-0.00410788,1.24805,14.4982,12.9703,15.4511,105.511,6.91045,0.424473,0.0251546,0.0622455,90.878,287.896,287.803,97543.5,70.2827,286.815,286.892,13.4138,10.3783,12.0666,17.4138,15.3561,12.9395,20.657,0.0,11.222449999999998,0.247898,41400.0,247.898,1,-4.0741955,2.5695508901035664,6.583480890103567,3.361429524472816
2023-06-16 09:30:00,Nit-S,winter,morning,Mid,0.0594945,0.06387953535775748,2.917322,0.0008811354619460707,0.058298,0.05903399416463268,0.26051,0.21018942792747247,1.0348315000000001,0.04416884051184635,1.0302164999999999,0.041827450399586734,1.4543059999999999,0.035962616109321666,0.42158399999999996,0.04531608235698512,10.541986000000001,0.4266502081170769,10.588757000000001,0.45056934220351186,14.881427,0.36783528403112375,0.441786,0.0,0.0,0.0,0.0,0.0,0.0,0.0,107.48666399999999,33.72084404574692,440.455551,70.51999803540251,0.7399560000000001,0.07765637598084374,0.5,0.0,0.8,0.0,34.1138475,8.974835200661628,64.38999999999999,1.4241285296508588,63.83,1.5184008905318183,14.015,0.9368082275324086,12.5,0.37844646138909943,97.73,0.015070714541179319,156.2,0.11351236704105964,157.14999999999998,1.3535861266645879,-0.6,0.8556505893380094,127.5,36.49633897558341,3.834,0.05180183283492439,236.0,142.10300618852543,67.18,9.852789726889474,39.595,10.91029337769162,32.585,19.41520874404168,136.845,71.99460707453088,23.33,0.0,38.81,5.795864399546542,68.49000000000001,4.244781366640075,-33.98995,2.901575077764733e-05,18.955473,7.28226392114016e-05,346.550003,2.299436149989127,14.5,2.567703925353517,0.88,0.10226683600819202,0.02,0.15983504427787526,0.001,0.0030026807945605855,0.001,0.003024991688028858,0.001,0.020959505380634957,0.396,1.0241776746226225,0.9595,2.0227872567837917,1.443,5.558243937701517,1.0,0.0,150.0,0.0,2.0,0.0,55537.0,0.0,55537.0,0.0,55537.0,0.0,0.0,0.0,,,0.0,0.0,0.0,0.0,0.0,0.0,0.0,0.0,2.4714205,0.0021540937225473637,2.4841735,0.0021199514223994714,1.661109,0.0009232658152001932,0.938261,0.0033713998942763272,0.42396900000000004,0.01524811133750407,-0.015965,0.009166127396781203,0.574789,0.15149866427422623,0.21449000000000001,0.03046753730793391,107.48666399999999,33.72084404574692,0.0002585,6.1696327132246685e-06,2.372455,0.0,-3e-06,0.0,1.0,0.0,2.383364,0.0,-1e-05,0.0,1.0,0.0,0.601327,0.0,0.601158,0.0,0.107461,0.0,0.0,0.0,-0.411933,1.0,0.0594798,-34.5487,0.0,3.17325,64.0542,0.0,5.84992,-2.94075,0.0,0.23507,1.43779,0.0,0.13131,0.851737,-0.64752,-0.0837301,-0.0145346,547.236,14.8215,16.0628,388.748,392.377,0.0,1.0,435.049,10.5289,10.641,0.0,1.0,286.45,284.905,97873.3,1.19203,1011.09,0.0242017,0.0931691,0.00783957,1030.78,1375.93,0.00657664,74.915,345.152,280.572,0.674018,2.61833,0.103731,2.70521,-1.55235e-14,0.0340685,2.70543,13.6313,136.375,75.282,,,0.587855,4.12343,505.095,0.0105525,-0.539367,-0.0487624,0.0,61.7588,-9.37214,21.1998,52.7905,80.5089,112.915,169.167,-0.400844,1.02766,-29.6718,1.05093,55.2701,1.18201,-1.83426,1.02694,1.24062,1.18201,800000099.0,800000099.0,800000099.0,800000099.0,800000099.0,800000099.0,800010199.0,811010199.0,80000.0,80000.0,80.0,81.0,14.0,1.0,4.0,5.0,60.0,0.0,4.11863,3.60985,0.518357,0.0146487,0.000147863,33.0459,-0.0246187,-0.00183426,1.24062,11.8567,12.2898,11.221,106.159,8.73063,0.442254,0.0228366,0.0590214,5.53704,284.594,284.694,97862.8,74.915,284.325,284.287,-11.0429,10.995,12.9398,-10.5752,-12.8778,-7.71591,-13.4246,0.0,11.9674,0.247898,19800.0,247.898,1,-3.0244801,2.38520695534152,5.325956955341519,2.4717046352564678
2023-06-16 09:30:00,Nit-S,winter,morning,Old,0.08817549999999999,0.0960028311646123,2.9168295,0.0009213680032259308,0.0855625,0.08391328872145341,0.368998,0.3212312913255723,1.045916,0.05219413190963135,1.0391460000000001,0.04704815934033079,1.4509005,0.04622901975849776,0.4015255,0.042208958911337184,10.6329885,0.48014362614517736,10.701853499999999,0.5328382640786296,14.844771,0.4724187845386728,0.441786,0.0,0.0,0.0,0.0,0.0,0.0,0.0,106.2085,36.654673909137124,401.7260745,62.91065799222073,0.714343,0.10384255767793248,0.5,0.0,0.8,0.0,28.9517765,7.610332134412272,64.43,1.3078745312428426,63.765,1.515822167045084,13.985,0.9590031831350496,12.46,0.48211021888972116,97.73,0.014725559590833446,156.1,0.11641577031891932,157.1,0.18317377426625947,-0.7,0.13945382182304158,107.0,37.98697837833104,3.875,0.0494441737294647,320.0,149.3071366433352,65.84,7.88726862201291,40.925,12.769846174319778,39.85,15.860976367039623,144.115,67.95186300067981,23.33,0.0,42.099999999999994,5.325742942983338,70.69,4.050333839392294,-33.98995,2.9947805471693873e-05,18.955508000000002,6.570386113784882e-05,346.299988,2.559582802162101,14.0,2.174009151193638,0.84,0.06977218568123576,-0.04,0.0870571500132014,-0.002,0.0027241609041279017,0.0,0.002074912807299318,-0.01,0.017569609456973945,0.010000000000000002,1.2311393044014578,0.14,2.133376718034729,0.288,5.951419180725374,1.0,0.0,150.0,0.0,2.0,0.0,55537.0,0.0,55537.0,0.0,55537.0,0.0,0.0,0.0,,,0.0,0.0,0.0,0.0,0.0,0.0,0.0,0.0,2.471295,0.002135455748226086,2.4845535,0.001979872411492375,1.6605935,0.0009658993137022648,0.938179,0.00046061279548926295,0.42440100000000003,0.015725125520710658,-0.018273,0.008088857086010034,0.5006555,0.14661322613935443,0.197104,0.031859895169938555,106.2085,36.654673909137124,0.000259,4.510514033023856e-06,2.372455,0.0,-3e-06,0.0,1.0,0.0,2.383364,0.0,-1e-05,0.0,1.0,0.0,0.601327,0.0,0.601158,0.0,0.107461,0.0,0.0,0.0,-0.411933,1.0,0.0594798,-34.5487,0.0,3.17325,64.0542,0.0,5.84992,-2.94075,0.0,0.23507,1.43779,0.0,0.13131,0.851737,-0.64752,-0.0837301,-0.0145346,547.236,14.8215,16.0628,388.748,392.377,0.0,1.0,435.049,10.5289,10.641,0.0,1.0,286.45,284.905,97873.3,1.19203,1011.09,0.0242017,0.0931691,0.00783957,1030.78,1375.93,0.00657664,74.915,345.152,280.572,0.674018,2.61833,0.103731,2.70521,-1.55235e-14,0.0340685,2.70543,13.6313,136.375,75.282,,,0.587855,4.12343,505.095,0.0105525,-0.539367,-0.0487624,0.0,61.7588,-9.37214,21.1998,52.7905,80.5089,112.915,169.167,-0.400844,1.02766,-29.6718,1.05093,55.2701,1.18201,-1.83426,1.02694,1.24062,1.18201,800000099.0,800000099.0,800000099.0,800000099.0,800000099.0,800000099.0,800010199.0,811010199.0,80000.0,80000.0,80.0,81.0,14.0,1.0,4.0,5.0,60.0,0.0,4.11863,3.60985,0.518357,0.0146487,0.000147863,33.0459,-0.0246187,-0.00183426,1.24062,11.8567,12.2898,11.221,106.159,8.73063,0.442254,0.0228366,0.0590214,5.53704,284.594,284.694,97862.8,74.915,284.325,284.287,-11.0429,10.995,12.9398,-10.5752,-12.8778,-7.71591,-13.4246,0.0,11.9674,0.247898,19800.0,247.898,1,-3.0244801,2.38520695534152,5.325956955341519,2.4717046352564678
2023-06-16 09:30:00,Nit-S,winter,morning,Yng,0.060643,0.06091634766035031,2.916963,0.001120898178545403,0.059408,0.05706875457454806,0.249623,0.23190686280758638,1.016319,0.058828095328026325,1.007582,0.057710222770667015,1.445123,0.07248861763863347,0.431705,0.03764398191486478,10.311041,0.5889427886727059,10.400738,0.6003846531474158,14.788822,0.7401675112298144,0.441786,0.0,0.0,0.0,0.0,0.0,0.0,0.0,117.394211,24.24118978043041,385.199554,42.761679432208865,0.686763,0.051735509201450126,0.5,0.0,0.8,0.0,44.001339,10.398657495356595,63.25,1.6639003375603163,62.69,1.6678156372932844,13.98,1.1852549655383566,12.4,0.7354062369420963,97.72,0.015143755588803993,156.1,0.14798648586949437,157.2,0.22818121453500262,-0.7,0.16901676445449626,162.0,38.805841484669976,3.867,0.0514983818516012,73.0,146.74221160479578,67.6,9.633118186755523,38.11,15.164991482578113,25.06,15.050188060840526,143.87,73.41547507621719,23.33,0.0,41.24,5.6873318876253425,70.06,4.281560190709297,-33.989937,3.588699857230425e-05,18.955505,6.932683463069792e-05,346.299988,5.858825303198237,15.0,4.104063027456247,0.87,0.20696376494449448,0.02,0.20631690833925045,-0.0,0.003091924966748061,-0.0,0.0024583192089989723,0.006,0.014672249036016657,0.705,0.8967575852295127,1.098,1.4274246775224255,3.635,4.43219163561383,1.0,0.0,150.0,0.0,2.0,0.0,55537.0,0.0,55537.0,0.0,55537.0,0.0,0.0,0.0,,,0.0,0.0,0.0,0.0,0.0,0.0,0.0,0.0,2.469876,0.002391945064168332,2.48274,0.002583652123125948,1.660734,0.0011748810578096963,0.938305,0.0005896777368472983,0.424576,0.01915708956452759,-0.01729,0.006619938896495446,0.523158,0.15532874712431696,0.243147,0.03249592690307511,117.394211,24.24118978043041,0.000262,6.515878042648341e-06,2.372455,0.0,-3e-06,0.0,1.0,0.0,2.383364,0.0,-1e-05,0.0,1.0,0.0,0.601327,0.0,0.601158,0.0,0.107461,0.0,0.0,0.0,-0.411933,1.0,0.0594798,-34.5487,0.0,3.17325,64.0542,0.0,5.84992,-2.94075,0.0,0.23507,1.43779,0.0,0.13131,0.851737,-0.64752,-0.0837301,-0.0145346,547.236,14.8215,16.0628,388.748,392.377,0.0,1.0,435.049,10.5289,10.641,0.0,1.0,286.45,284.905,97873.3,1.19203,1011.09,0.0242017,0.0931691,0.00783957,1030.78,1375.93,0.00657664,74.915,345.152,280.572,0.674018,2.61833,0.103731,2.70521,-1.55235e-14,0.0340685,2.70543,13.6313,136.375,75.282,,,0.587855,4.12343,505.095,0.0105525,-0.539367,-0.0487624,0.0,61.7588,-9.37214,21.1998,52.7905,80.5089,112.915,169.167,-0.400844,1.02766,-29.6718,1.05093,55.2701,1.18201,-1.83426,1.02694,1.24062,1.18201,800000099.0,800000099.0,800000099.0,800000099.0,800000099.0,800000099.0,800010199.0,811010199.0,80000.0,80000.0,80.0,81.0,14.0,1.0,4.0,5.0,60.0,0.0,4.11863,3.60985,0.518357,0.0146487,0.000147863,33.0459,-0.0246187,-0.00183426,1.24062,11.8567,12.2898,11.221,106.159,8.73063,0.442254,0.0228366,0.0590214,5.53704,284.594,284.694,97862.8,74.915,284.325,284.287,-11.0429,10.995,12.9398,-10.5752,-12.8778,-7.71591,-13.4246,0.0,11.9674,0.247898,19800.0,247.898,1,-3.0244801,2.38520695534152,5.325956955341519,2.4717046352564678
2023-06-16 12:30:00,Nit-S,winter,noon,Mid,0.088768,0.03663969963908145,2.9171605,0.0009631915301143637,0.086146,0.0347363778758932,0.695777,0.30346786473312826,1.2192285,0.04043853715390022,1.203461,0.03575895584016611,2.0124095,0.16802913961712448,0.766291,0.15637842990692574,12.321576499999999,0.36326245595616546,12.483015,0.41100377842641506,20.615381499999998,1.725476019811544,0.441786,0.0,0.0,0.0,0.0,0.0,0.0,0.0,120.8022235,28.964355042406364,284.2996675,109.89148215143531,0.5783015,0.1755032827445566,0.5,0.0,0.8,0.0,112.749191,70.64940125449536,61.29,2.812914016310826,60.2,2.7139783868355587,17.58,0.6615092393037372,17.54,1.3184735991209484,97.68,0.06285111898681903,156.14999999999998,0.12343760409722447,156.8,0.5042973224930763,-0.4,0.3232645975048923,524.5,544.3640882041318,3.782,0.033791310000930164,98.5,149.372512091151,33.33,16.900720445559337,83.55,18.685340412092835,23.65,14.485024744269692,141.435,100.5654705037051,23.33,0.0,12.239999999999998,152.7145250553946,57.715,7.204298625418754,-33.9899485,7.3790329759166235,18.9555225,7.551744308867517e-05,355.049988,4.499764312786911,11.0,1.6733200530681525,0.89,0.05637048499833374,0.035,0.13630461242533598,0.0,0.0029361629095775573,-0.0005,0.0029127668163304436,0.008,0.014938326371158245,-0.4205,11.009046509097583,-0.5695,2.3563458435065354,-1.821,11.093389780564344,1.0,0.0,150.0,0.0,2.0,0.0,55537.0,0.0,55537.0,0.0,55537.0,0.0,0.0,0.0,,,0.0,0.0,0.0,0.0,0.0,0.0,0.0,0.0,2.465974,0.0036952033898158612,2.4796234999999998,0.003948008563953698,1.66094,0.0010103013034159876,0.9374365,0.0012537436687146627,0.367225,0.009810608238561247,-0.0036365,0.009872193351983508,0.3381685,0.14123384039278522,0.5466655,0.45583540234528963,120.8022235,28.964355042406364,0.000264,6.440006538081011e-06,2.372455,0.0,-3e-06,0.0,1.0,0.0,2.383364,0.0,-1e-05,0.0,1.0,0.0,0.601327,0.0,0.601158,0.0,0.107461,0.0,0.0,0.0,-0.632546,0.0,0.0566571,146.911,0.0,8.62981,181.739,0.0,13.7455,-20.5834,0.0,1.41395,4.0882,0.0,0.309203,1.15109,0.430042,-0.125558,0.00967373,620.899,17.3769,15.8457,386.838,390.848,0.0,1.0,443.467,10.8263,10.9447,0.0,1.0,288.583,287.147,97790.8,1.1816,1011.3,0.0244128,0.264915,0.00799128,1058.99,1593.45,0.00676312,66.4591,534.456,280.968,2.96885,3.11707,0.411034,4.3239,1.12675e-13,0.0391841,4.32407,15.6024,165.239,46.1251,,,0.731664,5.35835,-228.906,-0.0232846,0.808359,0.168032,0.0,60.5644,-9.19088,20.7898,51.7695,78.9518,110.731,165.895,-0.60802,1.04034,144.631,1.0751,124.04,1.38125,-21.4244,1.35124,2.79025,1.38125,800000099.0,800000099.0,800000099.0,800100099.0,800000099.0,800000099.0,800000199.0,800000199.0,80000.0,80000.0,80.0,80.0,4.0,7.0,4.0,19.0,17.0,17.0,4.33531,5.54847,0.832903,0.112629,0.00426891,225.91,0.121035,-0.0214244,2.79025,13.9944,13.2402,16.7216,526.615,76.6749,0.414167,0.0273865,0.0661126,311.087,287.389,286.858,97806.0,66.4591,285.138,285.542,50.8611,10.7419,12.5784,19.8377,9.59936,10.0661,32.7058,0.0,11.66015,0.247898,30600.0,247.898,1,-20.708958000000003,2.4916331681572457,23.075033168157248,3.7662279717721923
2023-06-16 12:30:00,Nit-S,winter,noon,Old,0.08605,0.05861616982326634,2.917678,0.0008026723117188203,0.083583,0.054863426517034096,0.670326,0.4222669038439117,1.222169,0.026322842765805758,1.209903,0.02931156433719185,1.978851,0.08534391566007113,0.744312,0.07513653009355702,12.387063,0.29683646724951657,12.52774,0.26764469967836674,20.259653,0.8723783384306417,0.441786,0.0,0.0,0.0,0.0,0.0,0.0,0.0,111.460808,45.43992291966183,317.465179,73.08618529409351,0.635695,0.15983374741047854,0.5,0.0,0.8,0.0,87.540161,77.89119932692549,60.82,2.120784053127525,59.97,2.244058674218063,17.93,0.5915445883447827,17.28,0.6816286867985142,97.66,0.06822267462752071,156.2,0.10408329997332114,156.7,0.4999999999999865,-0.4,0.3378855822118882,380.0,467.8128115674758,3.788,0.04352011029397789,36.0,166.34201714139056,37.45,12.312512240264644,79.38,11.263530130469752,44.41,18.17130177872057,158.86,125.95293976720033,23.33,0.0,12.11,172.5649520200051,57.65,0.29091636828018835,-33.989971,3.923935099501503e-05,18.955479,7.637794184225605e-05,354.0,5.494920810780689,11.0,1.9425069712444625,0.89,0.0744356545391164,0.03,0.12264175471673584,-0.001,0.003282275633357645,-0.0,0.00287981480886069,-0.002,0.011740446977781349,0.264,1.7815027364559395,0.426,2.014282442128379,1.313,6.927368697179808,1.0,0.0,150.0,0.0,2.0,0.0,55537.0,0.0,55537.0,0.0,55537.0,0.0,0.0,0.0,,,0.0,0.0,0.0,0.0,0.0,0.0,0.0,0.0,2.46548,0.0030492497120874914,2.47893,0.003038906863220893,1.661484,0.0008421608654724768,0.937181,0.0012452560472984598,0.362099,0.008707709803769668,-0.007884,0.00862689432395382,0.367371,0.14847639885244387,0.426022,0.3917199572091224,111.460808,45.43992291966183,0.000264,5.1094683350292506e-06,2.372455,0.0,-3e-06,0.0,1.0,0.0,2.383364,0.0,-1e-05,0.0,1.0,0.0,0.601327,0.0,0.601158,0.0,0.107461,0.0,0.0,0.0,-0.632546,0.0,0.0566571,146.911,0.0,8.62981,181.739,0.0,13.7455,-20.5834,0.0,1.41395,4.0882,0.0,0.309203,1.15109,0.430042,-0.125558,0.00967373,620.899,17.3769,15.8457,386.838,390.848,0.0,1.0,443.467,10.8263,10.9447,0.0,1.0,288.583,287.147,97790.8,1.1816,1011.3,0.0244128,0.264915,0.00799128,1058.99,1593.45,0.00676312,66.4591,534.456,280.968,2.96885,3.11707,0.411034,4.3239,1.12675e-13,0.0391841,4.32407,15.6024,165.239,46.1251,,,0.731664,5.35835,-228.906,-0.0232846,0.808359,0.168032,0.0,60.5644,-9.19088,20.7898,51.7695,78.9518,110.731,165.895,-0.60802,1.04034,144.631,1.0751,124.04,1.38125,-21.4244,1.35124,2.79025,1.38125,800000099.0,800000099.0,800000099.0,800100099.0,800000099.0,800000099.0,800000199.0,800000199.0,80000.0,80000.0,80.0,80.0,4.0,7.0,4.0,19.0,17.0,17.0,4.33531,5.54847,0.832903,0.112629,0.00426891,225.91,0.121035,-0.0214244,2.79025,13.9944,13.2402,16.7216,526.615,76.6749,0.414167,0.0273865,0.0661126,311.087,287.389,286.858,97806.0,66.4591,285.138,285.542,50.8611,10.7419,12.5784,19.8377,9.59936,10.0661,32.7058,0.0,11.66015,0.247898,30600.0,247.898,1,-20.708958000000003,2.4916331681572457,23.075033168157248,3.7662279717721923
2023-06-16 12:30:00,Nit-S,winter,noon,Yng,0.093672,0.04665453023229955,2.9176975,0.0008445980265410208,0.09075849999999999,0.044137605235322806,0.7669695000000001,0.47064196772110317,1.1711175,0.03885281884388945,1.154192,0.03897038587487657,2.051011,0.16904175925271175,0.8474045,0.17312387201469617,11.825058,0.3937619295598545,11.995161,0.39415657399894394,20.9972945,1.7413482771523447,0.441786,0.0,0.0,0.0,0.0,0.0,0.0,0.0,141.772804,53.15189912002823,205.014824,108.1719905555424,0.2243405,0.21038031678000485,0.5,0.0,0.8,0.0,86.837265,95.36686573962682,59.53,2.5100654614351576,58.15,2.683887663168062,17.560000000000002,0.5334528601694686,17.845,1.3135577729923054,97.625,0.07413563214825893,156.2,0.11249521062602598,156.7,0.5366563145999484,-0.3,0.35630608048208456,1584.0,653.176191223784,3.7495000000000003,0.04205694005626803,35.0,102.87666983044454,36.235,9.194152620758102,80.66,9.781554280273202,34.57,15.458066301873059,150.09,57.8934352024496,23.33,0.0,183.70499999999998,175.64743367547848,57.614999999999995,0.35396424912011787,-33.989964,2.8162010769219076e-05,18.9554585,8.137225373644164e-05,350.100006,4.9250246013796986,11.5,2.14957894834603,0.89,0.0651223428650251,0.03,0.11744208648589705,-0.0005,0.002077797242107695,0.0,0.0022078751422302304,0.011,0.008232059184613064,-0.649,4.578292986612408,-0.9744999999999999,2.377328418455347,-1.505,10.991578798974746,1.0,0.0,150.0,0.0,2.0,0.0,55537.0,0.0,55537.0,0.0,55537.0,0.0,0.0,0.0,,,0.0,0.0,0.0,0.0,0.0,0.0,0.0,0.0,2.463236,0.003621757781938475,2.4772135,0.003513286074351374,1.6615030000000002,0.0008864868469893476,0.9371015,0.0013429479393543145,0.3675525,0.007978240638092465,0.003184,0.011388686730623326,0.45783,0.15057780316241678,1.4334455,0.5468973471553586,141.772804,53.15189912002823,0.00026,9.080799498955471e-06,2.372455,0.0,-3e-06,0.0,1.0,0.0,2.383364,0.0,-1e-05,0.0,1.0,0.0,0.601327,0.0,0.601158,0.0,0.107461,0.0,0.0,0.0,-0.632546,0.0,0.0566571,146.911,0.0,8.62981,181.739,0.0,13.7455,-20.5834,0.0,1.41395,4.0882,0.0,0.309203,1.15109,0.430042,-0.125558,0.00967373,620.899,17.3769,15.8457,386.838,390.848,0.0,1.0,443.467,10.8263,10.9447,0.0,1.0,288.583,287.147,97790.8,1.1816,1011.3,0.0244128,0.264915,0.00799128,1058.99,1593.45,0.00676312,66.4591,534.456,280.968,2.96885,3.11707,0.411034,4.3239,1.12675e-13,0.0391841,4.32407,15.6024,165.239,46.1251,,,0.731664,5.35835,-228.906,-0.0232846,0.808359,0.168032,0.0,60.5644,-9.19088,20.7898,51.7695,78.9518,110.731,165.895,-0.60802,1.04034,144.631,1.0751,124.04,1.38125,-21.4244,1.35124,2.79025,1.38125,800000099.0,800000099.0,800000099.0,800100099.0,800000099.0,800000099.0,800000199.0,800000199.0,80000.0,80000.0,80.0,80.0,4.0,7.0,4.0,19.0,17.0,17.0,4.33531,5.54847,0.832903,0.112629,0.00426891,225.91,0.121035,-0.0214244,2.79025,13.9944,13.2402,16.7216,526.615,76.6749,0.414167,0.0273865,0.0661126,311.087,287.389,286.858,97806.0,66.4591,285.138,285.542,50.8611,10.7419,12.5784,19.8377,9.59936,10.0661,32.7058,0.0,11.66015,0.247898,30600.0,247.898,1,-20.708958000000003,2.4916331681572457,23.075033168157248,3.7662279717721923
2023-06-16 15:30:00,Rep-S,winter,afternoon,Mid,0.083003,0.04486233994647776,2.917663,0.0007195301198235734,0.080707,0.04178080473036232,0.403463,0.23245990293261332,1.226932,0.016370232844811195,1.214728,0.020147823265967604,1.728201,0.04007854537434383,0.492282,0.04262303327134281,12.473426,0.2059473866530158,12.597726,0.16720251908985553,17.740335,0.41215047814171446,0.441786,0.0,0.0,0.0,0.0,0.0,0.0,0.0,121.632812,40.61616282319226,420.469879,57.93843355077022,0.681643,0.07375652766960135,0.5,0.0,0.8,0.0,42.356537,9.048207286304024,65.72,2.5332490336851357,65.23,2.7278689484650793,16.62,0.5206207832962464,15.15,0.363949172275471,97.41,0.01386842937513775,156.2,0.08981462390204886,156.6,5.756205347275226,-0.3,3.6822637964527565,156.0,33.492536482028356,3.657,0.024661576051285616,72.0,137.89579398951952,53.7,10.960450979164438,59.2,13.554380497339842,18.0,15.06867224852055,143.64,69.51802410646224,23.34,0.0,319.5,4.243962652993066,69.57,2.8631668364475926,-33.98996,2.8738069988536906e-05,18.9555,4.462723383763127e-05,346.700012,2.7463446976072197,13.0,2.0058248511107184,0.8,0.11187790964558937,0.05,0.09318440498996243,0.0,0.0021694853460363975,0.001,0.0027910571473905724,0.0,0.009268086959962984,0.403,1.2533443102356192,1.008,1.892748678509643,10.987,13.537641435679468,1.0,0.0,150.0,0.0,2.0,0.0,55537.0,0.0,55537.0,0.0,55537.0,0.0,0.0,0.0,,,0.0,0.0,0.0,0.0,0.0,0.0,0.0,0.0,2.472684,0.0036576719221388092,2.485599,0.0035076777113451636,1.661467,0.0007546174152066948,0.936941,0.01411244705593845,0.381745,0.007989285592174884,-0.016116,0.004458803670642309,0.425402,0.11760137508255025,0.237834,0.028059934305874633,121.632812,40.61616282319226,0.000265,5.298427439659188e-06,2.372455,0.0,-3e-06,0.0,1.0,0.0,2.383364,0.0,-1e-05,0.0,1.0,0.0,0.601327,0.0,0.601158,0.0,0.107461,0.0,0.0,0.0,-0.608922,0.0,0.0592815,-5.65785,0.0,0.811845,58.0764,0.0,10.6146,-4.01393,0.0,0.378525,1.30685,0.0,0.238854,-1.23051,-1.26848,-0.0602655,-0.0285438,-384.077,-11.6812,15.7499,385.996,390.633,0.0,1.0,479.013,11.7396,11.879,0.0,1.0,289.203,287.492,97528.5,1.1766,1011.82,0.0245079,0.0846842,0.00863182,1145.25,1629.49,0.00733622,70.2827,484.24,282.122,0.953261,3.66976,0.0671346,3.79213,-4.02866e-14,-0.024386,3.79221,14.2229,136.141,75.3181,,,0.719392,3.39173,5639.77,0.000945074,-0.0974208,-0.00660621,0.0,64.6047,-9.80401,22.1767,55.2231,84.2188,118.118,176.962,-0.589885,1.03227,-1.95701,1.06631,55.463,1.04117,-4.10788,1.03657,1.24805,1.04117,800000099.0,800000099.0,800000099.0,800000099.0,800000099.0,800000099.0,800010199.0,800010199.0,80000.0,80000.0,80.0,81.0,3.0,2.0,0.0,102.0,19.0,25.0,4.0052,2.08776,0.690503,0.00568843,0.000299248,83.0094,-0.00164385,-0.00410788,1.24805,14.4982,12.9703,15.4511,105.511,6.91045,0.424473,0.0251546,0.0622455,90.878,287.896,287.803,97543.5,70.2827,286.815,286.892,13.4138,10.3783,12.0666,17.4138,15.3561,12.9395,20.657,0.0,11.222449999999998,0.247898,41400.0,247.898,1,-4.0741955,2.5695508901035664,6.583480890103567,3.361429524472816
2023-06-16 15:30:00,Rep-S,winter,afternoon,Old,0.080151,0.039492385504761134,2.917125,0.0008231421849636062,0.078008,0.03722353935826988,0.393304,0.20848508179637218,1.231696,0.01204327563386856,1.219692,0.014203353480428532,1.715479,0.04790157997943995,0.473814,0.04841513230292778,12.521159,0.14535728388058117,12.642728,0.1235612974772033,17.614531,0.4929938345193299,0.441786,0.0,0.0,0.0,0.0,0.0,0.0,0.0,129.124405,37.69807766930094,447.452911,68.58299228879426,0.684008,0.08648084513794559,0.5,0.0,0.8,0.0,31.91889,9.92320681511752,65.54,2.0910963631549833,65.28,2.2861047657533136,16.62,0.49089476129478493,15.04,0.43087778623023454,97.41,0.012948616399712315,156.1,0.09609023536933058,156.4,4.343220771117518,-0.2,2.765941672077221,119.0,55.391786394735455,3.656,0.02426932219902327,297.0,144.9824702047343,43.15,16.34456608988647,72.96,18.451490111460735,31.13,18.35921433504168,150.22,45.14741351764609,23.34,0.0,319.3,4.2250283233763986,69.7,2.8748714174144645,-33.989948,3.741087185820603e-05,18.9555,5.116336579962306e-05,347.0,2.357133851680789,13.0,1.5620499351813326,0.83,0.14708274315273479,0.05,0.09239769116884543,0.0,0.003026549190084311,-0.0,0.0023748684174075834,-0.005,0.009948992719886314,0.221,0.8409989357900519,0.733,1.7871175469640117,5.129,8.378528539041456,1.0,0.0,150.0,0.0,2.0,0.0,55537.0,0.0,55537.0,0.0,55537.0,0.0,0.0,0.0,,,0.0,0.0,0.0,0.0,0.0,0.0,0.0,0.0,2.472746,0.003071614036626355,2.485354,0.0029085840386688646,1.660904,0.000862706744303442,0.936329,0.010698213173547598,0.381647,0.007539488806057511,-0.016519,0.004027472780789461,0.433398,0.11621788989627772,0.206954,0.04632800095424653,129.124405,37.69807766930094,0.000262,4.684015371452151e-06,2.372455,0.0,-3e-06,0.0,1.0,0.0,2.383364,0.0,-1e-05,0.0,1.0,0.0,0.601327,0.0,0.601158,0.0,0.107461,0.0,0.0,0.0,-0.608922,0.0,0.0592815,-5.65785,0.0,0.811845,58.0764,0.0,10.6146,-4.01393,0.0,0.378525,1.30685,0.0,0.238854,-1.23051,-1.26848,-0.0602655,-0.0285438,-384.077,-11.6812,15.7499,385.996,390.633,0.0,1.0,479.013,11.7396,11.879,0.0,1.0,289.203,287.492,97528.5,1.1766,1011.82,0.0245079,0.0846842,0.00863182,1145.25,1629.49,0.00733622,70.2827,484.24,282.122,0.953261,3.66976,0.0671346,3.79213,-4.02866e-14,-0.024386,3.79221,14.2229,136.141,75.3181,,,0.719392,3.39173,5639.77,0.000945074,-0.0974208,-0.00660621,0.0,64.6047,-9.80401,22.1767,55.2231,84.2188,118.118,176.962,-0.589885,1.03227,-1.95701,1.06631,55.463,1.04117,-4.10788,1.03657,1.24805,1.04117,800000099.0,800000099.0,800000099.0,800000099.0,800000099.0,800000099.0,800010199.0,800010199.0,80000.0,80000.0,80.0,81.0,3.0,2.0,0.0,102.0,19.0,25.0,4.0052,2.08776,0.690503,0.00568843,0.000299248,83.0094,-0.00164385,-0.00410788,1.24805,14.4982,12.9703,15.4511,105.511,6.91045,0.424473,0.0251546,0.0622455,90.878,287.896,287.803,97543.5,70.2827,286.815,286.892,13.4138,10.3783,12.0666,17.4138,15.3561,12.9395,20.657,0.0,11.222449999999998,0.247898,41400.0,247.898,1,-4.0741955,2.5695508901035664,6.583480890103567,3.361429524472816
2023-06-16 15:30:00,Rep-S,winter,afternoon,Yng,0.084479,0.045000324713013636,2.917211,0.0009003571106326213,0.082102,0.04187395223994666,0.389328,0.24180060073557164,1.222472,0.020813517309911787,1.21259,0.02348683440830905,1.71905,0.04114303952987263,0.480241,0.043771746602803016,12.448627,0.24118857890654036,12.548984,0.21409822254647454,17.649925,0.4234829247465327,0.441786,0.0,0.0,0.0,0.0,0.0,0.0,0.0,128.459579,27.222794374590862,377.711884,29.675945234626468,0.631972,0.06764463915940921,0.5,0.0,0.8,0.0,56.997688,10.519071560405214,65.3,2.429590157481982,64.99,2.7073526429583104,16.63,0.5445554762066604,15.07,0.3719690847368909,97.4,0.01190238071424331,156.1,0.10519822558705746,156.6,0.21110818711425705,-0.3,0.1730125236314797,229.0,50.540808593980096,3.659,0.026190010818376203,74.0,137.62452543060778,48.26,11.761673109440398,66.57,15.062030905558519,22.52,12.230404735739533,137.26,86.68071258551889,23.34,0.0,319.69,4.27216545403695,69.43,2.857599692049256,-33.98996,2.787573616266462e-05,18.955505,3.7132645115303994e-05,345.799988,2.929686782698341,14.0,2.9439202887759497,0.75,0.15305990112806597,0.04,0.09341306118525397,0.0,0.002477902338672774,-0.002,0.0020141168453361056,-0.0135,0.012388594461329045,0.211,0.9770784683603122,1.294,1.6595487087358016,3.73,15.047626756402487,1.0,0.0,150.0,0.0,2.0,0.0,55537.0,0.0,55537.0,0.0,55537.0,0.0,0.0,0.0,,,0.0,0.0,0.0,0.0,0.0,0.0,0.0,0.0,2.472365,0.003637431863279201,2.485037,0.003398558848983049,1.660993,0.0009429049298135346,0.93689,0.0005221960742862848,0.381518,0.008374841420787243,-0.016657,0.003666853888553509,0.418128,0.11846488920403099,0.299606,0.04223103965872338,128.459579,27.222794374590862,0.000263,4.539823785126463e-06,2.372455,0.0,-3e-06,0.0,1.0,0.0,2.383364,0.0,-1e-05,0.0,1.0,0.0,0.601327,0.0,0.601158,0.0,0.107461,0.0,0.0,0.0,-0.608922,0.0,0.0592815,-5.65785,0.0,0.811845,58.0764,0.0,10.6146,-4.01393,0.0,0.378525,1.30685,0.0,0.238854,-1.23051,-1.26848,-0.0602655,-0.0285438,-384.077,-11.6812,15.7499,385.996,390.633,0.0,1.0,479.013,11.7396,11.879,0.0,1.0,289.203,287.492,97528.5,1.1766,1011.82,0.0245079,0.0846842,0.00863182,1145.25,1629.49,0.00733622,70.2827,484.24,282.122,0.953261,3.66976,0.0671346,3.79213,-4.02866e-14,-0.024386,3.79221,14.2229,136.141,75.3181,,,0.719392,3.39173,5639.77,0.000945074,-0.0974208,-0.00660621,0.0,64.6047,-9.80401,22.1767,55.2231,84.2188,118.118,176.962,-0.589885,1.03227,-1.95701,1.06631,55.463,1.04117,-4.10788,1.03657,1.24805,1.04117,800000099.0,800000099.0,800000099.0,800000099.0,800000099.0,800000099.0,800010199.0,800010199.0,80000.0,80000.0,80.0,81.0,3.0,2.0,0.0,102.0,19.0,25.0,4.0052,2.08776,0.690503,0.00568843,0.000299248,83.0094,-0.00164385,-0.00410788,1.24805,14.4982,12.9703,15.4511,105.511,6.91045,0.424473,0.0251546,0.0622455,90.878,287.896,287.803,97543.5,70.2827,286.815,286.892,13.4138,10.3783,12.0666,17.4138,15.3561,12.9395,20.657,0.0,11.222449999999998,0.247898,41400.0,247.898,1,-4.0741955,2.5695508901035664,6.583480890103567,3.361429524472816
2023-06-16 09:30:00,Rep-S,winter,morning,Mid,0.123695,0.1527015557274494,2.916755,0.0008541231371021141,0.118662,0.1245912585228461,0.503273,0.4210562961909725,1.07449,0.030332735002359053,1.05771,0.031224562812525176,1.470671,0.045414574209901706,0.406125,0.04188692454585322,10.820785,0.31814480697120257,10.991918,0.3091438055995022,15.044806,0.4634016407911648,0.441786,0.0,0.0,0.0,0.0,0.0,0.0,0.0,107.875587,25.359136005257838,457.5112,39.48359672389923,0.762361,0.04251468076511924,0.5,0.0,0.8,0.0,35.633049,9.563296551652035,64.05,2.015725841146725,63.31,1.5551272188045155,14.09,0.6074199535741308,12.67,0.47073417834980663,97.74,0.012754084313136948,156.1,0.11180339887499133,157.0,1.9886176103011806,-0.6,1.2923105921823386,116.0,35.81433604950212,3.915,0.04050543173452174,77.0,136.08147069556043,65.92,7.719107310218369,40.8,11.840297251336215,30.26,16.322015939623796,158.54,88.5065445941711,23.33,0.0,46.68,5.614417660511788,74.22,4.585220205544476,-33.989941,6.599994525028383,18.955482,4.2735348366644095e-05,345.299988,1.5850550173665512,15.0,1.805547008526779,0.79,0.06435578192102608,-0.23,0.11254628677422752,-0.001,0.0023537204591879642,-0.001,0.002111081871142535,0.005,0.014814071349791385,0.294,0.6280282451185351,0.555,1.1613434390107573,0.9075,3.0981507638983863,1.0,0.0,150.0,0.0,2.0,0.0,55537.0,0.0,55537.0,0.0,55537.0,0.0,0.0,0.0,,,0.0,0.0,0.0,0.0,0.0,0.0,0.0,0.0,2.470555,0.002102718544329458,2.483978,0.0027685629413108834,1.660516,0.0008944960871909969,0.937887,0.004978273438318468,0.42256,0.010128722440334371,-0.018356,0.004441247661787544,0.373843,0.1269324151821617,0.204415,0.030031313199281397,107.875587,25.359136005257838,0.00026,4.743416490252566e-06,2.372455,0.0,-3e-06,0.0,1.0,0.0,2.383364,0.0,-1e-05,0.0,1.0,0.0,0.601327,0.0,0.601158,0.0,0.107461,0.0,0.0,0.0,-0.411933,1.0,0.0594798,-34.5487,0.0,3.17325,64.0542,0.0,5.84992,-2.94075,0.0,0.23507,1.43779,0.0,0.13131,0.851737,-0.64752,-0.0837301,-0.0145346,547.236,14.8215,16.0628,388.748,392.377,0.0,1.0,435.049,10.5289,10.641,0.0,1.0,286.45,284.905,97873.3,1.19203,1011.09,0.0242017,0.0931691,0.00783957,1030.78,1375.93,0.00657664,74.915,345.152,280.572,0.674018,2.61833,0.103731,2.70521,-1.55235e-14,0.0340685,2.70543,13.6313,136.375,75.282,,,0.587855,4.12343,505.095,0.0105525,-0.539367,-0.0487624,0.0,61.7588,-9.37214,21.1998,52.7905,80.5089,112.915,169.167,-0.400844,1.02766,-29.6718,1.05093,55.2701,1.18201,-1.83426,1.02694,1.24062,1.18201,800000099.0,800000099.0,800000099.0,800000099.0,800000099.0,800000099.0,800010199.0,811010199.0,80000.0,80000.0,80.0,81.0,14.0,1.0,4.0,5.0,60.0,0.0,4.11863,3.60985,0.518357,0.0146487,0.000147863,33.0459,-0.0246187,-0.00183426,1.24062,11.8567,12.2898,11.221,106.159,8.73063,0.442254,0.0228366,0.0590214,5.53704,284.594,284.694,97862.8,74.915,284.325,284.287,-11.0429,10.995,12.9398,-10.5752,-12.8778,-7.71591,-13.4246,0.0,11.9674,0.247898,19800.0,247.898,1,-3.0244801,2.38520695534152,5.325956955341519,2.4717046352564678
2023-06-16 09:30:00,Rep-S,winter,morning,Old,0.135604,0.12552230179118237,2.916865,0.0008309074617548317,0.129578,0.1075826050534348,0.507433,0.4103741117790895,1.082107,0.03353459455164667,1.064107,0.03154799709664623,1.450762,0.042223952244273305,0.393569,0.03315284039078201,10.886645,0.3219053376107493,11.071793,0.34226842017463965,14.84235,0.43122570392586423,0.441786,0.0,0.0,0.0,0.0,0.0,0.0,0.0,117.588043,57.14385853982687,493.439209,90.32340370413823,0.724924,0.09076754963498793,0.5,0.0,0.8,0.0,28.06284,10.803318674910866,65.18,1.7532942327706054,64.27,1.2812314388899428,14.06,0.5168897367911264,12.46,0.43786717925264335,97.74,0.008164965809281083,156.1,0.10770329614268899,156.9,2.3679597406487507,-0.5,1.4951365600952087,122.0,36.31904917991842,3.91,0.03950430356302994,305.0,152.02108406402056,65.42,8.274926122530246,41.6,12.521100856820325,29.06,10.552959663841545,159.88,14.972134951302031,23.33,0.0,46.32,4.562438127434352,73.92,3.459969508536169,-33.989937,2.2090722033498688e-05,18.955475,0.0008325368820656805,345.299988,1.4890491357719302,15.0,1.4640127503998503,0.8,0.06024118192731613,-0.23,0.12589678312014171,0.001,0.002487971060924946,0.0,0.002853068523537421,-0.009,0.014383835957146662,0.353,1.419810969812531,0.491,2.171175904128145,1.269,4.576027837118332,1.0,0.0,150.0,0.0,2.0,0.0,55537.0,0.0,55537.0,0.0,55537.0,0.0,0.0,0.0,,,0.0,0.0,0.0,0.0,0.0,0.0,0.0,0.0,2.471917,0.0017111310314135888,2.485659,0.002420149087694249,1.660631,0.0008701584951413305,0.93758,0.005920519588121746,0.423158,0.008636222588030028,-0.017624,0.005771145476130945,0.389629,0.12269535712491325,0.209538,0.03038802101980317,117.588043,57.14385853982687,0.00026,5.308169803865226e-06,2.372455,0.0,-3e-06,0.0,1.0,0.0,2.383364,0.0,-1e-05,0.0,1.0,0.0,0.601327,0.0,0.601158,0.0,0.107461,0.0,0.0,0.0,-0.411933,1.0,0.0594798,-34.5487,0.0,3.17325,64.0542,0.0,5.84992,-2.94075,0.0,0.23507,1.43779,0.0,0.13131,0.851737,-0.64752,-0.0837301,-0.0145346,547.236,14.8215,16.0628,388.748,392.377,0.0,1.0,435.049,10.5289,10.641,0.0,1.0,286.45,284.905,97873.3,1.19203,1011.09,0.0242017,0.0931691,0.00783957,1030.78,1375.93,0.00657664,74.915,345.152,280.572,0.674018,2.61833,0.103731,2.70521,-1.55235e-14,0.0340685,2.70543,13.6313,136.375,75.282,,,0.587855,4.12343,505.095,0.0105525,-0.539367,-0.0487624,0.0,61.7588,-9.37214,21.1998,52.7905,80.5089,112.915,169.167,-0.400844,1.02766,-29.6718,1.05093,55.2701,1.18201,-1.83426,1.02694,1.24062,1.18201,800000099.0,800000099.0,800000099.0,800000099.0,800000099.0,800000099.0,800010199.0,811010199.0,80000.0,80000.0,80.0,81.0,14.0,1.0,4.0,5.0,60.0,0.0,4.11863,3.60985,0.518357,0.0146487,0.000147863,33.0459,-0.0246187,-0.00183426,1.24062,11.8567,12.2898,11.221,106.159,8.73063,0.442254,0.0228366,0.0590214,5.53704,284.594,284.694,97862.8,74.915,284.325,284.287,-11.0429,10.995,12.9398,-10.5752,-12.8778,-7.71591,-13.4246,0.0,11.9674,0.247898,19800.0,247.898,1,-3.0244801,2.38520695534152,5.325956955341519,2.4717046352564678
2023-06-16 09:30:00,Rep-S,winter,morning,Yng,0.082343,0.03886764901401507,2.917274,0.0008506798007083799,0.080083,0.03561513585392218,0.361687,0.143457215492692,1.032397,0.03242422124132918,1.024733,0.03163540830567352,1.444059,0.05159602879592585,0.414734,0.03188064697498049,10.484707,0.3226271012378277,10.563007,0.33075990289886464,14.779029,0.5264011356819275,0.441786,0.0,0.0,0.0,0.0,0.0,0.0,0.0,129.417664,19.283276554394416,419.596191,30.964435756262432,0.697868,0.044798226041961375,0.5,0.0,0.8,0.0,49.221058,7.758065143897172,63.44,1.141145331089189,62.68,1.2154423063230924,14.17,0.7162925380038531,12.39,0.5309121082313587,97.73,0.01322875655532417,156.2,0.10440306508910684,157.0,3.4077949860087924,-0.6,2.198582876915643,180.0,32.188403708996404,3.917,0.043906073991343095,51.0,122.48812187310244,72.75,9.225234378233068,29.66,14.360373161353898,33.46,14.107133384686392,144.16,66.58728820127757,23.33,0.0,47.04,4.682032144272398,74.52,3.613360762503528,-33.989929,2.8861854871841343e-05,18.955496,4.3805745438122984e-05,345.600006,1.8316638201544875,14.0,1.8708286933869724,0.8,0.053047148839499396,-0.1,0.1214495780149112,-0.001,0.00324037034920393,-0.001,0.0025703436864876004,0.013,0.020616235511525055,0.334,0.9267769868384375,0.75,1.8737904471952032,1.8619999999999999,4.535992118140565,1.0,0.0,150.0,0.0,2.0,0.0,55537.0,0.0,55537.0,0.0,55537.0,0.0,0.0,0.0,,,0.0,0.0,0.0,0.0,0.0,0.0,0.0,0.0,2.469838,0.0017143949000545805,2.483228,0.0016996587667331684,1.66106,0.0008913890340361784,0.93793,0.008438790249595401,0.42125,0.011857802779464107,-0.018888,0.004243066274523649,0.362739,0.1297926503758591,0.25803,0.02696987448197216,129.417664,19.283276554394416,0.000259,6.350328075514432e-06,2.372455,0.0,-3e-06,0.0,1.0,0.0,2.383364,0.0,-1e-05,0.0,1.0,0.0,0.601327,0.0,0.601158,0.0,0.107461,0.0,0.0,0.0,-0.411933,1.0,0.0594798,-34.5487,0.0,3.17325,64.0542,0.0,5.84992,-2.94075,0.0,0.23507,1.43779,0.0,0.13131,0.851737,-0.64752,-0.0837301,-0.0145346,547.236,14.8215,16.0628,388.748,392.377,0.0,1.0,435.049,10.5289,10.641,0.0,1.0,286.45,284.905,97873.3,1.19203,1011.09,0.0242017,0.0931691,0.00783957,1030.78,1375.93,0.00657664,74.915,345.152,280.572,0.674018,2.61833,0.103731,2.70521,-1.55235e-14,0.0340685,2.70543,13.6313,136.375,75.282,,,0.587855,4.12343,505.095,0.0105525,-0.539367,-0.0487624,0.0,61.7588,-9.37214,21.1998,52.7905,80.5089,112.915,169.167,-0.400844,1.02766,-29.6718,1.05093,55.2701,1.18201,-1.83426,1.02694,1.24062,1.18201,800000099.0,800000099.0,800000099.0,800000099.0,800000099.0,800000099.0,800010199.0,811010199.0,80000.0,80000.0,80.0,81.0,14.0,1.0,4.0,5.0,60.0,0.0,4.11863,3.60985,0.518357,0.0146487,0.000147863,33.0459,-0.0246187,-0.00183426,1.24062,11.8567,12.2898,11.221,106.159,8.73063,0.442254,0.0228366,0.0590214,5.53704,284.594,284.694,97862.8,74.915,284.325,284.287,-11.0429,10.995,12.9398,-10.5752,-12.8778,-7.71591,-13.4246,0.0,11.9674,0.247898,19800.0,247.898,1,-3.0244801,2.38520695534152,5.325956955341519,2.4717046352564678
2023-06-16 12:30:00,Rep-S,winter,noon,Mid,0.103916,0.03420543228041417,2.916974,0.001259300007940903,0.100341,0.03228966334226274,0.858772,0.31628491739292597,1.205692,0.04070643407271962,1.182589,0.03756160497027946,2.040504,0.13153945094922398,0.839504,0.11412896060414872,12.115261,0.3816727854694902,12.351093,0.4140120719569166,20.905674,1.3445114197861228,0.441786,0.0,0.0,0.0,0.0,0.0,0.0,0.0,149.104355,64.18542011255975,329.134583,74.49901776078774,0.418735,0.20260010845659326,0.5,0.0,0.8,0.0,100.841713,113.48107110353395,56.2,1.7685043586790183,55.12,1.6951020618240067,18.42,0.4748375160690931,17.76,1.0045189561841699,97.61,0.04284857057126605,156.1,0.15513435037626244,156.3,4.795160755039052,-0.1,3.07130265522628,894.0,580.8848623723408,3.759,0.02901913162036382,108.0,125.08786245409001,35.27,7.332815011985506,81.65,6.4726050912029764,23.27,10.390716000353391,156.69,126.79638558597271,23.33,0.0,6.21,176.00633437180605,57.37,0.14859116169319422,-33.989948,2.3495886165251874e-05,18.955509,5.7149453190555305e-05,351.5,5.095263174434135,12.0,1.423610433604175,0.95,0.08839871793942106,0.26,0.11832159566199234,0.0,0.0026140645235596875,0.0,0.0025579940057266224,0.0075,0.018110655243069845,-0.249,2.304206582897173,0.351,2.1003158691015975,4.7155000000000005,9.671383608141772,1.0,0.0,150.0,0.0,2.0,0.0,55537.0,0.0,55537.0,0.0,55537.0,0.0,0.0,0.0,,,0.0,0.0,0.0,0.0,0.0,0.0,0.0,0.0,2.459031,0.002291873689073536,2.472242,0.002558469137329409,1.660745,0.001319873194666823,0.936053,0.011833409381211017,0.355036,0.006872455270134542,-0.007618,0.010901890241604895,0.481693,0.08374924355704155,0.856405,0.48640758350933766,149.104355,64.18542011255975,0.000262,7.700216447174287e-06,2.372455,0.0,-3e-06,0.0,1.0,0.0,2.383364,0.0,-1e-05,0.0,1.0,0.0,0.601327,0.0,0.601158,0.0,0.107461,0.0,0.0,0.0,-0.632546,0.0,0.0566571,146.911,0.0,8.62981,181.739,0.0,13.7455,-20.5834,0.0,1.41395,4.0882,0.0,0.309203,1.15109,0.430042,-0.125558,0.00967373,620.899,17.3769,15.8457,386.838,390.848,0.0,1.0,443.467,10.8263,10.9447,0.0,1.0,288.583,287.147,97790.8,1.1816,1011.3,0.0244128,0.264915,0.00799128,1058.99,1593.45,0.00676312,66.4591,534.456,280.968,2.96885,3.11707,0.411034,4.3239,1.12675e-13,0.0391841,4.32407,15.6024,165.239,46.1251,,,0.731664,5.35835,-228.906,-0.0232846,0.808359,0.168032,0.0,60.5644,-9.19088,20.7898,51.7695,78.9518,110.731,165.895,-0.60802,1.04034,144.631,1.0751,124.04,1.38125,-21.4244,1.35124,2.79025,1.38125,800000099.0,800000099.0,800000099.0,800100099.0,800000099.0,800000099.0,800000199.0,800000199.0,80000.0,80000.0,80.0,80.0,4.0,7.0,4.0,19.0,17.0,17.0,4.33531,5.54847,0.832903,0.112629,0.00426891,225.91,0.121035,-0.0214244,2.79025,13.9944,13.2402,16.7216,526.615,76.6749,0.414167,0.0273865,0.0661126,311.087,287.389,286.858,97806.0,66.4591,285.138,285.542,50.8611,10.7419,12.5784,19.8377,9.59936,10.0661,32.7058,0.0,11.66015,0.247898,30600.0,247.898,1,-20.708958000000003,2.4916331681572457,23.075033168157248,3.7662279717721923
2023-06-16 12:30:00,Rep-S,winter,noon,Old,0.120204,0.03983634926797384,2.917178,0.0007284000228812287,0.115447,0.036946988595734476,0.838829,0.2776276034245454,1.196821,0.0572386730724079,1.176284,0.05500334177717458,1.872339,0.1478135225119479,0.710589,0.1047493511229385,12.056973,0.5595645701386575,12.266877,0.5823894344264469,19.191563,1.5087463381326163,0.441786,0.0,0.0,0.0,0.0,0.0,0.0,0.0,146.055573,53.06020285354518,356.19342,89.80475489698429,0.554968,0.15031765817071083,0.5,0.0,0.8,0.0,79.167618,129.9043034677301,56.46,2.1765396849127305,55.7,2.1456458235226026,18.64,0.48468649661404745,16.4,1.1639981386010312,97.61,0.03934039484635043,156.1,0.09183318209303937,156.1,0.39157800414902266,0.0,0.24447222064411872,377.0,598.5865796468657,3.758,0.02652401427637497,83.0,132.312408085309,35.01,9.068147054387682,81.91,8.550388529183923,26.16,10.347700678572672,165.2,8.355151105755061,23.33,0.0,5.67,176.07325923224874,57.34,0.15551205741035135,-33.989948,3.489689575547965e-05,18.955507,6.509254949692143e-05,351.200012,5.297599675522233,12.0,1.4118545723031577,0.95,0.09976138197385463,0.26,0.11832159566199234,0.001,0.0027910571473905724,0.0,0.002379075450674064,0.009,0.01563137616937858,-0.183,2.9749362474961822,0.49,2.462926177672945,3.097,12.418973257510098,1.0,0.0,150.0,0.0,2.0,0.0,55537.0,0.0,55537.0,0.0,55537.0,0.0,0.0,0.0,,,0.0,0.0,0.0,0.0,0.0,0.0,0.0,0.0,2.459755,0.0028571706033533825,2.472839,0.0030657374142826124,1.660959,0.0007635719612452887,0.935731,0.000979977720835168,0.351966,0.007006493262205682,-0.013931,0.012290445055950306,0.488007,0.08072263954837375,0.423515,0.5011665710546411,146.055573,53.06020285354518,0.000267,5.635305374748271e-06,2.372455,0.0,-3e-06,0.0,1.0,0.0,2.383364,0.0,-1e-05,0.0,1.0,0.0,0.601327,0.0,0.601158,0.0,0.107461,0.0,0.0,0.0,-0.632546,0.0,0.0566571,146.911,0.0,8.62981,181.739,0.0,13.7455,-20.5834,0.0,1.41395,4.0882,0.0,0.309203,1.15109,0.430042,-0.125558,0.00967373,620.899,17.3769,15.8457,386.838,390.848,0.0,1.0,443.467,10.8263,10.9447,0.0,1.0,288.583,287.147,97790.8,1.1816,1011.3,0.0244128,0.264915,0.00799128,1058.99,1593.45,0.00676312,66.4591,534.456,280.968,2.96885,3.11707,0.411034,4.3239,1.12675e-13,0.0391841,4.32407,15.6024,165.239,46.1251,,,0.731664,5.35835,-228.906,-0.0232846,0.808359,0.168032,0.0,60.5644,-9.19088,20.7898,51.7695,78.9518,110.731,165.895,-0.60802,1.04034,144.631,1.0751,124.04,1.38125,-21.4244,1.35124,2.79025,1.38125,800000099.0,800000099.0,800000099.0,800100099.0,800000099.0,800000099.0,800000199.0,800000199.0,80000.0,80000.0,80.0,80.0,4.0,7.0,4.0,19.0,17.0,17.0,4.33531,5.54847,0.832903,0.112629,0.00426891,225.91,0.121035,-0.0214244,2.79025,13.9944,13.2402,16.7216,526.615,76.6749,0.414167,0.0273865,0.0661126,311.087,287.389,286.858,97806.0,66.4591,285.138,285.542,50.8611,10.7419,12.5784,19.8377,9.59936,10.0661,32.7058,0.0,11.66015,0.247898,30600.0,247.898,1,-20.708958000000003,2.4916331681572457,23.075033168157248,3.7662279717721923
2023-06-16 12:30:00,Rep-S,winter,noon,Yng,0.122444,0.029935039598381466,2.917356,0.0009324922037207217,0.117513,0.027221209119789903,1.079732,0.31199458496520416,1.204462,0.041214597691756366,1.165243,0.041894569074324275,1.992558,0.18066432279347053,0.772548,0.16074378679197313,11.935939,0.42987538126028674,12.337603,0.4231777176469197,20.402544,1.8569581652088907,0.441786,0.0,0.0,0.0,0.0,0.0,0.0,0.0,125.878929,39.79425497678158,223.578934,78.09662708017906,0.346263,0.1559949598820103,0.5,0.0,0.8,0.0,107.622009,96.15660745172453,56.85,1.445971645641782,55.47,1.5387792780859333,18.43,0.46601072949021244,17.39,1.3731476007091648,97.62,0.043829214001616566,156.2,0.12423096769056928,156.4,1.0767698608956968,-0.0,0.6789207121110192,1120.0,551.2499433106547,3.762,0.028044429036797894,97.0,131.68145908466636,39.8,9.85470192344751,76.83,9.775433033886532,23.34,10.837711812616783,151.85,12.851967008983483,23.33,0.0,6.75,176.0329586687296,57.38,0.14056078163319066,-33.989929,2.8651177986327927e-05,18.955492,5.4919881039192415e-05,351.399994,5.310642352679806,12.0,0.8888194417315587,0.9,0.06910619846776889,0.26,0.11357816691600547,-0.0,0.0015673757260678328,-0.001,0.002409702609590376,0.009,0.011246431142310668,-0.904,1.6978825322540227,-0.796,1.9624350307717198,-3.925,7.768107805983095,1.0,0.0,150.0,0.0,2.0,0.0,55537.0,0.0,55537.0,0.0,55537.0,0.0,0.0,0.0,,,0.0,0.0,0.0,0.0,0.0,0.0,0.0,0.0,2.459695,0.002069650741872648,2.473596,0.0020527698953690084,1.661146,0.0009778772366713841,0.936285,0.0026791209397860425,0.354888,0.00674720010522883,-0.009528,0.013824709091212976,0.475692,0.08448873450827632,1.044912,0.4614711379954799,125.878929,39.79425497678158,0.000261,6.258327785172858e-06,2.372455,0.0,-3e-06,0.0,1.0,0.0,2.383364,0.0,-1e-05,0.0,1.0,0.0,0.601327,0.0,0.601158,0.0,0.107461,0.0,0.0,0.0,-0.632546,0.0,0.0566571,146.911,0.0,8.62981,181.739,0.0,13.7455,-20.5834,0.0,1.41395,4.0882,0.0,0.309203,1.15109,0.430042,-0.125558,0.00967373,620.899,17.3769,15.8457,386.838,390.848,0.0,1.0,443.467,10.8263,10.9447,0.0,1.0,288.583,287.147,97790.8,1.1816,1011.3,0.0244128,0.264915,0.00799128,1058.99,1593.45,0.00676312,66.4591,534.456,280.968,2.96885,3.11707,0.411034,4.3239,1.12675e-13,0.0391841,4.32407,15.6024,165.239,46.1251,,,0.731664,5.35835,-228.906,-0.0232846,0.808359,0.168032,0.0,60.5644,-9.19088,20.7898,51.7695,78.9518,110.731,165.895,-0.60802,1.04034,144.631,1.0751,124.04,1.38125,-21.4244,1.35124,2.79025,1.38125,800000099.0,800000099.0,800000099.0,800100099.0,800000099.0,800000099.0,800000199.0,800000199.0,80000.0,80000.0,80.0,80.0,4.0,7.0,4.0,19.0,17.0,17.0,4.33531,5.54847,0.832903,0.112629,0.00426891,225.91,0.121035,-0.0214244,2.79025,13.9944,13.2402,16.7216,526.615,76.6749,0.414167,0.0273865,0.0661126,311.087,287.389,286.858,97806.0,66.4591,285.138,285.542,50.8611,10.7419,12.5784,19.8377,9.59936,10.0661,32.7058,0.0,11.66015,0.247898,30600.0,247.898,1,-20.708958000000003,2.4916331681572457,23.075033168157248,3.7662279717721923
2023-06-26 15:30:00,Nit-A,winter,afternoon,Mid,0.06301,0.028639767413627275,2.917749,0.001132289823028283,0.061678,0.027320948227382832,0.430348,0.21809628498481273,1.127569,0.010980921617059287,1.117846,0.012274062420133618,1.816535,0.13301840862673855,0.6823,0.1397379378463129,11.442122,0.12510464505598345,11.540397,0.11195406244932164,18.594276,1.3629487922175545,0.441786,0.0,0.0,0.0,0.0,0.0,0.0,0.0,79.865814,37.64463552890672,202.903397,84.50249567646182,0.56742,0.16000186014491624,0.5,0.0,0.8,0.0,83.603378,45.821783159089385,54.82,2.565802798345971,53.96,2.676123253265193,17.84,0.6247332764201556,15.93,1.1292485702153146,97.7,0.01754042948922829,156.2,0.14696938456699407,156.8,6.042350536008312,-0.4,3.8645957097735337,381.0,331.8732840508055,3.8,0.026643135451118582,177.0,85.04949539336884,45.8,17.68155559709986,69.72,20.832640671151925,29.3,17.938566070527116,149.62,142.17153835302855,23.34,0.0,320.53,3.4568300989972833,68.88,2.4011683267387443,-33.989971,7.156530816866391e-05,18.955509,7.639400063628925e-05,351.799988,4.343799671032036,15.0,0.8888194417315592,0.77,0.05912698199637793,0.29,0.25977554414019294,0.0,0.001655294535724685,0.001,0.001818424226264781,0.009,0.005452828012447608,0.023,1.082072306579679,0.258,1.5970419979866943,0.381,5.276870795167235,1.0,0.0,150.0,0.0,2.0,0.0,55537.0,0.0,55537.0,0.0,55537.0,0.0,0.0,0.0,,,0.0,0.0,0.0,0.0,0.0,0.0,0.0,0.0,2.457563,0.0036800747804902074,2.470432,0.003923608537643174,1.661557,0.0011874836026938178,0.93747,0.014926949134256013,0.363496,0.009306942912328052,-0.021014,0.008038066201311523,0.381905,0.09360914009178445,0.426541,0.2778641315868243,79.865814,37.64463552890672,0.000267,4.798610910114151e-06,2.372455,0.0,-3e-06,0.0,1.0,0.0,2.383364,0.0,-1e-05,0.0,1.0,0.0,0.601327,0.0,0.601158,0.0,0.107461,0.0,0.0,0.0,-1.12329,1.0,0.174843,42.3611,1.0,12.4432,136.199,1.0,11.9939,-13.3781,1.0,0.996652,3.06751,1.0,0.270129,0.884093,-0.478132,0.0721232,-0.0107686,-913.206,-27.388,15.8989,389.709,393.925,0.0,1.0,476.824,11.6878,11.826,0.0,1.0,290.104,288.415,97826.1,1.17644,1011.81,0.0245117,0.198775,0.00859237,1143.67,1729.34,0.00730368,66.1335,585.667,282.102,-1.76499,-6.7149,-0.192844,6.92753,-5.40324e-13,-0.0574383,6.92776,24.5061,318.52,254.954,,,0.977147,14.5581,-1891.8,-0.00281743,0.311023,0.03642,0.0,49.2333,-7.47134,16.9002,42.0839,64.1806,90.0142,134.858,-1.06518,1.05455,44.1092,1.1119,96.2375,1.37155,-12.2758,1.347,2.16749,1.37155,800000099.0,800100099.0,800000099.0,800100099.0,800000099.0,800000099.0,801010199.0,811010199.0,80000.0,80000.0,80.0,81.0,8.0,5.0,0.0,21.0,67.0,15.0,12.8231,13.8328,2.45975,0.0625195,0.00112413,55.3096,0.0370563,-0.0122758,2.16749,15.416,14.1844,16.2621,280.114,37.4691,0.423975,0.024399,0.0603194,167.237,288.316,288.192,97834.0,66.1335,286.756,287.108,15.7439,9.06475,9.99729,17.9783,12.1938,15.9256,22.4283,0.0,9.53102,0.004064,192600.0,4.064,1,-13.3059768,0.2264725173210623,13.604572517321062,2.9593338240806792
2023-06-26 15:30:00,Nit-A,winter,afternoon,Old,0.023445,0.032532469144942976,2.917579,0.0009147940879419261,0.023258,0.0314842945922778,0.130973,0.2426622518802763,1.121492,0.009952891441184377,1.113833,0.012050585604304413,1.798445,0.10625984279863224,0.671699,0.11163809310771415,11.399029,0.12298370887167685,11.479496,0.10175485891265106,18.410988,1.0891069452769204,0.441786,0.0,0.0,0.0,0.0,0.0,0.0,0.0,74.452759,29.69972205226858,212.236053,97.92145698388276,0.600198,0.11772325450106845,0.5,0.0,0.8,0.0,112.501259,55.82863147110387,55.03,2.528300351355959,54.49,2.677776254033682,17.79,0.6476477952302978,15.77,0.9226342720710115,97.69,0.014977761292440304,156.2,0.10984838035523846,156.7,3.923340413474215,-0.4,2.5115267600936817,516.0,282.8138374738172,3.799,0.026398421669991536,92.0,100.52550256858538,33.78,14.920710248957096,83.11,16.728334565441155,40.17,18.678768847722985,160.75,92.25434295648813,23.34,0.0,320.33,3.434420135432853,69.02,2.409487359031657,-33.989952,6.364937810381929e-05,18.955509,7.060906457573331e-05,351.399994,4.5875113676956,15.0,1.380821011813865,0.73,0.06791661554190306,0.29,0.24530049599080173,-0.0,0.0015033296378372909,0.001,0.002211334438749598,0.0005,0.014119726154096143,0.086,2.0807000728921343,0.138,1.8517295941902534,-0.095,9.604090087041042,1.0,0.0,150.0,0.0,2.0,0.0,55537.0,0.0,55537.0,0.0,55537.0,0.0,0.0,0.0,,,0.0,0.0,0.0,0.0,0.0,0.0,0.0,0.0,2.45828,0.0036848552020396154,2.470744,0.003853409042653141,1.661379,0.0009597737146500767,0.937223,0.009713469335927318,0.364142,0.009679333037973227,-0.020821,0.0047219254875527205,0.388602,0.0922743755198773,0.539136,0.236798042935346,74.452759,29.69972205226858,0.000265,6.174679478860977e-06,2.372455,0.0,-3e-06,0.0,1.0,0.0,2.383364,0.0,-1e-05,0.0,1.0,0.0,0.601327,0.0,0.601158,0.0,0.107461,0.0,0.0,0.0,-1.12329,1.0,0.174843,42.3611,1.0,12.4432,136.199,1.0,11.9939,-13.3781,1.0,0.996652,3.06751,1.0,0.270129,0.884093,-0.478132,0.0721232,-0.0107686,-913.206,-27.388,15.8989,389.709,393.925,0.0,1.0,476.824,11.6878,11.826,0.0,1.0,290.104,288.415,97826.1,1.17644,1011.81,0.0245117,0.198775,0.00859237,1143.67,1729.34,0.00730368,66.1335,585.667,282.102,-1.76499,-6.7149,-0.192844,6.92753,-5.40324e-13,-0.0574383,6.92776,24.5061,318.52,254.954,,,0.977147,14.5581,-1891.8,-0.00281743,0.311023,0.03642,0.0,49.2333,-7.47134,16.9002,42.0839,64.1806,90.0142,134.858,-1.06518,1.05455,44.1092,1.1119,96.2375,1.37155,-12.2758,1.347,2.16749,1.37155,800000099.0,800100099.0,800000099.0,800100099.0,800000099.0,800000099.0,801010199.0,811010199.0,80000.0,80000.0,80.0,81.0,8.0,5.0,0.0,21.0,67.0,15.0,12.8231,13.8328,2.45975,0.0625195,0.00112413,55.3096,0.0370563,-0.0122758,2.16749,15.416,14.1844,16.2621,280.114,37.4691,0.423975,0.024399,0.0603194,167.237,288.316,288.192,97834.0,66.1335,286.756,287.108,15.7439,9.06475,9.99729,17.9783,12.1938,15.9256,22.4283,0.0,9.53102,0.004064,192600.0,4.064,1,-13.3059768,0.2264725173210623,13.604572517321062,2.9593338240806792
2023-06-26 15:30:00,Nit-A,winter,afternoon,Yng,0.073712,0.0342465373224311,2.917796,0.000999959885862087,0.071895,0.032682012658596576,0.509493,0.3092522818236647,1.129393,0.01101707417269513,1.114251,0.015315148469951823,1.903393,0.1653639967439205,0.765708,0.1716524742386488,11.404058,0.1565478166973596,11.556372,0.11263121853454582,19.48526,1.6936676869490452,0.441786,0.0,0.0,0.0,0.0,0.0,0.0,0.0,94.276428,34.60656519978972,224.001648,92.1372392474905,0.579126,0.16365671585321515,0.5,0.0,0.8,0.0,87.48909,61.810219803054,54.51,2.492037519781754,53.48,2.7266874286088094,17.86,0.6218354551915909,16.66,1.389797107494471,97.7,0.014282856857081309,156.2,0.12220201853216432,156.8,0.15198684153571115,-0.4,0.1525341491819673,696.0,353.12921147931104,3.803,0.026774863834076474,161.0,86.8167994495689,44.26,12.926477310801529,71.62,15.33099314025894,32.35,17.97314485558941,155.93,136.64304720938665,23.34,0.0,320.93,4.464593187887759,68.62,5.524815894368487,-33.989971,6.599985633615953,18.955486,6.806156526825725e-05,352.700012,4.406693197328606,15.0,0.8906926143924926,0.74,0.045544849690533976,0.29,0.25977554414019294,-0.0,0.0012556538801224908,0.0,0.0021809783737274115,0.014,0.008668497975016037,0.105,2.0281435452156735,0.369,1.4860796019504923,1.2285,4.564997303298314,1.0,0.0,150.0,0.0,2.0,0.0,55537.0,0.0,55537.0,0.0,55537.0,0.0,0.0,0.0,,,0.0,0.0,0.0,0.0,0.0,0.0,0.0,0.0,2.456953,0.003745221703272935,2.46998,0.0038237648223533186,1.661607,0.001049472975672402,0.937499,0.00039796630091839614,0.363113,0.009245379790648586,-0.0158,0.009921318207442664,0.374994,0.09514956215063033,0.689824,0.2957414977163221,94.276428,34.60656519978972,0.000265,6.44204936336257e-06,2.372455,0.0,-3e-06,0.0,1.0,0.0,2.383364,0.0,-1e-05,0.0,1.0,0.0,0.601327,0.0,0.601158,0.0,0.107461,0.0,0.0,0.0,-1.12329,1.0,0.174843,42.3611,1.0,12.4432,136.199,1.0,11.9939,-13.3781,1.0,0.996652,3.06751,1.0,0.270129,0.884093,-0.478132,0.0721232,-0.0107686,-913.206,-27.388,15.8989,389.709,393.925,0.0,1.0,476.824,11.6878,11.826,0.0,1.0,290.104,288.415,97826.1,1.17644,1011.81,0.0245117,0.198775,0.00859237,1143.67,1729.34,0.00730368,66.1335,585.667,282.102,-1.76499,-6.7149,-0.192844,6.92753,-5.40324e-13,-0.0574383,6.92776,24.5061,318.52,254.954,,,0.977147,14.5581,-1891.8,-0.00281743,0.311023,0.03642,0.0,49.2333,-7.47134,16.9002,42.0839,64.1806,90.0142,134.858,-1.06518,1.05455,44.1092,1.1119,96.2375,1.37155,-12.2758,1.347,2.16749,1.37155,800000099.0,800100099.0,800000099.0,800100099.0,800000099.0,800000099.0,801010199.0,811010199.0,80000.0,80000.0,80.0,81.0,8.0,5.0,0.0,21.0,67.0,15.0,12.8231,13.8328,2.45975,0.0625195,0.00112413,55.3096,0.0370563,-0.0122758,2.16749,15.416,14.1844,16.2621,280.114,37.4691,0.423975,0.024399,0.0603194,167.237,288.316,288.192,97834.0,66.1335,286.756,287.108,15.7439,9.06475,9.99729,17.9783,12.1938,15.9256,22.4283,0.0,9.53102,0.004064,192600.0,4.064,1,-13.3059768,0.2264725173210623,13.604572517321062,2.9593338240806792
2023-06-26 09:30:00,Nit-A,winter,morning,Mid,0.033713,0.028669968201761233,2.917368,0.0008704043121831047,0.033327,0.027750618815142365,0.160097,0.13496495131487532,1.063657,0.019212184362360527,1.05731,0.01905886892848927,1.535898,0.02669783219195891,0.475349,0.02567059705889211,10.792591,0.19367947301824862,10.849382,0.1952454855561072,15.67531,0.2721301477833412,0.441786,0.0,0.0,0.0,0.0,0.0,0.0,0.0,90.269562,28.848023712902002,304.08667,85.31453497533565,0.683188,0.11712071737029849,0.5,0.0,0.8,0.0,35.657875,40.776580218112656,63.72,1.6079075429472574,63.29,1.5488275135297296,14.54,0.5270363681315866,13.33,0.26199681931911634,97.97,0.021385353243129374,156.2,0.1040832999733077,157.0,1.3245502381311625,-0.5,0.8336666000266533,130.0,239.1927395776608,3.646,0.042350206611066,99.0,106.5278836737124,59.69,11.37869793371221,50.46,17.596160329268812,23.91,16.082703928962523,103.42,155.2411353346786,23.35,0.0,43.56,4.899276579251267,71.77,3.9724149665746995,-33.989952,4.901163127390479e-05,18.955496,4.4392078872622e-05,342.0,2.6691921890493555,13.0,2.1385353243127256,0.83,0.05857473858242987,-0.3,0.0655108133567785,0.001,0.0012151817422372125,0.001,0.0016802777548171415,0.009,0.009042383860595221,0.531,2.928766760942223,0.418,2.32070321023607,4.029,7.265347395645425,1.0,0.0,150.0,0.0,2.0,0.0,55537.0,0.0,55537.0,0.0,55537.0,0.0,0.0,0.0,,,0.0,0.0,0.0,0.0,0.0,0.0,0.0,0.0,2.470576,0.0021152956625497643,2.483883,0.0023053536294174374,1.661158,0.0009128963522765898,0.937909,0.003304594415355695,0.415101,0.008582292584540989,-0.012249,0.006399677713760279,0.527439,0.13732601803170197,0.216316,0.20022960870821113,90.269562,28.848023712902002,0.00026,5.81864818206659e-06,2.372455,0.0,-3e-06,0.0,1.0,0.0,2.383364,0.0,-1e-05,0.0,1.0,0.0,0.601327,0.0,0.601158,0.0,0.107461,0.0,0.0,0.0,-0.541356,1.0,0.0851266,-37.7523,1.0,5.10942,25.4979,1.0,4.983,-3.17006,1.0,0.408306,0.573207,1.0,0.112021,0.52473,0.72895,-0.0274515,0.0163872,369.325,10.1578,16.1072,391.065,395.002,0.0,1.0,443.008,10.7557,10.8727,0.0,1.0,288.139,286.485,98103.2,1.18814,1011.25,0.0242789,0.0371438,0.00798301,1055.46,1526.25,0.00671889,69.1538,470.789,280.919,-2.32499,-5.19028,-0.217083,5.68171,-4.73657e-14,0.0229292,5.68176,18.5346,326.26,245.623,,,0.675005,8.44701,701.024,0.00760317,-1.4806,-0.0465489,0.0,39.2711,-5.95954,13.4805,33.5683,51.1938,71.8001,107.57,-0.517748,1.0456,-33.1667,1.10147,20.292,1.34954,-1.54528,1.05332,0.456174,1.34954,800000099.0,800100099.0,800000099.0,800100099.0,800000099.0,800000099.0,800010199.0,811010199.0,80000.0,80000.0,80.0,80.0,49.0,21.0,0.0,46.0,174.0,15.0,6.36563,8.44507,2.08332,0.0222645,0.000347565,14.1405,-0.0276043,-0.00154528,0.456174,13.4184,12.6853,12.6288,54.9154,1.34275,0.398956,0.0251494,0.0586725,-38.2388,286.304,286.354,98102.2,69.1538,284.162,284.145,-7.63868,9.61461,10.8031,-10.5029,-11.3392,-8.3985,-13.6073,0.0,10.208855,0.004064,171000.0,4.064,1,-3.1975115,1.1080024381900921,4.2780624381900925,4.980025961127592
2023-06-26 09:30:00,Nit-A,winter,morning,Old,0.016273,0.017034746175782406,2.917253,0.0009744425278075564,0.016182,0.016751077666526414,0.084318,0.08307530845718641,1.054547,0.018361923225522946,1.052128,0.018017316004518138,1.538156,0.05957515523236174,0.485724,0.0533429664581939,10.740034,0.1830084921453739,10.764226,0.18655323657862372,15.697388,0.6065439566822196,0.441786,0.0,0.0,0.0,0.0,0.0,0.0,0.0,88.937042,65.59912938159493,282.51709,105.98053900905187,0.655672,0.17896712044774216,0.5,0.0,0.8,0.0,29.821768,66.05354450492423,63.23,1.4418532056581421,63.16,1.4279880951884745,14.58,0.4227103026896793,13.35,0.567968015531391,97.97,0.020141168453362807,156.2,0.12622730819174632,157.0,0.2805946067431236,-0.5,0.21039645117412664,119.0,395.22630647938064,3.644,0.04539078467413133,80.0,85.60874176546847,59.32,7.18103056670838,51.03,10.472808251212602,38.46,22.435769677013536,163.67,164.48856472107718,23.35,0.0,43.38,4.903856475605023,71.63,3.947506681438298,-33.989937,5.4946185793655375e-05,18.955488,4.4516588668589947e-05,342.5,2.52301190684125,13.0,1.8138357147217061,0.82,0.04752893855326457,-0.3,0.061895072501775124,0.001,0.001661324772583615,0.002,0.0016832508230603463,0.01,0.005418822414845902,0.205,5.666893880248685,0.34,2.194333858676326,5.234500000000001,10.788398908086409,1.0,0.0,150.0,0.0,2.0,0.0,55537.0,0.0,55537.0,0.0,55537.0,0.0,0.0,0.0,,,0.0,0.0,0.0,0.0,0.0,0.0,0.0,0.0,2.470389,0.0019321284653632215,2.483192,0.0020533261731479065,1.661038,0.0010206635913299316,0.937935,0.0007038930245428061,0.414448,0.0069386239329807505,-0.012431,0.008137803808972872,0.533096,0.13548202355419703,0.206774,0.33095388575291973,88.937042,65.59912938159493,0.000259,5.478138369920936e-06,2.372455,0.0,-3e-06,0.0,1.0,0.0,2.383364,0.0,-1e-05,0.0,1.0,0.0,0.601327,0.0,0.601158,0.0,0.107461,0.0,0.0,0.0,-0.541356,1.0,0.0851266,-37.7523,1.0,5.10942,25.4979,1.0,4.983,-3.17006,1.0,0.408306,0.573207,1.0,0.112021,0.52473,0.72895,-0.0274515,0.0163872,369.325,10.1578,16.1072,391.065,395.002,0.0,1.0,443.008,10.7557,10.8727,0.0,1.0,288.139,286.485,98103.2,1.18814,1011.25,0.0242789,0.0371438,0.00798301,1055.46,1526.25,0.00671889,69.1538,470.789,280.919,-2.32499,-5.19028,-0.217083,5.68171,-4.73657e-14,0.0229292,5.68176,18.5346,326.26,245.623,,,0.675005,8.44701,701.024,0.00760317,-1.4806,-0.0465489,0.0,39.2711,-5.95954,13.4805,33.5683,51.1938,71.8001,107.57,-0.517748,1.0456,-33.1667,1.10147,20.292,1.34954,-1.54528,1.05332,0.456174,1.34954,800000099.0,800100099.0,800000099.0,800100099.0,800000099.0,800000099.0,800010199.0,811010199.0,80000.0,80000.0,80.0,80.0,49.0,21.0,0.0,46.0,174.0,15.0,6.36563,8.44507,2.08332,0.0222645,0.000347565,14.1405,-0.0276043,-0.00154528,0.456174,13.4184,12.6853,12.6288,54.9154,1.34275,0.398956,0.0251494,0.0586725,-38.2388,286.304,286.354,98102.2,69.1538,284.162,284.145,-7.63868,9.61461,10.8031,-10.5029,-11.3392,-8.3985,-13.6073,0.0,10.208855,0.004064,171000.0,4.064,1,-3.1975115,1.1080024381900921,4.2780624381900925,4.980025961127592
2023-06-26 09:30:00,Nit-A,winter,morning,Yng,0.030367,0.014540198348028133,2.917276,0.001094983231226205,0.030054,0.014301906353117172,0.149061,0.06808194125214116,1.063519,0.020159052695831986,1.058773,0.020184623456565427,1.535133,0.01955062517730149,0.470661,0.018179997849468128,10.806091,0.2055856617036395,10.85628,0.20539744235492197,15.672457,0.19844680689194794,0.441786,0.0,0.0,0.0,0.0,0.0,0.0,0.0,84.782478,29.012580292430606,310.073029,56.523641766907936,0.713064,0.06904818688005744,0.5,0.0,0.8,0.0,35.270546,11.973110877412665,63.26,1.8032015047316972,63.16,1.7920665910246423,14.56,0.6396092557178944,13.32,0.19551214796017086,97.96,0.019553345834752517,156.2,0.14142135623730318,157.1,0.2454927018602906,-0.6,0.18055470085267789,126.0,55.101663616748745,3.647,0.04536654420752542,89.0,97.16823898098939,63.81,13.75829295370614,44.14,21.325554701656262,30.75,12.452334479927849,154.29,133.9727508077669,23.35,0.0,43.94,4.862611712512798,72.06,3.971058842844467,-33.989944,5.0675339168906026e-05,18.955471,5.349071570474614e-05,342.0,2.555710921980945,13.0,2.466441431158124,0.83,0.06582805886043831,-0.3,0.06753270812477957,0.001,0.0014571661996262927,0.002,0.0018009256878986797,0.011,0.005132171205888372,0.286,1.7754046017739167,0.713,1.4338230806716243,1.707,6.2308079671882535,1.0,0.0,150.0,0.0,2.0,0.0,55537.0,0.0,55537.0,0.0,55537.0,0.0,0.0,0.0,,,0.0,0.0,0.0,0.0,0.0,0.0,0.0,0.0,2.470404,0.002461611120113427,2.483271,0.002596748927023939,1.661061,0.001147714107839304,0.938025,0.00059743955621745,0.414657,0.010362596943655924,-0.01331,0.006900445227664661,0.520233,0.13837471821681635,0.212663,0.04613474021793842,84.782478,29.012580292430606,0.00026,5.5656685731964635e-06,2.372455,0.0,-3e-06,0.0,1.0,0.0,2.383364,0.0,-1e-05,0.0,1.0,0.0,0.601327,0.0,0.601158,0.0,0.107461,0.0,0.0,0.0,-0.541356,1.0,0.0851266,-37.7523,1.0,5.10942,25.4979,1.0,4.983,-3.17006,1.0,0.408306,0.573207,1.0,0.112021,0.52473,0.72895,-0.0274515,0.0163872,369.325,10.1578,16.1072,391.065,395.002,0.0,1.0,443.008,10.7557,10.8727,0.0,1.0,288.139,286.485,98103.2,1.18814,1011.25,0.0242789,0.0371438,0.00798301,1055.46,1526.25,0.00671889,69.1538,470.789,280.919,-2.32499,-5.19028,-0.217083,5.68171,-4.73657e-14,0.0229292,5.68176,18.5346,326.26,245.623,,,0.675005,8.44701,701.024,0.00760317,-1.4806,-0.0465489,0.0,39.2711,-5.95954,13.4805,33.5683,51.1938,71.8001,107.57,-0.517748,1.0456,-33.1667,1.10147,20.292,1.34954,-1.54528,1.05332,0.456174,1.34954,800000099.0,800100099.0,800000099.0,800100099.0,800000099.0,800000099.0,800010199.0,811010199.0,80000.0,80000.0,80.0,80.0,49.0,21.0,0.0,46.0,174.0,15.0,6.36563,8.44507,2.08332,0.0222645,0.000347565,14.1405,-0.0276043,-0.00154528,0.456174,13.4184,12.6853,12.6288,54.9154,1.34275,0.398956,0.0251494,0.0586725,-38.2388,286.304,286.354,98102.2,69.1538,284.162,284.145,-7.63868,9.61461,10.8031,-10.5029,-11.3392,-8.3985,-13.6073,0.0,10.208855,0.004064,171000.0,4.064,1,-3.1975115,1.1080024381900921,4.2780624381900925,4.980025961127592
2023-06-26 12:30:00,Nit-A,winter,noon,Mid,0.066708,0.03139013527538018,2.917388,0.0010334319474449747,0.065216,0.02960253089872553,0.474144,0.2465457666214125,1.159013,0.012565891368038082,1.145523,0.012965988476009284,1.922026,0.10565721688376675,0.753919,0.10550416709160514,11.711239,0.1294639791343783,11.847094,0.12519257030867809,19.63826,1.0795737392589537,0.441786,0.0,0.0,0.0,0.0,0.0,0.0,0.0,86.727264,67.16009418196344,155.979401,105.22186773194686,0.446423,0.23727311195377085,0.5,0.0,0.8,0.0,218.025955,123.67417023280905,55.18,1.3386840553319552,54.17,1.2645831987918694,18.39,0.32188144815547515,16.82,0.8432087523264926,97.84,0.035534021256633824,156.2,0.132035348802262,156.6,1.8772053696918627,-0.3,1.2277078914247745,1284.0,270.0436507924846,3.747,0.033014037418448154,118.0,57.194609303091966,30.59,11.846174530201726,86.08,10.914880866657837,31.92,15.458049327130508,161.57,159.20045890113926,23.35,0.004082482904638473,11.62,174.3940476163106,57.59,0.3187799659117039,-33.989975,5.452638505448229e-05,18.95549,8.008428892913393e-05,343.0,3.3332518918850114,13.0,1.1902380714238092,0.87,0.040447496832313336,0.32,0.06292058486695748,0.0,0.002035517952102937,0.001,0.0023079572497485016,0.0155,0.009763376947130777,0.108,2.0580175800998393,0.395,2.3689233510887036,1.8535,15.424718994696775,1.0,0.0,150.0,0.0,2.0,0.0,55537.0,0.0,55537.0,0.0,55537.0,0.0,0.0,0.0,,,0.0,0.0,0.0,0.0,0.0,0.0,0.0,0.0,2.457767,0.0017446583715252293,2.470845,0.0018328521262409834,1.661179,0.00108479107051387,0.936793,0.004664321837809527,0.35542,0.004599461255408052,-0.015,0.00996485591081644,0.444444,0.12596848683549128,1.18286,0.226104038085111,86.727264,67.16009418196344,0.000265,7.147726911403366e-06,2.372455,0.0,-3e-06,0.0,1.0,0.0,2.383364,0.0,-1e-05,0.0,1.0,0.0,0.601327,0.0,0.601158,0.0,0.107461,0.0,0.0,0.0,-0.822837,1.0,0.114423,108.597,1.0,8.81888,124.58,1.0,8.50825,-14.4243,1.0,1.18333,2.80416,1.0,0.191511,0.607519,-0.103441,-0.0291049,-0.00232834,-1119.07,-32.6387,15.9881,390.318,394.557,0.0,1.0,466.308,11.384,11.5151,0.0,1.0,289.444,287.798,98011.5,1.18133,1011.63,0.024413,0.18171,0.00840288,1116.06,1662.0,0.00711304,67.1515,545.944,281.741,-2.32597,-6.65445,-0.290749,7.05268,6.35746e-14,-0.0699938,7.05303,20.3716,320.646,250.423,,,0.834585,9.98852,-460.383,-0.0115773,0.871701,0.108881,0.0,44.8706,-6.80929,15.4026,38.3548,58.4934,82.0379,122.908,-0.779694,1.05533,102.946,1.11367,83.5388,1.396,-15.0821,1.36368,1.88037,1.396,800000099.0,800100099.0,800000099.0,800100099.0,800000099.0,800000099.0,800000199.0,811000199.0,80000.0,80000.0,80.0,81.0,14.0,5.0,0.0,32.0,36.0,23.0,8.32952,9.38632,2.26117,0.0562392,0.00153196,32.5875,0.0861426,-0.0150821,1.88037,14.759,14.2403,17.4386,520.232,79.6001,0.416742,0.0289123,0.0702283,289.479,287.952,287.646,98046.8,67.1515,285.307,285.758,41.6842,9.37378,10.4767,18.6808,8.15546,10.6632,31.6843,0.0,9.925239999999999,0.004064,181800.0,4.064,1,-14.4534049,0.6486462945463947,15.072946294546394,3.5866594563627214
2023-06-26 12:30:00,Nit-A,winter,noon,Old,0.01991,0.021669970673568833,2.917238,0.0008359474524951435,0.019775,0.021143129410677756,0.155343,0.1665562178961106,1.139493,0.016791421043894257,1.135129,0.014071938372993762,1.954395,0.10999895583781698,0.81458,0.11599747167754706,11.60334,0.14031611333105415,11.643612,0.16820899189840255,19.976744,1.12686458112001,0.441786,0.0,0.0,0.0,0.0,0.0,0.0,0.0,87.154625,55.386401988983565,183.777451,113.67813383788595,0.390571,0.20266100481592408,0.5,0.0,0.8,0.0,188.103104,103.41203406505345,53.95,1.3799055523235377,53.87,1.2815593366416302,18.31,0.25545710664088705,17.08,0.8782706492496101,97.83,0.03460250472630249,156.2,0.11789826122552113,156.6,3.811745007211263,-0.3,2.41848437387275,1304.0,352.9340448299086,3.746,0.035531113126385835,105.0,60.57158299620925,27.66,10.195641634214756,88.57,8.55116586593119,33.11,14.471287399537058,160.36,130.9435390896906,23.35,0.004082482904638473,11.09,174.38476414717735,57.55,0.28867917601841175,-33.989967,5.353572016189915e-05,18.955473,7.443603517913465e-05,342.299988,3.0436358736581446,13.0,1.2806248474865698,0.85,0.04123105625617664,0.32,0.022912878474779193,0.0,0.0010923979738782627,0.001,0.001255653880122491,0.011,0.008059622592892876,-0.3,1.9528451961177056,-0.378,2.397341183478063,0.245,8.228919935839546,1.0,0.0,150.0,0.0,2.0,0.0,55537.0,0.0,55537.0,0.0,55537.0,0.0,0.0,0.0,,,0.0,0.0,0.0,0.0,0.0,0.0,0.0,0.0,2.457392,0.0017562713419816292,2.469191,0.0018978506193407384,1.661022,0.0008771964337212784,0.936862,0.009426790737396612,0.356615,0.0036601210020981477,-0.013944,0.010987895683887793,0.451794,0.12300106117891832,1.199363,0.2954342322658462,87.154625,55.386401988983565,0.000264,7.91475415495222e-06,2.372455,0.0,-3e-06,0.0,1.0,0.0,2.383364,0.0,-1e-05,0.0,1.0,0.0,0.601327,0.0,0.601158,0.0,0.107461,0.0,0.0,0.0,-0.822837,1.0,0.114423,108.597,1.0,8.81888,124.58,1.0,8.50825,-14.4243,1.0,1.18333,2.80416,1.0,0.191511,0.607519,-0.103441,-0.0291049,-0.00232834,-1119.07,-32.6387,15.9881,390.318,394.557,0.0,1.0,466.308,11.384,11.5151,0.0,1.0,289.444,287.798,98011.5,1.18133,1011.63,0.024413,0.18171,0.00840288,1116.06,1662.0,0.00711304,67.1515,545.944,281.741,-2.32597,-6.65445,-0.290749,7.05268,6.35746e-14,-0.0699938,7.05303,20.3716,320.646,250.423,,,0.834585,9.98852,-460.383,-0.0115773,0.871701,0.108881,0.0,44.8706,-6.80929,15.4026,38.3548,58.4934,82.0379,122.908,-0.779694,1.05533,102.946,1.11367,83.5388,1.396,-15.0821,1.36368,1.88037,1.396,800000099.0,800100099.0,800000099.0,800100099.0,800000099.0,800000099.0,800000199.0,811000199.0,80000.0,80000.0,80.0,81.0,14.0,5.0,0.0,32.0,36.0,23.0,8.32952,9.38632,2.26117,0.0562392,0.00153196,32.5875,0.0861426,-0.0150821,1.88037,14.759,14.2403,17.4386,520.232,79.6001,0.416742,0.0289123,0.0702283,289.479,287.952,287.646,98046.8,67.1515,285.307,285.758,41.6842,9.37378,10.4767,18.6808,8.15546,10.6632,31.6843,0.0,9.925239999999999,0.004064,181800.0,4.064,1,-14.4534049,0.6486462945463947,15.072946294546394,3.5866594563627214
2023-06-26 12:30:00,Nit-A,winter,noon,Yng,0.080488,0.03108004302737262,2.918052,0.0009137428285171066,0.078327,0.029386117847831926,0.658152,0.2785659837300193,1.17049,0.01709369630672864,1.150081,0.016281721261586474,2.01284,0.11336241201452099,0.839899,0.1060218403639867,11.751245,0.16434210981910038,11.966514,0.17360816738124132,20.561058,1.1562814254166358,0.441786,0.0,0.0,0.0,0.0,0.0,0.0,0.0,100.367546,49.218528258793675,207.553619,76.65231396048314,0.376404,0.16768128825292344,0.5,0.0,0.8,0.0,134.116074,100.43785710765057,54.43,0.9451460204645663,53.86,1.0944937947136373,18.8,0.36351386951990244,17.55,0.8888470059577183,97.85,0.03586084215407646,156.3,0.11180339887499748,156.6,1.3693307367713168,-0.2,0.8787680771018785,1084.0,332.3223685921047,3.75,0.03753478386776743,99.0,74.01808337606876,27.39,12.769778097784888,88.79,13.43498905842502,31.18,9.836912201837867,149.79,157.21630854441705,23.35,0.004082482904638473,12.15,174.36170405988426,57.62,0.3554574517435264,-33.989964,7.456317232020656e-05,18.955498,6.0716197730419555e-05,343.399994,3.398493795599983,13.0,1.0754843869934454,0.86,0.06951498639382254,0.32,0.07593857166596345,0.0,0.0015937377450509227,0.001,0.001790716802475106,0.015,0.012192461871263468,0.041,2.7710041501232,-0.166,1.5938656133229472,-0.026,16.243740059437577,1.0,0.0,150.0,0.0,2.0,0.0,55537.0,0.0,55537.0,0.0,55537.0,0.0,0.0,0.0,,,0.0,0.0,0.0,0.0,0.0,0.0,0.0,0.0,2.457341,0.0015213179286394161,2.469812,0.0012933209810408104,1.661876,0.0009587361437504153,0.936981,0.003441552809900427,0.349672,0.005160630952057445,-0.013474,0.00937283567852689,0.436845,0.12896859092550403,1.01535,0.2782492261009004,100.367546,49.218528258793675,0.000262,6.210743380090128e-06,2.372455,0.0,-3e-06,0.0,1.0,0.0,2.383364,0.0,-1e-05,0.0,1.0,0.0,0.601327,0.0,0.601158,0.0,0.107461,0.0,0.0,0.0,-0.822837,1.0,0.114423,108.597,1.0,8.81888,124.58,1.0,8.50825,-14.4243,1.0,1.18333,2.80416,1.0,0.191511,0.607519,-0.103441,-0.0291049,-0.00232834,-1119.07,-32.6387,15.9881,390.318,394.557,0.0,1.0,466.308,11.384,11.5151,0.0,1.0,289.444,287.798,98011.5,1.18133,1011.63,0.024413,0.18171,0.00840288,1116.06,1662.0,0.00711304,67.1515,545.944,281.741,-2.32597,-6.65445,-0.290749,7.05268,6.35746e-14,-0.0699938,7.05303,20.3716,320.646,250.423,,,0.834585,9.98852,-460.383,-0.0115773,0.871701,0.108881,0.0,44.8706,-6.80929,15.4026,38.3548,58.4934,82.0379,122.908,-0.779694,1.05533,102.946,1.11367,83.5388,1.396,-15.0821,1.36368,1.88037,1.396,800000099.0,800100099.0,800000099.0,800100099.0,800000099.0,800000099.0,800000199.0,811000199.0,80000.0,80000.0,80.0,81.0,14.0,5.0,0.0,32.0,36.0,23.0,8.32952,9.38632,2.26117,0.0562392,0.00153196,32.5875,0.0861426,-0.0150821,1.88037,14.759,14.2403,17.4386,520.232,79.6001,0.416742,0.0289123,0.0702283,289.479,287.952,287.646,98046.8,67.1515,285.307,285.758,41.6842,9.37378,10.4767,18.6808,8.15546,10.6632,31.6843,0.0,9.925239999999999,0.004064,181800.0,4.064,1,-14.4534049,0.6486462945463947,15.072946294546394,3.5866594563627214
2023-06-26 15:30:00,Nit-S,winter,afternoon,Mid,0.085907,0.04465363763786029,2.917131,0.0007579826141365456,0.083449,0.041751601575348775,0.509804,0.39016322326575503,1.147274,0.022997791595643857,1.129672,0.017735137857936078,1.819362,0.1591688747091486,0.67049,0.14657513528621877,11.560082,0.18216205642397063,11.740576,0.23597724495282055,18.616776,1.6294560579687607,0.441786,0.0,0.0,0.0,0.0,0.0,0.0,0.0,153.310776,80.46764911891606,388.207916,101.36560517917395,0.587245,0.1612036621472664,0.5,0.0,0.8,0.0,59.021065,37.00896282673776,58.08,2.5315599933637833,57.43,2.8071680272711412,17.15,0.8744459198067479,15.95,1.3247229899114774,97.72,0.013808210118139215,156.1,0.1004987562112077,156.8,0.3564641169411966,-0.4,0.2535087112244206,215.0,334.1693682351311,3.786,0.03137313075441028,309.0,148.54446023553578,42.44,12.186650825117349,73.8,14.001925165252574,30.38,11.841785662080978,137.92,117.20137487532588,23.34,0.0,318.74,4.460184114286495,70.09,2.864071868278908,-33.989944,3.526409883447884e-05,18.955528,7.270884861512714e-05,347.200012,4.319749908432631,14.0,2.051828452868319,0.76,0.13587003594121358,-0.11,0.30231054673409374,0.0,0.0015275252316519466,0.001,0.0023452078799117153,0.0015,0.008726040960806522,0.299,2.6198147529930433,0.501,2.381112798672083,9.442499999999999,14.767125537618714,1.0,0.0,150.0,0.0,2.0,0.0,55537.0,0.0,55537.0,0.0,55537.0,0.0,0.0,0.0,,,0.0,0.0,0.0,0.0,0.0,0.0,0.0,0.0,2.462354,0.0038953604955129346,2.475718,0.003940490897083943,1.66091,0.0007942707200109232,0.937301,0.0008986120093417766,0.373593,0.01274679122603017,-0.015798,0.00744012838643707,0.430489,0.12979152516118558,0.287077,0.2798160309907684,153.310776,80.46764911891606,0.000263,7.689169872836298e-06,2.372455,0.0,-3e-06,0.0,1.0,0.0,2.383364,0.0,-1e-05,0.0,1.0,0.0,0.601327,0.0,0.601158,0.0,0.107461,0.0,0.0,0.0,-1.12329,1.0,0.174843,42.3611,1.0,12.4432,136.199,1.0,11.9939,-13.3781,1.0,0.996652,3.06751,1.0,0.270129,0.884093,-0.478132,0.0721232,-0.0107686,-913.206,-27.388,15.8989,389.709,393.925,0.0,1.0,476.824,11.6878,11.826,0.0,1.0,290.104,288.415,97826.1,1.17644,1011.81,0.0245117,0.198775,0.00859237,1143.67,1729.34,0.00730368,66.1335,585.667,282.102,-1.76499,-6.7149,-0.192844,6.92753,-5.40324e-13,-0.0574383,6.92776,24.5061,318.52,254.954,,,0.977147,14.5581,-1891.8,-0.00281743,0.311023,0.03642,0.0,49.2333,-7.47134,16.9002,42.0839,64.1806,90.0142,134.858,-1.06518,1.05455,44.1092,1.1119,96.2375,1.37155,-12.2758,1.347,2.16749,1.37155,800000099.0,800100099.0,800000099.0,800100099.0,800000099.0,800000099.0,801010199.0,811010199.0,80000.0,80000.0,80.0,81.0,8.0,5.0,0.0,21.0,67.0,15.0,12.8231,13.8328,2.45975,0.0625195,0.00112413,55.3096,0.0370563,-0.0122758,2.16749,15.416,14.1844,16.2621,280.114,37.4691,0.423975,0.024399,0.0603194,167.237,288.316,288.192,97834.0,66.1335,286.756,287.108,15.7439,9.06475,9.99729,17.9783,12.1938,15.9256,22.4283,0.0,9.53102,0.004064,192600.0,4.064,1,-13.3059768,0.2264725173210623,13.604572517321062,2.9593338240806792
2023-06-26 15:30:00,Nit-S,winter,afternoon,Old,0.052571,0.03994370760094761,2.917967,0.0008781154062347126,0.05164,0.038329300506401105,0.321753,0.26051279733009286,1.148214,0.021644345721766184,1.142951,0.019878686832719497,1.769943,0.1408407485424583,0.622349,0.13963875888297148,11.693167,0.2043696328768287,11.747121,0.22247846178759229,18.107712,1.4427032773181983,0.441786,0.0,0.0,0.0,0.0,0.0,0.0,0.0,123.895523,49.93137869610111,328.675018,77.35251271932782,0.590679,0.17788403297571898,0.5,0.0,0.8,0.0,43.324623,34.76402442453572,58.38,2.683420578291822,57.93,2.809310413606871,17.1,0.8496093219827563,15.52,1.1866243438145598,97.72,0.021579311079520946,156.2,0.11518101695447994,156.7,3.671057976478532,-0.3,2.344909379912153,197.0,293.6565454177152,3.785,0.04014037867285257,319.0,158.3843216146514,43.41,11.023065862091181,72.64,14.066848296615698,26.97,10.909358749868543,139.0,31.93766735376896,23.34,0.0,318.54,4.3875032003787275,70.23,2.8522790302960517,-33.989971,4.1308271973315625e-05,18.95553,7.287004414362272e-05,346.700012,4.409886850258017,14.0,1.6309506430300087,0.76,0.1095034246039821,-0.11,0.30231054673409374,-0.0,0.0019561867668161613,0.0,0.0019891371663780925,-0.0015,0.015210604853193707,0.087,2.0488962337479824,0.538,2.4512523649487146,7.252000000000001,9.45239905262151,1.0,0.0,150.0,0.0,2.0,0.0,55537.0,0.0,55537.0,0.0,55537.0,0.0,0.0,0.0,,,0.0,0.0,0.0,0.0,0.0,0.0,0.0,0.0,2.463018,0.0038899687008168075,2.47613,0.004152501993577579,1.661787,0.0009209435885727714,0.937213,0.00916416022466505,0.374426,0.012423132417926334,-0.017435,0.007125396268044794,0.435373,0.12633807642654687,0.272728,0.2458884112329547,123.895523,49.93137869610111,0.000267,6.841783393238933e-06,2.372455,0.0,-3e-06,0.0,1.0,0.0,2.383364,0.0,-1e-05,0.0,1.0,0.0,0.601327,0.0,0.601158,0.0,0.107461,0.0,0.0,0.0,-1.12329,1.0,0.174843,42.3611,1.0,12.4432,136.199,1.0,11.9939,-13.3781,1.0,0.996652,3.06751,1.0,0.270129,0.884093,-0.478132,0.0721232,-0.0107686,-913.206,-27.388,15.8989,389.709,393.925,0.0,1.0,476.824,11.6878,11.826,0.0,1.0,290.104,288.415,97826.1,1.17644,1011.81,0.0245117,0.198775,0.00859237,1143.67,1729.34,0.00730368,66.1335,585.667,282.102,-1.76499,-6.7149,-0.192844,6.92753,-5.40324e-13,-0.0574383,6.92776,24.5061,318.52,254.954,,,0.977147,14.5581,-1891.8,-0.00281743,0.311023,0.03642,0.0,49.2333,-7.47134,16.9002,42.0839,64.1806,90.0142,134.858,-1.06518,1.05455,44.1092,1.1119,96.2375,1.37155,-12.2758,1.347,2.16749,1.37155,800000099.0,800100099.0,800000099.0,800100099.0,800000099.0,800000099.0,801010199.0,811010199.0,80000.0,80000.0,80.0,81.0,8.0,5.0,0.0,21.0,67.0,15.0,12.8231,13.8328,2.45975,0.0625195,0.00112413,55.3096,0.0370563,-0.0122758,2.16749,15.416,14.1844,16.2621,280.114,37.4691,0.423975,0.024399,0.0603194,167.237,288.316,288.192,97834.0,66.1335,286.756,287.108,15.7439,9.06475,9.99729,17.9783,12.1938,15.9256,22.4283,0.0,9.53102,0.004064,192600.0,4.064,1,-13.3059768,0.2264725173210623,13.604572517321062,2.9593338240806792
2023-06-26 15:30:00,Nit-S,winter,afternoon,Yng,0.087601,0.036070881613290244,2.917374,0.0011476097158878236,0.085048,0.03417333080624909,0.593492,0.33830173757005255,1.151107,0.02459671418821364,1.132256,0.01985312200696236,1.778124,0.1921240079729321,0.626317,0.1731669518905287,11.586679,0.203568228604172,11.778566,0.2518681876862841,18.199467,1.9658222985663456,0.441786,0.0,0.0,0.0,0.0,0.0,0.0,0.0,141.541962,66.13944769438594,299.541595,67.20597178299182,0.526297,0.1666390640606418,0.5,0.0,0.8,0.0,56.183617,24.878031131158533,57.83,2.489212258258961,57.43,2.753477619302541,17.21,0.8844747970782826,15.6,1.5692410054970318,97.72,0.01779513042005131,156.2,0.1518771433319334,156.9,0.213931453196271,-0.4,0.17320508075688773,325.0,312.8168899958355,3.787,0.031802620437106834,43.0,143.2143731148053,47.14,14.421646923982015,68.02,18.370544067428522,20.59,13.463278761133932,124.14,64.86966167374905,23.34,0.0,318.94,4.479129826205072,69.95,2.850445871555292,-33.989956,3.524258787483912e-05,18.955528,7.746650889200927e-05,348.100006,4.095355609154491,14.0,2.218858565419016,0.79,0.1206620625272638,-0.24,0.3181650515062897,-0.0,0.002292742171869019,0.001,0.0020615528128088306,0.004,0.009861216443400364,-0.385,1.71535420248997,0.155,2.35279282768373,11.81,8.693144712933288,1.0,0.0,150.0,0.0,2.0,0.0,55537.0,0.0,55537.0,0.0,55537.0,0.0,0.0,0.0,,,0.0,0.0,0.0,0.0,0.0,0.0,0.0,0.0,2.462342,0.003823951973199551,2.475405,0.003912865266016721,1.661165,0.0012046591039238754,0.937577,0.0005353828847967897,0.37275,0.012884994625920491,-0.016285,0.008989579435286912,0.425612,0.13214359031470274,0.379948,0.26188095919393095,141.541962,66.13944769438594,0.000265,6.557946833168648e-06,2.372455,0.0,-3e-06,0.0,1.0,0.0,2.383364,0.0,-1e-05,0.0,1.0,0.0,0.601327,0.0,0.601158,0.0,0.107461,0.0,0.0,0.0,-1.12329,1.0,0.174843,42.3611,1.0,12.4432,136.199,1.0,11.9939,-13.3781,1.0,0.996652,3.06751,1.0,0.270129,0.884093,-0.478132,0.0721232,-0.0107686,-913.206,-27.388,15.8989,389.709,393.925,0.0,1.0,476.824,11.6878,11.826,0.0,1.0,290.104,288.415,97826.1,1.17644,1011.81,0.0245117,0.198775,0.00859237,1143.67,1729.34,0.00730368,66.1335,585.667,282.102,-1.76499,-6.7149,-0.192844,6.92753,-5.40324e-13,-0.0574383,6.92776,24.5061,318.52,254.954,,,0.977147,14.5581,-1891.8,-0.00281743,0.311023,0.03642,0.0,49.2333,-7.47134,16.9002,42.0839,64.1806,90.0142,134.858,-1.06518,1.05455,44.1092,1.1119,96.2375,1.37155,-12.2758,1.347,2.16749,1.37155,800000099.0,800100099.0,800000099.0,800100099.0,800000099.0,800000099.0,801010199.0,811010199.0,80000.0,80000.0,80.0,81.0,8.0,5.0,0.0,21.0,67.0,15.0,12.8231,13.8328,2.45975,0.0625195,0.00112413,55.3096,0.0370563,-0.0122758,2.16749,15.416,14.1844,16.2621,280.114,37.4691,0.423975,0.024399,0.0603194,167.237,288.316,288.192,97834.0,66.1335,286.756,287.108,15.7439,9.06475,9.99729,17.9783,12.1938,15.9256,22.4283,0.0,9.53102,0.004064,192600.0,4.064,1,-13.3059768,0.2264725173210623,13.604572517321062,2.9593338240806792
2023-06-26 09:30:00,Nit-S,winter,morning,Mid,0.048582,0.027063469861112303,2.917171,0.0011194713737594378,0.047786,0.026066822523276606,0.205243,0.12260435322936128,1.066996,0.010942761900452737,1.060227,0.012490541952746959,1.501654,0.024210489164478547,0.433058,0.029688680961773954,10.824603,0.12681524657939683,10.892192,0.11104441849642857,15.323741,0.24774966485817843,0.441786,0.0,0.0,0.0,0.0,0.0,0.0,0.0,110.260963,45.97267143407634,441.974396,60.49091442407588,0.713089,0.07304546310974196,0.5,0.0,0.8,0.0,34.04612,10.319393615040383,63.86,1.1853199286831133,63.33,1.2597396556431824,14.58,0.23968868698098109,12.99,0.24645283524439268,97.99,0.017729448195957277,156.1,0.14399074044303162,157.1,0.18055470085267444,-0.6,0.11547005383792512,125.0,30.302640149003523,3.658,0.038273445973241824,308.0,142.22525561001228,71.34,4.658609162972715,32.0,7.688447979490617,16.97,9.600185380154558,147.92,83.48651278699651,23.35,0.0,45.61,3.771458957309053,73.37,3.036549192751541,-33.98996,3.934992587983081e-05,18.955544,8.247629962543418e-05,341.899994,2.2679077027219727,14.0,1.786057109949176,0.79,0.042493136700726956,-0.32,0.07147260547463857,0.0,0.002083266665599966,0.001,0.0021,0.0,0.009284395510748129,0.405,1.1661138909500506,1.041,1.5385388360389218,8.9865,5.220996067163174,1.0,0.0,150.0,0.0,2.0,0.0,55537.0,0.0,55537.0,0.0,55537.0,0.0,0.0,0.0,,,0.0,0.0,0.0,0.0,0.0,0.0,0.0,0.0,2.470594,0.0016805977607192363,2.484002,0.0016838547047376235,1.660951,0.0011738130004391482,0.938095,0.000418192372001215,0.414379,0.003950665575992643,-0.01718,0.00399583050483042,0.480874,0.10426199554698728,0.211987,0.02540688610934708,110.260963,45.97267143407634,0.000261,4.020779360604947e-06,2.372455,0.0,-3e-06,0.0,1.0,0.0,2.383364,0.0,-1e-05,0.0,1.0,0.0,0.601327,0.0,0.601158,0.0,0.107461,0.0,0.0,0.0,-0.541356,1.0,0.0851266,-37.7523,1.0,5.10942,25.4979,1.0,4.983,-3.17006,1.0,0.408306,0.573207,1.0,0.112021,0.52473,0.72895,-0.0274515,0.0163872,369.325,10.1578,16.1072,391.065,395.002,0.0,1.0,443.008,10.7557,10.8727,0.0,1.0,288.139,286.485,98103.2,1.18814,1011.25,0.0242789,0.0371438,0.00798301,1055.46,1526.25,0.00671889,69.1538,470.789,280.919,-2.32499,-5.19028,-0.217083,5.68171,-4.73657e-14,0.0229292,5.68176,18.5346,326.26,245.623,,,0.675005,8.44701,701.024,0.00760317,-1.4806,-0.0465489,0.0,39.2711,-5.95954,13.4805,33.5683,51.1938,71.8001,107.57,-0.517748,1.0456,-33.1667,1.10147,20.292,1.34954,-1.54528,1.05332,0.456174,1.34954,800000099.0,800100099.0,800000099.0,800100099.0,800000099.0,800000099.0,800010199.0,811010199.0,80000.0,80000.0,80.0,80.0,49.0,21.0,0.0,46.0,174.0,15.0,6.36563,8.44507,2.08332,0.0222645,0.000347565,14.1405,-0.0276043,-0.00154528,0.456174,13.4184,12.6853,12.6288,54.9154,1.34275,0.398956,0.0251494,0.0586725,-38.2388,286.304,286.354,98102.2,69.1538,284.162,284.145,-7.63868,9.61461,10.8031,-10.5029,-11.3392,-8.3985,-13.6073,0.0,10.208855,0.004064,171000.0,4.064,1,-3.1975115,1.1080024381900921,4.2780624381900925,4.980025961127592
2023-06-26 09:30:00,Nit-S,winter,morning,Old,0.028141,0.030361034405522708,2.917474,0.0006209136467068012,0.027872,0.029612390329500027,0.122067,0.13417433879275623,1.063944,0.012798841272422548,1.056641,0.012358759283466435,1.50452,0.02695956626134775,0.441866,0.0263098934560113,10.784226,0.12555466390204983,10.85995,0.13018584356061938,15.354831,0.2750968610648623,0.441786,0.0,0.0,0.0,0.0,0.0,0.0,0.0,148.519638,48.17728762750412,382.828461,59.637603561414906,0.60291,0.11087726930710372,0.5,0.0,0.8,0.0,25.078236,16.563108713722773,63.84,1.2719267536563048,63.59,1.2328659024132969,14.62,0.17281782315490557,13.01,0.2733965374079684,97.98,0.019476481543992258,156.2,0.08660254037844353,157.1,0.30822070014844544,-0.6,0.21408720964441882,114.0,53.65500908582535,3.655,0.034306559139616506,314.0,119.46826635833749,69.78,6.169563652858009,34.56,9.909695790823584,19.12,12.420233827643235,159.27,96.46251990108213,23.35,0.0,45.24,3.752425571102861,73.07,2.999793159536165,-33.989948,4.319540870585818e-05,18.955505,7.170548561056275e-05,342.0,2.0695642251630595,13.0,1.2909944487358058,0.78,0.054872579673275794,-0.33,0.0677077051252908,0.0,0.0018592113023179122,0.0,0.002345207879911715,-0.001,0.006845923361144694,0.214,0.979032750558768,1.505,1.7391014749001852,12.1375,5.9262933015362425,1.0,0.0,150.0,0.0,2.0,0.0,55537.0,0.0,55537.0,0.0,55537.0,0.0,0.0,0.0,,,0.0,0.0,0.0,0.0,0.0,0.0,0.0,0.0,2.470935,0.0016364163060380314,2.484004,0.0017794995007958084,1.661269,0.0006511930256587945,0.938159,0.0007764951877936335,0.413681,0.0028581616311888153,-0.017792,0.003634503270507998,0.487354,0.10262945152305614,0.203003,0.044980134019809236,148.519638,48.17728762750412,0.00026,7.3102667529988244e-06,2.372455,0.0,-3e-06,0.0,1.0,0.0,2.383364,0.0,-1e-05,0.0,1.0,0.0,0.601327,0.0,0.601158,0.0,0.107461,0.0,0.0,0.0,-0.541356,1.0,0.0851266,-37.7523,1.0,5.10942,25.4979,1.0,4.983,-3.17006,1.0,0.408306,0.573207,1.0,0.112021,0.52473,0.72895,-0.0274515,0.0163872,369.325,10.1578,16.1072,391.065,395.002,0.0,1.0,443.008,10.7557,10.8727,0.0,1.0,288.139,286.485,98103.2,1.18814,1011.25,0.0242789,0.0371438,0.00798301,1055.46,1526.25,0.00671889,69.1538,470.789,280.919,-2.32499,-5.19028,-0.217083,5.68171,-4.73657e-14,0.0229292,5.68176,18.5346,326.26,245.623,,,0.675005,8.44701,701.024,0.00760317,-1.4806,-0.0465489,0.0,39.2711,-5.95954,13.4805,33.5683,51.1938,71.8001,107.57,-0.517748,1.0456,-33.1667,1.10147,20.292,1.34954,-1.54528,1.05332,0.456174,1.34954,800000099.0,800100099.0,800000099.0,800100099.0,800000099.0,800000099.0,800010199.0,811010199.0,80000.0,80000.0,80.0,80.0,49.0,21.0,0.0,46.0,174.0,15.0,6.36563,8.44507,2.08332,0.0222645,0.000347565,14.1405,-0.0276043,-0.00154528,0.456174,13.4184,12.6853,12.6288,54.9154,1.34275,0.398956,0.0251494,0.0586725,-38.2388,286.304,286.354,98102.2,69.1538,284.162,284.145,-7.63868,9.61461,10.8031,-10.5029,-11.3392,-8.3985,-13.6073,0.0,10.208855,0.004064,171000.0,4.064,1,-3.1975115,1.1080024381900921,4.2780624381900925,4.980025961127592
2023-06-26 09:30:00,Nit-S,winter,morning,Yng,0.03301,0.023479808565020285,2.916767,0.0009050487555927281,0.03264,0.022639552624628724,0.158855,0.0999558475832038,1.063487,0.015428680197606001,1.058569,0.01472980399541473,1.496502,0.021693551249776226,0.434274,0.024595459217302718,10.804982,0.14939203228556097,10.855974,0.15655424377405586,15.273741,0.22054080732132075,0.441786,0.0,0.0,0.0,0.0,0.0,0.0,0.0,111.394287,24.61373739473553,398.656372,35.60215258723587,0.717933,0.061363197672084646,0.5,0.0,0.8,0.0,31.922735,6.853882198912908,63.11,1.5071703066784994,62.9,1.474053029349124,14.58,0.32437992128572574,12.93,0.22110103271279996,97.98,0.019646882704391744,156.1,0.11150485789118764,157.1,0.12220201853215278,-0.6,0.11372481406154654,115.0,30.679363313689105,3.654,0.0351644707055287,25.0,129.02529467769747,74.45,6.726891927183012,27.174999999999997,10.080827224798167,28.14,11.653455181475861,138.34,31.19667196459691,23.35,0.0,45.61,3.797548902472049,73.37,3.0856742645111916,-33.989944,3.409095676679567e-05,18.955534,8.313041962097674e-05,341.399994,2.0870047537167653,14.0,1.757839583124695,0.79,0.04687572221665852,-0.32,0.07147260547463857,-0.0,0.0018284784202536638,0.001,0.00206155281280883,0.01,0.013117119482928093,0.818,1.3125103453560534,1.449,1.8025254394876098,5.217,2.870585751867296,1.0,0.0,150.0,0.0,2.0,0.0,55537.0,0.0,55537.0,0.0,55537.0,0.0,0.0,0.0,,,0.0,0.0,0.0,0.0,0.0,0.0,0.0,0.0,2.470072,0.0019742309194553903,2.483024,0.002121909405857247,1.660528,0.0009483609544893993,0.938086,0.0003027505408748359,0.414311,0.005354470997835986,-0.017654,0.005027423424909953,0.475703,0.10637746186727398,0.203341,0.025674234545551677,111.394287,24.61373739473553,0.00026,4.546060565661951e-06,2.372455,0.0,-3e-06,0.0,1.0,0.0,2.383364,0.0,-1e-05,0.0,1.0,0.0,0.601327,0.0,0.601158,0.0,0.107461,0.0,0.0,0.0,-0.541356,1.0,0.0851266,-37.7523,1.0,5.10942,25.4979,1.0,4.983,-3.17006,1.0,0.408306,0.573207,1.0,0.112021,0.52473,0.72895,-0.0274515,0.0163872,369.325,10.1578,16.1072,391.065,395.002,0.0,1.0,443.008,10.7557,10.8727,0.0,1.0,288.139,286.485,98103.2,1.18814,1011.25,0.0242789,0.0371438,0.00798301,1055.46,1526.25,0.00671889,69.1538,470.789,280.919,-2.32499,-5.19028,-0.217083,5.68171,-4.73657e-14,0.0229292,5.68176,18.5346,326.26,245.623,,,0.675005,8.44701,701.024,0.00760317,-1.4806,-0.0465489,0.0,39.2711,-5.95954,13.4805,33.5683,51.1938,71.8001,107.57,-0.517748,1.0456,-33.1667,1.10147,20.292,1.34954,-1.54528,1.05332,0.456174,1.34954,800000099.0,800100099.0,800000099.0,800100099.0,800000099.0,800000099.0,800010199.0,811010199.0,80000.0,80000.0,80.0,80.0,49.0,21.0,0.0,46.0,174.0,15.0,6.36563,8.44507,2.08332,0.0222645,0.000347565,14.1405,-0.0276043,-0.00154528,0.456174,13.4184,12.6853,12.6288,54.9154,1.34275,0.398956,0.0251494,0.0586725,-38.2388,286.304,286.354,98102.2,69.1538,284.162,284.145,-7.63868,9.61461,10.8031,-10.5029,-11.3392,-8.3985,-13.6073,0.0,10.208855,0.004064,171000.0,4.064,1,-3.1975115,1.1080024381900921,4.2780624381900925,4.980025961127592
2023-06-26 12:30:00,Nit-S,winter,noon,Mid,0.108191,0.04570049672589274,2.917338,0.0012289180105550935,0.104321,0.042608859420782436,0.979055,0.393250055414584,1.202514,0.029173618742624335,1.179138,0.027766889193666197,2.099702,0.11839461477845999,0.902527,0.12793712807745314,12.048794,0.28051647057440915,12.290334,0.2954137057742189,21.462437,1.215496313019797,0.441786,0.0,0.0,0.0,0.0,0.0,0.0,0.0,173.204895,102.68574534400052,367.024536,111.98102772709558,0.433992,0.19213605760111765,0.5,0.0,0.8,0.0,123.556053,87.74259243813698,55.55,1.1767132190980092,54.47,1.2204721763863924,18.89,0.26277239834756927,18.22,0.894638101878816,97.85,0.03938273733502543,156.2,0.15022205785658055,156.6,1.5369124893760233,-0.3,0.9954061147759408,1083.0,352.6666887208563,3.732,0.03716822119320038,45.0,147.5660868899084,47.18,11.432261543544216,67.97,13.54382907452689,18.94,8.922492869148172,140.15,124.30798085534707,23.35,0.0,13.47,174.55882746417228,57.45,0.4520368716524479,-33.990013,4.749624546507682e-05,18.955521,7.527062286524568e-05,344.0,3.7549176908971527,14.0,2.2037846234754137,0.82,0.12268251709188231,0.29,0.08541467477352278,-0.0,0.0018366636418607881,0.0,0.0023007245235649866,0.007,0.010535201763159363,-0.189,22.535694205563466,-0.303,2.1474245566880032,-0.365,21.1434519831059,1.0,0.0,150.0,0.0,2.0,0.0,55537.0,0.0,55537.0,0.0,55537.0,0.0,0.0,0.0,,,0.0,0.0,0.0,0.0,0.0,0.0,0.0,0.0,2.45808,0.0016458080416619277,2.471279,0.0015324459729467723,1.661127,0.0012884314003210602,0.936843,0.003860046687109697,0.348406,0.0037134998877967882,-0.006366,0.009575444228511455,0.503061,0.14295259136519123,1.014075,0.2953259929584876,173.204895,102.68574534400052,0.000265,4.947389884238617e-06,2.372455,0.0,-3e-06,0.0,1.0,0.0,2.383364,0.0,-1e-05,0.0,1.0,0.0,0.601327,0.0,0.601158,0.0,0.107461,0.0,0.0,0.0,-0.822837,1.0,0.114423,108.597,1.0,8.81888,124.58,1.0,8.50825,-14.4243,1.0,1.18333,2.80416,1.0,0.191511,0.607519,-0.103441,-0.0291049,-0.00232834,-1119.07,-32.6387,15.9881,390.318,394.557,0.0,1.0,466.308,11.384,11.5151,0.0,1.0,289.444,287.798,98011.5,1.18133,1011.63,0.024413,0.18171,0.00840288,1116.06,1662.0,0.00711304,67.1515,545.944,281.741,-2.32597,-6.65445,-0.290749,7.05268,6.35746e-14,-0.0699938,7.05303,20.3716,320.646,250.423,,,0.834585,9.98852,-460.383,-0.0115773,0.871701,0.108881,0.0,44.8706,-6.80929,15.4026,38.3548,58.4934,82.0379,122.908,-0.779694,1.05533,102.946,1.11367,83.5388,1.396,-15.0821,1.36368,1.88037,1.396,800000099.0,800100099.0,800000099.0,800100099.0,800000099.0,800000099.0,800000199.0,811000199.0,80000.0,80000.0,80.0,81.0,14.0,5.0,0.0,32.0,36.0,23.0,8.32952,9.38632,2.26117,0.0562392,0.00153196,32.5875,0.0861426,-0.0150821,1.88037,14.759,14.2403,17.4386,520.232,79.6001,0.416742,0.0289123,0.0702283,289.479,287.952,287.646,98046.8,67.1515,285.307,285.758,41.6842,9.37378,10.4767,18.6808,8.15546,10.6632,31.6843,0.0,9.925239999999999,0.004064,181800.0,4.064,1,-14.4534049,0.6486462945463947,15.072946294546394,3.5866594563627214
2023-06-26 12:30:00,Nit-S,winter,noon,Old,0.073518,0.04647669185200971,2.917666,0.0010449019890241694,0.071712,0.043804074851281426,0.637298,0.41582334704029456,1.21225,0.022319787351510915,1.186603,0.021037356059955194,2.087507,0.12318071358566386,0.855444,0.12558530836476578,12.132275,0.21164345315057634,12.395286,0.22506241770078714,21.319855,1.263566962630517,0.441786,0.0,0.0,0.0,0.0,0.0,0.0,0.0,156.071304,81.72868702962722,294.813385,105.1074597549144,0.390449,0.18980686585739373,0.5,0.0,0.8,0.0,148.96463,101.1116570375131,55.26,1.1830677636269769,54.3,1.1456552710130607,18.95,0.2272898296595486,18.12,0.9076342875850392,97.84,0.04291464396528402,156.2,0.13441230102438073,156.6,1.8739619348677572,-0.3,1.201499063670047,1174.0,204.27674855450388,3.729,0.03562218409923776,317.0,144.33932243155363,33.61,11.664106152351895,83.29,11.603166191461131,27.32,12.335036589595779,156.27,118.27248167261902,23.35,0.0,355.1,173.52287964223433,57.47,0.40852376511859245,-33.989975,3.7041328271655125e-05,18.955498,6.742163352111713e-05,345.100006,3.5800385565956727,14.0,1.475353065088715,0.84,0.06969696310935412,0.29,0.08824775728972756,-0.001,0.0016,-0.001,0.001825741858350554,0.002,0.007342634793743028,-1.385,13.749021871027775,-0.013,2.5347195768631554,0.742,28.836399500581607,1.0,0.0,150.0,0.0,2.0,0.0,55537.0,0.0,55537.0,0.0,55537.0,0.0,0.0,0.0,,,0.0,0.0,0.0,0.0,0.0,0.0,0.0,0.0,2.457823,0.0015527377466914322,2.470871,0.001541882618749153,1.66147,0.0010968125409567585,0.936888,0.004669373431557303,0.347507,0.0032103194794287993,-0.009285,0.009653329451541575,0.512925,0.13998725666512174,1.090363,0.1710188527865958,156.071304,81.72868702962722,0.000263,5.462600113499067e-06,2.372455,0.0,-3e-06,0.0,1.0,0.0,2.383364,0.0,-1e-05,0.0,1.0,0.0,0.601327,0.0,0.601158,0.0,0.107461,0.0,0.0,0.0,-0.822837,1.0,0.114423,108.597,1.0,8.81888,124.58,1.0,8.50825,-14.4243,1.0,1.18333,2.80416,1.0,0.191511,0.607519,-0.103441,-0.0291049,-0.00232834,-1119.07,-32.6387,15.9881,390.318,394.557,0.0,1.0,466.308,11.384,11.5151,0.0,1.0,289.444,287.798,98011.5,1.18133,1011.63,0.024413,0.18171,0.00840288,1116.06,1662.0,0.00711304,67.1515,545.944,281.741,-2.32597,-6.65445,-0.290749,7.05268,6.35746e-14,-0.0699938,7.05303,20.3716,320.646,250.423,,,0.834585,9.98852,-460.383,-0.0115773,0.871701,0.108881,0.0,44.8706,-6.80929,15.4026,38.3548,58.4934,82.0379,122.908,-0.779694,1.05533,102.946,1.11367,83.5388,1.396,-15.0821,1.36368,1.88037,1.396,800000099.0,800100099.0,800000099.0,800100099.0,800000099.0,800000099.0,800000199.0,811000199.0,80000.0,80000.0,80.0,81.0,14.0,5.0,0.0,32.0,36.0,23.0,8.32952,9.38632,2.26117,0.0562392,0.00153196,32.5875,0.0861426,-0.0150821,1.88037,14.759,14.2403,17.4386,520.232,79.6001,0.416742,0.0289123,0.0702283,289.479,287.952,287.646,98046.8,67.1515,285.307,285.758,41.6842,9.37378,10.4767,18.6808,8.15546,10.6632,31.6843,0.0,9.925239999999999,0.004064,181800.0,4.064,1,-14.4534049,0.6486462945463947,15.072946294546394,3.5866594563627214
2023-06-26 12:30:00,Nit-S,winter,noon,Yng,0.100284,0.04947021945837718,2.917533,0.0010183044731316524,0.09695,0.04562948388012587,0.938626,0.36656188147694324,1.193957,0.04009499569302048,1.170779,0.03366044323460398,2.139375,0.07716323646011758,0.911236,0.09173032709146237,11.965255,0.3398765718966621,12.201133,0.4058056394637499,21.850985,0.7868656373322088,0.441786,0.0,0.0,0.0,0.0,0.0,0.0,0.0,193.761353,57.53419625399262,317.689056,66.81148260830416,0.342247,0.14277020144186253,0.5,0.0,0.8,0.0,111.728333,47.641457448729604,55.93,1.5505241049400027,54.53,1.3140653205479098,18.76,0.3344333516063667,18.52,0.5754076815615173,97.86,0.044598206241955596,156.2,0.12909944487358363,156.6,2.6500754706234284,-0.3,1.7197092777559815,967.0,274.32153883110715,3.735,0.03658269171798787,21.0,116.74937544443938,46.94,10.178327089130779,68.28,12.646115635509055,25.06,12.200170080781662,134.66,84.72797166618982,23.35,0.0,13.73,174.64175309949982,57.43,0.4941619167843736,-33.990002,4.362866030534024e-05,18.955509,8.874726286695041e-05,344.5,4.0700196024960364,13.0,2.079262689833426,0.89,0.10844814429025518,0.29,0.08376554582086046,0.0,0.0022605309110914633,0.0,0.002362907813126304,0.002,0.00799583224769838,-1.441,14.226117409773709,-0.235,2.4706209327481488,4.228,19.2424512402483,1.0,0.0,150.0,0.0,2.0,0.0,55537.0,0.0,55537.0,0.0,55537.0,0.0,0.0,0.0,,,0.0,0.0,0.0,0.0,0.0,0.0,0.0,0.0,2.458239,0.0017707582180149582,2.471879,0.0020335480676230006,1.661331,0.0010686083972469243,0.937008,0.0065842958178279265,0.35015,0.004718332372424243,-0.003221,0.008223808943751876,0.496372,0.14368778220900807,0.917425,0.22970484302794603,193.761353,57.53419625399262,0.000262,8.07258735887489e-06,2.372455,0.0,-3e-06,0.0,1.0,0.0,2.383364,0.0,-1e-05,0.0,1.0,0.0,0.601327,0.0,0.601158,0.0,0.107461,0.0,0.0,0.0,-0.822837,1.0,0.114423,108.597,1.0,8.81888,124.58,1.0,8.50825,-14.4243,1.0,1.18333,2.80416,1.0,0.191511,0.607519,-0.103441,-0.0291049,-0.00232834,-1119.07,-32.6387,15.9881,390.318,394.557,0.0,1.0,466.308,11.384,11.5151,0.0,1.0,289.444,287.798,98011.5,1.18133,1011.63,0.024413,0.18171,0.00840288,1116.06,1662.0,0.00711304,67.1515,545.944,281.741,-2.32597,-6.65445,-0.290749,7.05268,6.35746e-14,-0.0699938,7.05303,20.3716,320.646,250.423,,,0.834585,9.98852,-460.383,-0.0115773,0.871701,0.108881,0.0,44.8706,-6.80929,15.4026,38.3548,58.4934,82.0379,122.908,-0.779694,1.05533,102.946,1.11367,83.5388,1.396,-15.0821,1.36368,1.88037,1.396,800000099.0,800100099.0,800000099.0,800100099.0,800000099.0,800000099.0,800000199.0,811000199.0,80000.0,80000.0,80.0,81.0,14.0,5.0,0.0,32.0,36.0,23.0,8.32952,9.38632,2.26117,0.0562392,0.00153196,32.5875,0.0861426,-0.0150821,1.88037,14.759,14.2403,17.4386,520.232,79.6001,0.416742,0.0289123,0.0702283,289.479,287.952,287.646,98046.8,67.1515,285.307,285.758,41.6842,9.37378,10.4767,18.6808,8.15546,10.6632,31.6843,0.0,9.925239999999999,0.004064,181800.0,4.064,1,-14.4534049,0.6486462945463947,15.072946294546394,3.5866594563627214
2023-06-26 15:30:00,Rep-S,winter,afternoon,Mid,0.093945,0.04013915377296836,2.917504,0.0008903944313243195,0.091016,0.03760614836889485,0.686456,0.27957111554631325,1.148175,0.008435148240744464,1.124647,0.012169297870734674,1.772259,0.11213957873449493,0.621676,0.11451231979955984,11.511526,0.12370037705345319,11.749467,0.08579970534782304,18.137621,1.1488783551692938,0.441786,0.0,0.0,0.0,0.0,0.0,0.0,0.0,129.236694,58.71947274673132,394.348755,77.63980515918388,0.632438,0.14307472772759927,0.5,0.0,0.8,0.0,60.010193,51.6004250513004,57.02,2.623288521430051,55.94,2.800409077259964,17.47,0.6544302865852105,15.54,0.9454669040567567,97.7,0.013140268896284696,156.2,0.11718930554164533,156.6,4.923423605581788,-0.3,3.159862866222731,264.0,330.0802579171718,3.793,0.030011109054259945,145.0,131.8424817727579,45.49,15.044529714595047,70.11,15.205853675476424,22.72,18.053100121585764,150.48,17.03524471011008,23.34,0.0,319.53,3.6462035050172523,69.55,2.3739831507405458,-33.989937,2.478157918191283e-05,18.955503,4.9998766650387086e-05,349.0,3.8553526208900446,14.0,1.5937377450509227,0.78,0.10618380290797651,0.29,0.29065271373238544,0.001,0.0018027756377319946,0.001,0.001930457631409368,0.001,0.008784887160586778,0.422,3.734088156431232,1.34,1.8203660684964806,10.265,10.088032084273589,1.0,0.0,150.0,0.0,2.0,0.0,55537.0,0.0,55537.0,0.0,55537.0,0.0,0.0,0.0,,,0.0,0.0,0.0,0.0,0.0,0.0,0.0,0.0,2.460307,0.003846902919665625,2.473496,0.004027693555456888,1.661301,0.0009339829887815527,0.936943,0.012232679224383597,0.368944,0.009663889052895154,-0.016736,0.008136492856261843,0.409001,0.10387580610376347,0.3283,0.27641729973362134,129.236694,58.71947274673132,0.000265,6.139489663916154e-06,2.372455,0.0,-3e-06,0.0,1.0,0.0,2.383364,0.0,-1e-05,0.0,1.0,0.0,0.601327,0.0,0.601158,0.0,0.107461,0.0,0.0,0.0,-1.12329,1.0,0.174843,42.3611,1.0,12.4432,136.199,1.0,11.9939,-13.3781,1.0,0.996652,3.06751,1.0,0.270129,0.884093,-0.478132,0.0721232,-0.0107686,-913.206,-27.388,15.8989,389.709,393.925,0.0,1.0,476.824,11.6878,11.826,0.0,1.0,290.104,288.415,97826.1,1.17644,1011.81,0.0245117,0.198775,0.00859237,1143.67,1729.34,0.00730368,66.1335,585.667,282.102,-1.76499,-6.7149,-0.192844,6.92753,-5.40324e-13,-0.0574383,6.92776,24.5061,318.52,254.954,,,0.977147,14.5581,-1891.8,-0.00281743,0.311023,0.03642,0.0,49.2333,-7.47134,16.9002,42.0839,64.1806,90.0142,134.858,-1.06518,1.05455,44.1092,1.1119,96.2375,1.37155,-12.2758,1.347,2.16749,1.37155,800000099.0,800100099.0,800000099.0,800100099.0,800000099.0,800000099.0,801010199.0,811010199.0,80000.0,80000.0,80.0,81.0,8.0,5.0,0.0,21.0,67.0,15.0,12.8231,13.8328,2.45975,0.0625195,0.00112413,55.3096,0.0370563,-0.0122758,2.16749,15.416,14.1844,16.2621,280.114,37.4691,0.423975,0.024399,0.0603194,167.237,288.316,288.192,97834.0,66.1335,286.756,287.108,15.7439,9.06475,9.99729,17.9783,12.1938,15.9256,22.4283,0.0,9.53102,0.004064,192600.0,4.064,1,-13.3059768,0.2264725173210623,13.604572517321062,2.9593338240806792
2023-06-26 15:30:00,Rep-S,winter,afternoon,Old,0.111846,0.04545854021933978,2.917547,0.0009774390978470203,0.107715,0.04218369445721889,0.678656,0.25673090938715715,1.15607,0.011215020250093221,1.138878,0.012225525279512421,1.76291,0.0815789236787501,0.611885,0.0847763374670275,11.656945,0.12467702529967856,11.831211,0.11468285477818056,18.039909,0.8360881120920098,0.441786,0.0,0.0,0.0,0.0,0.0,0.0,0.0,136.595963,57.450470048565684,428.558716,70.1044854442944,0.617556,0.11952000815344686,0.5,0.0,0.8,0.0,46.566444,54.759349099158776,58.48,2.5363472422626416,57.42,2.6526293873563764,17.38,0.6091283389675195,15.46,0.7063349064006391,97.71,0.015842979517757826,156.2,0.13000000000000492,156.4,0.3139532873958561,-0.1,0.2327373340628157,230.0,250.72217692098954,3.792,0.025738233557621355,295.0,142.6786949758092,42.74,11.032557545737076,73.45,13.174668560030899,28.32,12.237901072760259,151.0,10.010075207842677,23.34,0.0,319.33,3.598907797281464,69.68,2.3706463253720487,-33.989941,3.28568612835814e-05,18.955496,4.8965736318525374e-05,348.899994,3.9883741238847525,15.0,1.4047538337136989,0.75,0.11690879636138024,0.29,0.28904324935898434,0.001,0.00271231758219178,-0.0,0.0020752509888364505,0.002,0.012050291440854191,0.085,2.2905713348420305,0.637,1.9833431733649458,7.637,7.2332214498698395,1.0,0.0,150.0,0.0,2.0,0.0,55537.0,0.0,55537.0,0.0,55537.0,0.0,0.0,0.0,,,0.0,0.0,0.0,0.0,0.0,0.0,0.0,0.0,2.462295,0.0036417354255904974,2.475477,0.0038685160152182865,1.661345,0.0010244583967476076,0.936407,0.0007712441615122136,0.37022,0.009027457813988012,-0.020254,0.006379868244982283,0.414471,0.10192853491785314,0.299763,0.20998423299164626,136.595963,57.450470048565684,0.000267,5.292132525425512e-06,2.372455,0.0,-3e-06,0.0,1.0,0.0,2.383364,0.0,-1e-05,0.0,1.0,0.0,0.601327,0.0,0.601158,0.0,0.107461,0.0,0.0,0.0,-1.12329,1.0,0.174843,42.3611,1.0,12.4432,136.199,1.0,11.9939,-13.3781,1.0,0.996652,3.06751,1.0,0.270129,0.884093,-0.478132,0.0721232,-0.0107686,-913.206,-27.388,15.8989,389.709,393.925,0.0,1.0,476.824,11.6878,11.826,0.0,1.0,290.104,288.415,97826.1,1.17644,1011.81,0.0245117,0.198775,0.00859237,1143.67,1729.34,0.00730368,66.1335,585.667,282.102,-1.76499,-6.7149,-0.192844,6.92753,-5.40324e-13,-0.0574383,6.92776,24.5061,318.52,254.954,,,0.977147,14.5581,-1891.8,-0.00281743,0.311023,0.03642,0.0,49.2333,-7.47134,16.9002,42.0839,64.1806,90.0142,134.858,-1.06518,1.05455,44.1092,1.1119,96.2375,1.37155,-12.2758,1.347,2.16749,1.37155,800000099.0,800100099.0,800000099.0,800100099.0,800000099.0,800000099.0,801010199.0,811010199.0,80000.0,80000.0,80.0,81.0,8.0,5.0,0.0,21.0,67.0,15.0,12.8231,13.8328,2.45975,0.0625195,0.00112413,55.3096,0.0370563,-0.0122758,2.16749,15.416,14.1844,16.2621,280.114,37.4691,0.423975,0.024399,0.0603194,167.237,288.316,288.192,97834.0,66.1335,286.756,287.108,15.7439,9.06475,9.99729,17.9783,12.1938,15.9256,22.4283,0.0,9.53102,0.004064,192600.0,4.064,1,-13.3059768,0.2264725173210623,13.604572517321062,2.9593338240806792
2023-06-26 15:30:00,Rep-S,winter,afternoon,Yng,0.109766,0.026228940413977844,2.917103,0.0008954876455502887,0.105785,0.024181913140609867,0.819785,0.1956187269878406,1.150327,0.01295948419716874,1.129522,0.014655600923992698,1.811619,0.10403645129309241,0.656981,0.11115573454403214,11.564352,0.14946094599162088,11.771214,0.1324595294360758,18.539019,1.0664322096487995,0.441786,0.0,0.0,0.0,0.0,0.0,0.0,0.0,121.002319,51.3715487980075,253.286713,69.20100602641453,0.518986,0.1321135636630219,0.5,0.0,0.8,0.0,77.248764,37.84920718079612,56.67,2.8233712118671175,55.8,2.966383769283182,17.53,0.7168095981500224,15.89,0.8637144589890046,97.7,0.01934769581457927,156.1,0.10801234497347169,156.6,0.21579311079521182,-0.3,0.17320508075688773,373.0,306.23914946764506,3.795,0.02811600967420537,83.0,119.22877169542593,46.36,11.397140898781004,69.01,13.416239512868975,21.38,10.350190449133454,140.34,19.95083479456437,23.34,0.0,319.73,3.658511628153383,69.41,2.360475375851236,-33.98996,3.368110251397464e-05,18.955517,6.584383038560552e-05,348.700012,3.795611112423211,15.0,1.3441230102437298,0.75,0.1084358489307541,0.29,0.29236107812087436,0.001,0.0017578395831246946,0.001,0.0019510680835549197,0.001,0.00969422621863251,0.118,1.6593446226346917,0.401,1.898612012321984,2.3245,12.678362613324524,1.0,0.0,150.0,0.0,2.0,0.0,55537.0,0.0,55537.0,0.0,55537.0,0.0,0.0,0.0,,,0.0,0.0,0.0,0.0,0.0,0.0,0.0,0.0,2.460117,0.004081146877206996,2.473012,0.004309573243373514,1.66088,0.0009392316416447688,0.936848,0.0005407844394950349,0.367947,0.010563920843291713,-0.016179,0.008744607497004463,0.404318,0.10579583319378258,0.419902,0.25643151841021156,121.002319,51.3715487980075,0.000264,6.482540654198267e-06,2.372455,0.0,-3e-06,0.0,1.0,0.0,2.383364,0.0,-1e-05,0.0,1.0,0.0,0.601327,0.0,0.601158,0.0,0.107461,0.0,0.0,0.0,-1.12329,1.0,0.174843,42.3611,1.0,12.4432,136.199,1.0,11.9939,-13.3781,1.0,0.996652,3.06751,1.0,0.270129,0.884093,-0.478132,0.0721232,-0.0107686,-913.206,-27.388,15.8989,389.709,393.925,0.0,1.0,476.824,11.6878,11.826,0.0,1.0,290.104,288.415,97826.1,1.17644,1011.81,0.0245117,0.198775,0.00859237,1143.67,1729.34,0.00730368,66.1335,585.667,282.102,-1.76499,-6.7149,-0.192844,6.92753,-5.40324e-13,-0.0574383,6.92776,24.5061,318.52,254.954,,,0.977147,14.5581,-1891.8,-0.00281743,0.311023,0.03642,0.0,49.2333,-7.47134,16.9002,42.0839,64.1806,90.0142,134.858,-1.06518,1.05455,44.1092,1.1119,96.2375,1.37155,-12.2758,1.347,2.16749,1.37155,800000099.0,800100099.0,800000099.0,800100099.0,800000099.0,800000099.0,801010199.0,811010199.0,80000.0,80000.0,80.0,81.0,8.0,5.0,0.0,21.0,67.0,15.0,12.8231,13.8328,2.45975,0.0625195,0.00112413,55.3096,0.0370563,-0.0122758,2.16749,15.416,14.1844,16.2621,280.114,37.4691,0.423975,0.024399,0.0603194,167.237,288.316,288.192,97834.0,66.1335,286.756,287.108,15.7439,9.06475,9.99729,17.9783,12.1938,15.9256,22.4283,0.0,9.53102,0.004064,192600.0,4.064,1,-13.3059768,0.2264725173210623,13.604572517321062,2.9593338240806792
2023-06-26 09:30:00,Rep-S,winter,morning,Mid,0.068965,0.06722681143556739,2.917162,0.0011146843230260546,0.067371,0.0600791763358154,0.31672,0.2579129098123564,1.065393,0.010463928994088845,1.052396,0.008011010776425178,1.511996,0.023089514517777746,0.450197,0.02724984072889234,10.740954,0.08080637296160492,10.872297,0.10580666875199025,15.435305,0.23582968545918206,0.441786,0.0,0.0,0.0,0.0,0.0,0.0,0.0,108.288284,30.03639247828238,431.242004,46.293411332399295,0.730866,0.05081707026292113,0.5,0.0,0.8,0.0,32.151432,8.397318712160256,63.63,1.043210908685291,63.09,0.9775101022495831,14.56,0.1478253473979781,13.09,0.2348843687150484,97.98,0.025967928938085572,156.1,0.1445683229480131,157.0,9.165393244882257,-0.5,5.885221604437111,119.0,29.518186484493476,3.668,0.031124052863768726,45.0,120.79592984313118,64.42,6.983038569753622,43.18,10.952003287070362,26.81,9.890485293115466,153.66,91.71533312011321,23.35,0.0,46.52,3.5711148119319827,74.11,2.8783849638295376,-33.989914,4.099686979941678e-05,18.955492,3.45794736787965e-05,341.299988,0.8206082122822215,13.0,1.1930353445448858,0.79,0.05506965286495516,-0.3,0.028867513459481322,0.001,0.0016603212540549697,0.001,0.0020346989949375804,0.007,0.011050533277371084,0.729,1.415706213638032,1.026,1.4682735303750458,5.606,5.29887240026458,1.0,0.0,150.0,0.0,2.0,0.0,55537.0,0.0,55537.0,0.0,55537.0,0.0,0.0,0.0,,,0.0,0.0,0.0,0.0,0.0,0.0,0.0,0.0,2.470298,0.0012996277569624355,2.483741,0.0014296464597933565,1.660942,0.0011674293654578382,0.937829,0.022529982123827764,0.414792,0.0024667043107488,-0.01493,0.0034988201997244723,0.454652,0.09726119252785251,0.206985,0.024659100798150212,108.288284,30.03639247828238,0.000261,5.03322295684716e-06,2.372455,0.0,-3e-06,0.0,1.0,0.0,2.383364,0.0,-1e-05,0.0,1.0,0.0,0.601327,0.0,0.601158,0.0,0.107461,0.0,0.0,0.0,-0.541356,1.0,0.0851266,-37.7523,1.0,5.10942,25.4979,1.0,4.983,-3.17006,1.0,0.408306,0.573207,1.0,0.112021,0.52473,0.72895,-0.0274515,0.0163872,369.325,10.1578,16.1072,391.065,395.002,0.0,1.0,443.008,10.7557,10.8727,0.0,1.0,288.139,286.485,98103.2,1.18814,1011.25,0.0242789,0.0371438,0.00798301,1055.46,1526.25,0.00671889,69.1538,470.789,280.919,-2.32499,-5.19028,-0.217083,5.68171,-4.73657e-14,0.0229292,5.68176,18.5346,326.26,245.623,,,0.675005,8.44701,701.024,0.00760317,-1.4806,-0.0465489,0.0,39.2711,-5.95954,13.4805,33.5683,51.1938,71.8001,107.57,-0.517748,1.0456,-33.1667,1.10147,20.292,1.34954,-1.54528,1.05332,0.456174,1.34954,800000099.0,800100099.0,800000099.0,800100099.0,800000099.0,800000099.0,800010199.0,811010199.0,80000.0,80000.0,80.0,80.0,49.0,21.0,0.0,46.0,174.0,15.0,6.36563,8.44507,2.08332,0.0222645,0.000347565,14.1405,-0.0276043,-0.00154528,0.456174,13.4184,12.6853,12.6288,54.9154,1.34275,0.398956,0.0251494,0.0586725,-38.2388,286.304,286.354,98102.2,69.1538,284.162,284.145,-7.63868,9.61461,10.8031,-10.5029,-11.3392,-8.3985,-13.6073,0.0,10.208855,0.004064,171000.0,4.064,1,-3.1975115,1.1080024381900921,4.2780624381900925,4.980025961127592
2023-06-26 09:30:00,Rep-S,winter,morning,Old,0.070576,0.030996227172727542,2.917066,0.0010729523909909586,0.068909,0.029476808692484556,0.314605,0.13452622230650796,1.062145,0.010753531629190485,1.054909,0.011257398222946536,1.507197,0.024837149420307153,0.441485,0.02591288254658932,10.767839,0.11472375415387864,10.84336,0.10984934860240793,15.382423,0.2515397487590315,0.441786,0.0,0.0,0.0,0.0,0.0,0.0,0.0,110.12149,31.095975543995408,450.761322,61.45231968156596,0.749684,0.056556492447876104,0.5,0.0,0.8,0.0,28.249216,8.237838469727338,63.8,0.9396900198114964,63.19,0.9520197827076197,14.55,0.11031470134725226,13.04,0.24996133034264847,97.98,0.027688746209730004,156.1,0.1350308606701945,157.0,5.695267040856526,-0.5,3.642860597570724,95.0,30.068699118296866,3.664,0.030805681294203024,80.0,148.50598192216592,62.36,5.619851480837079,46.4,8.818234895185466,26.64,13.541199516044855,161.52,132.3458327161582,23.35,0.0,46.16,3.613327506145366,73.81,2.8894343737139847,-33.989922,4.320601809803607e-05,18.955494,5.120716095703464e-05,341.700012,0.581033735751006,14.0,1.1789826122551603,0.78,0.045103584484310476,-0.3,0.028867513459481322,-0.0,0.0016663332999933321,-0.0,0.0019790570145063195,0.003,0.012329565353984778,0.688,1.675531490801252,1.31,1.6234533388223185,6.083,6.3726148379395475,1.0,0.0,150.0,0.0,2.0,0.0,55537.0,0.0,55537.0,0.0,55537.0,0.0,0.0,0.0,,,0.0,0.0,0.0,0.0,0.0,0.0,0.0,0.0,2.470431,0.0012542363373782305,2.483927,0.0012875945117414743,1.660841,0.001126002141797851,0.937775,0.01394251438072298,0.414896,0.001843106955659402,-0.016059,0.0033350586201744636,0.461475,0.0968861690882312,0.18689,0.02521086179619145,110.12149,31.095975543995408,0.000264,6.673829485385426e-06,2.372455,0.0,-3e-06,0.0,1.0,0.0,2.383364,0.0,-1e-05,0.0,1.0,0.0,0.601327,0.0,0.601158,0.0,0.107461,0.0,0.0,0.0,-0.541356,1.0,0.0851266,-37.7523,1.0,5.10942,25.4979,1.0,4.983,-3.17006,1.0,0.408306,0.573207,1.0,0.112021,0.52473,0.72895,-0.0274515,0.0163872,369.325,10.1578,16.1072,391.065,395.002,0.0,1.0,443.008,10.7557,10.8727,0.0,1.0,288.139,286.485,98103.2,1.18814,1011.25,0.0242789,0.0371438,0.00798301,1055.46,1526.25,0.00671889,69.1538,470.789,280.919,-2.32499,-5.19028,-0.217083,5.68171,-4.73657e-14,0.0229292,5.68176,18.5346,326.26,245.623,,,0.675005,8.44701,701.024,0.00760317,-1.4806,-0.0465489,0.0,39.2711,-5.95954,13.4805,33.5683,51.1938,71.8001,107.57,-0.517748,1.0456,-33.1667,1.10147,20.292,1.34954,-1.54528,1.05332,0.456174,1.34954,800000099.0,800100099.0,800000099.0,800100099.0,800000099.0,800000099.0,800010199.0,811010199.0,80000.0,80000.0,80.0,80.0,49.0,21.0,0.0,46.0,174.0,15.0,6.36563,8.44507,2.08332,0.0222645,0.000347565,14.1405,-0.0276043,-0.00154528,0.456174,13.4184,12.6853,12.6288,54.9154,1.34275,0.398956,0.0251494,0.0586725,-38.2388,286.304,286.354,98102.2,69.1538,284.162,284.145,-7.63868,9.61461,10.8031,-10.5029,-11.3392,-8.3985,-13.6073,0.0,10.208855,0.004064,171000.0,4.064,1,-3.1975115,1.1080024381900921,4.2780624381900925,4.980025961127592
2023-06-26 09:30:00,Rep-S,winter,morning,Yng,0.079459,0.024118524602954747,2.917233,0.0009181942913494155,0.077353,0.022880139575113315,0.355383,0.10137696257593898,1.059971,0.008079988969670627,1.048788,0.0067926319940554815,1.511657,0.020305480778433537,0.444816,0.020219563756421654,10.703531,0.0685999331958609,10.819312,0.08201005764640604,15.427555,0.20631060175991903,0.441786,0.0,0.0,0.0,0.0,0.0,0.0,0.0,117.796898,30.63263753675056,391.65329,35.102440891883084,0.697294,0.07488439474901745,0.5,0.0,0.8,0.0,37.744587,11.293222006932098,63.28,1.0091621937693334,62.82,0.983475978354331,14.58,0.1670897962174837,13.09,0.20541178155110845,97.98,0.020190756961208166,156.1,0.11930353445449657,157.0,0.13540064007725416,-0.5,0.12423096769056144,146.0,51.63083703886015,3.67,0.0374956441914702,63.0,118.17391139051519,65.56,10.158678506577523,41.37,16.459520325128956,27.23,12.63936663761282,154.45,87.56783513749023,23.35,0.0,46.7,3.5551015925474347,74.26,2.8865202811228117,-33.989933,4.087101662324349e-05,18.955503,2.9710435876002204e-05,341.299988,1.1769577823395974,13.0,0.9128709291752772,0.79,0.04417012565071556,-0.3,0.028867513459481322,0.0,0.0016093476939431084,0.001,0.0020099751242241785,0.008,0.006247221604663771,0.408,1.2121392934257458,0.962,1.3470733684547402,3.549,4.7253312964395535,1.0,0.0,150.0,0.0,2.0,0.0,55537.0,0.0,55537.0,0.0,55537.0,0.0,0.0,0.0,,,0.0,0.0,0.0,0.0,0.0,0.0,0.0,0.0,2.469948,0.0013126955498768183,2.483246,0.0013946652226729448,1.661017,0.0009626009903727696,0.937858,0.0003597209196029654,0.41442,0.0027937905773339155,-0.014625,0.003514751201246924,0.445828,0.09779402396266351,0.229944,0.04316878901475001,117.796898,30.63263753675056,0.000261,5.671566509057856e-06,2.372455,0.0,-3e-06,0.0,1.0,0.0,2.383364,0.0,-1e-05,0.0,1.0,0.0,0.601327,0.0,0.601158,0.0,0.107461,0.0,0.0,0.0,-0.541356,1.0,0.0851266,-37.7523,1.0,5.10942,25.4979,1.0,4.983,-3.17006,1.0,0.408306,0.573207,1.0,0.112021,0.52473,0.72895,-0.0274515,0.0163872,369.325,10.1578,16.1072,391.065,395.002,0.0,1.0,443.008,10.7557,10.8727,0.0,1.0,288.139,286.485,98103.2,1.18814,1011.25,0.0242789,0.0371438,0.00798301,1055.46,1526.25,0.00671889,69.1538,470.789,280.919,-2.32499,-5.19028,-0.217083,5.68171,-4.73657e-14,0.0229292,5.68176,18.5346,326.26,245.623,,,0.675005,8.44701,701.024,0.00760317,-1.4806,-0.0465489,0.0,39.2711,-5.95954,13.4805,33.5683,51.1938,71.8001,107.57,-0.517748,1.0456,-33.1667,1.10147,20.292,1.34954,-1.54528,1.05332,0.456174,1.34954,800000099.0,800100099.0,800000099.0,800100099.0,800000099.0,800000099.0,800010199.0,811010199.0,80000.0,80000.0,80.0,80.0,49.0,21.0,0.0,46.0,174.0,15.0,6.36563,8.44507,2.08332,0.0222645,0.000347565,14.1405,-0.0276043,-0.00154528,0.456174,13.4184,12.6853,12.6288,54.9154,1.34275,0.398956,0.0251494,0.0586725,-38.2388,286.304,286.354,98102.2,69.1538,284.162,284.145,-7.63868,9.61461,10.8031,-10.5029,-11.3392,-8.3985,-13.6073,0.0,10.208855,0.004064,171000.0,4.064,1,-3.1975115,1.1080024381900921,4.2780624381900925,4.980025961127592
2023-06-26 12:30:00,Rep-S,winter,noon,Mid,0.121181,0.03574950165256386,2.917684,0.0007216766935408378,0.116349,0.03324740564690725,1.01329,0.3048478591790118,1.193805,0.014517018306112378,1.167077,0.011225471312748241,2.067652,0.10609696106772651,0.870778,0.10699203002565189,11.922245,0.11470794978330885,12.202444,0.14992562625793304,21.133816,1.0857998036548646,0.441786,0.0,0.0,0.0,0.0,0.0,0.0,0.0,158.388733,94.73182256479716,364.123108,78.85406191333043,0.456269,0.22903241175359149,0.5,0.0,0.8,0.0,147.53067,114.14845438300493,56.62,1.1155529271770706,55.55,1.1748988608954092,18.14,0.38427767738099644,17.97,0.8044507442970008,97.85,0.0398413520520252,156.2,0.10279429296739645,156.6,5.90277335947547,-0.3,3.765842092635679,1228.0,267.29805461319773,3.739,0.044244095651284156,81.0,127.65966473401065,43.18,10.168788161165843,72.92,9.935946222345073,21.86,14.138993387083822,154.57,67.57297999200568,23.35,0.004082482904638473,10.02,173.66846674243044,57.53,0.23107141753146213,-33.989971,3.244189677756896e-05,18.95549,5.595465426008678e-05,343.299988,2.874499358393745,13.0,0.9521904571390472,0.85,0.046547466812563165,0.32,0.0256450125105578,-0.0,0.0018912077270005713,-0.0,0.0014456832294800959,0.007,0.007291874146708004,-0.237,3.3361072190004117,0.259,2.1748815293405452,2.161,15.85551668242529,1.0,0.0,150.0,0.0,2.0,0.0,55537.0,0.0,55537.0,0.0,55537.0,0.0,0.0,0.0,,,0.0,0.0,0.0,0.0,0.0,0.0,0.0,0.0,2.459673,0.0016368579474099116,2.472792,0.0015513695111093319,1.661489,0.0007567858966267872,0.936785,0.014530035939047064,0.359101,0.0054654166867677675,-0.001629,0.010663137130944782,0.474354,0.12697169038277784,1.135394,0.22381680888098343,158.388733,94.73182256479716,0.000262,8.020390680426159e-06,2.372455,0.0,-3e-06,0.0,1.0,0.0,2.383364,0.0,-1e-05,0.0,1.0,0.0,0.601327,0.0,0.601158,0.0,0.107461,0.0,0.0,0.0,-0.822837,1.0,0.114423,108.597,1.0,8.81888,124.58,1.0,8.50825,-14.4243,1.0,1.18333,2.80416,1.0,0.191511,0.607519,-0.103441,-0.0291049,-0.00232834,-1119.07,-32.6387,15.9881,390.318,394.557,0.0,1.0,466.308,11.384,11.5151,0.0,1.0,289.444,287.798,98011.5,1.18133,1011.63,0.024413,0.18171,0.00840288,1116.06,1662.0,0.00711304,67.1515,545.944,281.741,-2.32597,-6.65445,-0.290749,7.05268,6.35746e-14,-0.0699938,7.05303,20.3716,320.646,250.423,,,0.834585,9.98852,-460.383,-0.0115773,0.871701,0.108881,0.0,44.8706,-6.80929,15.4026,38.3548,58.4934,82.0379,122.908,-0.779694,1.05533,102.946,1.11367,83.5388,1.396,-15.0821,1.36368,1.88037,1.396,800000099.0,800100099.0,800000099.0,800100099.0,800000099.0,800000099.0,800000199.0,811000199.0,80000.0,80000.0,80.0,81.0,14.0,5.0,0.0,32.0,36.0,23.0,8.32952,9.38632,2.26117,0.0562392,0.00153196,32.5875,0.0861426,-0.0150821,1.88037,14.759,14.2403,17.4386,520.232,79.6001,0.416742,0.0289123,0.0702283,289.479,287.952,287.646,98046.8,67.1515,285.307,285.758,41.6842,9.37378,10.4767,18.6808,8.15546,10.6632,31.6843,0.0,9.925239999999999,0.004064,181800.0,4.064,1,-14.4534049,0.6486462945463947,15.072946294546394,3.5866594563627214
2023-06-26 12:30:00,Rep-S,winter,noon,Old,0.103358,0.0328706836123011,2.917997,0.0008270986438550097,0.099819,0.03031042365771221,0.913823,0.24571518451187888,1.204082,0.017446856278424485,1.175001,0.01369223517521279,2.04039,0.16839650004282547,0.841641,0.16873336298662653,12.006109,0.14018436213831645,12.303023,0.17804109669617502,20.848125,1.725313844786473,0.441786,0.0,0.0,0.0,0.0,0.0,0.0,0.0,142.868042,73.6399296119201,335.910187,131.73038512251551,0.518277,0.19919587538402997,0.5,0.0,0.8,0.0,167.543732,104.99375118378192,56.36,1.0571570365844396,55.29,0.8877015264152667,18.37,0.333797843012803,17.76,1.262396926485486,97.86,0.037385380386808054,156.2,0.11150485789119238,156.2,2.0891226228571065,0.1,1.3425721582097554,1307.0,324.1036716854655,3.717,0.035432188755423935,125.0,131.89905230895332,37.86,11.7442435970422,78.95,10.56548113749046,28.0,18.42513218405773,160.48,67.45648313295517,23.35,0.004082482904638473,9.48,173.7414599167395,57.57,0.2250274057383517,-33.989971,4.433050116265183e-05,18.955496,5.563473135827706e-05,343.600006,2.485636234056807,13.0,1.3063945294843604,0.85,0.08477027781009099,0.32,0.013503086067019374,-0.001,0.002936551265231604,0.001,0.002423496097239138,0.005,0.007993418345245373,-0.8,7.116062564133811,-0.193,1.7896351518303013,0.165,18.02143380121188,1.0,0.0,150.0,0.0,2.0,0.0,55537.0,0.0,55537.0,0.0,55537.0,0.0,0.0,0.0,,,0.0,0.0,0.0,0.0,0.0,0.0,0.0,0.0,2.459327,0.0012378330191641835,2.472394,0.001471878162983231,1.661818,0.0008676733678829202,0.93577,0.005236605544306976,0.355765,0.004739452878058114,-0.006354,0.014543645294194071,0.483764,0.12455744356056501,1.201992,0.2713281643443968,142.868042,73.6399296119201,0.000264,6.317172363222867e-06,2.372455,0.0,-3e-06,0.0,1.0,0.0,2.383364,0.0,-1e-05,0.0,1.0,0.0,0.601327,0.0,0.601158,0.0,0.107461,0.0,0.0,0.0,-0.822837,1.0,0.114423,108.597,1.0,8.81888,124.58,1.0,8.50825,-14.4243,1.0,1.18333,2.80416,1.0,0.191511,0.607519,-0.103441,-0.0291049,-0.00232834,-1119.07,-32.6387,15.9881,390.318,394.557,0.0,1.0,466.308,11.384,11.5151,0.0,1.0,289.444,287.798,98011.5,1.18133,1011.63,0.024413,0.18171,0.00840288,1116.06,1662.0,0.00711304,67.1515,545.944,281.741,-2.32597,-6.65445,-0.290749,7.05268,6.35746e-14,-0.0699938,7.05303,20.3716,320.646,250.423,,,0.834585,9.98852,-460.383,-0.0115773,0.871701,0.108881,0.0,44.8706,-6.80929,15.4026,38.3548,58.4934,82.0379,122.908,-0.779694,1.05533,102.946,1.11367,83.5388,1.396,-15.0821,1.36368,1.88037,1.396,800000099.0,800100099.0,800000099.0,800100099.0,800000099.0,800000099.0,800000199.0,811000199.0,80000.0,80000.0,80.0,81.0,14.0,5.0,0.0,32.0,36.0,23.0,8.32952,9.38632,2.26117,0.0562392,0.00153196,32.5875,0.0861426,-0.0150821,1.88037,14.759,14.2403,17.4386,520.232,79.6001,0.416742,0.0289123,0.0702283,289.479,287.952,287.646,98046.8,67.1515,285.307,285.758,41.6842,9.37378,10.4767,18.6808,8.15546,10.6632,31.6843,0.0,9.925239999999999,0.004064,181800.0,4.064,1,-14.4534049,0.6486462945463947,15.072946294546394,3.5866594563627214
2023-06-26 12:30:00,Rep-S,winter,noon,Yng,0.126654,0.02981328750741858,2.917619,0.000780293273925556,0.121388,0.027196761108448188,0.978669,0.3193653082605039,1.175469,0.014458498164055603,1.150194,0.015142309953460428,2.056927,0.11801406302516088,0.856254,0.11846489501271394,11.75409,0.15507211252788225,12.016075,0.14679801816384747,21.011406,1.207340069596533,0.441786,0.0,0.0,0.0,0.0,0.0,0.0,0.0,166.583069,67.01644225836503,283.173676,71.80861840858032,0.22915,0.19163397126512652,0.5,0.0,0.8,0.0,108.683739,90.91085820704718,56.03,1.4227891621740714,54.79,1.1539638931381992,18.13,0.44207163823676004,17.89,0.9447588757631927,97.86,0.04414748010928953,156.2,0.09092121131324274,156.4,0.2000000000000002,-0.1,0.16329931618554522,1218.0,451.2434376254129,3.742,0.0363249225739024,86.0,133.76413320966626,45.25,14.166234891459343,70.4,14.455045751109424,24.47,14.988987702087602,146.42,85.48030403354136,23.35,0.004082482904638473,10.29,173.6282188451328,57.51,0.24117973933700895,-33.989975,3.5961692581460725e-05,18.955486,5.7234401077289044e-05,342.5,3.0613636545506817,13.0,1.2806248474865698,0.85,0.05192301994298863,0.32,0.030686587732536606,0.0,0.0015524174696260025,0.0,0.0021158134763411135,0.007,0.010225226802271663,-0.285,4.41244199206441,0.166,1.94400868653752,1.5215,9.806928796036317,1.0,0.0,150.0,0.0,2.0,0.0,55537.0,0.0,55537.0,0.0,55537.0,0.0,0.0,0.0,,,0.0,0.0,0.0,0.0,0.0,0.0,0.0,0.0,2.458647,0.001615374546867313,2.471952,0.0019761154461890506,1.661421,0.0008186118188738021,0.936257,0.0005156544482499987,0.359248,0.006269700054760731,-0.002989,0.012962649600936788,0.467679,0.1287393309709197,1.127243,0.37780345431945167,166.583069,67.01644225836503,0.00026,1.0661144403862098e-05,2.372455,0.0,-3e-06,0.0,1.0,0.0,2.383364,0.0,-1e-05,0.0,1.0,0.0,0.601327,0.0,0.601158,0.0,0.107461,0.0,0.0,0.0,-0.822837,1.0,0.114423,108.597,1.0,8.81888,124.58,1.0,8.50825,-14.4243,1.0,1.18333,2.80416,1.0,0.191511,0.607519,-0.103441,-0.0291049,-0.00232834,-1119.07,-32.6387,15.9881,390.318,394.557,0.0,1.0,466.308,11.384,11.5151,0.0,1.0,289.444,287.798,98011.5,1.18133,1011.63,0.024413,0.18171,0.00840288,1116.06,1662.0,0.00711304,67.1515,545.944,281.741,-2.32597,-6.65445,-0.290749,7.05268,6.35746e-14,-0.0699938,7.05303,20.3716,320.646,250.423,,,0.834585,9.98852,-460.383,-0.0115773,0.871701,0.108881,0.0,44.8706,-6.80929,15.4026,38.3548,58.4934,82.0379,122.908,-0.779694,1.05533,102.946,1.11367,83.5388,1.396,-15.0821,1.36368,1.88037,1.396,800000099.0,800100099.0,800000099.0,800100099.0,800000099.0,800000099.0,800000199.0,811000199.0,80000.0,80000.0,80.0,81.0,14.0,5.0,0.0,32.0,36.0,23.0,8.32952,9.38632,2.26117,0.0562392,0.00153196,32.5875,0.0861426,-0.0150821,1.88037,14.759,14.2403,17.4386,520.232,79.6001,0.416742,0.0289123,0.0702283,289.479,287.952,287.646,98046.8,67.1515,285.307,285.758,41.6842,9.37378,10.4767,18.6808,8.15546,10.6632,31.6843,0.0,9.925239999999999,0.004064,181800.0,4.064,1,-14.4534049,0.6486462945463947,15.072946294546394,3.5866594563627214
2023-07-25 15:30:00,Nit-A,winter,afternoon,Mid,0.054763,0.04109499634335061,2.917862,0.0008338045334488195,0.053754,0.03878645565451941,0.663755,0.7879993441938368,1.005445,0.12827002920596844,0.992627,0.13012071602755387,2.340639,0.29947529060289757,1.441022,0.28231863650467126,10.154313,1.3280756871943202,10.284807,1.3090307831425005,23.93873,3.0588048248587363,0.441786,0.0,0.0,0.0,0.0,0.0,0.0,0.0,81.316711,35.01507872366299,217.028976,104.84195544236923,0.580071,0.1851138087293598,0.5,0.0,0.8,0.0,211.479767,95.36371355760403,35.2,4.307493470685707,34.77,4.383952858627323,23.64,1.0458444753722531,19.96,1.8592065511932772,97.79,0.03616167400255492,156.2,0.10214368964030349,156.3,3.1662964695892546,0.0,2.0134961302835097,1113.0,360.9026553887719,3.698,0.03393066459708691,60.0,90.4659604492209,35.27,19.190749881127626,81.64,20.513204487191498,32.11,21.225078900520803,144.55,86.03161048320167,19.62,0.004082482904638473,314.67,4.750810737828454,68.32,3.1802946928442517,-33.989983,5.933099246316569e-05,18.955492,5.134987828588451e-05,344.799988,8.621972177256708,15.0,1.6051998837112673,0.69,0.057523908073078625,0.37,0.011180339887498968,-0.0,0.0012583057392117915,0.001,0.0019467922333931786,0.0135,0.01262584998770728,0.118,0.919649703238503,0.306,1.5927247439529533,1.222,5.314147646499032,1.0,0.0,150.0,0.0,2.0,0.0,55537.0,0.0,55537.0,0.0,55537.0,0.0,0.0,0.0,,,0.0,0.0,0.0,0.0,0.0,0.0,0.0,0.0,2.429984,0.006390077565256981,2.441684,0.00636042654544499,1.661676,0.000875227176223421,0.936105,0.007846004957301547,0.287987,0.01216012574811625,-0.0378,0.022956489413526043,0.524419,0.11941232436871833,1.039222,0.3020803430417973,81.316711,35.01507872366299,0.000277,7.988116173416616e-06,2.372455,0.0,-3e-06,0.0,1.0,0.0,2.383364,0.0,-1e-05,0.0,1.0,0.0,0.601327,0.0,0.601158,0.0,0.107461,0.0,0.0,0.0,-0.0384679,1.0,0.00547852,86.583,0.0,7.31479,125.491,0.0,9.84855,-10.0947,0.0,1.2057,2.83305,0.0,0.222337,1.06207,3.42939,-0.0261821,0.0774206,434.778,11.1313,16.0282,395.576,399.556,0.0,1.0,410.36,10.1277,10.2313,0.0,1.0,291.766,290.872,97986.4,1.16911,1010.99,0.02468,0.183582,0.0073947,992.644,2021.99,0.00632506,49.0925,1029.34,280.022,0.680679,1.08486,0.112363,1.28536,4.95434e-14,0.0271258,1.28564,3.50668,150.481,57.5643,,,0.181393,0.308638,-5.92666,-0.899326,0.689951,0.403839,0.0,,,,,,,,-0.0367215,1.04756,89.6202,1.04538,106.317,1.12534,-13.6509,1.1173,2.40017,1.12534,800000099.0,800000099.0,800000099.0,800000099.0,800000099.0,800000099.0,800000199.0,800000199.0,80000.0,80000.0,80.0,81.0,0.0,2.0,0.0,4.0,9.0,6.0,0.248904,0.289639,0.0787324,0.2008,0.00649259,227.711,0.0758231,-0.0136509,2.40017,17.2734,12.9992,20.5165,407.001,62.8447,0.400751,0.0242267,0.0566047,275.955,291.192,290.602,97999.9,49.0925,285.754,286.376,61.4976,9.48359,10.2984,41.9915,38.0783,33.3152,77.5465,0.0,9.890995,0.010414,149400.0,10.414,1,-10.1208821,2.6916062396732454,12.786306239673245,3.011520508929178
2023-07-25 15:30:00,Nit-A,winter,afternoon,Old,0.034646,0.022355138175223457,2.918249,0.0007875151363624073,0.034239,0.021678232136946345,0.441081,0.30565760390220953,1.019466,0.12053968810047586,1.006251,0.12512557112190673,2.280466,0.29866370925842317,1.429066,0.26514694747801015,10.293177,1.2775367003133844,10.428892,1.2305909754664182,23.321699,3.0507767504448253,0.441786,0.0,0.0,0.0,0.0,0.0,0.0,0.0,69.056152,63.207458942097155,163.317917,89.35162335466774,0.542794,0.21997469112671425,0.5,0.0,0.8,0.0,209.720581,121.34436304745115,34.39,4.261089453805604,34.21,4.416933627152062,23.61,0.9511927599948766,19.54,1.7965847229303327,97.78,0.0352041664200934,156.3,0.10908712114636175,156.2,1.262246674254552,0.0,0.798895070289793,1198.0,385.4649919253368,3.696,0.036967463171460956,151.0,90.0013518416992,33.74,14.876754876876431,83.16,15.779199937470429,35.05,20.69257792059752,158.73,15.341107663181733,19.62,0.004082482904638473,314.28,4.749760064115473,68.62,3.2054457828306395,-33.98999,6.26669237577653e-05,18.955511,6.12360732465339e-05,344.600006,8.454509857549429,15.0,1.6950909513454837,0.7,0.06065750846625119,0.37,0.011180339887498968,0.0,0.0012342339054382413,0.001,0.0017078251276599332,0.007,0.013965234612342815,0.041,1.395370545769116,0.148,1.3345272546236489,3.187,33.64194120480829,1.0,0.0,150.0,0.0,2.0,0.0,55537.0,0.0,55537.0,0.0,55537.0,0.0,0.0,0.0,,,0.0,0.0,0.0,0.0,0.0,0.0,0.0,0.0,2.429233,0.006436705938081475,2.44054,0.006310003940041012,1.662082,0.0008278339044357326,0.935954,0.0031502153640664086,0.288275,0.011127819432994615,-0.041253,0.022130296739763793,0.530946,0.11873359080767051,1.110229,0.3227245349064482,69.056152,63.207458942097155,0.000277,6.987369557518301e-06,2.372455,0.0,-3e-06,0.0,1.0,0.0,2.383364,0.0,-1e-05,0.0,1.0,0.0,0.601327,0.0,0.601158,0.0,0.107461,0.0,0.0,0.0,-0.0384679,1.0,0.00547852,86.583,0.0,7.31479,125.491,0.0,9.84855,-10.0947,0.0,1.2057,2.83305,0.0,0.222337,1.06207,3.42939,-0.0261821,0.0774206,434.778,11.1313,16.0282,395.576,399.556,0.0,1.0,410.36,10.1277,10.2313,0.0,1.0,291.766,290.872,97986.4,1.16911,1010.99,0.02468,0.183582,0.0073947,992.644,2021.99,0.00632506,49.0925,1029.34,280.022,0.680679,1.08486,0.112363,1.28536,4.95434e-14,0.0271258,1.28564,3.50668,150.481,57.5643,,,0.181393,0.308638,-5.92666,-0.899326,0.689951,0.403839,0.0,,,,,,,,-0.0367215,1.04756,89.6202,1.04538,106.317,1.12534,-13.6509,1.1173,2.40017,1.12534,800000099.0,800000099.0,800000099.0,800000099.0,800000099.0,800000099.0,800000199.0,800000199.0,80000.0,80000.0,80.0,81.0,0.0,2.0,0.0,4.0,9.0,6.0,0.248904,0.289639,0.0787324,0.2008,0.00649259,227.711,0.0758231,-0.0136509,2.40017,17.2734,12.9992,20.5165,407.001,62.8447,0.400751,0.0242267,0.0566047,275.955,291.192,290.602,97999.9,49.0925,285.754,286.376,61.4976,9.48359,10.2984,41.9915,38.0783,33.3152,77.5465,0.0,9.890995,0.010414,149400.0,10.414,1,-10.1208821,2.6916062396732454,12.786306239673245,3.011520508929178
2023-07-25 15:30:00,Nit-A,winter,afternoon,Yng,0.091205,0.03167702147419588,2.918269,0.0010307328978287822,0.088441,0.029826801945677432,1.511883,0.39342854006657496,0.997066,0.12353094641458601,0.963002,0.12089177490194834,2.558927,0.35428061425525853,1.638257,0.33804452712235017,9.851158,1.2334175962730085,10.199751,1.260204611482765,26.166241,3.6184404518507316,0.441786,0.0,0.0,0.0,0.0,0.0,0.0,0.0,83.505394,31.42663378809158,159.942627,70.29769411957722,0.538281,0.15291910744582135,0.5,0.0,0.8,0.0,243.484085,87.36199192116011,36.12,3.7453855164277354,34.69,3.7259244043145388,23.68,1.1391627042115913,21.41,2.157738940032675,97.8,0.03599537007265606,156.3,0.12489995996796711,156.3,1.0881482742102138,0.0,0.7156116265125938,1115.0,289.15755220986364,3.7,0.035027370250515055,142.0,64.76495966184183,44.31,15.029288495024197,71.56,14.766851074845528,29.3,15.164299906908548,159.23,92.89117365318766,19.62,0.004082482904638473,314.87,4.752056993204843,68.18,3.157271923670801,-33.989994,6.201295563206891e-05,18.95549,4.688905344910434e-05,345.100006,67.32128151633837,16.0,1.5524174696260025,0.69,0.05296854412447702,0.37,0.010692676621563644,0.001,0.001588500340992514,0.002,0.00198158185969358,0.011,0.010940495621517539,-0.225,0.9499177473164014,-0.422,1.9034131203358526,0.239,10.358805382110644,1.0,0.0,150.0,0.0,2.0,0.0,55537.0,0.0,55537.0,0.0,55537.0,0.0,0.0,0.0,,,0.0,0.0,0.0,0.0,0.0,0.0,0.0,0.0,2.429822,0.005430580608308229,2.44296,0.0055169570456305,1.662104,0.0010829356706040822,0.936018,0.0027388562393816833,0.287472,0.013148634459136837,-0.027533,0.024740866060359867,0.51921,0.1202482108383461,1.041072,0.24202369987787692,83.505394,31.42663378809158,0.000275,5.822943127548696e-06,2.372455,0.0,-3e-06,0.0,1.0,0.0,2.383364,0.0,-1e-05,0.0,1.0,0.0,0.601327,0.0,0.601158,0.0,0.107461,0.0,0.0,0.0,-0.0384679,1.0,0.00547852,86.583,0.0,7.31479,125.491,0.0,9.84855,-10.0947,0.0,1.2057,2.83305,0.0,0.222337,1.06207,3.42939,-0.0261821,0.0774206,434.778,11.1313,16.0282,395.576,399.556,0.0,1.0,410.36,10.1277,10.2313,0.0,1.0,291.766,290.872,97986.4,1.16911,1010.99,0.02468,0.183582,0.0073947,992.644,2021.99,0.00632506,49.0925,1029.34,280.022,0.680679,1.08486,0.112363,1.28536,4.95434e-14,0.0271258,1.28564,3.50668,150.481,57.5643,,,0.181393,0.308638,-5.92666,-0.899326,0.689951,0.403839,0.0,,,,,,,,-0.0367215,1.04756,89.6202,1.04538,106.317,1.12534,-13.6509,1.1173,2.40017,1.12534,800000099.0,800000099.0,800000099.0,800000099.0,800000099.0,800000099.0,800000199.0,800000199.0,80000.0,80000.0,80.0,81.0,0.0,2.0,0.0,4.0,9.0,6.0,0.248904,0.289639,0.0787324,0.2008,0.00649259,227.711,0.0758231,-0.0136509,2.40017,17.2734,12.9992,20.5165,407.001,62.8447,0.400751,0.0242267,0.0566047,275.955,291.192,290.602,97999.9,49.0925,285.754,286.376,61.4976,9.48359,10.2984,41.9915,38.0783,33.3152,77.5465,0.0,9.890995,0.010414,149400.0,10.414,1,-10.1208821,2.6916062396732454,12.786306239673245,3.011520508929178
2023-07-25 09:30:00,Nit-A,winter,morning,Mid,0.050931,0.031544164864678224,2.917701,0.001418873643657664,0.050057,0.03025008781805435,0.636095,0.3659363669545431,0.744951,0.04851301420924768,0.724588,0.050258618619927586,1.941343,0.16769507059146566,1.226027,0.17195974572607584,7.378673,0.5118961543278318,7.588181,0.49412780788163235,19.77562,1.7081119408156595,0.441786,0.0,0.0,0.0,0.0,0.0,0.0,0.0,66.909668,38.09762631565851,100.02816,70.944574058407,0.385454,0.20051445512616625,0.5,0.0,0.8,0.0,177.33992,115.34735071048132,35.67,6.544024959202603,34.98,6.64227814834639,18.15,1.8400093296864912,16.97,1.298000642013195,98.18,0.009882644720244502,156.2,0.18239152027073108,156.8,0.4377975178854524,-0.4,0.3202603107889997,1315.0,292.7095659523276,3.95,0.03259279061387676,106.0,68.37706730573733,51.76,6.892706701047613,61.89,10.033603257720195,47.07,17.193427930462267,166.35,129.06353307318582,19.67,0.004082482904638324,45.77,4.4679862354308995,68.73,3.386284246781418,-33.989944,6.840241223789256e-05,18.955465,6.656042367583576e-05,352.0,2.1403108688715906,13.0,3.009983388658483,0.92,0.20152501912500423,0.37,0.1560715647814596,-0.0,0.0010456258094238748,0.002,0.00143410831761993,0.017,0.010157099323461727,0.122,0.621783582392888,0.261,0.7565157037365451,0.48,1.350507686020335,1.0,0.0,150.0,0.0,2.0,0.0,55537.0,0.0,55537.0,0.0,55537.0,0.0,0.0,0.0,,,0.0,0.0,0.0,0.0,0.0,0.0,0.0,0.0,2.431262,0.009756066737676655,2.443769,0.009938953781795523,1.661507,0.0014874018645499442,0.937353,0.0010908571599129533,0.358911,0.027180141765941267,-0.012805,0.026167279865129275,0.409847,0.12737791005621815,1.208091,0.24506964655805502,66.909668,38.09762631565851,0.000266,8.383913167489286e-06,2.372455,0.0,-3e-06,0.0,1.0,0.0,2.383364,0.0,-1e-05,0.0,1.0,0.0,0.601327,0.0,0.601158,0.0,0.107461,0.0,0.0,0.0,-0.0266155,1.0,0.00699613,,2.0,2.16872,45.6659,1.0,14.3643,-2.74527,1.0,0.868354,1.02596,1.0,0.322717,7.13876,8.33543,-0.200103,0.187269,562.208,9.91781,16.3587,395.421,397.256,0.1,0.0,288.581,6.97555,7.02455,0.0,1.0,286.895,285.842,98316.3,1.19512,1009.15,0.0241719,0.0664824,0.00520023,685.995,1463.41,0.00435124,46.8764,777.416,274.755,-0.740946,-0.345197,-0.0527398,0.81911,8.16596e-14,0.0343675,0.819831,3.84567,2.78374,204.773,,,0.149232,0.267177,58.3379,0.0913643,-0.107445,-0.0272618,0.0,,,,,,,,-0.0258247,1.03062,-2.08048,1.02934,45.0144,1.01146,-2.88799,1.01046,1.01132,1.01146,800000099.0,800000099.0,800000099.0,800000099.0,800000099.0,811100099.0,800000199.0,800100199.0,80000.0,80000.0,81.0,81.0,13.0,9.0,2.0,5.0,5.0,7.0,0.229342,0.25434,0.0506723,0.265031,0.00491191,635.786,-0.00172504,-0.00288799,1.01132,12.8392,13.3741,7.51472,228.791,37.7975,0.358683,0.0338769,0.0730981,-52.0037,282.092,284.066,98322.7,46.8764,280.402,280.362,-21.4099,9.24335,10.3444,-22.8482,-27.9964,-18.4588,-30.4203,0.0,9.793875,0.010414,127800.0,10.414,1,-2.945373,2.3784031310423037,5.123673131042304,3.3323111552837337
2023-07-25 09:30:00,Nit-A,winter,morning,Old,0.029011,0.036622800371808456,2.918144,0.0011817062339402862,0.028726,0.035240045984268144,0.366773,0.5262343850165121,0.745335,0.050580598944489887,0.723847,0.05757402136704827,1.955371,0.2551562230783525,1.268813,0.25664560749999854,7.37153,0.5866845047615737,7.589953,0.5154330016509588,19.915628,2.5992403179858936,0.441786,0.0,0.0,0.0,0.0,0.0,0.0,0.0,85.212708,63.354098735944746,163.625473,102.30553370483965,0.32234,0.21275466020801206,0.5,0.0,0.8,0.0,190.414825,113.06385403085339,34.68,6.47832637852298,34.46,6.81384309084577,18.4,1.6981315221933393,17.09,1.9366365172638875,98.18,0.009966610925156995,156.3,0.1584297951775539,156.9,0.3581433604950199,-0.4,0.26770630673681683,1392.0,236.38281099380575,3.945,0.03401999412110513,89.0,59.32093503421312,52.92,6.3836284614107415,60.3,8.701062061610633,43.52,15.745565915520471,169.64,127.10828728161931,19.67,0.004082482904638324,45.18,4.50144706363039,68.28,3.3736406151218867,-33.989952,5.277230965794593e-05,18.955479,6.240598261919712e-05,351.700012,2.2205356738245907,13.0,2.7098585448936885,0.93,0.19706005852700512,0.37,0.1560715647814596,-0.0,0.0016,0.001,0.0019773719933285187,0.0155,0.011812752665705212,-0.015,0.8050028467858565,0.034,1.057161214448077,0.1995,5.083857840799105,1.0,0.0,150.0,0.0,2.0,0.0,55537.0,0.0,55537.0,0.0,55537.0,0.0,0.0,0.0,,,0.0,0.0,0.0,0.0,0.0,0.0,0.0,0.0,2.4305,0.009936654784517305,2.442322,0.009778886073577162,1.661973,0.0012382978613133743,0.937555,0.0009150894619289079,0.355352,0.025109429155996336,-0.013816,0.02718718412536809,0.425394,0.12538442888955548,1.273321,0.19788001636292965,85.212708,63.354098735944746,0.000261,9.05943338919897e-06,2.372455,0.0,-3e-06,0.0,1.0,0.0,2.383364,0.0,-1e-05,0.0,1.0,0.0,0.601327,0.0,0.601158,0.0,0.107461,0.0,0.0,0.0,-0.0266155,1.0,0.00699613,,2.0,2.16872,45.6659,1.0,14.3643,-2.74527,1.0,0.868354,1.02596,1.0,0.322717,7.13876,8.33543,-0.200103,0.187269,562.208,9.91781,16.3587,395.421,397.256,0.1,0.0,288.581,6.97555,7.02455,0.0,1.0,286.895,285.842,98316.3,1.19512,1009.15,0.0241719,0.0664824,0.00520023,685.995,1463.41,0.00435124,46.8764,777.416,274.755,-0.740946,-0.345197,-0.0527398,0.81911,8.16596e-14,0.0343675,0.819831,3.84567,2.78374,204.773,,,0.149232,0.267177,58.3379,0.0913643,-0.107445,-0.0272618,0.0,,,,,,,,-0.0258247,1.03062,-2.08048,1.02934,45.0144,1.01146,-2.88799,1.01046,1.01132,1.01146,800000099.0,800000099.0,800000099.0,800000099.0,800000099.0,811100099.0,800000199.0,800100199.0,80000.0,80000.0,81.0,81.0,13.0,9.0,2.0,5.0,5.0,7.0,0.229342,0.25434,0.0506723,0.265031,0.00491191,635.786,-0.00172504,-0.00288799,1.01132,12.8392,13.3741,7.51472,228.791,37.7975,0.358683,0.0338769,0.0730981,-52.0037,282.092,284.066,98322.7,46.8764,280.402,280.362,-21.4099,9.24335,10.3444,-22.8482,-27.9964,-18.4588,-30.4203,0.0,9.793875,0.010414,127800.0,10.414,1,-2.945373,2.3784031310423037,5.123673131042304,3.3323111552837337
2023-07-25 09:30:00,Nit-A,winter,morning,Yng,0.075418,0.03675018046450022,2.917271,0.0012949843409605548,0.073519,0.034675579328638,0.921254,0.5643533165923925,0.786468,0.04232287779085911,0.75855,0.04254722792427256,2.062498,0.21926106346982052,1.268451,0.20698527127005925,7.725648,0.43380212898260456,8.010311,0.4314308292124288,21.009186,2.2322866592705535,0.441786,0.0,0.0,0.0,0.0,0.0,0.0,0.0,81.947563,72.37548494748832,115.95118,89.9470930932788,0.245072,0.1416981871274647,0.5,0.0,0.8,0.0,140.526352,83.38105317224532,37.03,6.547846007148715,36.15,6.698380451024456,18.14,1.946293657185369,17.93,1.6618380386387437,98.19,0.011210114480527849,156.2,0.15631165450257886,156.8,2.2611354080048645,-0.4,1.4559876373101523,1374.0,359.36398910668083,3.952,0.03504173701935029,110.0,82.17203498352305,54.28,6.030898423077089,58.379999999999995,8.118248628212475,38.94,11.848362578410306,160.99,147.58256138871093,19.67,0.0,44.265,3.3619964306941204,67.64500000000001,2.407330034444148,-33.989944,6.417201585394222e-05,18.955452,5.526537708840336e-05,352.5,6.4817667293267345,13.0,5.131601439446885,0.92,0.12830209885823596,0.37,0.1560715647814596,0.001,0.0012583057392117915,0.001,0.0015,0.017,0.00786111324490847,-0.02,1.579721376277053,0.038,1.6619715079788022,0.259,7.082170556905661,1.0,0.0,150.0,0.0,2.0,0.0,55537.0,0.0,55537.0,0.0,55537.0,0.0,0.0,0.0,,,0.0,0.0,0.0,0.0,0.0,0.0,0.0,0.0,2.432962,0.009784061362236241,2.445616,0.009873561384998465,1.661057,0.0013597286163053888,0.937413,0.005640358186912107,0.359081,0.02884530336484607,-0.009739,0.027843351676118306,0.402708,0.13060079295416496,1.257546,0.3008519531560443,81.947563,72.37548494748832,0.000257,8.534830597811123e-06,2.372455,0.0,-3e-06,0.0,1.0,0.0,2.383364,0.0,-1e-05,0.0,1.0,0.0,0.601327,0.0,0.601158,0.0,0.107461,0.0,0.0,0.0,-0.0266155,1.0,0.00699613,,2.0,2.16872,45.6659,1.0,14.3643,-2.74527,1.0,0.868354,1.02596,1.0,0.322717,7.13876,8.33543,-0.200103,0.187269,562.208,9.91781,16.3587,395.421,397.256,0.1,0.0,288.581,6.97555,7.02455,0.0,1.0,286.895,285.842,98316.3,1.19512,1009.15,0.0241719,0.0664824,0.00520023,685.995,1463.41,0.00435124,46.8764,777.416,274.755,-0.740946,-0.345197,-0.0527398,0.81911,8.16596e-14,0.0343675,0.819831,3.84567,2.78374,204.773,,,0.149232,0.267177,58.3379,0.0913643,-0.107445,-0.0272618,0.0,,,,,,,,-0.0258247,1.03062,-2.08048,1.02934,45.0144,1.01146,-2.88799,1.01046,1.01132,1.01146,800000099.0,800000099.0,800000099.0,800000099.0,800000099.0,811100099.0,800000199.0,800100199.0,80000.0,80000.0,81.0,81.0,13.0,9.0,2.0,5.0,5.0,7.0,0.229342,0.25434,0.0506723,0.265031,0.00491191,635.786,-0.00172504,-0.00288799,1.01132,12.8392,13.3741,7.51472,228.791,37.7975,0.358683,0.0338769,0.0730981,-52.0037,282.092,284.066,98322.7,46.8764,280.402,280.362,-21.4099,9.24335,10.3444,-22.8482,-27.9964,-18.4588,-30.4203,0.0,9.793875,0.010414,127800.0,10.414,1,-2.945373,2.3784031310423037,5.123673131042304,3.3323111552837337
2023-07-25 12:30:00,Nit-A,winter,noon,Mid,0.062387,0.03185935288880384,2.918089,0.0010671377496212597,0.061081,0.03000358065231548,1.072709,0.5063810156920281,0.951311,0.0773982929029661,0.917508,0.07539357991235056,2.553684,0.26569012980548723,1.651692,0.26618582361734316,9.357788,0.7699640323517465,9.702453,0.7904839396562723,26.046638,2.7123116150006004,0.441786,0.0,0.0,0.0,0.0,0.0,0.0,0.0,79.483864,31.410378226558073,140.563492,97.43905527808533,0.392314,0.20549997469547288,0.5,0.0,0.8,0.0,215.447098,129.08715142132857,29.62,4.632054079995183,28.27,4.516992288385417,24.26,1.842254777892209,21.37,1.6267689858530412,97.98,0.03028751117759843,156.3,0.13576941236277648,156.2,3.7150459844619266,0.1,2.392328015413717,1614.0,571.7997697329605,3.837,0.033888641164850235,105.0,66.15504515908066,22.48,7.763340625443834,92.4,5.986702626098392,38.14,15.897157240630579,164.06,135.47583031301193,19.65,0.004999999999999706,12.65,174.03425630221963,53.76,0.36099722990626787,-33.989979,5.582487498067755e-05,18.955528,5.386489270990629e-05,345.799988,2.6084942210843103,14.0,2.1771541057077246,0.84,0.09373366524360388,0.32,0.15069284433354269,0.0,0.0014809906594348708,0.001,0.0017795130420052185,0.012,0.006045200116161949,-0.151,2.21889983475295,-0.359,1.6678279067897466,-3.8215000000000003,8.995133610890823,1.0,0.0,150.0,0.0,2.0,0.0,55537.0,0.0,55537.0,0.0,55537.0,0.0,0.0,0.0,,,0.0,0.0,0.0,0.0,0.0,0.0,0.0,0.0,2.420647,0.006801207264155513,2.433575,0.006951341087636688,1.661915,0.0011198476339811996,0.935895,0.009195506307068325,0.280885,0.019196240785372524,-0.044599,0.028138252463624433,0.36274,0.1259854380802665,1.459279,0.4787119462553412,79.483864,31.410378226558073,0.000279,7.0797834241827935e-06,2.372455,0.0,-3e-06,0.0,1.0,0.0,2.383364,0.0,-1e-05,0.0,1.0,0.0,0.601327,0.0,0.601158,0.0,0.107461,0.0,0.0,0.0,-0.0612537,1.0,0.00829526,124.998,0.0,10.4698,195.794,0.0,16.2919,-13.4535,0.0,1.55775,4.41773,0.0,0.367596,-0.862282,4.13437,-0.390933,0.093284,339.225,4.63427,16.0024,393.471,396.146,0.0,1.0,218.614,5.37531,5.40436,0.0,1.0,291.236,290.294,98157.0,1.17559,1008.38,0.0245882,0.286269,0.00393942,527.766,1949.5,0.003351,27.0719,1421.73,271.15,1.13422,1.52576,0.163175,1.90803,9.26579e-14,0.0211984,1.90814,4.00435,157.176,53.0949,,,0.228264,0.324512,-8.18436,-0.651242,0.638413,0.46194,0.0,54.7696,-8.31149,18.8006,46.8162,71.3977,100.136,150.022,-0.0589577,1.03894,130.017,1.04678,170.509,1.12148,-18.8832,1.11235,3.8472,1.12148,800000099.0,800000099.0,800000099.0,800000099.0,800000099.0,800000099.0,800000199.0,800000199.0,80000.0,80000.0,80.0,81.0,6.0,2.0,0.0,1.0,4.0,3.0,0.280781,0.263862,0.104381,0.301603,0.00888466,509.5,0.109678,-0.0188832,3.8472,16.814,13.0195,22.8007,606.828,99.8662,0.373261,0.0321244,0.0703881,334.284,291.246,290.512,98214.2,27.0719,282.652,283.668,75.9276,9.15189,10.8774,28.8723,13.4371,16.6853,48.584,0.0,10.014645,0.010414,138600.0,10.414,1,-13.844433,2.5442801140147875,15.997780114014788,2.4163298695123494
2023-07-25 12:30:00,Nit-A,winter,noon,Old,0.0714525,0.04680333597606592,2.918224,0.0009827416639997387,0.0697455,0.04417324847077606,1.140685,0.833389607431209,0.973727,0.0809973116056202,0.9115125,0.0767064951820196,2.590565,0.25497475808388714,1.67707,0.2390726396675503,9.301740500000001,0.7831951336492358,9.9379975,0.8268600479088584,26.443070499999997,2.601268996672613,0.441786,0.0,0.0,0.0,0.0,0.0,0.0,0.0,77.17323300000001,49.53577817468019,138.273956,90.79636412305422,0.3190175,0.19683462560295134,0.5,0.0,0.8,0.0,195.464462,114.25936037259002,29.86,4.175015506888404,29.045,4.115666577762383,24.42,1.537108645641468,21.61,1.6222980720209097,97.99,0.02721561417960418,156.3,0.12576204496597584,156.2,4.459015148208628,0.05,2.859147449491025,1533.5,441.5059768408655,3.8365,0.030804985415298806,222.5,98.3550687063452,36.985,13.23322566909502,79.88,12.41026242000277,20.105,24.021364303230275,159.39,159.2410891240144,19.65,0.004794633014851261,9.93,167.00047356805317,53.84,0.3054629047967963,-33.9899805,4.614873505580791e-05,18.955514,5.788316611611766e-05,345.300003,3.3605723374846383,14.0,2.011747110543871,0.83,0.07986770670748379,0.33499999999999996,0.14040172249000693,0.0,0.0012340942045675147,0.001,0.0019025089303036286,0.003,0.006891364820622189,-0.053,3.4535106544254184,-0.526,2.088132222659845,-7.37,6.327526805374061,1.0,0.0,150.0,0.0,2.0,0.0,55537.0,0.0,55537.0,0.0,55537.0,0.0,0.0,0.0,,,0.0,0.0,0.0,0.0,0.0,0.0,0.0,0.0,2.4217744999999997,0.006180843541079749,2.4339345,0.006258441739973204,1.6620565,0.0010330596115032979,0.935997,0.010935469347258395,0.27912899999999996,0.01629108485750667,-0.0368835,0.022542868603501034,0.346632,0.11633530442898694,1.3916275,0.36972698578624885,77.17323300000001,49.53577817468019,0.000277,8.090650201909316e-06,2.372455,0.0,-3e-06,0.0,1.0,0.0,2.383364,0.0,-1e-05,0.0,1.0,0.0,0.601327,0.0,0.601158,0.0,0.107461,0.0,0.0,0.0,-0.0612537,1.0,0.00829526,124.998,0.0,10.4698,195.794,0.0,16.2919,-13.4535,0.0,1.55775,4.41773,0.0,0.367596,-0.862282,4.13437,-0.390933,0.093284,339.225,4.63427,16.0024,393.471,396.146,0.0,1.0,218.614,5.37531,5.40436,0.0,1.0,291.236,290.294,98157.0,1.17559,1008.38,0.0245882,0.286269,0.00393942,527.766,1949.5,0.003351,27.0719,1421.73,271.15,1.13422,1.52576,0.163175,1.90803,9.26579e-14,0.0211984,1.90814,4.00435,157.176,53.0949,,,0.228264,0.324512,-8.18436,-0.651242,0.638413,0.46194,0.0,54.7696,-8.31149,18.8006,46.8162,71.3977,100.136,150.022,-0.0589577,1.03894,130.017,1.04678,170.509,1.12148,-18.8832,1.11235,3.8472,1.12148,800000099.0,800000099.0,800000099.0,800000099.0,800000099.0,800000099.0,800000199.0,800000199.0,80000.0,80000.0,80.0,81.0,6.0,2.0,0.0,1.0,4.0,3.0,0.280781,0.263862,0.104381,0.301603,0.00888466,509.5,0.109678,-0.0188832,3.8472,16.814,13.0195,22.8007,606.828,99.8662,0.373261,0.0321244,0.0703881,334.284,291.246,290.512,98214.2,27.0719,282.652,283.668,75.9276,9.15189,10.8774,28.8723,13.4371,16.6853,48.584,0.0,10.014645,0.010414,138600.0,10.414,1,-13.844433,2.5442801140147875,15.997780114014788,2.4163298695123494
2023-07-25 12:30:00,Nit-A,winter,noon,Yng,0.088799,0.027210615117266274,2.918274,0.0008329097089921503,0.086177,0.025495125347930078,1.462032,0.47198289877977573,0.975859,0.053130645922637346,0.927149,0.0611530780181178,2.612502,0.29683469055476547,1.567469,0.3242659500212236,9.456989,0.6252293531105789,9.960128,0.5432540734678916,26.666344,3.024596638434637,0.441786,0.0,0.0,0.0,0.0,0.0,0.0,0.0,108.326912,60.19385103504702,172.978165,95.59563607262525,0.346151,0.17677596359123604,0.5,0.0,0.8,0.0,189.08226,104.49643180530205,30.62,4.333138469977623,28.8,4.441807364875999,24.4,2.03562627545759,21.74,1.7704879741660668,97.98,0.028284271247469944,156.3,0.10132456102380837,156.3,0.2379075450674016,0.0,0.16072751268321592,1618.0,399.249558547032,3.84,0.037436078854495417,132.0,73.95151564820469,27.75,10.731359839274797,88.5,11.309450870842493,30.05,11.990472634554484,159.93,147.3271772767446,19.65,0.004999999999999706,12.93,174.07690482753114,53.78,0.38577540961894785,-33.989971,5.44119472148544e-05,18.955544,6.176816871589262e-05,346.100006,2.463208348487496,14.0,1.9815818596935815,0.84,0.11159749101122303,0.32,0.15069284433354269,-0.0,0.0017530925056406274,0.001,0.0021794494717703367,0.011,0.011992031668129123,-0.412,2.072721982482616,-1.377,1.8934944001325522,-2.611,12.11459992602509,1.0,0.0,150.0,0.0,2.0,0.0,55537.0,0.0,55537.0,0.0,55537.0,0.0,0.0,0.0,,,0.0,0.0,0.0,0.0,0.0,0.0,0.0,0.0,2.42141,0.006730328582865878,2.435036,0.006503706462471758,1.662109,0.0008758971058292,0.93603,0.0006035299550698277,0.279282,0.020764501581786138,-0.038863,0.02504063864321355,0.356324,0.12677177222259167,1.461889,0.334322914193309,108.326912,60.19385103504702,0.000276,7.224495368766825e-06,2.372455,0.0,-3e-06,0.0,1.0,0.0,2.383364,0.0,-1e-05,0.0,1.0,0.0,0.601327,0.0,0.601158,0.0,0.107461,0.0,0.0,0.0,-0.0612537,1.0,0.00829526,124.998,0.0,10.4698,195.794,0.0,16.2919,-13.4535,0.0,1.55775,4.41773,0.0,0.367596,-0.862282,4.13437,-0.390933,0.093284,339.225,4.63427,16.0024,393.471,396.146,0.0,1.0,218.614,5.37531,5.40436,0.0,1.0,291.236,290.294,98157.0,1.17559,1008.38,0.0245882,0.286269,0.00393942,527.766,1949.5,0.003351,27.0719,1421.73,271.15,1.13422,1.52576,0.163175,1.90803,9.26579e-14,0.0211984,1.90814,4.00435,157.176,53.0949,,,0.228264,0.324512,-8.18436,-0.651242,0.638413,0.46194,0.0,54.7696,-8.31149,18.8006,46.8162,71.3977,100.136,150.022,-0.0589577,1.03894,130.017,1.04678,170.509,1.12148,-18.8832,1.11235,3.8472,1.12148,800000099.0,800000099.0,800000099.0,800000099.0,800000099.0,800000099.0,800000199.0,800000199.0,80000.0,80000.0,80.0,81.0,6.0,2.0,0.0,1.0,4.0,3.0,0.280781,0.263862,0.104381,0.301603,0.00888466,509.5,0.109678,-0.0188832,3.8472,16.814,13.0195,22.8007,606.828,99.8662,0.373261,0.0321244,0.0703881,334.284,291.246,290.512,98214.2,27.0719,282.652,283.668,75.9276,9.15189,10.8774,28.8723,13.4371,16.6853,48.584,0.0,10.014645,0.010414,138600.0,10.414,1,-13.844433,2.5442801140147875,15.997780114014788,2.4163298695123494
2023-07-25 15:30:00,Nit-S,winter,afternoon,Mid,0.076212,0.0461636041585432,2.918376,0.0008989848033570658,0.074274,0.04307293599206661,1.257562,0.665144315170079,1.140682,0.0736883820919327,1.113984,0.07171603023829462,2.663939,0.2482421023758661,1.437084,0.2692063079148716,11.384905,0.7312900939893869,11.659297,0.7513886091902333,27.227434,2.535866727408111,0.441786,0.0,0.0,0.0,0.0,0.0,0.0,0.0,147.256134,73.96771521956583,274.661072,139.02212391158088,0.401827,0.1729649790332135,0.5,0.0,0.8,0.0,185.18222,93.81316726878019,38.08,1.8254591203311032,37.07,1.9599900509951549,23.99,0.8695886000479373,22.06,1.5185099055762958,97.84,0.020305992547358643,156.3,0.10692676621563638,156.1,1.6725927976248927,0.1,1.0787801753214907,1296.0,358.4948721158133,3.733,0.024935784193269885,34.0,129.40848761447862,41.02,11.414872214206637,75.45,12.910507000114288,24.06,13.211262089596135,147.26,89.87928214740778,19.62,0.0,319.82,3.5452565962611904,64.81,2.1310570929314183,-33.989979,4.508018781515927e-05,18.955507,7.64329117586359e-05,329.799988,6.607728190896094,16.0,2.4664414311581235,0.66,0.10021310626193894,0.39,0.013844373104863451,0.0,0.001485485330343813,0.001,0.001973153144926499,0.003,0.006071159226949526,-1.181,3.3535102266133023,-1.305,2.779610507487215,-7.618,14.418689984148156,1.0,0.0,150.0,0.0,2.0,0.0,55537.0,0.0,55537.0,0.0,55537.0,0.0,0.0,0.0,,,0.0,0.0,0.0,0.0,0.0,0.0,0.0,0.0,2.433336,0.0028173215708068417,2.445859,0.0026484975004709196,1.662216,0.0009447254010203784,0.935695,0.004189328559168724,0.283918,0.009500728141919768,-0.029434,0.018855306814881942,0.395465,0.09625637789331158,1.192939,0.30017332876858,147.256134,73.96771521956583,0.000276,1.2916010736033518e-05,2.372455,0.0,-3e-06,0.0,1.0,0.0,2.383364,0.0,-1e-05,0.0,1.0,0.0,0.601327,0.0,0.601158,0.0,0.107461,0.0,0.0,0.0,-0.0384679,1.0,0.00547852,86.583,0.0,7.31479,125.491,0.0,9.84855,-10.0947,0.0,1.2057,2.83305,0.0,0.222337,1.06207,3.42939,-0.0261821,0.0774206,434.778,11.1313,16.0282,395.576,399.556,0.0,1.0,410.36,10.1277,10.2313,0.0,1.0,291.766,290.872,97986.4,1.16911,1010.99,0.02468,0.183582,0.0073947,992.644,2021.99,0.00632506,49.0925,1029.34,280.022,0.680679,1.08486,0.112363,1.28536,4.95434e-14,0.0271258,1.28564,3.50668,150.481,57.5643,,,0.181393,0.308638,-5.92666,-0.899326,0.689951,0.403839,0.0,,,,,,,,-0.0367215,1.04756,89.6202,1.04538,106.317,1.12534,-13.6509,1.1173,2.40017,1.12534,800000099.0,800000099.0,800000099.0,800000099.0,800000099.0,800000099.0,800000199.0,800000199.0,80000.0,80000.0,80.0,81.0,0.0,2.0,0.0,4.0,9.0,6.0,0.248904,0.289639,0.0787324,0.2008,0.00649259,227.711,0.0758231,-0.0136509,2.40017,17.2734,12.9992,20.5165,407.001,62.8447,0.400751,0.0242267,0.0566047,275.955,291.192,290.602,97999.9,49.0925,285.754,286.376,61.4976,9.48359,10.2984,41.9915,38.0783,33.3152,77.5465,0.0,9.890995,0.010414,149400.0,10.414,1,-10.1208821,2.6916062396732454,12.786306239673245,3.011520508929178
2023-07-25 15:30:00,Nit-S,winter,afternoon,Old,0.03764,0.030048355444971833,2.9184585,0.0011933038292687396,0.037161,0.029224000724890852,0.567133,0.45685555846023207,1.1417675,0.035403032313593784,1.1279314999999999,0.0344089053635216,2.5576214999999998,0.20616148469945633,1.432547,0.20061100135674337,11.528620499999999,0.3511598340537854,11.669681,0.36133243742079013,26.1416005,2.103570343497963,0.441786,0.0,0.0,0.0,0.0,0.0,0.0,0.0,124.056278,39.728303450100015,284.61314400000003,108.61996503035316,0.5649919999999999,0.17166429169511882,0.5,0.0,0.8,0.0,189.85015099999998,115.61407831219542,37.585,1.2665801447827498,37.055,1.2091113526710018,23.880000000000003,0.8650159718634943,21.4,1.2924542137874135,97.85,0.01930366749992819,156.3,0.150787406985015,156.14999999999998,0.30192365713346236,0.1,0.18918106058538345,1074.0,418.3910881359436,3.7425,0.021091966542539017,331.5,149.3966373890587,45.575,13.046885845409925,69.945,12.933772793899335,20.825,16.00126964534871,147.965,91.14982596484238,19.62,0.0,321.355,2.836366235353353,63.915000000000006,1.6466242181473758,-33.989986,3.617133933747033e-05,18.955502,6.502021952740617e-05,328.050003,4.634682325237227,15.5,2.3141441523584345,0.67,0.09896703332024524,0.395,0.015389675281277305,0.0,0.001663066286617647,0.001,0.001712953743192089,0.0,0.009272655652893773,0.08399999999999999,1.6400441617930839,-0.056,1.9741336507573723,3.7845,10.644435312641061,1.0,0.0,150.0,0.0,2.0,0.0,55537.0,0.0,55537.0,0.0,55537.0,0.0,0.0,0.0,,,0.0,0.0,0.0,0.0,0.0,0.0,0.0,0.0,2.4333335,0.001807790361041384,2.44528,0.001913678392382947,1.662303,0.0012535409467836363,0.9357584999999999,0.0007480753040478649,0.285209,0.009513440267658949,-0.032962,0.01385223949213153,0.355877,0.07805723878045487,1.006698,0.350304690071973,124.056278,39.728303450100015,0.000278,4.773556546775493e-06,2.372455,0.0,-3e-06,0.0,1.0,0.0,2.383364,0.0,-1e-05,0.0,1.0,0.0,0.601327,0.0,0.601158,0.0,0.107461,0.0,0.0,0.0,-0.0384679,1.0,0.00547852,86.583,0.0,7.31479,125.491,0.0,9.84855,-10.0947,0.0,1.2057,2.83305,0.0,0.222337,1.06207,3.42939,-0.0261821,0.0774206,434.778,11.1313,16.0282,395.576,399.556,0.0,1.0,410.36,10.1277,10.2313,0.0,1.0,291.766,290.872,97986.4,1.16911,1010.99,0.02468,0.183582,0.0073947,992.644,2021.99,0.00632506,49.0925,1029.34,280.022,0.680679,1.08486,0.112363,1.28536,4.95434e-14,0.0271258,1.28564,3.50668,150.481,57.5643,,,0.181393,0.308638,-5.92666,-0.899326,0.689951,0.403839,0.0,,,,,,,,-0.0367215,1.04756,89.6202,1.04538,106.317,1.12534,-13.6509,1.1173,2.40017,1.12534,800000099.0,800000099.0,800000099.0,800000099.0,800000099.0,800000099.0,800000199.0,800000199.0,80000.0,80000.0,80.0,81.0,0.0,2.0,0.0,4.0,9.0,6.0,0.248904,0.289639,0.0787324,0.2008,0.00649259,227.711,0.0758231,-0.0136509,2.40017,17.2734,12.9992,20.5165,407.001,62.8447,0.400751,0.0242267,0.0566047,275.955,291.192,290.602,97999.9,49.0925,285.754,286.376,61.4976,9.48359,10.2984,41.9915,38.0783,33.3152,77.5465,0.0,9.890995,0.010414,149400.0,10.414,1,-10.1208821,2.6916062396732454,12.786306239673245,3.011520508929178
2023-07-25 15:30:00,Nit-S,winter,afternoon,Yng,0.0731295,0.04138011865458841,2.9182940000000004,0.0011037060744829492,0.0713425,0.03949495551528097,1.2079825,0.6660519615584186,1.117044,0.07720559358471997,1.0817535,0.07550338042977262,2.763044,0.29862263966760894,1.6278405,0.33716567945751913,11.0548945,0.7698719905358917,11.415243,0.7871888475989406,28.2398555,3.054647386968689,0.441786,0.0,0.0,0.0,0.0,0.0,0.0,0.0,91.4581415,74.61470461972364,181.527794,109.75976946721599,0.322704,0.16681434153872635,0.5,0.0,0.8,0.0,149.0416035,89.06693004206649,36.260000000000005,2.0198328427480496,35.19499999999999,1.9630858888231473,24.05,0.878500812840218,22.665,1.743027785799459,97.83500000000001,0.020758601596213677,156.3,0.13995073024657934,156.1,4.311178999741959,0.1,2.759476878627208,1406.0,305.3970394816197,3.7315,0.028390726185382034,45.0,98.85124665636363,34.005,14.48456350343556,82.79499999999999,15.522571437200371,34.290000000000006,17.22448257568279,144.04,70.73201829164212,19.62,0.0,319.71500000000003,3.891693615304588,64.88499999999999,2.3635090802477974,-33.989952,4.621807379407019e-05,18.955534999999998,9.06465220196599e-05,331.25,7.541187963739046,16.0,2.448551061107483,0.66,0.09898566017126019,0.39,0.0125074690329097,0.0,0.00151657508881031,0.001,0.0021929877797878515,0.003,0.009676829317551573,-0.01,1.3267688643996096,0.22699999999999998,2.275644524085429,-9.608,15.19094473986867,1.0,0.0,150.0,0.0,2.0,0.0,55537.0,0.0,55537.0,0.0,55537.0,0.0,0.0,0.0,,,0.0,0.0,0.0,0.0,0.0,0.0,0.0,0.0,2.430536,0.0028240917482085597,2.4431435,0.0029408313853028023,1.6621299999999999,0.0011585381122221077,0.9355505,0.010604732578364282,0.283281,0.00954835832341944,-0.015014,0.022769733726654747,0.401983,0.10438901251745304,1.284756,0.2556988362843441,91.4581415,74.61470461972364,0.000274,6.4238241913504535e-06,2.372455,0.0,-3e-06,0.0,1.0,0.0,2.383364,0.0,-1e-05,0.0,1.0,0.0,0.601327,0.0,0.601158,0.0,0.107461,0.0,0.0,0.0,-0.0384679,1.0,0.00547852,86.583,0.0,7.31479,125.491,0.0,9.84855,-10.0947,0.0,1.2057,2.83305,0.0,0.222337,1.06207,3.42939,-0.0261821,0.0774206,434.778,11.1313,16.0282,395.576,399.556,0.0,1.0,410.36,10.1277,10.2313,0.0,1.0,291.766,290.872,97986.4,1.16911,1010.99,0.02468,0.183582,0.0073947,992.644,2021.99,0.00632506,49.0925,1029.34,280.022,0.680679,1.08486,0.112363,1.28536,4.95434e-14,0.0271258,1.28564,3.50668,150.481,57.5643,,,0.181393,0.308638,-5.92666,-0.899326,0.689951,0.403839,0.0,,,,,,,,-0.0367215,1.04756,89.6202,1.04538,106.317,1.12534,-13.6509,1.1173,2.40017,1.12534,800000099.0,800000099.0,800000099.0,800000099.0,800000099.0,800000099.0,800000199.0,800000199.0,80000.0,80000.0,80.0,81.0,0.0,2.0,0.0,4.0,9.0,6.0,0.248904,0.289639,0.0787324,0.2008,0.00649259,227.711,0.0758231,-0.0136509,2.40017,17.2734,12.9992,20.5165,407.001,62.8447,0.400751,0.0242267,0.0566047,275.955,291.192,290.602,97999.9,49.0925,285.754,286.376,61.4976,9.48359,10.2984,41.9915,38.0783,33.3152,77.5465,0.0,9.890995,0.010414,149400.0,10.414,1,-10.1208821,2.6916062396732454,12.786306239673245,3.011520508929178
2023-07-25 09:30:00,Nit-S,winter,morning,Mid,0.077957,0.046768808168372214,2.917638,0.001025708784207349,0.075928,0.044436829578927736,1.10118,0.6669109465226273,0.821251,0.035471278193866425,0.792439,0.04701348606421354,2.123474,0.1913729862953058,1.265973,0.2018626519127547,8.070012,0.4783117534333406,8.363661,0.3607792626729578,21.621883,1.9496304167333163,0.441786,0.0,0.0,0.0,0.0,0.0,0.0,0.0,134.524231,87.40825661720858,252.393372,115.20101218097966,0.350868,0.1534881751085948,0.5,0.0,0.8,0.0,126.627037,67.13618420290608,36.29,6.004846154010387,35.15,6.5638146429242425,19.73,1.9407083758256938,18.4,1.4572865195286753,98.2,0.011860297916437909,156.2,0.1258305739211846,156.7,2.6776357730903824,-0.3,1.7156825658223223,1000.0,276.6773090322612,3.932,0.042538492372595174,46.0,140.29970301702946,57.8,8.034253584911708,53.29,11.334471286007716,25.94,8.945168211572847,159.71,133.92212995493563,19.67,0.004082482904638473,43.17,5.504384706758793,66.84,3.9978189053532684,-33.989956,2.6534128973280312e-05,18.955502,2.673948391207484e-05,352.700012,2.0873588993636387,14.0,1.8484227510682372,0.85,0.12787624225528885,0.36,0.18400634047046674,0.001,0.002001665972800324,0.001,0.0024324199198877375,0.008,0.012696559155105173,0.168,3.9310519809163895,-0.024,2.2448924302365434,1.3525,11.351322033512076,1.0,0.0,150.0,0.0,2.0,0.0,55537.0,0.0,55537.0,0.0,55537.0,0.0,0.0,0.0,,,0.0,0.0,0.0,0.0,0.0,0.0,0.0,0.0,2.431261,0.009568512824189187,2.444063,0.009151086118051856,1.661441,0.0010760269947047087,0.937174,0.00667399447058006,0.336845,0.02818097644049975,-0.002605,0.015114086917177631,0.475869,0.14622474952439937,0.944862,0.23170043584588554,134.524231,87.40825661720858,0.000262,6.405206215779969e-06,2.372455,0.0,-3e-06,0.0,1.0,0.0,2.383364,0.0,-1e-05,0.0,1.0,0.0,0.601327,0.0,0.601158,0.0,0.107461,0.0,0.0,0.0,-0.0266155,1.0,0.00699613,,2.0,2.16872,45.6659,1.0,14.3643,-2.74527,1.0,0.868354,1.02596,1.0,0.322717,7.13876,8.33543,-0.200103,0.187269,562.208,9.91781,16.3587,395.421,397.256,0.1,0.0,288.581,6.97555,7.02455,0.0,1.0,286.895,285.842,98316.3,1.19512,1009.15,0.0241719,0.0664824,0.00520023,685.995,1463.41,0.00435124,46.8764,777.416,274.755,-0.740946,-0.345197,-0.0527398,0.81911,8.16596e-14,0.0343675,0.819831,3.84567,2.78374,204.773,,,0.149232,0.267177,58.3379,0.0913643,-0.107445,-0.0272618,0.0,,,,,,,,-0.0258247,1.03062,-2.08048,1.02934,45.0144,1.01146,-2.88799,1.01046,1.01132,1.01146,800000099.0,800000099.0,800000099.0,800000099.0,800000099.0,811100099.0,800000199.0,800100199.0,80000.0,80000.0,81.0,81.0,13.0,9.0,2.0,5.0,5.0,7.0,0.229342,0.25434,0.0506723,0.265031,0.00491191,635.786,-0.00172504,-0.00288799,1.01132,12.8392,13.3741,7.51472,228.791,37.7975,0.358683,0.0338769,0.0730981,-52.0037,282.092,284.066,98322.7,46.8764,280.402,280.362,-21.4099,9.24335,10.3444,-22.8482,-27.9964,-18.4588,-30.4203,0.0,9.793875,0.010414,127800.0,10.414,1,-2.945373,2.3784031310423037,5.123673131042304,3.3323111552837337
2023-07-25 09:30:00,Nit-S,winter,morning,Old,0.070263,0.04542843582170387,2.917912,0.0010343152533600838,0.068611,0.043721891781539686,0.844922,0.748565877606144,0.828369,0.050917461447195764,0.801685,0.05419876679602591,2.081806,0.3505482322317904,1.290771,0.3516125057413487,8.164481,0.5517932916312509,8.437918,0.518261360998412,21.200144,3.5690599439781625,0.441786,0.0,0.0,0.0,0.0,0.0,0.0,0.0,100.605011,77.01333874382864,228.505249,98.29849486443864,0.400458,0.18707680557650647,0.5,0.0,0.8,0.0,151.718292,93.38595921032433,37.81,6.353795270020376,35.05,6.674622960637304,19.85,1.9215551861274598,18.08,2.5698645878722868,98.2,0.011930353445440791,156.2,0.13391539617734782,156.7,0.7337120234351706,-0.3,0.47777260979117125,900.0,357.7129528919335,3.92,0.041448642921089844,73.0,146.37704738106996,57.67,8.425535531940987,53.48,11.517714443412805,36.79,14.289077798561154,157.43,134.29892733872944,19.67,0.004082482904638473,42.97,5.543512484577504,66.7,3.981355799222163,-33.98996,2.2711450856595527e-05,18.955515,2.958462438702935e-05,353.0,2.3831478548476746,14.0,1.4753530650887157,0.89,0.11164974996240097,0.36,0.18450112917450306,0.0,0.0017682382946499792,0.0,0.0023108440016582684,0.014499999999999999,0.01583500452860853,-0.011,0.9855175459287031,0.1,1.7081636065279773,0.056999999999999995,6.0009501274030725,1.0,0.0,150.0,0.0,2.0,0.0,55537.0,0.0,55537.0,0.0,55537.0,0.0,0.0,0.0,,,0.0,0.0,0.0,0.0,0.0,0.0,0.0,0.0,2.431096,0.009692566584759655,2.446228,0.00963268063106011,1.661728,0.001085439384151234,0.937102,0.001838575501123988,0.33525,0.02774187264209108,-0.007831,0.02033664026070514,0.481468,0.14461811488828086,0.860661,0.29954524240150543,100.605011,77.01333874382864,0.000265,8.042180467178446e-06,2.372455,0.0,-3e-06,0.0,1.0,0.0,2.383364,0.0,-1e-05,0.0,1.0,0.0,0.601327,0.0,0.601158,0.0,0.107461,0.0,0.0,0.0,-0.0266155,1.0,0.00699613,,2.0,2.16872,45.6659,1.0,14.3643,-2.74527,1.0,0.868354,1.02596,1.0,0.322717,7.13876,8.33543,-0.200103,0.187269,562.208,9.91781,16.3587,395.421,397.256,0.1,0.0,288.581,6.97555,7.02455,0.0,1.0,286.895,285.842,98316.3,1.19512,1009.15,0.0241719,0.0664824,0.00520023,685.995,1463.41,0.00435124,46.8764,777.416,274.755,-0.740946,-0.345197,-0.0527398,0.81911,8.16596e-14,0.0343675,0.819831,3.84567,2.78374,204.773,,,0.149232,0.267177,58.3379,0.0913643,-0.107445,-0.0272618,0.0,,,,,,,,-0.0258247,1.03062,-2.08048,1.02934,45.0144,1.01146,-2.88799,1.01046,1.01132,1.01146,800000099.0,800000099.0,800000099.0,800000099.0,800000099.0,811100099.0,800000199.0,800100199.0,80000.0,80000.0,81.0,81.0,13.0,9.0,2.0,5.0,5.0,7.0,0.229342,0.25434,0.0506723,0.265031,0.00491191,635.786,-0.00172504,-0.00288799,1.01132,12.8392,13.3741,7.51472,228.791,37.7975,0.358683,0.0338769,0.0730981,-52.0037,282.092,284.066,98322.7,46.8764,280.402,280.362,-21.4099,9.24335,10.3444,-22.8482,-27.9964,-18.4588,-30.4203,0.0,9.793875,0.010414,127800.0,10.414,1,-2.945373,2.3784031310423037,5.123673131042304,3.3323111552837337
2023-07-25 09:30:00,Nit-S,winter,morning,Yng,0.061955,0.042052132912295107,2.917668,0.0008869094279198965,0.060667,0.03951263635311283,0.86162,0.6791838408742585,0.80334,0.03742632937220359,0.76678,0.04313037968578531,2.185217,0.24180220760239846,1.37431,0.2527338650765069,7.809048,0.43864235138408664,8.181501,0.38066898211632116,22.255039,2.4633491764084696,0.441786,0.0,0.0,0.0,0.0,0.0,0.0,0.0,118.199944,68.48576615707957,206.620926,90.25906065083723,0.344876,0.1313223262095089,0.5,0.0,0.8,0.0,115.117355,60.242757995521735,35.74,6.1759243572656155,33.81,6.540220740413381,19.46,1.9493274053717464,18.85,1.8758955194786286,98.2,0.007257180352361219,156.2,0.11789826122552532,156.9,0.18708286933869228,-0.4,0.14118545723031575,835.0,307.0432217131653,3.934,0.043671768149839855,58.0,111.42214022954923,65.72,8.039441875321105,41.12,12.220085760746526,29.03,16.2430728517318,148.12,119.46948012219133,19.67,0.004082482904638473,43.58,5.4337110400412945,67.12,3.988389733547442,-33.98996,2.7703309072125127e-05,18.955496,3.494195186551466e-05,351.899994,2.20561902680828,14.0,2.3790754506740646,0.84,0.14544414735560857,0.36,0.18400634047046674,0.001,0.002296373953286645,0.001,0.0024664414311581237,0.012,0.014742050849224024,-0.26,2.56787499176524,-0.024,2.1557416844325297,0.562,9.216574319011679,1.0,0.0,150.0,0.0,2.0,0.0,55537.0,0.0,55537.0,0.0,55537.0,0.0,0.0,0.0,,,0.0,0.0,0.0,0.0,0.0,0.0,0.0,0.0,2.429368,0.009543989536526715,2.44329,0.00940405252838736,1.661473,0.0009308812169122369,0.93753,0.0004892592938991205,0.340526,0.02849696727770636,-0.004248,0.01703097582592769,0.466178,0.14629404329218826,0.806649,0.2570421884902036,118.199944,68.48576615707957,0.00026,8.278888814327675e-06,2.372455,0.0,-3e-06,0.0,1.0,0.0,2.383364,0.0,-1e-05,0.0,1.0,0.0,0.601327,0.0,0.601158,0.0,0.107461,0.0,0.0,0.0,-0.0266155,1.0,0.00699613,,2.0,2.16872,45.6659,1.0,14.3643,-2.74527,1.0,0.868354,1.02596,1.0,0.322717,7.13876,8.33543,-0.200103,0.187269,562.208,9.91781,16.3587,395.421,397.256,0.1,0.0,288.581,6.97555,7.02455,0.0,1.0,286.895,285.842,98316.3,1.19512,1009.15,0.0241719,0.0664824,0.00520023,685.995,1463.41,0.00435124,46.8764,777.416,274.755,-0.740946,-0.345197,-0.0527398,0.81911,8.16596e-14,0.0343675,0.819831,3.84567,2.78374,204.773,,,0.149232,0.267177,58.3379,0.0913643,-0.107445,-0.0272618,0.0,,,,,,,,-0.0258247,1.03062,-2.08048,1.02934,45.0144,1.01146,-2.88799,1.01046,1.01132,1.01146,800000099.0,800000099.0,800000099.0,800000099.0,800000099.0,811100099.0,800000199.0,800100199.0,80000.0,80000.0,81.0,81.0,13.0,9.0,2.0,5.0,5.0,7.0,0.229342,0.25434,0.0506723,0.265031,0.00491191,635.786,-0.00172504,-0.00288799,1.01132,12.8392,13.3741,7.51472,228.791,37.7975,0.358683,0.0338769,0.0730981,-52.0037,282.092,284.066,98322.7,46.8764,280.402,280.362,-21.4099,9.24335,10.3444,-22.8482,-27.9964,-18.4588,-30.4203,0.0,9.793875,0.010414,127800.0,10.414,1,-2.945373,2.3784031310423037,5.123673131042304,3.3323111552837337
2023-07-25 12:30:00,Nit-S,winter,noon,Mid,0.078043,0.050203355164869214,2.918051,0.0007538250946562747,0.076009,0.046821504571012376,1.458719,0.8342890145632347,1.057186,0.05517096945323685,1.017177,0.05233838637453398,2.752411,0.25699873196397294,1.667695,0.26750637797148563,10.379274,0.5345587109746752,10.787525,0.5631767208877091,28.087973,2.6211891297812713,0.441786,0.0,0.0,0.0,0.0,0.0,0.0,0.0,173.490997,97.89492299423968,252.613663,122.70133975704641,0.215424,0.20793514450584508,0.5,0.0,0.8,0.0,132.812653,109.28704786016675,34.28,3.3272573790836626,33.49,3.2434373741449054,24.11,1.1804345245148797,22.6,1.4850501675027683,97.99,0.027367864366812236,156.3,0.09000000000000552,156.2,2.0445700444510737,0.1,1.3153960113466463,1606.0,352.4846426914701,3.823,0.025930998181070187,46.0,154.89842908607346,35.11,7.898006773863897,81.81,9.201447947651136,28.43,12.18233451902111,149.38,103.91361055383136,19.64,0.004999999999998951,6.33,143.65137111307592,53.67,0.2905156335437582,-33.989948,3.257570669468568e-05,18.955502,6.985012526861627e-05,345.299988,3.083020272408387,15.0,2.413158373031768,0.77,0.09326128171254493,0.34,0.1503606774836205,0.0,0.0016145174717749782,-0.0,0.002491987158875422,-0.002,0.006424113228238646,-0.933,2.910404410616046,-0.652,2.5915260124747603,-7.939,11.077887008672867,1.0,0.0,150.0,0.0,2.0,0.0,55537.0,0.0,55537.0,0.0,55537.0,0.0,0.0,0.0,,,0.0,0.0,0.0,0.0,0.0,0.0,0.0,0.0,2.428271,0.004803474807539516,2.44053,0.0048332497497371955,1.661875,0.0007918612567868454,0.935849,0.005082627060225203,0.282627,0.012707218977547093,-0.020922,0.018643089711561586,0.417329,0.09600994010226231,1.451995,0.29509629912305463,173.490997,97.89492299423968,0.000272,1.064080197478866e-05,2.372455,0.0,-3e-06,0.0,1.0,0.0,2.383364,0.0,-1e-05,0.0,1.0,0.0,0.601327,0.0,0.601158,0.0,0.107461,0.0,0.0,0.0,-0.0612537,1.0,0.00829526,124.998,0.0,10.4698,195.794,0.0,16.2919,-13.4535,0.0,1.55775,4.41773,0.0,0.367596,-0.862282,4.13437,-0.390933,0.093284,339.225,4.63427,16.0024,393.471,396.146,0.0,1.0,218.614,5.37531,5.40436,0.0,1.0,291.236,290.294,98157.0,1.17559,1008.38,0.0245882,0.286269,0.00393942,527.766,1949.5,0.003351,27.0719,1421.73,271.15,1.13422,1.52576,0.163175,1.90803,9.26579e-14,0.0211984,1.90814,4.00435,157.176,53.0949,,,0.228264,0.324512,-8.18436,-0.651242,0.638413,0.46194,0.0,54.7696,-8.31149,18.8006,46.8162,71.3977,100.136,150.022,-0.0589577,1.03894,130.017,1.04678,170.509,1.12148,-18.8832,1.11235,3.8472,1.12148,800000099.0,800000099.0,800000099.0,800000099.0,800000099.0,800000099.0,800000199.0,800000199.0,80000.0,80000.0,80.0,81.0,6.0,2.0,0.0,1.0,4.0,3.0,0.280781,0.263862,0.104381,0.301603,0.00888466,509.5,0.109678,-0.0188832,3.8472,16.814,13.0195,22.8007,606.828,99.8662,0.373261,0.0321244,0.0703881,334.284,291.246,290.512,98214.2,27.0719,282.652,283.668,75.9276,9.15189,10.8774,28.8723,13.4371,16.6853,48.584,0.0,10.014645,0.010414,138600.0,10.414,1,-13.844433,2.5442801140147875,15.997780114014788,2.4163298695123494
2023-07-25 12:30:00,Nit-S,winter,noon,Old,0.060483,0.03370439317393704,2.91827,0.0009065213271989579,0.059255,0.03256340900110634,1.00969,0.5507292617795304,1.036415,0.061208435297432674,1.001471,0.05760818745103273,2.768735,0.3372828317980476,1.706558,0.32943640867941415,10.220214,0.5886109548461735,10.575988,0.625490209657159,28.256075,3.4417796256430067,0.441786,0.0,0.0,0.0,0.0,0.0,0.0,0.0,125.385757,64.96268258086216,229.091766,97.77149561173128,0.387322,0.20613853215881303,0.5,0.0,0.8,0.0,188.813065,123.13952080171059,34.14,3.4467021919510272,33.09,3.256513114769639,24.07,1.058083960121626,22.7,1.9400642601041165,97.99,0.02776688675382962,156.3,0.11372481406155123,156.3,5.137778378508236,-0.0,3.277565153179008,1499.0,405.87261959059686,3.822,0.02470492528491654,42.0,159.25862613999908,34.17,8.8358357838973,82.74,7.811292573362405,30.85,14.331705085811205,151.85,90.78173740167493,19.64,0.004999999999998951,6.04,153.46936561520457,53.7,0.2621405475439947,-33.989964,3.3779283593296846e-05,18.955509,6.512841161888527e-05,345.100006,3.0101227439111744,15.0,1.658312395177701,0.78,0.09198188227399283,0.34,0.14978540204795215,-0.0,0.0018027756377319946,0.001,0.0019773719933285187,-0.002,0.00807465169527454,-0.365,3.136099571654786,-0.104,2.8346542158318595,-10.568000000000001,2.4669372103886222,1.0,0.0,150.0,0.0,2.0,0.0,55537.0,0.0,55537.0,0.0,55537.0,0.0,0.0,0.0,,,0.0,0.0,0.0,0.0,0.0,0.0,0.0,0.0,2.427694,0.004791259619696688,2.440248,0.005002124537967538,1.662104,0.0009520275783820293,0.936089,0.012625104763657705,0.283075,0.011393727744245977,-0.016268,0.027141662459829786,0.42181,0.09508566891768355,1.362467,0.33989154350070255,125.385757,64.96268258086216,0.000277,8.33166649996668e-06,2.372455,0.0,-3e-06,0.0,1.0,0.0,2.383364,0.0,-1e-05,0.0,1.0,0.0,0.601327,0.0,0.601158,0.0,0.107461,0.0,0.0,0.0,-0.0612537,1.0,0.00829526,124.998,0.0,10.4698,195.794,0.0,16.2919,-13.4535,0.0,1.55775,4.41773,0.0,0.367596,-0.862282,4.13437,-0.390933,0.093284,339.225,4.63427,16.0024,393.471,396.146,0.0,1.0,218.614,5.37531,5.40436,0.0,1.0,291.236,290.294,98157.0,1.17559,1008.38,0.0245882,0.286269,0.00393942,527.766,1949.5,0.003351,27.0719,1421.73,271.15,1.13422,1.52576,0.163175,1.90803,9.26579e-14,0.0211984,1.90814,4.00435,157.176,53.0949,,,0.228264,0.324512,-8.18436,-0.651242,0.638413,0.46194,0.0,54.7696,-8.31149,18.8006,46.8162,71.3977,100.136,150.022,-0.0589577,1.03894,130.017,1.04678,170.509,1.12148,-18.8832,1.11235,3.8472,1.12148,800000099.0,800000099.0,800000099.0,800000099.0,800000099.0,800000099.0,800000199.0,800000199.0,80000.0,80000.0,80.0,81.0,6.0,2.0,0.0,1.0,4.0,3.0,0.280781,0.263862,0.104381,0.301603,0.00888466,509.5,0.109678,-0.0188832,3.8472,16.814,13.0195,22.8007,606.828,99.8662,0.373261,0.0321244,0.0703881,334.284,291.246,290.512,98214.2,27.0719,282.652,283.668,75.9276,9.15189,10.8774,28.8723,13.4371,16.6853,48.584,0.0,10.014645,0.010414,138600.0,10.414,1,-13.844433,2.5442801140147875,15.997780114014788,2.4163298695123494
2023-07-25 12:30:00,Nit-S,winter,noon,Yng,0.0887805,0.04297886333867161,2.9181165,0.0010520867184590193,0.0861595,0.040067007518951106,1.4389185000000002,0.7347517626658968,1.054838,0.02739976016582505,1.01363,0.025067232593462285,2.8543155000000002,0.22136632680725005,1.7934109999999999,0.2161491307464594,10.345039,0.25770980869771076,10.7654105,0.2802812746813031,29.12983,2.256457514860864,0.441786,0.0,0.0,0.0,0.0,0.0,0.0,0.0,188.38637549999999,64.39339128209063,311.612427,101.86601908231962,0.34104900000000005,0.16629677818769642,0.5,0.0,0.8,0.0,116.6232375,59.63367244225957,34.815,3.0531127774091353,33.825,3.1439375244897487,24.125,1.4324674148953065,23.2,1.3369781323252035,97.99,0.028745709061942355,156.3,0.13168942730211297,156.2,0.21545545393788457,0.05,0.14317821063276354,845.5,420.7790268937892,3.822,0.029171002184036083,36.5,123.29037184416991,37.655,10.865668034783008,79.16499999999999,13.697497427978353,24.185000000000002,12.257763801813633,139.58999999999997,64.24032713589118,19.64,0.004442616583192817,6.890000000000001,156.52283897246434,53.65,0.3493829146547247,-33.989935,3.130142085374839e-05,18.9555475,7.040267638288329e-05,345.899994,2.5140588930972427,16.0,2.9217874846167646,0.71,0.20299014754416037,0.33,0.16272272186307085,-0.0,0.001669383750149485,0.0,0.0017434086394791457,-0.0,0.00731887519130734,-0.923,1.956084151537131,-0.5589999999999999,1.3883847591621294,8.247,12.387818493704492,1.0,0.0,150.0,0.0,2.0,0.0,55537.0,0.0,55537.0,0.0,55537.0,0.0,0.0,0.0,,,0.0,0.0,0.0,0.0,0.0,0.0,0.0,0.0,2.4287485,0.004730566995058366,2.4413035,0.0044331807934449826,1.6619435,0.0011043629790398269,0.9358420000000001,0.0005332277952047338,0.282412,0.015360948868289667,-0.021847,0.018662890221816632,0.422597,0.10559400113337528,0.8153535,0.35235430849426413,188.38637549999999,64.39339128209063,0.0002735,7.846554725013492e-06,2.372455,0.0,-3e-06,0.0,1.0,0.0,2.383364,0.0,-1e-05,0.0,1.0,0.0,0.601327,0.0,0.601158,0.0,0.107461,0.0,0.0,0.0,-0.0612537,1.0,0.00829526,124.998,0.0,10.4698,195.794,0.0,16.2919,-13.4535,0.0,1.55775,4.41773,0.0,0.367596,-0.862282,4.13437,-0.390933,0.093284,339.225,4.63427,16.0024,393.471,396.146,0.0,1.0,218.614,5.37531,5.40436,0.0,1.0,291.236,290.294,98157.0,1.17559,1008.38,0.0245882,0.286269,0.00393942,527.766,1949.5,0.003351,27.0719,1421.73,271.15,1.13422,1.52576,0.163175,1.90803,9.26579e-14,0.0211984,1.90814,4.00435,157.176,53.0949,,,0.228264,0.324512,-8.18436,-0.651242,0.638413,0.46194,0.0,54.7696,-8.31149,18.8006,46.8162,71.3977,100.136,150.022,-0.0589577,1.03894,130.017,1.04678,170.509,1.12148,-18.8832,1.11235,3.8472,1.12148,800000099.0,800000099.0,800000099.0,800000099.0,800000099.0,800000099.0,800000199.0,800000199.0,80000.0,80000.0,80.0,81.0,6.0,2.0,0.0,1.0,4.0,3.0,0.280781,0.263862,0.104381,0.301603,0.00888466,509.5,0.109678,-0.0188832,3.8472,16.814,13.0195,22.8007,606.828,99.8662,0.373261,0.0321244,0.0703881,334.284,291.246,290.512,98214.2,27.0719,282.652,283.668,75.9276,9.15189,10.8774,28.8723,13.4371,16.6853,48.584,0.0,10.014645,0.010414,138600.0,10.414,1,-13.844433,2.5442801140147875,15.997780114014788,2.4163298695123494
2023-07-25 15:30:00,Rep-S,winter,afternoon,Mid,0.092002,0.032237837186138894,2.918038,0.0009337866690703478,0.089189,0.030226001947660893,1.207116,0.5207201931088904,1.124219,0.12886982865146013,1.091398,0.12821256137260242,2.442328,0.2524862650186999,1.327314,0.17433228147288157,11.156098,1.3079895455106314,11.489087,1.3145300831958933,24.961327,2.5749415688651665,0.441786,0.0,0.0,0.0,0.0,0.0,0.0,0.0,128.238205,40.64604544705355,343.427887,107.01954551882314,0.617368,0.14294197069671313,0.5,0.0,0.8,0.0,203.431183,88.72978416277685,38.33,3.140204982693544,36.85,3.2048950580843267,23.71,0.767583220243903,20.65,1.683324389415186,97.83,0.03055050463303752,156.2,0.12274635093015068,156.1,1.0906114492949948,0.1,0.692218655243173,947.0,408.8635591490149,3.711,0.0341882045935922,182.0,124.57076971210647,46.37,11.193381050126604,69.0,13.452543749541697,23.71,15.095759150613569,151.75,63.70832006627286,19.62,0.004082482904638473,316.88,4.324649041637199,66.74,2.992530311737321,-33.989941,4.5164587900635254e-05,18.955492,5.705576219746437e-05,338.5,8.475054427243224,16.0,1.1902380714238088,0.7,0.05545268253204707,0.39,0.01825741858350554,-0.0,0.0012675435561221031,0.001,0.00282842712474619,0.0045000000000000005,0.014275533253549676,0.333,1.274291077423051,0.734,2.1501914581419643,0.482,15.533434103434812,1.0,0.0,150.0,0.0,2.0,0.0,55537.0,0.0,55537.0,0.0,55537.0,0.0,0.0,0.0,,,0.0,0.0,0.0,0.0,0.0,0.0,0.0,0.0,2.43308,0.004522994502907561,2.446526,0.004449389710211172,1.661861,0.0009809931396294032,0.93566,0.0026984281276328428,0.287166,0.009035549504226787,-0.03311,0.012952974339509826,0.473946,0.10638458079419526,0.900425,0.34232405275386857,128.238205,40.64604544705355,0.000276,5.642103626603586e-06,2.372455,0.0,-3e-06,0.0,1.0,0.0,2.383364,0.0,-1e-05,0.0,1.0,0.0,0.601327,0.0,0.601158,0.0,0.107461,0.0,0.0,0.0,-0.0384679,1.0,0.00547852,86.583,0.0,7.31479,125.491,0.0,9.84855,-10.0947,0.0,1.2057,2.83305,0.0,0.222337,1.06207,3.42939,-0.0261821,0.0774206,434.778,11.1313,16.0282,395.576,399.556,0.0,1.0,410.36,10.1277,10.2313,0.0,1.0,291.766,290.872,97986.4,1.16911,1010.99,0.02468,0.183582,0.0073947,992.644,2021.99,0.00632506,49.0925,1029.34,280.022,0.680679,1.08486,0.112363,1.28536,4.95434e-14,0.0271258,1.28564,3.50668,150.481,57.5643,,,0.181393,0.308638,-5.92666,-0.899326,0.689951,0.403839,0.0,,,,,,,,-0.0367215,1.04756,89.6202,1.04538,106.317,1.12534,-13.6509,1.1173,2.40017,1.12534,800000099.0,800000099.0,800000099.0,800000099.0,800000099.0,800000099.0,800000199.0,800000199.0,80000.0,80000.0,80.0,81.0,0.0,2.0,0.0,4.0,9.0,6.0,0.248904,0.289639,0.0787324,0.2008,0.00649259,227.711,0.0758231,-0.0136509,2.40017,17.2734,12.9992,20.5165,407.001,62.8447,0.400751,0.0242267,0.0566047,275.955,291.192,290.602,97999.9,49.0925,285.754,286.376,61.4976,9.48359,10.2984,41.9915,38.0783,33.3152,77.5465,0.0,9.890995,0.010414,149400.0,10.414,1,-10.1208821,2.6916062396732454,12.786306239673245,3.011520508929178
2023-07-25 15:30:00,Rep-S,winter,afternoon,Old,0.107909,0.04431143754844793,2.917957,0.000865717232511294,0.10406,0.041638019650394834,1.564015,0.5852887416969851,1.100187,0.11206204310041831,1.053585,0.11305166039470634,2.458396,0.2784197827156147,1.332852,0.20552428388658428,10.769521,1.1532150588792658,11.246628,1.1428101141885694,25.123804,2.840088946369315,0.441786,0.0,0.0,0.0,0.0,0.0,0.0,0.0,112.453934,37.49500726229117,295.495758,118.83889503409145,0.625726,0.1314644132108001,0.5,0.0,0.8,0.0,156.046631,113.40471755683345,38.96,2.7046510557432994,38.16,2.960022128295664,23.78,0.8266599462092443,20.75,1.9084669239994694,97.83,0.02908607914449253,156.2,0.10847426730182409,156.1,0.41785164831552896,0.1,0.2929732638541158,722.0,537.9369293885669,3.71,0.029259927090362643,147.0,135.27648231184406,31.76,18.345170508883257,85.03,21.33403410046961,41.8,17.076290219677883,149.64,93.70224730496062,19.62,0.004082482904638473,316.48,4.32044608036407,67.02,3.0159230206798484,-33.989948,4.824133773292397e-05,18.955494,6.32268930117831e-05,338.899994,8.407707292838762,16.0,1.1075498483890767,0.69,0.06910137480542625,0.39,0.01825741858350554,-0.0,0.0020816659994661326,-0.0,0.0024,0.004,0.017208248299109632,0.12,1.5717771608384354,0.609,1.873619280963985,1.107,19.668382668154297,1.0,0.0,150.0,0.0,2.0,0.0,55537.0,0.0,55537.0,0.0,55537.0,0.0,0.0,0.0,,,0.0,0.0,0.0,0.0,0.0,0.0,0.0,0.0,2.434928,0.004181428299835602,2.447531,0.0038232786749946156,1.661776,0.0009091930084787643,0.935568,0.001035895382426868,0.286325,0.009800183615116614,-0.030792,0.013481902768526408,0.480467,0.10440974102046228,0.711787,0.45048973902932576,112.453934,37.49500726229117,0.000277,5.500606027217972e-06,2.372455,0.0,-3e-06,0.0,1.0,0.0,2.383364,0.0,-1e-05,0.0,1.0,0.0,0.601327,0.0,0.601158,0.0,0.107461,0.0,0.0,0.0,-0.0384679,1.0,0.00547852,86.583,0.0,7.31479,125.491,0.0,9.84855,-10.0947,0.0,1.2057,2.83305,0.0,0.222337,1.06207,3.42939,-0.0261821,0.0774206,434.778,11.1313,16.0282,395.576,399.556,0.0,1.0,410.36,10.1277,10.2313,0.0,1.0,291.766,290.872,97986.4,1.16911,1010.99,0.02468,0.183582,0.0073947,992.644,2021.99,0.00632506,49.0925,1029.34,280.022,0.680679,1.08486,0.112363,1.28536,4.95434e-14,0.0271258,1.28564,3.50668,150.481,57.5643,,,0.181393,0.308638,-5.92666,-0.899326,0.689951,0.403839,0.0,,,,,,,,-0.0367215,1.04756,89.6202,1.04538,106.317,1.12534,-13.6509,1.1173,2.40017,1.12534,800000099.0,800000099.0,800000099.0,800000099.0,800000099.0,800000099.0,800000199.0,800000199.0,80000.0,80000.0,80.0,81.0,0.0,2.0,0.0,4.0,9.0,6.0,0.248904,0.289639,0.0787324,0.2008,0.00649259,227.711,0.0758231,-0.0136509,2.40017,17.2734,12.9992,20.5165,407.001,62.8447,0.400751,0.0242267,0.0566047,275.955,291.192,290.602,97999.9,49.0925,285.754,286.376,61.4976,9.48359,10.2984,41.9915,38.0783,33.3152,77.5465,0.0,9.890995,0.010414,149400.0,10.414,1,-10.1208821,2.6916062396732454,12.786306239673245,3.011520508929178
2023-07-25 15:30:00,Rep-S,winter,afternoon,Yng,0.115008,0.045415010215970074,2.918175,0.0009882331877312538,0.110647,0.04199551214514872,1.615684,0.7652329736091116,1.099648,0.1484427889355357,1.054856,0.13668839282881096,2.524673,0.28179128860995706,1.516006,0.17506877751660918,10.782125,1.3942075654381165,11.239763,1.5142400254665778,25.819933,2.873399481611877,0.441786,0.0,0.0,0.0,0.0,0.0,0.0,0.0,98.448158,50.760424380901085,168.634415,77.11486440997878,0.380005,0.1340594367986081,0.5,0.0,0.8,0.0,170.957352,39.94788278372031,37.52,3.7734754095749223,35.95,3.4336233049069316,23.65,0.7111028992581412,21.19,1.7582541530355207,97.84,0.03291402943021801,156.3,0.14118545723031461,156.1,5.978190919221856,0.1,3.8298172280149347,986.0,324.9389788868057,3.715,0.030341116217656318,82.0,119.89289664807781,39.91,13.063051430147038,76.7,15.061053106163152,26.0,9.892914754172978,149.17,19.04662671796067,19.62,0.004082482904638473,317.09,5.289450570081332,66.6,5.898224083004418,-33.989948,6.5999922168056875,18.955492,5.378196723713039e-05,337.799988,8.89097252303754,16.0,1.0115993936995675,0.66,0.04390140468519571,0.38,0.018708286933869684,-0.0,0.0014468356276140472,0.001,0.0023072349974229615,0.008,0.010373041983911953,0.378,1.081375417389046,0.583,1.6978189607061567,3.161,7.055793365609698,1.0,0.0,150.0,0.0,2.0,0.0,55537.0,0.0,55537.0,0.0,55537.0,0.0,0.0,0.0,,,0.0,0.0,0.0,0.0,0.0,0.0,0.0,0.0,2.43184,0.004843301246050996,2.445196,0.005345340292566041,1.662005,0.0010393015683621413,0.935702,0.01458488224155409,0.287828,0.008363858578630635,-0.022177,0.014497794004836275,0.464993,0.10920084305546059,0.932925,0.2720713529982958,98.448158,50.760424380901085,0.000271,6.5184353950929e-06,2.372455,0.0,-3e-06,0.0,1.0,0.0,2.383364,0.0,-1e-05,0.0,1.0,0.0,0.601327,0.0,0.601158,0.0,0.107461,0.0,0.0,0.0,-0.0384679,1.0,0.00547852,86.583,0.0,7.31479,125.491,0.0,9.84855,-10.0947,0.0,1.2057,2.83305,0.0,0.222337,1.06207,3.42939,-0.0261821,0.0774206,434.778,11.1313,16.0282,395.576,399.556,0.0,1.0,410.36,10.1277,10.2313,0.0,1.0,291.766,290.872,97986.4,1.16911,1010.99,0.02468,0.183582,0.0073947,992.644,2021.99,0.00632506,49.0925,1029.34,280.022,0.680679,1.08486,0.112363,1.28536,4.95434e-14,0.0271258,1.28564,3.50668,150.481,57.5643,,,0.181393,0.308638,-5.92666,-0.899326,0.689951,0.403839,0.0,,,,,,,,-0.0367215,1.04756,89.6202,1.04538,106.317,1.12534,-13.6509,1.1173,2.40017,1.12534,800000099.0,800000099.0,800000099.0,800000099.0,800000099.0,800000099.0,800000199.0,800000199.0,80000.0,80000.0,80.0,81.0,0.0,2.0,0.0,4.0,9.0,6.0,0.248904,0.289639,0.0787324,0.2008,0.00649259,227.711,0.0758231,-0.0136509,2.40017,17.2734,12.9992,20.5165,407.001,62.8447,0.400751,0.0242267,0.0566047,275.955,291.192,290.602,97999.9,49.0925,285.754,286.376,61.4976,9.48359,10.2984,41.9915,38.0783,33.3152,77.5465,0.0,9.890995,0.010414,149400.0,10.414,1,-10.1208821,2.6916062396732454,12.786306239673245,3.011520508929178
2023-07-25 09:30:00,Rep-S,winter,morning,Mid,0.080091,0.04158038653287549,2.917636,0.0011062412365001556,0.077951,0.039217079807655236,0.993944,0.5854828097192892,0.795857,0.034824502168635994,0.769794,0.029087165864002635,2.034624,0.1429155164963203,1.249657,0.1313219740285049,7.839778,0.29606236174058,8.105211,0.35468724660317735,20.721189,1.4561269116191267,0.441786,0.0,0.0,0.0,0.0,0.0,0.0,0.0,145.813461,66.78859989659088,288.221588,84.13936805150523,0.500401,0.19258291035193992,0.5,0.0,0.8,0.0,195.161926,103.06122815264595,36.51,3.0939072922977724,35.24,3.1060673420473934,18.86,1.036994856946422,17.72,1.0692346172223686,98.19,0.009165151389907871,156.2,0.13820274961085735,156.7,6.6142522883038986,-0.3,4.2391036788453285,1083.0,290.72239335833757,3.939,0.03151549883258499,219.0,115.22658836686378,56.69,8.073948063576665,54.91,11.798734042260639,29.03,19.925531569655387,159.45,127.66687264387211,19.67,0.003741657386774083,44.39,4.193178865729432,67.7,2.9632095212230105,-33.989964,2.860489468365705e-05,18.955492,3.3146291900578535e-05,352.100006,2.705898709867166,13.0,1.2871156384205213,0.94,0.11032074449833397,0.36,0.1628424596555415,-0.0,0.0018411952639521968,0.0,0.002430363484474425,0.006,0.009428400545273058,-0.328,1.9819318799259136,-0.685,2.1805732212730975,-3.178,9.302550556306135,1.0,0.0,150.0,0.0,2.0,0.0,55537.0,0.0,55537.0,0.0,55537.0,0.0,0.0,0.0,,,0.0,0.0,0.0,0.0,0.0,0.0,0.0,0.0,2.431508,0.004593918642074738,2.444964,0.004802601592886669,1.661439,0.0011610850428227216,0.937194,0.016363787812830283,0.348846,0.014650884922306477,-0.007667,0.012705758799720175,0.446324,0.10551589817373488,1.014254,0.24334577445319105,145.813461,66.78859989659088,0.000266,6.664583007710735e-06,2.372455,0.0,-3e-06,0.0,1.0,0.0,2.383364,0.0,-1e-05,0.0,1.0,0.0,0.601327,0.0,0.601158,0.0,0.107461,0.0,0.0,0.0,-0.0266155,1.0,0.00699613,,2.0,2.16872,45.6659,1.0,14.3643,-2.74527,1.0,0.868354,1.02596,1.0,0.322717,7.13876,8.33543,-0.200103,0.187269,562.208,9.91781,16.3587,395.421,397.256,0.1,0.0,288.581,6.97555,7.02455,0.0,1.0,286.895,285.842,98316.3,1.19512,1009.15,0.0241719,0.0664824,0.00520023,685.995,1463.41,0.00435124,46.8764,777.416,274.755,-0.740946,-0.345197,-0.0527398,0.81911,8.16596e-14,0.0343675,0.819831,3.84567,2.78374,204.773,,,0.149232,0.267177,58.3379,0.0913643,-0.107445,-0.0272618,0.0,,,,,,,,-0.0258247,1.03062,-2.08048,1.02934,45.0144,1.01146,-2.88799,1.01046,1.01132,1.01146,800000099.0,800000099.0,800000099.0,800000099.0,800000099.0,811100099.0,800000199.0,800100199.0,80000.0,80000.0,81.0,81.0,13.0,9.0,2.0,5.0,5.0,7.0,0.229342,0.25434,0.0506723,0.265031,0.00491191,635.786,-0.00172504,-0.00288799,1.01132,12.8392,13.3741,7.51472,228.791,37.7975,0.358683,0.0338769,0.0730981,-52.0037,282.092,284.066,98322.7,46.8764,280.402,280.362,-21.4099,9.24335,10.3444,-22.8482,-27.9964,-18.4588,-30.4203,0.0,9.793875,0.010414,127800.0,10.414,1,-2.945373,2.3784031310423037,5.123673131042304,3.3323111552837337
2023-07-25 09:30:00,Rep-S,winter,morning,Old,0.104096,0.043307925592089964,2.917578,0.0009381736815039027,0.100513,0.0403297591483014,1.161167,0.5863338424441604,0.831863,0.03149976756924831,0.807168,0.039030257205147925,1.975032,0.18445950351172832,1.098322,0.19180659212461026,8.220138,0.39746922351612374,8.472531,0.3208239468949859,20.113979,1.879242244933373,0.441786,0.0,0.0,0.0,0.0,0.0,0.0,0.0,126.489403,52.593109943306345,271.499634,113.08782984385564,0.535211,0.16784109057296825,0.5,0.0,0.8,0.0,149.930862,116.61079105235898,37.67,3.1228964653560523,36.52,3.6002399457073246,19.04,0.9375366659496577,17.25,1.4624450986846191,98.2,0.008698658900462052,156.2,0.12220201853215974,156.6,5.877853916751138,-0.3,3.767085522434198,1198.0,501.65413716357745,3.937,0.0278796221877794,215.0,119.99504156422464,53.4,8.68704926888296,59.63,12.443409661342825,26.77,9.972917075760735,161.13,120.47788969765365,19.67,0.004082482904638473,43.98,4.181417303578617,67.41,2.9117564573066024,-33.989964,3.835696373194819e-05,18.955507,4.2469518481914916e-05,352.299988,2.4812661015551414,13.0,1.151810169544733,0.86,0.09365183749754548,0.36,0.1452331458953729,0.0,0.0015132745950421555,-0.001,0.002693820088028647,0.009,0.011983845547759454,-0.337,3.097805429116985,0.01,2.115597807555428,-3.6765,14.600125723232631,1.0,0.0,150.0,0.0,2.0,0.0,55537.0,0.0,55537.0,0.0,55537.0,0.0,0.0,0.0,,,0.0,0.0,0.0,0.0,0.0,0.0,0.0,0.0,2.43332,0.005281076501055082,2.446187,0.004821648190885213,1.661379,0.000985602565269924,0.936837,0.014384146360721823,0.346274,0.01313700550962813,-0.015892,0.012672414111631084,0.453127,0.10316916796483659,1.110142,0.4200977746117087,126.489403,52.593109943306345,0.000267,6.945742100980528e-06,2.372455,0.0,-3e-06,0.0,1.0,0.0,2.383364,0.0,-1e-05,0.0,1.0,0.0,0.601327,0.0,0.601158,0.0,0.107461,0.0,0.0,0.0,-0.0266155,1.0,0.00699613,,2.0,2.16872,45.6659,1.0,14.3643,-2.74527,1.0,0.868354,1.02596,1.0,0.322717,7.13876,8.33543,-0.200103,0.187269,562.208,9.91781,16.3587,395.421,397.256,0.1,0.0,288.581,6.97555,7.02455,0.0,1.0,286.895,285.842,98316.3,1.19512,1009.15,0.0241719,0.0664824,0.00520023,685.995,1463.41,0.00435124,46.8764,777.416,274.755,-0.740946,-0.345197,-0.0527398,0.81911,8.16596e-14,0.0343675,0.819831,3.84567,2.78374,204.773,,,0.149232,0.267177,58.3379,0.0913643,-0.107445,-0.0272618,0.0,,,,,,,,-0.0258247,1.03062,-2.08048,1.02934,45.0144,1.01146,-2.88799,1.01046,1.01132,1.01146,800000099.0,800000099.0,800000099.0,800000099.0,800000099.0,811100099.0,800000199.0,800100199.0,80000.0,80000.0,81.0,81.0,13.0,9.0,2.0,5.0,5.0,7.0,0.229342,0.25434,0.0506723,0.265031,0.00491191,635.786,-0.00172504,-0.00288799,1.01132,12.8392,13.3741,7.51472,228.791,37.7975,0.358683,0.0338769,0.0730981,-52.0037,282.092,284.066,98322.7,46.8764,280.402,280.362,-21.4099,9.24335,10.3444,-22.8482,-27.9964,-18.4588,-30.4203,0.0,9.793875,0.010414,127800.0,10.414,1,-2.945373,2.3784031310423037,5.123673131042304,3.3323111552837337
2023-07-25 09:30:00,Rep-S,winter,morning,Yng,0.116364,0.028345594487209712,2.917719,0.0007685188286566514,0.111903,0.026476997655952867,1.434419,0.39723812564044403,0.794091,0.024946097065606646,0.747788,0.026760754676079967,2.048078,0.12821187369055703,1.258054,0.13888253288201266,7.614868,0.27250119966293634,8.087623,0.25392892542915746,20.858418,1.3055074630728625,0.441786,0.0,0.0,0.0,0.0,0.0,0.0,0.0,122.756485,68.42896883734373,206.958176,72.68194949966606,0.357795,0.14124951128550262,0.5,0.0,0.8,0.0,127.062721,70.47852269053826,36.25,3.4243271845235017,34.65,3.555649167170461,18.73,1.120535288749681,17.82,1.0014609328376203,98.2,0.006506407098652306,156.2,0.0986576572463344,156.8,0.2491318258807195,-0.4,0.18184242262647807,975.0,294.5172151165361,3.941,0.0335604926463646,122.0,116.48373276985934,60.08,7.709624396384904,49.88,11.057175166680981,22.08,15.103575459693863,155.4,128.3027874638739,19.67,0.0,44.59,4.177327215656759,67.84,2.9846187919621068,-33.989964,3.315996582298273e-05,18.955503,2.4156917573156772e-05,352.399994,2.8998102917368223,13.0,1.0832051206181281,0.94,0.09975302835837442,0.36,0.15771810295587504,0.0,0.002115813476341113,0.0,0.002293468988235943,0.01,0.013911283532579212,-0.103,2.657199496964175,0.426,1.976677873773738,1.9255,12.243748453060368,1.0,0.0,150.0,0.0,2.0,0.0,55537.0,0.0,55537.0,0.0,55537.0,0.0,0.0,0.0,,,0.0,0.0,0.0,0.0,0.0,0.0,0.0,0.0,2.43067,0.005255727595680782,2.444164,0.005318793546472739,1.661526,0.0008065340497049028,0.937349,0.0006283726283026702,0.350636,0.015937910861945886,-0.009255,0.011298944335939826,0.439442,0.10664563615704113,0.924115,0.2466609981786609,122.756485,68.42896883734373,0.000259,8.626895926886621e-06,2.372455,0.0,-3e-06,0.0,1.0,0.0,2.383364,0.0,-1e-05,0.0,1.0,0.0,0.601327,0.0,0.601158,0.0,0.107461,0.0,0.0,0.0,-0.0266155,1.0,0.00699613,,2.0,2.16872,45.6659,1.0,14.3643,-2.74527,1.0,0.868354,1.02596,1.0,0.322717,7.13876,8.33543,-0.200103,0.187269,562.208,9.91781,16.3587,395.421,397.256,0.1,0.0,288.581,6.97555,7.02455,0.0,1.0,286.895,285.842,98316.3,1.19512,1009.15,0.0241719,0.0664824,0.00520023,685.995,1463.41,0.00435124,46.8764,777.416,274.755,-0.740946,-0.345197,-0.0527398,0.81911,8.16596e-14,0.0343675,0.819831,3.84567,2.78374,204.773,,,0.149232,0.267177,58.3379,0.0913643,-0.107445,-0.0272618,0.0,,,,,,,,-0.0258247,1.03062,-2.08048,1.02934,45.0144,1.01146,-2.88799,1.01046,1.01132,1.01146,800000099.0,800000099.0,800000099.0,800000099.0,800000099.0,811100099.0,800000199.0,800100199.0,80000.0,80000.0,81.0,81.0,13.0,9.0,2.0,5.0,5.0,7.0,0.229342,0.25434,0.0506723,0.265031,0.00491191,635.786,-0.00172504,-0.00288799,1.01132,12.8392,13.3741,7.51472,228.791,37.7975,0.358683,0.0338769,0.0730981,-52.0037,282.092,284.066,98322.7,46.8764,280.402,280.362,-21.4099,9.24335,10.3444,-22.8482,-27.9964,-18.4588,-30.4203,0.0,9.793875,0.010414,127800.0,10.414,1,-2.945373,2.3784031310423037,5.123673131042304,3.3323111552837337
2023-07-25 12:30:00,Rep-S,winter,noon,Mid,0.11248,0.03052487300137382,2.918013,0.0009204846096848766,0.108305,0.028123516252299124,1.866349,0.7634576409039076,1.120829,0.08389794117036879,1.07246,0.0769339379374062,2.777005,0.3726973312771011,1.719171,0.3483786347590697,10.945394,0.7846061864389531,11.438724,0.8552564717308156,28.337225,3.795635035225153,0.441786,0.0,0.0,0.0,0.0,0.0,0.0,0.0,116.683243,65.24233221416443,312.31427,81.30621823483881,0.564264,0.2096096543282139,0.5,0.0,0.8,0.0,185.64476,150.7330524826675,32.44,5.1340858647539855,31.26,5.127084681701029,24.16,2.8837026545744973,22.75,2.0403462124518637,98.0,0.031554186198774724,156.2,0.119443152447808,155.6,6.365485056144582,0.5,4.060172410132358,1525.0,564.9547238496195,3.832,0.03689073957874317,284.0,113.46401779125105,31.93,10.126295357467443,84.87,9.480252282156489,26.02,10.963363808612755,155.28,148.0807900832065,19.65,0.004999999999999706,13.78,173.77446480232166,53.87,0.45400991178607325,-33.989944,3.7052125446877994e-05,18.955521,4.197467490308116e-05,346.200012,2.0353124698797243,15.0,3.239341496868358,0.8,0.16508785539826976,0.31,0.18468441551287793,0.0,0.0015790292376436017,-0.0,0.0017953644012660309,0.004,0.007540195319389641,0.21,1.6136786266168366,0.312,2.4702118991427975,-3.823,6.86768373418049,1.0,0.0,150.0,0.0,2.0,0.0,55537.0,0.0,55537.0,0.0,55537.0,0.0,0.0,0.0,,,0.0,0.0,0.0,0.0,0.0,0.0,0.0,0.0,2.424805,0.007699921891811582,2.438084,0.007611627535553899,1.661835,0.0009661751480279582,0.934346,0.015719052152616146,0.282071,0.028640670870576125,-0.027156,0.022188015860669773,0.392199,0.14205474281768987,1.384274,0.47303066578444647,116.683243,65.24233221416443,0.000282,8.966232951096772e-06,2.372455,0.0,-3e-06,0.0,1.0,0.0,2.383364,0.0,-1e-05,0.0,1.0,0.0,0.601327,0.0,0.601158,0.0,0.107461,0.0,0.0,0.0,-0.0612537,1.0,0.00829526,124.998,0.0,10.4698,195.794,0.0,16.2919,-13.4535,0.0,1.55775,4.41773,0.0,0.367596,-0.862282,4.13437,-0.390933,0.093284,339.225,4.63427,16.0024,393.471,396.146,0.0,1.0,218.614,5.37531,5.40436,0.0,1.0,291.236,290.294,98157.0,1.17559,1008.38,0.0245882,0.286269,0.00393942,527.766,1949.5,0.003351,27.0719,1421.73,271.15,1.13422,1.52576,0.163175,1.90803,9.26579e-14,0.0211984,1.90814,4.00435,157.176,53.0949,,,0.228264,0.324512,-8.18436,-0.651242,0.638413,0.46194,0.0,54.7696,-8.31149,18.8006,46.8162,71.3977,100.136,150.022,-0.0589577,1.03894,130.017,1.04678,170.509,1.12148,-18.8832,1.11235,3.8472,1.12148,800000099.0,800000099.0,800000099.0,800000099.0,800000099.0,800000099.0,800000199.0,800000199.0,80000.0,80000.0,80.0,81.0,6.0,2.0,0.0,1.0,4.0,3.0,0.280781,0.263862,0.104381,0.301603,0.00888466,509.5,0.109678,-0.0188832,3.8472,16.814,13.0195,22.8007,606.828,99.8662,0.373261,0.0321244,0.0703881,334.284,291.246,290.512,98214.2,27.0719,282.652,283.668,75.9276,9.15189,10.8774,28.8723,13.4371,16.6853,48.584,0.0,10.014645,0.010414,138600.0,10.414,1,-13.844433,2.5442801140147875,15.997780114014788,2.4163298695123494
2023-07-25 12:30:00,Rep-S,winter,noon,Old,0.102414,0.03971046633760425,2.918802,0.0009066798093410638,0.098941,0.03711843260147174,1.726855,0.6793675629508349,1.089676,0.0684708938236289,1.046607,0.057316169285667934,2.814642,0.2621981858600983,1.696035,0.2351581883983063,10.682139,0.5855161732812713,11.122295,0.699347889195833,28.710951,2.6754779712891614,0.441786,0.0,0.0,0.0,0.0,0.0,0.0,0.0,136.639236,84.79931778649608,354.007599,108.87769895215301,0.58954,0.22233689401915138,0.5,0.0,0.8,0.0,224.678055,115.78703371615146,34.5,5.583067496158962,33.06,5.230608090843739,24.1,2.5097909607508506,22.97,1.5105664500444864,98.0,0.030127506811337725,156.3,0.11902380714238328,155.9,7.056729648593129,0.3,4.507678633916427,1404.0,389.43061855312135,3.825,0.03566450149191322,301.0,127.1532933116559,28.29,11.551802860737075,88.05,11.362292168983036,28.43,11.986987708900568,160.21,19.936937887582765,19.65,0.0050990195135922085,13.5,173.81624419004493,53.89,0.42118879377305063,-33.989925,4.238309411736154e-05,18.955521,4.1695003697221e-05,345.899994,2.0387674180058113,15.0,3.207802986469088,0.78,0.14053825102085188,0.32,0.18576598181583198,-0.001,0.002361496700541135,-0.001,0.002023198787399136,0.0055,0.005355494251823886,-0.376,12.20367927348142,0.191,2.5405716535194722,-2.56,17.26392913285952,1.0,0.0,150.0,0.0,2.0,0.0,55537.0,0.0,55537.0,0.0,55537.0,0.0,0.0,0.0,,,0.0,0.0,0.0,0.0,0.0,0.0,0.0,0.0,2.427648,0.007834367582432342,2.44086,0.008253772397718418,1.662664,0.0009539139059684913,0.93506,0.017292098535361927,0.282663,0.02531801506319168,-0.027279,0.03445391723776365,0.400741,0.140781007435094,1.282656,0.32606486306128324,136.639236,84.79931778649608,0.000278,1.0641585094962767e-05,2.372455,0.0,-3e-06,0.0,1.0,0.0,2.383364,0.0,-1e-05,0.0,1.0,0.0,0.601327,0.0,0.601158,0.0,0.107461,0.0,0.0,0.0,-0.0612537,1.0,0.00829526,124.998,0.0,10.4698,195.794,0.0,16.2919,-13.4535,0.0,1.55775,4.41773,0.0,0.367596,-0.862282,4.13437,-0.390933,0.093284,339.225,4.63427,16.0024,393.471,396.146,0.0,1.0,218.614,5.37531,5.40436,0.0,1.0,291.236,290.294,98157.0,1.17559,1008.38,0.0245882,0.286269,0.00393942,527.766,1949.5,0.003351,27.0719,1421.73,271.15,1.13422,1.52576,0.163175,1.90803,9.26579e-14,0.0211984,1.90814,4.00435,157.176,53.0949,,,0.228264,0.324512,-8.18436,-0.651242,0.638413,0.46194,0.0,54.7696,-8.31149,18.8006,46.8162,71.3977,100.136,150.022,-0.0589577,1.03894,130.017,1.04678,170.509,1.12148,-18.8832,1.11235,3.8472,1.12148,800000099.0,800000099.0,800000099.0,800000099.0,800000099.0,800000099.0,800000199.0,800000199.0,80000.0,80000.0,80.0,81.0,6.0,2.0,0.0,1.0,4.0,3.0,0.280781,0.263862,0.104381,0.301603,0.00888466,509.5,0.109678,-0.0188832,3.8472,16.814,13.0195,22.8007,606.828,99.8662,0.373261,0.0321244,0.0703881,334.284,291.246,290.512,98214.2,27.0719,282.652,283.668,75.9276,9.15189,10.8774,28.8723,13.4371,16.6853,48.584,0.0,10.014645,0.010414,138600.0,10.414,1,-13.844433,2.5442801140147875,15.997780114014788,2.4163298695123494
2023-07-25 12:30:00,Rep-S,winter,noon,Yng,0.113756,0.029535263906501102,2.918556,0.0010383526183334853,0.109492,0.02767781965684195,1.828197,0.7324171468186511,1.103236,0.07042082668815622,1.024651,0.07232487009724475,2.893087,0.4669826171805827,1.838248,0.4362369835997096,10.451034,0.7374011173580612,11.259719,0.7180874500485002,29.520847,4.760702066330496,0.441786,0.0,0.0,0.0,0.0,0.0,0.0,0.0,117.964264,59.50077524575535,185.05275,92.51071982872384,0.304536,0.19214826148178735,0.5,0.0,0.8,0.0,161.092072,77.7016974938311,32.66,5.644023446679392,30.46,5.411927044346895,24.11,3.2971319860347323,23.43,2.5558353494177455,98.0,0.0317122478967867,156.3,0.1247664484814254,156.0,0.33803352890899757,0.2,0.22861904265976332,1556.0,579.8751101171124,3.833,0.03583238758441878,82.0,145.28600529071386,36.76,9.619092992585115,80.12,9.879328620913467,20.0,12.922120143382045,144.18,119.38868829304282,19.65,0.004999999999999706,14.34,173.75059451409078,53.82,0.4832207914952928,-33.989956,2.946704374120872e-05,18.955523,4.455098203070228e-05,346.200012,1.9937677753670668,15.0,4.154515615568198,0.82,0.2590128696931229,0.31,0.1876832437912346,-0.0,0.001645195023900409,0.001,0.00232952069462082,0.008,0.007574812062208393,-0.058,1.034689578247183,-0.258,2.4654454972681914,-5.0255,5.799136042932985,1.0,0.0,150.0,0.0,2.0,0.0,55537.0,0.0,55537.0,0.0,55537.0,0.0,0.0,0.0,,,0.0,0.0,0.0,0.0,0.0,0.0,0.0,0.0,2.423888,0.00817929920938667,2.4381,0.0084230533115963,1.662405,0.0010923668599269346,0.935453,0.0008603329297428769,0.282643,0.032167129801087324,-0.010676,0.03350873297505194,0.384626,0.144197348560633,1.410358,0.4854625120276778,117.964264,59.50077524575535,0.000275,1.3335041557240608e-05,2.372455,0.0,-3e-06,0.0,1.0,0.0,2.383364,0.0,-1e-05,0.0,1.0,0.0,0.601327,0.0,0.601158,0.0,0.107461,0.0,0.0,0.0,-0.0612537,1.0,0.00829526,124.998,0.0,10.4698,195.794,0.0,16.2919,-13.4535,0.0,1.55775,4.41773,0.0,0.367596,-0.862282,4.13437,-0.390933,0.093284,339.225,4.63427,16.0024,393.471,396.146,0.0,1.0,218.614,5.37531,5.40436,0.0,1.0,291.236,290.294,98157.0,1.17559,1008.38,0.0245882,0.286269,0.00393942,527.766,1949.5,0.003351,27.0719,1421.73,271.15,1.13422,1.52576,0.163175,1.90803,9.26579e-14,0.0211984,1.90814,4.00435,157.176,53.0949,,,0.228264,0.324512,-8.18436,-0.651242,0.638413,0.46194,0.0,54.7696,-8.31149,18.8006,46.8162,71.3977,100.136,150.022,-0.0589577,1.03894,130.017,1.04678,170.509,1.12148,-18.8832,1.11235,3.8472,1.12148,800000099.0,800000099.0,800000099.0,800000099.0,800000099.0,800000099.0,800000199.0,800000199.0,80000.0,80000.0,80.0,81.0,6.0,2.0,0.0,1.0,4.0,3.0,0.280781,0.263862,0.104381,0.301603,0.00888466,509.5,0.109678,-0.0188832,3.8472,16.814,13.0195,22.8007,606.828,99.8662,0.373261,0.0321244,0.0703881,334.284,291.246,290.512,98214.2,27.0719,282.652,283.668,75.9276,9.15189,10.8774,28.8723,13.4371,16.6853,48.584,0.0,10.014645,0.010414,138600.0,10.414,1,-13.844433,2.5442801140147875,15.997780114014788,2.4163298695123494
2023-08-16 15:30:00,Nit-A,winter,afternoon,Mid,0.046358,0.04122997805978073,2.918263,0.0009478413193497577,0.045633,0.038411895474145336,0.487977,0.4306972420779938,1.145638,0.03283355698443287,1.130122,0.030267819927716457,2.233883,0.16551674299429656,1.111067,0.15550765441506947,11.59688,0.31064654630889404,11.753989,0.33690210381804264,22.916561,1.6977551748947144,0.441786,0.0,0.0,0.0,0.0,0.0,0.0,0.0,60.593246,55.965165045588314,124.941231,85.83113346550692,0.491101,0.17454816605978227,0.5,0.0,0.8,0.0,240.748245,114.3706676169227,43.93,3.0301109440634892,43.3,2.945248829329481,21.04,1.3870391727224833,19.21,1.151985676994292,97.46,0.010049875621124051,156.3,0.11902380714238556,156.4,0.511598801145322,-0.1,0.3369965380633259,1170.0,361.0267764769441,3.919,0.027758362103457675,226.0,81.15160709026861,40.21,13.17181426379829,76.36,13.783903958361481,24.06,14.621515904082358,156.53,34.25953469230622,13.7,0.005000000000000535,313.89,3.8846815399292005,61.35,2.584373747480556,-33.989922,6.71664598827896e-05,18.955507,7.260911329310748e-05,345.600006,2.264226172760972,12.0,1.3379088160259642,0.84,0.07686568371733472,0.42,0.03576776947662983,0.001,0.0012247448713915891,0.0,0.0016350331291240961,0.001,0.009654014708917736,0.113,1.9340437671710877,0.261,1.4470908725209115,-2.834,11.71983566437687,1.0,0.0,150.0,0.0,2.0,0.0,55537.0,0.0,55537.0,0.0,55537.0,0.0,0.0,0.0,,,0.0,0.0,0.0,0.0,0.0,0.0,0.0,0.0,2.44255,0.004289241219609748,2.454753,0.004500411314535345,1.662098,0.0009959430003769853,0.936314,0.0012636300223298513,0.319621,0.016851821630316368,-0.024369,0.013295994037303117,0.40437,0.09859925169151473,1.087392,0.302248657427578,60.593246,55.965165045588314,0.000271,5.5731499172371055e-06,2.372455,0.0,-3e-06,0.0,1.0,0.0,2.383364,0.0,-1e-05,0.0,1.0,0.0,0.601327,0.0,0.601158,0.0,0.107461,0.0,0.0,0.0,-0.70146,0.0,0.0574171,175.086,0.0,11.2941,159.845,0.0,8.02571,-17.8079,0.0,1.48827,3.60407,0.0,0.180958,-1.74846,7.01686,0.0775605,0.158211,746.594,21.4796,15.7633,388.874,393.412,0.0,1.0,453.513,11.188,11.3146,0.0,1.0,291.224,289.57,97589.2,1.16914,1011.55,0.0246696,0.233544,0.00817231,1092.12,1861.91,0.00699004,58.6557,769.794,281.421,-0.0754637,4.61379,-0.00942239,4.61385,7.4596e-15,0.0473628,4.61409,13.2187,117.765,90.8209,,,0.774585,3.93122,-227.583,-0.02342,1.09535,0.191131,0.0,67.51,-10.2449,23.174,57.7065,88.0061,123.43,184.92,-0.673421,1.04164,169.709,1.07914,112.344,1.31536,-21.1083,1.29186,2.53305,1.31536,800000099.0,800000099.0,800000099.0,800000099.0,800000099.0,800000099.0,800000199.0,801000199.0,80000.0,80000.0,80.0,80.0,3.0,3.0,1.0,6.0,6.0,1.0,4.53064,2.62113,0.710706,0.193101,0.00416381,61.1759,0.1435,-0.0211083,2.53305,16.5232,12.8396,20.1861,442.542,65.8393,0.39749,0.0230067,0.0533169,275.583,290.582,290.013,97580.3,58.6557,288.711,289.547,46.5628,5.06898,4.79953,39.8596,32.7917,34.7157,61.8186,0.0,4.934255,0.004318,225000.0,4.318,1,-17.7303395,2.450990173491679,20.25889017349168,3.7507468740122776
2023-08-16 15:30:00,Nit-A,winter,afternoon,Old,0.024592,0.031974022729240686,2.917706,0.0009326667464855715,0.024386,0.030838369225311944,0.28877,0.35382872717472125,1.125752,0.026509140417347792,1.119016,0.026427030486984294,2.241292,0.14973462873280183,1.098986,0.146857349780629,11.48289,0.27095398490621353,11.550554,0.27186432029966706,22.993031,1.537136896830735,0.441786,0.0,0.0,0.0,0.0,0.0,0.0,0.0,87.278725,27.228202054417494,232.312561,105.55745863454361,0.598051,0.21240731493835924,0.5,0.0,0.8,0.0,177.419403,119.12823101077522,44.33,2.6762428888275416,43.67,2.645224124089804,20.92,1.25219966459028,19.26,1.0762434668791254,97.46,0.010279429296738644,156.2,0.1171893055416513,156.3,5.187154004525669,0.0,3.3136083051561784,1194.0,477.0804684047894,3.918,0.026068819177963092,208.0,53.52065022026543,40.28,13.380985863032164,76.29,14.119795938091077,24.81,23.44002899600027,156.53,48.58641385202246,13.7,0.005000000000000535,313.46,3.8623488967207042,61.65,2.601277442591112,-33.989922,5.9028439470877086e-05,18.955523,7.628973281850714e-05,345.700012,2.3283272261601007,14.0,1.320353488022557,0.8,0.06499487159255983,0.42,0.03576776947662983,0.001,0.0012274635093014645,0.001,0.0017339742404853269,-0.0,0.007536577472566708,0.142,2.626147740830029,0.096,1.5832348930801983,-11.054,22.517097631947745,1.0,0.0,150.0,0.0,2.0,0.0,55537.0,0.0,55537.0,0.0,55537.0,0.0,0.0,0.0,,,0.0,0.0,0.0,0.0,0.0,0.0,0.0,0.0,2.443091,0.003855395994793502,2.455339,0.003992966128915963,1.661513,0.0009795670268030706,0.936072,0.012771314922773865,0.321155,0.015397243135055064,-0.027585,0.017003184743355187,0.413491,0.09709752889102448,1.106801,0.39946007307915854,87.278725,27.228202054417494,0.000269,8.514693182963182e-06,2.372455,0.0,-3e-06,0.0,1.0,0.0,2.383364,0.0,-1e-05,0.0,1.0,0.0,0.601327,0.0,0.601158,0.0,0.107461,0.0,0.0,0.0,-0.70146,0.0,0.0574171,175.086,0.0,11.2941,159.845,0.0,8.02571,-17.8079,0.0,1.48827,3.60407,0.0,0.180958,-1.74846,7.01686,0.0775605,0.158211,746.594,21.4796,15.7633,388.874,393.412,0.0,1.0,453.513,11.188,11.3146,0.0,1.0,291.224,289.57,97589.2,1.16914,1011.55,0.0246696,0.233544,0.00817231,1092.12,1861.91,0.00699004,58.6557,769.794,281.421,-0.0754637,4.61379,-0.00942239,4.61385,7.4596e-15,0.0473628,4.61409,13.2187,117.765,90.8209,,,0.774585,3.93122,-227.583,-0.02342,1.09535,0.191131,0.0,67.51,-10.2449,23.174,57.7065,88.0061,123.43,184.92,-0.673421,1.04164,169.709,1.07914,112.344,1.31536,-21.1083,1.29186,2.53305,1.31536,800000099.0,800000099.0,800000099.0,800000099.0,800000099.0,800000099.0,800000199.0,801000199.0,80000.0,80000.0,80.0,80.0,3.0,3.0,1.0,6.0,6.0,1.0,4.53064,2.62113,0.710706,0.193101,0.00416381,61.1759,0.1435,-0.0211083,2.53305,16.5232,12.8396,20.1861,442.542,65.8393,0.39749,0.0230067,0.0533169,275.583,290.582,290.013,97580.3,58.6557,288.711,289.547,46.5628,5.06898,4.79953,39.8596,32.7917,34.7157,61.8186,0.0,4.934255,0.004318,225000.0,4.318,1,-17.7303395,2.450990173491679,20.25889017349168,3.7507468740122776
2023-08-16 15:30:00,Nit-A,winter,afternoon,Yng,0.080752,0.028310752284541406,2.917896,0.0009199304828808227,0.078578,0.026774814557278752,0.920325,0.3121815879932011,1.153654,0.03611408964527106,1.132504,0.030810316597854135,2.359529,0.13617368119841167,1.160623,0.1358758042957244,11.621953,0.3158164880555213,11.837724,0.3702209837919996,24.208618,1.397436606021778,0.441786,0.0,0.0,0.0,0.0,0.0,0.0,0.0,84.397316,64.20360992353285,184.546356,74.64848022992986,0.263017,0.1635876673716064,0.5,0.0,0.8,0.0,148.617462,94.11402681624038,43.9,3.075546021982655,43.18,3.1035188093517325,21.14,1.5057161087004398,20.09,0.9325829721799558,97.46,0.008164965809278557,156.2,0.11445523142259603,156.4,0.18859126879753982,-0.1,0.12355835328567094,1423.0,360.13434067488384,3.925,0.026368415449801435,180.0,54.51859010160357,33.92,11.712987051417189,82.98,13.273152438914673,33.36,14.87051885443141,163.82,34.64477860130344,13.7,0.004898979485566616,314.11,3.9176437646455837,61.2,2.5868167052705293,-33.989944,6.407136646184125e-05,18.955503,5.214860176979096e-05,345.200012,2.0430179748176194,13.0,1.6145174717749786,0.86,0.1027991569355833,0.4,0.03628590176179539,-0.0,0.001562049935181331,0.002,0.0016802777548171415,0.001,0.005477225575051661,-0.339,3.4669665910321856,-0.406,2.442597351864063,3.5625,5.981263801795292,1.0,0.0,150.0,0.0,2.0,0.0,55537.0,0.0,55537.0,0.0,55537.0,0.0,0.0,0.0,,,0.0,0.0,0.0,0.0,0.0,0.0,0.0,0.0,2.442363,0.0045336266987182645,2.454678,0.004591949060765604,1.661712,0.000966228185609728,0.936358,0.0004792439357988048,0.318231,0.018103400975875567,-0.022042,0.019337934564994268,0.397297,0.09956570955909803,1.298568,0.3014791924063747,84.397316,64.20360992353285,0.000263,8.485281374238565e-06,2.372455,0.0,-3e-06,0.0,1.0,0.0,2.383364,0.0,-1e-05,0.0,1.0,0.0,0.601327,0.0,0.601158,0.0,0.107461,0.0,0.0,0.0,-0.70146,0.0,0.0574171,175.086,0.0,11.2941,159.845,0.0,8.02571,-17.8079,0.0,1.48827,3.60407,0.0,0.180958,-1.74846,7.01686,0.0775605,0.158211,746.594,21.4796,15.7633,388.874,393.412,0.0,1.0,453.513,11.188,11.3146,0.0,1.0,291.224,289.57,97589.2,1.16914,1011.55,0.0246696,0.233544,0.00817231,1092.12,1861.91,0.00699004,58.6557,769.794,281.421,-0.0754637,4.61379,-0.00942239,4.61385,7.4596e-15,0.0473628,4.61409,13.2187,117.765,90.8209,,,0.774585,3.93122,-227.583,-0.02342,1.09535,0.191131,0.0,67.51,-10.2449,23.174,57.7065,88.0061,123.43,184.92,-0.673421,1.04164,169.709,1.07914,112.344,1.31536,-21.1083,1.29186,2.53305,1.31536,800000099.0,800000099.0,800000099.0,800000099.0,800000099.0,800000099.0,800000199.0,801000199.0,80000.0,80000.0,80.0,80.0,3.0,3.0,1.0,6.0,6.0,1.0,4.53064,2.62113,0.710706,0.193101,0.00416381,61.1759,0.1435,-0.0211083,2.53305,16.5232,12.8396,20.1861,442.542,65.8393,0.39749,0.0230067,0.0533169,275.583,290.582,290.013,97580.3,58.6557,288.711,289.547,46.5628,5.06898,4.79953,39.8596,32.7917,34.7157,61.8186,0.0,4.934255,0.004318,225000.0,4.318,1,-17.7303395,2.450990173491679,20.25889017349168,3.7507468740122776
2023-08-16 09:30:00,Nit-A,winter,morning,Mid,0.082395,0.0406656797417675,2.917876,0.0010674549826574819,0.080133,0.038576658435207516,1.18544,0.5935976402204106,1.014534,0.03954586581161174,0.990419,0.03512626540790618,2.330568,0.3566448921501237,1.269515,0.3386439584778434,10.158036,0.3605829106127929,10.406646,0.40577005176847786,23.902407,3.6571431498049134,0.441786,0.0,0.0,0.0,0.0,0.0,0.0,0.0,89.258194,92.01172521058223,155.643936,97.75846408095856,0.245237,0.20136997335640688,0.5,0.0,0.8,0.0,123.236,74.41031955969254,43.06,4.892932828750739,41.65,5.162116749293197,19.89,2.0635395965831766,19.89,2.4860075087041347,97.5,0.008660254037841028,156.2,0.13880441875772145,156.5,0.7968688725254571,-0.2,0.5400617248673217,1373.0,290.30210126693885,3.772,0.029409578938388702,146.0,70.40175187214211,55.13,5.315270830352862,57.18,7.999987249989837,40.83,14.75775872775628,159.73,153.3124175499167,13.78,0.005000000000000535,52.46,3.855895356463915,66.28,3.173359576222011,-33.989975,5.6114971266584865e-05,18.955507,6.63752463903218e-05,343.700012,2.378720629546985,15.0,2.188606862823929,0.78,0.07743384273042374,0.02,0.20108041509140898,0.001,0.0014047538337136985,0.002,0.0015362291495737215,0.017,0.009536698411965774,-0.043,1.0790489253659137,-0.048,1.7530906299066988,0.684,5.127959410468751,1.0,0.0,150.0,0.0,2.0,0.0,55537.0,0.0,55537.0,0.0,55537.0,0.0,0.0,0.0,,,0.0,0.0,0.0,0.0,0.0,0.0,0.0,0.0,2.440425,0.007533889139083524,2.454215,0.007530938151386201,1.66169,0.0011205343695457617,0.936517,0.001991284554418756,0.334621,0.026944993125625455,-0.010138,0.01725828059966191,0.437241,0.098981490177238,1.257369,0.24300354045405728,89.258194,92.01172521058223,0.000265,6.331139971074201e-06,2.372455,0.0,-3e-06,0.0,1.0,0.0,2.383364,0.0,-1e-05,0.0,1.0,0.0,0.601327,0.0,0.601158,0.0,0.107461,0.0,0.0,0.0,-0.0869754,1.0,0.0105993,39.0964,0.0,5.68607,83.0248,0.0,4.78285,-6.65276,0.0,0.564184,1.86721,0.0,0.107565,0.960908,6.90697,-0.293128,0.155336,448.778,9.38569,16.4137,401.09,404.395,0.0,1.0,343.274,8.38833,8.45929,0.0,1.0,288.071,286.912,97616.6,1.18155,1009.95,0.0244363,0.120995,0.00618579,819.059,1569.25,0.00523531,52.1945,750.186,277.254,1.21074,-2.38073,0.210925,2.67868,-1.88628e-14,0.0273417,2.67882,6.13718,271.115,297.171,,,0.271314,0.921542,-43.785,-0.121731,0.470901,0.120757,0.0,65.0037,-9.86456,22.3137,55.5642,84.7388,118.847,178.055,-0.0839264,1.03633,41.341,1.05391,68.7518,1.17212,-7.99819,1.15978,1.54621,1.17212,800000099.0,800000099.0,800000099.0,800000099.0,800000099.0,800000099.0,800000199.0,801000199.0,80000.0,80000.0,80.0,81.0,3.0,0.0,1.0,0.0,6.0,1.0,1.00918,0.737568,0.0963364,0.208076,0.00449299,200.97,0.0346441,-0.00799819,1.54621,13.7236,13.4181,13.3493,340.351,60.0452,0.359032,0.0409228,0.0867703,-5.5797,286.095,286.67,97578.9,52.1945,283.924,283.798,-11.9367,5.48659,5.2912,-13.2169,-14.5049,-9.38607,-15.8304,0.0,5.388895,0.004318,203400.0,4.318,1,-6.945888,2.676984429082013,9.329744429082012,3.3340579453014687
2023-08-16 09:30:00,Nit-A,winter,morning,Old,0.029512,0.03563666183525051,2.917722,0.0009288903541322237,0.029216,0.03411799035088869,0.365353,0.5657092283465303,1.002279,0.04615847818212814,0.978696,0.04719095500298049,2.260446,0.27603009962667124,1.22377,0.2723247753921655,10.038058,0.4841783472438988,10.279964,0.4734857430705628,23.182459,2.8292719640946014,0.441786,0.0,0.0,0.0,0.0,0.0,0.0,0.0,82.343102,61.80722260971675,142.039062,68.84385915972476,0.357945,0.22257844448998948,0.5,0.0,0.8,0.0,142.786896,101.3485496271786,41.56,5.17923980908395,41.62,5.447064193979481,19.95,2.043679280122009,19.4,1.9127224925046857,97.5,0.009165151389915922,156.2,0.11999999999999945,156.5,1.8585209172887998,-0.1,1.1968709203585821,1352.0,337.8351422414982,3.77,0.030480704278827604,132.0,85.09167605196959,55.94,6.182097082166654,56.0,9.310632398858129,34.21,25.945500457690155,163.55,143.8399571549343,13.78,0.005000000000000535,52.26,3.9157183249054097,66.12,3.197148625468228,-33.989952,4.421255478171668e-05,18.955521,6.142955314917173e-05,344.600006,2.3689089348007117,15.0,2.0880613017821106,0.82,0.06342449579355497,0.02,0.20108041509140898,0.0,0.002,0.001,0.0020792626898334257,0.0175,0.010372317355358034,-0.005,0.9305246584588719,0.053,2.1813181412470155,-0.36850000000000005,5.638921979264769,1.0,0.0,150.0,0.0,2.0,0.0,55537.0,0.0,55537.0,0.0,55537.0,0.0,0.0,0.0,,,0.0,0.0,0.0,0.0,0.0,0.0,0.0,0.0,2.440033,0.007907374130729734,2.451892,0.007897449159274907,1.661529,0.0009753005656377622,0.936544,0.004627405087447321,0.333883,0.026693750285600542,-0.011214,0.011822246275560326,0.442455,0.09834236922181606,1.239817,0.2828130181169294,82.343102,61.80722260971675,0.000266,7.937883848986452e-06,2.372455,0.0,-3e-06,0.0,1.0,0.0,2.383364,0.0,-1e-05,0.0,1.0,0.0,0.601327,0.0,0.601158,0.0,0.107461,0.0,0.0,0.0,-0.0869754,1.0,0.0105993,39.0964,0.0,5.68607,83.0248,0.0,4.78285,-6.65276,0.0,0.564184,1.86721,0.0,0.107565,0.960908,6.90697,-0.293128,0.155336,448.778,9.38569,16.4137,401.09,404.395,0.0,1.0,343.274,8.38833,8.45929,0.0,1.0,288.071,286.912,97616.6,1.18155,1009.95,0.0244363,0.120995,0.00618579,819.059,1569.25,0.00523531,52.1945,750.186,277.254,1.21074,-2.38073,0.210925,2.67868,-1.88628e-14,0.0273417,2.67882,6.13718,271.115,297.171,,,0.271314,0.921542,-43.785,-0.121731,0.470901,0.120757,0.0,65.0037,-9.86456,22.3137,55.5642,84.7388,118.847,178.055,-0.0839264,1.03633,41.341,1.05391,68.7518,1.17212,-7.99819,1.15978,1.54621,1.17212,800000099.0,800000099.0,800000099.0,800000099.0,800000099.0,800000099.0,800000199.0,801000199.0,80000.0,80000.0,80.0,81.0,3.0,0.0,1.0,0.0,6.0,1.0,1.00918,0.737568,0.0963364,0.208076,0.00449299,200.97,0.0346441,-0.00799819,1.54621,13.7236,13.4181,13.3493,340.351,60.0452,0.359032,0.0409228,0.0867703,-5.5797,286.095,286.67,97578.9,52.1945,283.924,283.798,-11.9367,5.48659,5.2912,-13.2169,-14.5049,-9.38607,-15.8304,0.0,5.388895,0.004318,203400.0,4.318,1,-6.945888,2.676984429082013,9.329744429082012,3.3340579453014687
2023-08-16 09:30:00,Nit-A,winter,morning,Yng,0.092874,0.038926847775539196,2.917849,0.0006572831074455809,0.090009,0.03670998085525697,1.23608,0.6978850583581128,1.049866,0.03587125689996575,1.009723,0.021681315841218355,2.313334,0.32347602257309077,1.256001,0.296519015174283,10.35674,0.22202958280109136,10.768492,0.3673028848924627,23.721643,3.3163023272966226,0.441786,0.0,0.0,0.0,0.0,0.0,0.0,0.0,104.17485,72.55544722280464,147.765762,89.28057899062142,0.274727,0.1606546711270585,0.5,0.0,0.8,0.0,143.613693,75.83979071824783,43.19,4.642032349449248,42.42,5.052338303531676,19.85,2.077219696292777,19.77,2.2647868185180986,97.5,0.009966610925159129,156.2,0.08793937305515662,156.6,0.2160246899469366,-0.2,0.15811388300841897,1314.0,317.1357385515968,3.773,0.03098155365159495,187.0,100.6436452704955,55.23,6.6722861649262795,57.03,9.834159208256358,34.63,12.513952519754364,161.65,143.31984121537394,13.78,0.005000000000000535,52.65,3.8415523338011845,66.45,3.192877646679661,-33.989998,6.659829827203835e-05,18.955502,5.922747110356978e-05,343.600006,2.5585010055521593,15.0,2.046948949045872,0.82,0.07921910543970233,0.02,0.23489146429787522,0.0,0.0014059397805975427,0.001,0.0019561867668161617,0.013,0.010524348187032998,-0.176,2.0960640631113034,-0.132,2.1445747154156227,0.4935,10.761686016701935,1.0,0.0,150.0,0.0,2.0,0.0,55537.0,0.0,55537.0,0.0,55537.0,0.0,0.0,0.0,,,0.0,0.0,0.0,0.0,0.0,0.0,0.0,0.0,2.44152,0.007359798239308858,2.454397,0.0071742980511454975,1.661663,0.0006898210226814927,0.936773,0.0005527594051665027,0.335186,0.02711861190523345,-0.005679,0.016863904778352295,0.430712,0.09987626693894801,1.207783,0.26555051360210163,104.17485,72.55544722280464,0.000266,7.834326178215105e-06,2.372455,0.0,-3e-06,0.0,1.0,0.0,2.383364,0.0,-1e-05,0.0,1.0,0.0,0.601327,0.0,0.601158,0.0,0.107461,0.0,0.0,0.0,-0.0869754,1.0,0.0105993,39.0964,0.0,5.68607,83.0248,0.0,4.78285,-6.65276,0.0,0.564184,1.86721,0.0,0.107565,0.960908,6.90697,-0.293128,0.155336,448.778,9.38569,16.4137,401.09,404.395,0.0,1.0,343.274,8.38833,8.45929,0.0,1.0,288.071,286.912,97616.6,1.18155,1009.95,0.0244363,0.120995,0.00618579,819.059,1569.25,0.00523531,52.1945,750.186,277.254,1.21074,-2.38073,0.210925,2.67868,-1.88628e-14,0.0273417,2.67882,6.13718,271.115,297.171,,,0.271314,0.921542,-43.785,-0.121731,0.470901,0.120757,0.0,65.0037,-9.86456,22.3137,55.5642,84.7388,118.847,178.055,-0.0839264,1.03633,41.341,1.05391,68.7518,1.17212,-7.99819,1.15978,1.54621,1.17212,800000099.0,800000099.0,800000099.0,800000099.0,800000099.0,800000099.0,800000199.0,801000199.0,80000.0,80000.0,80.0,81.0,3.0,0.0,1.0,0.0,6.0,1.0,1.00918,0.737568,0.0963364,0.208076,0.00449299,200.97,0.0346441,-0.00799819,1.54621,13.7236,13.4181,13.3493,340.351,60.0452,0.359032,0.0409228,0.0867703,-5.5797,286.095,286.67,97578.9,52.1945,283.924,283.798,-11.9367,5.48659,5.2912,-13.2169,-14.5049,-9.38607,-15.8304,0.0,5.388895,0.004318,203400.0,4.318,1,-6.945888,2.676984429082013,9.329744429082012,3.3340579453014687
2023-08-16 12:30:00,Nit-A,winter,noon,Mid,0.057500499999999996,0.030478776531728643,2.9179215,0.0007140785357810345,0.0563885,0.02917058180770483,1.0695025,0.6082264895797906,0.889649,0.049091868699918086,0.8639870000000001,0.04094133896105115,2.6184985000000003,0.18515049833503855,1.726359,0.15296885179163106,8.8618265,0.42011054686825594,9.124634499999999,0.5038190153819203,26.8574895,1.8997785524825634,0.441786,0.0,0.0,0.0,0.0,0.0,0.0,0.0,87.5185165,100.18931291962974,182.35141,114.06881612713474,0.1939755,0.234496705846793,0.5,0.0,0.8,0.0,115.612934,163.75950148390015,30.435000000000002,1.4136514868650587,29.2,1.0710496573086878,23.21,1.0033128021446576,21.78,1.1695203695262615,97.5,0.011424811411554409,156.2,0.09445132413884018,156.3,1.481917321367296,0.0,0.9402687185894758,1829.5,365.68785582069415,4.0120000000000005,0.03945853919989295,67.5,74.35142372897991,23.759999999999998,7.770553238449559,91.515,4.947768768796063,32.11,10.245181909972175,158.825,103.9863988019081,13.735,0.005129891760426558,184.01500000000001,177.19850747559627,47.91,0.4350496039473374,-33.989998,7.443716884252619e-05,18.955488,4.446036082016266e-05,349.849991,1.7743462185332886,14.5,2.433861994963214,0.785,0.11811680213825806,0.375,0.040636385044362476,0.001,0.0011470786693528088,0.001,0.001460893742308382,0.018,0.009656839309761007,-0.0010000000000000009,2.768302546593071,-0.4485,2.392923129277574,-2.704,15.6509403301585,1.0,0.0,150.0,0.0,2.0,0.0,55537.0,0.0,55537.0,0.0,55537.0,0.0,0.0,0.0,,,0.0,0.0,0.0,0.0,0.0,0.0,0.0,0.0,2.422029,0.0016507824428689947,2.434789,0.002225769456544023,1.6617385,0.0007489393113632415,0.936129,0.003709948955174463,0.2929705,0.011248985584557393,-0.0219665,0.014840050347126963,0.470229,0.13224564261626726,1.6392540000000002,0.3062681610302138,87.5185165,100.18931291962974,0.000273,7.444354978950924e-06,2.372455,0.0,-3e-06,0.0,1.0,0.0,2.383364,0.0,-1e-05,0.0,1.0,0.0,0.601327,0.0,0.601158,0.0,0.107461,0.0,0.0,0.0,-0.528411,0.0,0.0339671,168.384,0.0,8.62675,280.752,0.0,11.9074,-22.5065,0.0,1.3369,6.33982,0.0,0.268887,-1.37256,1.00167,-0.111034,0.0226192,-17.5329,-0.326977,16.0622,398.167,401.26,0.0,1.0,299.55,7.42556,7.48111,0.0,1.0,292.371,291.143,97646.6,1.16516,1009.52,0.0247891,0.41082,0.00539789,725.275,2056.85,0.00463274,35.2615,1331.57,275.534,4.92945,1.60743,0.599518,5.21937,5.45259e-14,-0.00109156,5.21937,12.2948,192.179,18.0203,,,0.67343,2.54761,-155.485,-0.0342798,0.59976,0.212573,0.0,67.3528,-10.221,23.12,57.5721,87.8011,123.142,184.49,-0.505825,1.04465,166.275,1.08767,180.721,1.50588,-22.4301,1.46807,4.08096,1.50588,800000099.0,800000099.0,800000099.0,800100099.0,800000099.0,800000099.0,800000199.0,800000199.0,80000.0,80000.0,80.0,80.0,2.0,9.0,5.0,0.0,1.0,2.0,2.48252,2.07395,0.538782,0.201381,0.0060091,249.359,0.14136,-0.0224301,4.08096,18.0308,12.8174,22.6732,667.294,106.563,0.363792,0.0330496,0.0708458,371.456,292.127,291.493,97646.2,35.2615,286.243,287.35,73.3133,5.3027,5.05475,28.5768,18.2025,22.16,45.0382,0.0,5.178725,0.004318,214200.0,4.318,1,-22.617534,2.5693368392578777,25.075836839257878,2.6392144313592047
2023-08-16 12:30:00,Nit-A,winter,noon,Old,0.044741,0.025902389654571284,2.917924,0.0009892296927699335,0.0440645,0.02516285794843927,0.7290095000000001,0.44080506753385623,0.8809655,0.04652590888911915,0.8633965,0.04598286304952134,2.489395,0.15851507110776558,1.6082364999999998,0.15624354291781992,8.854040999999999,0.4713069648287247,9.035677,0.47693106801394275,25.5338955,1.6256083402846804,0.441786,0.0,0.0,0.0,0.0,0.0,0.0,0.0,81.4499245,50.146588661694906,204.1347045,93.84855922782268,0.5374654999999999,0.21324563927302462,0.5,0.0,0.8,0.0,276.55348200000003,134.44046303351504,30.305,1.226989821876492,29.380000000000003,1.1236913717078059,23.5,0.8236468526808288,20.96,1.0189446873417953,97.51,0.013025174563649242,156.2,0.12780193008454693,156.3,0.7222967836548629,-0.1,0.48405613809514514,1608.0,414.48798077495155,4.05,0.03395629374736711,211.5,64.27687952428393,31.595,12.47916528025629,85.175,11.195038741058157,22.77,14.379472697476471,154.01,131.26031938370653,13.74,0.004794633014854676,10.745000000000001,166.059646806761,47.965,0.32369206311576004,-33.98995,5.819906386487224e-05,18.9555015,6.189386540460542e-05,350.25,1.38937226711523,15.0,1.904622326577253,0.75,0.0819454542440542,0.4,0.034616121418624676,-0.0,0.0014762487408386115,0.001,0.0016938020891595863,0.009,0.0075942562027315925,0.08149999999999999,4.7031335757167785,0.10950000000000001,1.7220641303289252,-4.06,13.262442762107659,1.0,0.0,150.0,0.0,2.0,0.0,55537.0,0.0,55537.0,0.0,55537.0,0.0,0.0,0.0,,,0.0,0.0,0.0,0.0,0.0,0.0,0.0,0.0,2.4223195000000004,0.001682098880811364,2.434568,0.0019056375817828538,1.6617415,0.0010389798621835613,0.9361505,0.0017973968264476717,0.2896055,0.009365053067949861,-0.0323485,0.013498689106213498,0.395282,0.11300647469944101,1.4539330000000001,0.3470216411512483,81.4499245,50.146588661694906,0.00027550000000000003,7.768563233484274e-06,2.372455,0.0,-3e-06,0.0,1.0,0.0,2.383364,0.0,-1e-05,0.0,1.0,0.0,0.601327,0.0,0.601158,0.0,0.107461,0.0,0.0,0.0,-0.528411,0.0,0.0339671,168.384,0.0,8.62675,280.752,0.0,11.9074,-22.5065,0.0,1.3369,6.33982,0.0,0.268887,-1.37256,1.00167,-0.111034,0.0226192,-17.5329,-0.326977,16.0622,398.167,401.26,0.0,1.0,299.55,7.42556,7.48111,0.0,1.0,292.371,291.143,97646.6,1.16516,1009.52,0.0247891,0.41082,0.00539789,725.275,2056.85,0.00463274,35.2615,1331.57,275.534,4.92945,1.60743,0.599518,5.21937,5.45259e-14,-0.00109156,5.21937,12.2948,192.179,18.0203,,,0.67343,2.54761,-155.485,-0.0342798,0.59976,0.212573,0.0,67.3528,-10.221,23.12,57.5721,87.8011,123.142,184.49,-0.505825,1.04465,166.275,1.08767,180.721,1.50588,-22.4301,1.46807,4.08096,1.50588,800000099.0,800000099.0,800000099.0,800100099.0,800000099.0,800000099.0,800000199.0,800000199.0,80000.0,80000.0,80.0,80.0,2.0,9.0,5.0,0.0,1.0,2.0,2.48252,2.07395,0.538782,0.201381,0.0060091,249.359,0.14136,-0.0224301,4.08096,18.0308,12.8174,22.6732,667.294,106.563,0.363792,0.0330496,0.0708458,371.456,292.127,291.493,97646.2,35.2615,286.243,287.35,73.3133,5.3027,5.05475,28.5768,18.2025,22.16,45.0382,0.0,5.178725,0.004318,214200.0,4.318,1,-22.617534,2.5693368392578777,25.075836839257878,2.6392144313592047
2023-08-16 12:30:00,Nit-A,winter,noon,Yng,0.097353,0.02713032978986187,2.918469,0.0009482466750094151,0.094211,0.02570232199607654,1.633241,0.41761218070016026,0.902815,0.03818370262550939,0.871195,0.03515175083562693,2.616027,0.16124701315114826,1.710837,0.16755851443990152,8.932746,0.360326456598282,9.256955,0.3916614039773382,26.838682,1.6510648008672995,0.441786,0.0,0.0,0.0,0.0,0.0,0.0,0.0,96.456528,60.62823069702177,159.166931,78.83526915502283,0.258112,0.1675854019594885,0.5,0.0,0.8,0.0,194.404861,105.37890272373924,29.78,1.3107883124288215,28.65,1.0857805180299236,23.66,1.0456230997193343,21.77,1.0289852606654137,97.51,0.019519221295946066,156.3,0.11518101695447389,156.2,0.32598568475726425,0.0,0.19553345834749955,1836.0,165.4831008492005,4.051,0.0412709340819903,129.0,62.348830515629295,18.04,8.173804764816282,95.08,5.169399126913432,39.01,13.047966955302524,153.69,148.82111575422803,13.74,0.005000000000000535,14.41,173.10678349408107,47.93,0.4191670311462977,-33.989971,5.97477196216894e-05,18.955492,5.0343056455499484e-05,350.600006,1.776062743277187,15.0,2.60320315508926,0.75,0.23462949516205336,0.37,0.040360872141221145,-0.0,0.0012288205727444509,0.001,0.0016832508230603463,0.011,0.007962250680394075,-0.792,1.8024210458898517,-0.424,2.1962412762110937,0.214,11.149653227906422,1.0,0.0,150.0,0.0,2.0,0.0,55537.0,0.0,55537.0,0.0,55537.0,0.0,0.0,0.0,,,0.0,0.0,0.0,0.0,0.0,0.0,0.0,0.0,2.421281,0.0016919301975354762,2.433843,0.0020816845886602576,1.662314,0.0009946023795131967,0.935999,0.0008284356382161885,0.287707,0.01166171324291595,-0.021186,0.01555904422064543,0.395571,0.1236209478682045,1.644945,0.1385190818201233,96.456528,60.62823069702177,0.000266,1.2881770064707729e-05,2.372455,0.0,-3e-06,0.0,1.0,0.0,2.383364,0.0,-1e-05,0.0,1.0,0.0,0.601327,0.0,0.601158,0.0,0.107461,0.0,0.0,0.0,-0.528411,0.0,0.0339671,168.384,0.0,8.62675,280.752,0.0,11.9074,-22.5065,0.0,1.3369,6.33982,0.0,0.268887,-1.37256,1.00167,-0.111034,0.0226192,-17.5329,-0.326977,16.0622,398.167,401.26,0.0,1.0,299.55,7.42556,7.48111,0.0,1.0,292.371,291.143,97646.6,1.16516,1009.52,0.0247891,0.41082,0.00539789,725.275,2056.85,0.00463274,35.2615,1331.57,275.534,4.92945,1.60743,0.599518,5.21937,5.45259e-14,-0.00109156,5.21937,12.2948,192.179,18.0203,,,0.67343,2.54761,-155.485,-0.0342798,0.59976,0.212573,0.0,67.3528,-10.221,23.12,57.5721,87.8011,123.142,184.49,-0.505825,1.04465,166.275,1.08767,180.721,1.50588,-22.4301,1.46807,4.08096,1.50588,800000099.0,800000099.0,800000099.0,800100099.0,800000099.0,800000099.0,800000199.0,800000199.0,80000.0,80000.0,80.0,80.0,2.0,9.0,5.0,0.0,1.0,2.0,2.48252,2.07395,0.538782,0.201381,0.0060091,249.359,0.14136,-0.0224301,4.08096,18.0308,12.8174,22.6732,667.294,106.563,0.363792,0.0330496,0.0708458,371.456,292.127,291.493,97646.2,35.2615,286.243,287.35,73.3133,5.3027,5.05475,28.5768,18.2025,22.16,45.0382,0.0,5.178725,0.004318,214200.0,4.318,1,-22.617534,2.5693368392578777,25.075836839257878,2.6392144313592047
2023-08-16 15:30:00,Nit-S,winter,afternoon,Mid,0.066669,0.02994230247147559,2.917799,0.000970230527589592,0.06518,0.028601606778466133,0.955992,0.38426986335633107,1.16935,0.07581761361359239,1.148989,0.07512081559976126,2.443201,0.24807037656353367,1.257038,0.1840504995102521,11.788488,0.7696331163140043,11.997087,0.7767601589891933,25.066956,2.5428384427069717,0.441786,0.0,0.0,0.0,0.0,0.0,0.0,0.0,134.61113,77.36742267343229,197.153442,90.71526016747126,0.318362,0.17429155693379608,0.5,0.0,0.8,0.0,140.737,108.13034195348234,44.58,3.3988847190414297,43.7,3.256716546871503,21.31,2.299811586485583,20.65,1.5654708556852805,97.47,0.011503622617820739,156.2,0.11372481406154408,156.3,4.853565699565632,0.0,3.1075284927629117,1472.0,396.74144393210713,3.928,0.029355408360300615,43.0,116.3894754692193,31.71,13.762360202135872,85.07,12.283327494345064,28.9,15.056565101863926,148.06,66.56580331271205,13.7,0.004082482904639549,314.77,3.797948700724296,60.76,2.3363913056963104,-33.989933,3.3038512879631374e-05,18.955503,6.234826915565829e-05,344.700012,3.390905756789045,12.0,2.15870331449229,0.86,0.13308268106707194,0.39,0.22160400116724724,0.0,0.0012819256348686272,0.0,0.0018101565309847287,0.002,0.0061327898309913665,-1.215,4.977023942745973,-0.915,2.3567175286826374,5.018,11.99192628396289,1.0,0.0,150.0,0.0,2.0,0.0,55537.0,0.0,55537.0,0.0,55537.0,0.0,0.0,0.0,,,0.0,0.0,0.0,0.0,0.0,0.0,0.0,0.0,2.443039,0.004873081592448972,2.455581,0.004869758026842937,1.66161,0.001018836751725497,0.936132,0.01191997392796367,0.316131,0.026324306932757023,-0.015217,0.01465087719751506,0.379991,0.10075647243249436,1.339547,0.3321026166372276,134.61113,77.36742267343229,0.000268,5.190375708944395e-06,2.372455,0.0,-3e-06,0.0,1.0,0.0,2.383364,0.0,-1e-05,0.0,1.0,0.0,0.601327,0.0,0.601158,0.0,0.107461,0.0,0.0,0.0,-0.70146,0.0,0.0574171,175.086,0.0,11.2941,159.845,0.0,8.02571,-17.8079,0.0,1.48827,3.60407,0.0,0.180958,-1.74846,7.01686,0.0775605,0.158211,746.594,21.4796,15.7633,388.874,393.412,0.0,1.0,453.513,11.188,11.3146,0.0,1.0,291.224,289.57,97589.2,1.16914,1011.55,0.0246696,0.233544,0.00817231,1092.12,1861.91,0.00699004,58.6557,769.794,281.421,-0.0754637,4.61379,-0.00942239,4.61385,7.4596e-15,0.0473628,4.61409,13.2187,117.765,90.8209,,,0.774585,3.93122,-227.583,-0.02342,1.09535,0.191131,0.0,67.51,-10.2449,23.174,57.7065,88.0061,123.43,184.92,-0.673421,1.04164,169.709,1.07914,112.344,1.31536,-21.1083,1.29186,2.53305,1.31536,800000099.0,800000099.0,800000099.0,800000099.0,800000099.0,800000099.0,800000199.0,801000199.0,80000.0,80000.0,80.0,80.0,3.0,3.0,1.0,6.0,6.0,1.0,4.53064,2.62113,0.710706,0.193101,0.00416381,61.1759,0.1435,-0.0211083,2.53305,16.5232,12.8396,20.1861,442.542,65.8393,0.39749,0.0230067,0.0533169,275.583,290.582,290.013,97580.3,58.6557,288.711,289.547,46.5628,5.06898,4.79953,39.8596,32.7917,34.7157,61.8186,0.0,4.934255,0.004318,225000.0,4.318,1,-17.7303395,2.450990173491679,20.25889017349168,3.7507468740122776
2023-08-16 15:30:00,Nit-S,winter,afternoon,Old,0.056048,0.035377538975692846,2.917795,0.000727137224554878,0.054991,0.03408171657829654,0.679638,0.4111684823183476,1.171392,0.07100303048433929,1.162367,0.0735783055793395,2.400186,0.314979038608857,1.245785,0.2560572835527564,11.924255,0.7536652319866265,12.017485,0.7272612365063539,24.62323,3.2295431423833914,0.441786,0.0,0.0,0.0,0.0,0.0,0.0,0.0,115.865349,89.56468436612188,235.954285,100.38424921168122,0.324096,0.22648056415281348,0.5,0.0,0.8,0.0,105.318726,112.11917773900431,44.96,3.2588442736651255,44.25,3.104134715719236,21.18,2.190152353909045,20.37,1.994617590751,97.47,0.014142135623735804,156.2,0.09865765724633152,156.4,2.468130196457769,-0.1,1.5703821191035003,1282.0,285.22785044007657,3.927,0.025553082005895147,43.0,145.77293987568476,33.06,13.278753618719893,83.81,12.511736063925474,32.42,16.442540740408703,152.83,65.40837239477322,13.7,0.0027688746209735045,314.55,3.7720262901169193,60.9,2.3413323842063374,-33.989937,3.914809488993271e-05,18.955511,6.13365035413057e-05,344.899994,3.217790308074091,13.0,2.055075018906448,0.86,0.12727005408448092,0.39,0.22160400116724724,0.0,0.0010923979738782625,0.0,0.0013999999999999998,0.001,0.0028693785622209795,-0.037,2.0063584525203866,-0.06,2.31010452649514,11.2965,10.575500694214593,1.0,0.0,150.0,0.0,2.0,0.0,55537.0,0.0,55537.0,0.0,55537.0,0.0,0.0,0.0,,,0.0,0.0,0.0,0.0,0.0,0.0,0.0,0.0,2.443812,0.004637055555342727,2.456176,0.004647625905413027,1.661606,0.0007632859490387811,0.936386,0.0061603519155429024,0.317753,0.02519165931996804,-0.014223,0.011783809476282842,0.386565,0.09967311901703153,1.181065,0.23890193006285376,115.865349,89.56468436612188,0.000267,6.761903085177528e-06,2.372455,0.0,-3e-06,0.0,1.0,0.0,2.383364,0.0,-1e-05,0.0,1.0,0.0,0.601327,0.0,0.601158,0.0,0.107461,0.0,0.0,0.0,-0.70146,0.0,0.0574171,175.086,0.0,11.2941,159.845,0.0,8.02571,-17.8079,0.0,1.48827,3.60407,0.0,0.180958,-1.74846,7.01686,0.0775605,0.158211,746.594,21.4796,15.7633,388.874,393.412,0.0,1.0,453.513,11.188,11.3146,0.0,1.0,291.224,289.57,97589.2,1.16914,1011.55,0.0246696,0.233544,0.00817231,1092.12,1861.91,0.00699004,58.6557,769.794,281.421,-0.0754637,4.61379,-0.00942239,4.61385,7.4596e-15,0.0473628,4.61409,13.2187,117.765,90.8209,,,0.774585,3.93122,-227.583,-0.02342,1.09535,0.191131,0.0,67.51,-10.2449,23.174,57.7065,88.0061,123.43,184.92,-0.673421,1.04164,169.709,1.07914,112.344,1.31536,-21.1083,1.29186,2.53305,1.31536,800000099.0,800000099.0,800000099.0,800000099.0,800000099.0,800000099.0,800000199.0,801000199.0,80000.0,80000.0,80.0,80.0,3.0,3.0,1.0,6.0,6.0,1.0,4.53064,2.62113,0.710706,0.193101,0.00416381,61.1759,0.1435,-0.0211083,2.53305,16.5232,12.8396,20.1861,442.542,65.8393,0.39749,0.0230067,0.0533169,275.583,290.582,290.013,97580.3,58.6557,288.711,289.547,46.5628,5.06898,4.79953,39.8596,32.7917,34.7157,61.8186,0.0,4.934255,0.004318,225000.0,4.318,1,-17.7303395,2.450990173491679,20.25889017349168,3.7507468740122776
2023-08-16 15:30:00,Nit-S,winter,afternoon,Yng,0.085377,0.0298946266050718,2.917966,0.0009435438640218698,0.08295,0.028451156764708177,1.013941,0.48183750120228297,1.161079,0.06821772406144405,1.131363,0.061267436959475695,2.596832,0.2819444866891234,1.397185,0.23354237777040945,11.608428,0.6275806409680267,11.913446,0.6989321050291694,26.642649,2.8914539894579776,0.441786,0.0,0.0,0.0,0.0,0.0,0.0,0.0,119.760277,68.90875154105429,176.492935,102.39410516136817,0.266382,0.140207930577268,0.5,0.0,0.8,0.0,139.674728,84.43337354878845,44.18,3.893424499503407,43.39,3.848381174814507,21.49,2.4092213126513187,21.65,1.8042896108995377,97.47,0.013699148392028185,156.2,0.11902380714239003,156.4,0.39736632972610025,-0.1,0.25331140255951107,1497.0,508.62505181453,3.931,0.024247199150967232,42.0,126.20046222841921,32.12,13.532072359152288,84.69,14.5783887769991,27.54,16.367271692822438,144.85,86.04434413913174,13.7,0.004082482904639549,315.22,3.7895084553716845,60.46,2.3147444063366156,-33.989937,3.4452527725018315e-05,18.955521,5.4917301463320774e-05,344.799988,3.3078184905979047,13.0,2.437895267096874,0.84,0.1560373886819012,0.39,0.22653770841370616,0.0,0.0011860297916438131,-0.0,0.0019209372712298543,-0.0,0.005744562646538028,-0.534,1.8704610331858469,-0.383,2.0372671866988874,11.76,17.39800607109907,1.0,0.0,150.0,0.0,2.0,0.0,55537.0,0.0,55537.0,0.0,55537.0,0.0,0.0,0.0,,,0.0,0.0,0.0,0.0,0.0,0.0,0.0,0.0,2.442588,0.005727605324216779,2.455006,0.005578937182236116,1.661786,0.000990329462014211,0.936433,0.0009930557688266992,0.313894,0.027439062339907613,-0.016482,0.021455813616826563,0.373545,0.10143004738935436,1.360821,0.42584391301681573,119.760277,68.90875154105429,0.000269,7.1677518558238596e-06,2.372455,0.0,-3e-06,0.0,1.0,0.0,2.383364,0.0,-1e-05,0.0,1.0,0.0,0.601327,0.0,0.601158,0.0,0.107461,0.0,0.0,0.0,-0.70146,0.0,0.0574171,175.086,0.0,11.2941,159.845,0.0,8.02571,-17.8079,0.0,1.48827,3.60407,0.0,0.180958,-1.74846,7.01686,0.0775605,0.158211,746.594,21.4796,15.7633,388.874,393.412,0.0,1.0,453.513,11.188,11.3146,0.0,1.0,291.224,289.57,97589.2,1.16914,1011.55,0.0246696,0.233544,0.00817231,1092.12,1861.91,0.00699004,58.6557,769.794,281.421,-0.0754637,4.61379,-0.00942239,4.61385,7.4596e-15,0.0473628,4.61409,13.2187,117.765,90.8209,,,0.774585,3.93122,-227.583,-0.02342,1.09535,0.191131,0.0,67.51,-10.2449,23.174,57.7065,88.0061,123.43,184.92,-0.673421,1.04164,169.709,1.07914,112.344,1.31536,-21.1083,1.29186,2.53305,1.31536,800000099.0,800000099.0,800000099.0,800000099.0,800000099.0,800000099.0,800000199.0,801000199.0,80000.0,80000.0,80.0,80.0,3.0,3.0,1.0,6.0,6.0,1.0,4.53064,2.62113,0.710706,0.193101,0.00416381,61.1759,0.1435,-0.0211083,2.53305,16.5232,12.8396,20.1861,442.542,65.8393,0.39749,0.0230067,0.0533169,275.583,290.582,290.013,97580.3,58.6557,288.711,289.547,46.5628,5.06898,4.79953,39.8596,32.7917,34.7157,61.8186,0.0,4.934255,0.004318,225000.0,4.318,1,-17.7303395,2.450990173491679,20.25889017349168,3.7507468740122776
2023-08-16 09:30:00,Nit-S,winter,morning,Mid,0.089625,0.044418298464446684,2.917658,0.001009149969033369,0.086953,0.041816765667891304,1.037183,0.6648448389639796,1.082853,0.04660081120370487,1.049089,0.040316985072175245,2.313028,0.35612150193685344,1.236485,0.3244380825650713,10.760846,0.4121697838175559,11.10428,0.4763687114765115,23.720814,3.649503039739506,0.441786,0.0,0.0,0.0,0.0,0.0,0.0,0.0,101.317764,56.534485556412065,290.052643,126.07514497830664,0.50166,0.16867022237045873,0.5,0.0,0.8,0.0,123.077614,66.20770240125798,47.82,4.221540121803889,46.06,4.522460318602406,19.4,1.9625304243926172,19.77,2.456544456480823,97.52,0.01732050807568173,156.2,0.12609520212919673,156.5,6.897468134516219,-0.1,4.401867028129466,728.0,316.15912660135774,3.78,0.0338832800458671,282.0,132.2474574424779,65.25,6.879582182080535,41.87,10.491377618470006,22.72,18.71998127670004,151.86,106.37522005460985,13.78,0.005000000000000535,53.43,3.7508440383465684,67.11,3.281161786115813,-33.989983,4.223004459575969e-05,18.9555,6.672011191080774e-05,344.299988,5.055761132748311,14.0,1.7397317800933187,0.85,0.05393514624064722,0.04,0.1936061293795559,0.0,0.00174451521441727,0.001,0.0025146238950056396,0.007,0.011475883688533467,-0.262,3.024056871158345,-0.288,2.098741910446986,0.468,10.543422209830016,1.0,0.0,150.0,0.0,2.0,0.0,55537.0,0.0,55537.0,0.0,55537.0,0.0,0.0,0.0,,,0.0,0.0,0.0,0.0,0.0,0.0,0.0,0.0,2.446627,0.006512540249907781,2.46105,0.006374524342516569,1.661462,0.0010600241742526417,0.936605,0.016921400707683776,0.341321,0.0264667004144201,-0.002551,0.020882888827378904,0.412527,0.10789200582562485,0.71718,0.2648132748392598,101.317764,56.534485556412065,0.000265,7.983733462484854e-06,2.372455,0.0,-3e-06,0.0,1.0,0.0,2.383364,0.0,-1e-05,0.0,1.0,0.0,0.601327,0.0,0.601158,0.0,0.107461,0.0,0.0,0.0,-0.0869754,1.0,0.0105993,39.0964,0.0,5.68607,83.0248,0.0,4.78285,-6.65276,0.0,0.564184,1.86721,0.0,0.107565,0.960908,6.90697,-0.293128,0.155336,448.778,9.38569,16.4137,401.09,404.395,0.0,1.0,343.274,8.38833,8.45929,0.0,1.0,288.071,286.912,97616.6,1.18155,1009.95,0.0244363,0.120995,0.00618579,819.059,1569.25,0.00523531,52.1945,750.186,277.254,1.21074,-2.38073,0.210925,2.67868,-1.88628e-14,0.0273417,2.67882,6.13718,271.115,297.171,,,0.271314,0.921542,-43.785,-0.121731,0.470901,0.120757,0.0,65.0037,-9.86456,22.3137,55.5642,84.7388,118.847,178.055,-0.0839264,1.03633,41.341,1.05391,68.7518,1.17212,-7.99819,1.15978,1.54621,1.17212,800000099.0,800000099.0,800000099.0,800000099.0,800000099.0,800000099.0,800000199.0,801000199.0,80000.0,80000.0,80.0,81.0,3.0,0.0,1.0,0.0,6.0,1.0,1.00918,0.737568,0.0963364,0.208076,0.00449299,200.97,0.0346441,-0.00799819,1.54621,13.7236,13.4181,13.3493,340.351,60.0452,0.359032,0.0409228,0.0867703,-5.5797,286.095,286.67,97578.9,52.1945,283.924,283.798,-11.9367,5.48659,5.2912,-13.2169,-14.5049,-9.38607,-15.8304,0.0,5.388895,0.004318,203400.0,4.318,1,-6.945888,2.676984429082013,9.329744429082012,3.3340579453014687
2023-08-16 09:30:00,Nit-S,winter,morning,Old,0.042644,0.03533191010842748,2.917901,0.0010686095919464418,0.042029,0.034010157921421064,0.48622,0.5562400858433434,1.07103,0.06475435213695427,1.052455,0.058945553001420944,2.161949,0.3611118037062393,1.087937,0.31204410846426295,10.793414,0.6029515532394294,10.983712,0.6624681696042783,22.167355,3.7003046214564703,0.441786,0.0,0.0,0.0,0.0,0.0,0.0,0.0,112.524033,33.798308015422435,285.574066,133.95616972908812,0.614446,0.18397705382607732,0.5,0.0,0.8,0.0,113.212868,86.69225463916027,46.39,3.584496710371856,45.74,3.850987189453286,19.6,2.016111190716754,18.68,2.6495863199123484,97.51,0.01439907404431244,156.2,0.13699148392023378,156.4,4.605250626549372,0.0,2.9573186053134912,497.0,344.2436782280831,3.776,0.029604335268109794,309.0,120.07458793044707,67.78,8.723716467194473,37.81,13.579441655188429,28.58,15.363350329056917,143.62,94.07889295160739,13.78,0.005000000000000535,53.04,3.775347312941329,66.78,3.2727536825533683,-33.989975,4.014461358461784e-05,18.955498,5.996952003650384e-05,344.600006,4.703989609904194,15.0,1.836663641860788,0.82,0.0611609897456432,0.04,0.1936061293795559,0.0,0.0021354156504062626,0.001,0.0017916472867168921,0.016,0.016607227342335024,0.219,2.4533989572292016,0.511,2.006947655022423,0.286,5.632028142685368,1.0,0.0,150.0,0.0,2.0,0.0,55537.0,0.0,55537.0,0.0,55537.0,0.0,0.0,0.0,,,0.0,0.0,0.0,0.0,0.0,0.0,0.0,0.0,2.446143,0.005596061722913934,2.458913,0.005489022378955384,1.661718,0.0011223526629361904,0.936287,0.011407273495011867,0.338654,0.02709558980104823,-0.012012,0.015674479863034264,0.419967,0.10631190152654593,0.523369,0.28828435292258464,112.524033,33.798308015422435,0.000266,9.611278097457524e-06,2.372455,0.0,-3e-06,0.0,1.0,0.0,2.383364,0.0,-1e-05,0.0,1.0,0.0,0.601327,0.0,0.601158,0.0,0.107461,0.0,0.0,0.0,-0.0869754,1.0,0.0105993,39.0964,0.0,5.68607,83.0248,0.0,4.78285,-6.65276,0.0,0.564184,1.86721,0.0,0.107565,0.960908,6.90697,-0.293128,0.155336,448.778,9.38569,16.4137,401.09,404.395,0.0,1.0,343.274,8.38833,8.45929,0.0,1.0,288.071,286.912,97616.6,1.18155,1009.95,0.0244363,0.120995,0.00618579,819.059,1569.25,0.00523531,52.1945,750.186,277.254,1.21074,-2.38073,0.210925,2.67868,-1.88628e-14,0.0273417,2.67882,6.13718,271.115,297.171,,,0.271314,0.921542,-43.785,-0.121731,0.470901,0.120757,0.0,65.0037,-9.86456,22.3137,55.5642,84.7388,118.847,178.055,-0.0839264,1.03633,41.341,1.05391,68.7518,1.17212,-7.99819,1.15978,1.54621,1.17212,800000099.0,800000099.0,800000099.0,800000099.0,800000099.0,800000099.0,800000199.0,801000199.0,80000.0,80000.0,80.0,81.0,3.0,0.0,1.0,0.0,6.0,1.0,1.00918,0.737568,0.0963364,0.208076,0.00449299,200.97,0.0346441,-0.00799819,1.54621,13.7236,13.4181,13.3493,340.351,60.0452,0.359032,0.0409228,0.0867703,-5.5797,286.095,286.67,97578.9,52.1945,283.924,283.798,-11.9367,5.48659,5.2912,-13.2169,-14.5049,-9.38607,-15.8304,0.0,5.388895,0.004318,203400.0,4.318,1,-6.945888,2.676984429082013,9.329744429082012,3.3340579453014687
2023-08-16 09:30:00,Nit-S,winter,morning,Yng,0.076328,0.02859528403670787,2.917671,0.000917316081475234,0.074383,0.027078337982909265,0.938206,0.3973546754490334,1.051135,0.045181478776079545,1.032162,0.040198308096361476,2.2431,0.2655038946967948,1.14169,0.2441712780826333,10.588908,0.4112438376953718,10.783557,0.46226902850469653,23.000963,2.7212165593342754,0.441786,0.0,0.0,0.0,0.0,0.0,0.0,0.0,122.948883,49.421722744710216,268.708344,106.3817567245371,0.471574,0.15468352118452483,0.5,0.0,0.8,0.0,117.133057,40.171530502905185,46.21,4.580924106189349,44.85,4.587471053496322,19.21,1.9452442006082413,19.27,1.8854255045833364,97.51,0.02020725942163143,156.2,0.12909944487359032,156.5,0.27495454169734834,-0.2,0.19252705437591536,695.0,299.9175608952122,3.782,0.028203545876361254,247.0,131.3202446946649,68.87,9.245995115003396,36.05,14.208629455369717,26.47,16.06733656625557,137.46,118.85619467378777,13.78,0.005000000000000535,53.62,3.7597418794380015,67.27,3.312926702076778,-33.98999,4.302104136116903e-05,18.955502,7.449167738753944e-05,343.899994,5.357169579053321,14.0,2.7610384519838433,0.82,0.24611853512755472,0.04,0.20176058419159412,0.0,0.0023572582944316194,-0.0,0.0024494897427831783,0.013,0.010382734205913357,0.137,1.3014554954613957,0.44,1.8707279331853683,2.027,7.2184435485191605,1.0,0.0,150.0,0.0,2.0,0.0,55537.0,0.0,55537.0,0.0,55537.0,0.0,0.0,0.0,,,0.0,0.0,0.0,0.0,0.0,0.0,0.0,0.0,2.444996,0.006605532324751012,2.458754,0.006834821804066079,1.661476,0.0009631153496163674,0.936704,0.000674614502265318,0.343956,0.02640460379283633,-0.010988,0.022946036647026144,0.405647,0.10949994183130876,0.689438,0.2511427896654146,122.948883,49.421722744710216,0.000265,9.60763585210569e-06,2.372455,0.0,-3e-06,0.0,1.0,0.0,2.383364,0.0,-1e-05,0.0,1.0,0.0,0.601327,0.0,0.601158,0.0,0.107461,0.0,0.0,0.0,-0.0869754,1.0,0.0105993,39.0964,0.0,5.68607,83.0248,0.0,4.78285,-6.65276,0.0,0.564184,1.86721,0.0,0.107565,0.960908,6.90697,-0.293128,0.155336,448.778,9.38569,16.4137,401.09,404.395,0.0,1.0,343.274,8.38833,8.45929,0.0,1.0,288.071,286.912,97616.6,1.18155,1009.95,0.0244363,0.120995,0.00618579,819.059,1569.25,0.00523531,52.1945,750.186,277.254,1.21074,-2.38073,0.210925,2.67868,-1.88628e-14,0.0273417,2.67882,6.13718,271.115,297.171,,,0.271314,0.921542,-43.785,-0.121731,0.470901,0.120757,0.0,65.0037,-9.86456,22.3137,55.5642,84.7388,118.847,178.055,-0.0839264,1.03633,41.341,1.05391,68.7518,1.17212,-7.99819,1.15978,1.54621,1.17212,800000099.0,800000099.0,800000099.0,800000099.0,800000099.0,800000099.0,800000199.0,801000199.0,80000.0,80000.0,80.0,81.0,3.0,0.0,1.0,0.0,6.0,1.0,1.00918,0.737568,0.0963364,0.208076,0.00449299,200.97,0.0346441,-0.00799819,1.54621,13.7236,13.4181,13.3493,340.351,60.0452,0.359032,0.0409228,0.0867703,-5.5797,286.095,286.67,97578.9,52.1945,283.924,283.798,-11.9367,5.48659,5.2912,-13.2169,-14.5049,-9.38607,-15.8304,0.0,5.388895,0.004318,203400.0,4.318,1,-6.945888,2.676984429082013,9.329744429082012,3.3340579453014687
2023-08-16 12:30:00,Nit-S,winter,noon,Mid,0.093219,0.04080565821210746,2.918114,0.000901819590235934,0.090335,0.03814743286024194,1.667725,0.7358282328227425,0.983698,0.046861461357317294,0.9343,0.04253693493710303,2.898083,0.23763464150394825,1.897994,0.230475536498656,9.582342,0.43429050301220035,10.085619,0.47892997356520395,29.72439,2.4368470413902994,0.441786,0.0,0.0,0.0,0.0,0.0,0.0,0.0,121.508362,79.28249685606588,195.018051,113.39451843920534,0.248406,0.16171135147789303,0.5,0.0,0.8,0.0,141.436157,78.43075408303808,32.77,1.3988050853019756,31.01,1.0965404689294416,24.88,0.9265982588659087,23.45,1.362286313518564,97.53,0.02491318258807451,156.3,0.11503622617825678,156.3,0.4841487374764056,-0.0,0.33005050118630835,1432.0,547.1132576228314,4.066,0.0396132132837856,39.0,113.19522958146248,28.07,7.792894776653924,88.24,6.8760456901720275,33.15,13.681858121858545,149.17,111.90521349636334,13.74,0.005000000000000535,10.92,140.48084211260505,48.19,0.30260425200801233,-33.989964,2.6397600901326844e-05,18.955509,8.557943678058039e-05,353.100006,3.215466667746783,15.0,2.3643180835073787,0.75,0.08923377536934472,0.35,0.03511884584284246,-0.0,0.001118033988749895,-0.0,0.0019035055380358982,0.006,0.007318750068427162,-0.592,6.3135962118800935,-0.347,3.125479319507116,-2.279,12.473170262504874,1.0,0.0,150.0,0.0,2.0,0.0,55537.0,0.0,55537.0,0.0,55537.0,0.0,0.0,0.0,,,0.0,0.0,0.0,0.0,0.0,0.0,0.0,0.0,2.424582,0.0016660464199215674,2.43837,0.002143708821178854,1.661941,0.0009473265223775512,0.936171,0.001191755717418602,0.274089,0.01048814591304553,-0.01257,0.01964892095451215,0.347655,0.12199994783502982,1.306177,0.4580009559873829,121.508362,79.28249685606588,0.000273,8.573214099741128e-06,2.372455,0.0,-3e-06,0.0,1.0,0.0,2.383364,0.0,-1e-05,0.0,1.0,0.0,0.601327,0.0,0.601158,0.0,0.107461,0.0,0.0,0.0,-0.528411,0.0,0.0339671,168.384,0.0,8.62675,280.752,0.0,11.9074,-22.5065,0.0,1.3369,6.33982,0.0,0.268887,-1.37256,1.00167,-0.111034,0.0226192,-17.5329,-0.326977,16.0622,398.167,401.26,0.0,1.0,299.55,7.42556,7.48111,0.0,1.0,292.371,291.143,97646.6,1.16516,1009.52,0.0247891,0.41082,0.00539789,725.275,2056.85,0.00463274,35.2615,1331.57,275.534,4.92945,1.60743,0.599518,5.21937,5.45259e-14,-0.00109156,5.21937,12.2948,192.179,18.0203,,,0.67343,2.54761,-155.485,-0.0342798,0.59976,0.212573,0.0,67.3528,-10.221,23.12,57.5721,87.8011,123.142,184.49,-0.505825,1.04465,166.275,1.08767,180.721,1.50588,-22.4301,1.46807,4.08096,1.50588,800000099.0,800000099.0,800000099.0,800100099.0,800000099.0,800000099.0,800000199.0,800000199.0,80000.0,80000.0,80.0,80.0,2.0,9.0,5.0,0.0,1.0,2.0,2.48252,2.07395,0.538782,0.201381,0.0060091,249.359,0.14136,-0.0224301,4.08096,18.0308,12.8174,22.6732,667.294,106.563,0.363792,0.0330496,0.0708458,371.456,292.127,291.493,97646.2,35.2615,286.243,287.35,73.3133,5.3027,5.05475,28.5768,18.2025,22.16,45.0382,0.0,5.178725,0.004318,214200.0,4.318,1,-22.617534,2.5693368392578777,25.075836839257878,2.6392144313592047
2023-08-16 12:30:00,Nit-S,winter,noon,Old,0.045415,0.04181784922502192,2.918644,0.0010444421349856646,0.044719,0.04022523910999991,0.837393,0.8120661151696784,0.990056,0.043545433756480116,0.955287,0.04399986460111744,3.02008,0.20566620896205426,2.029527,0.198504295115345,9.79483,0.44955320926300474,10.155412,0.4447210588946475,30.978193,2.108112452016419,0.441786,0.0,0.0,0.0,0.0,0.0,0.0,0.0,137.187485,54.28318582724442,192.893738,67.52547097758006,0.129617,0.17753419766692838,0.5,0.0,0.8,0.0,81.468208,109.63484692388191,32.08,1.0904509770426802,31.21,1.079419133917251,24.79,0.8685510923371179,24.14,1.1460545362241723,97.53,0.026602004936965917,156.3,0.12355835328567108,156.2,3.714871016154759,-0.0,2.3854559312634556,1654.0,294.50754376303047,4.063,0.03717557441833663,291.0,152.77279426215478,26.22,11.107505690597987,89.71,10.684094361869583,27.15,18.884415205842796,155.27,88.57293689948412,13.74,0.005000000000000535,11.88,164.5808437182165,48.16,0.2770782079726464,-33.989937,2.632191735895805e-05,18.955544,7.759838915995838e-05,353.799988,2.915058806394838,15.0,2.1794494717703365,0.75,0.07348469228349533,0.35,0.03511884584284246,-0.0,0.0014165686240583853,-0.0,0.0015811388300841897,0.0015,0.0037446932147677026,-1.771,8.919533746596102,-2.828,2.4304765307788236,-11.0565,6.992634443079765,1.0,0.0,150.0,0.0,2.0,0.0,55537.0,0.0,55537.0,0.0,55537.0,0.0,0.0,0.0,,,0.0,0.0,0.0,0.0,0.0,0.0,0.0,0.0,2.424861,0.00162418386890128,2.437129,0.001692322602224517,1.662498,0.0010981410003577147,0.935963,0.009211094258555826,0.274977,0.009817844564363399,-0.003282,0.015203520795964773,0.352211,0.121028548360046,1.492024,0.24659252555861594,137.187485,54.28318582724442,0.00027,7.858116822750856e-06,2.372455,0.0,-3e-06,0.0,1.0,0.0,2.383364,0.0,-1e-05,0.0,1.0,0.0,0.601327,0.0,0.601158,0.0,0.107461,0.0,0.0,0.0,-0.528411,0.0,0.0339671,168.384,0.0,8.62675,280.752,0.0,11.9074,-22.5065,0.0,1.3369,6.33982,0.0,0.268887,-1.37256,1.00167,-0.111034,0.0226192,-17.5329,-0.326977,16.0622,398.167,401.26,0.0,1.0,299.55,7.42556,7.48111,0.0,1.0,292.371,291.143,97646.6,1.16516,1009.52,0.0247891,0.41082,0.00539789,725.275,2056.85,0.00463274,35.2615,1331.57,275.534,4.92945,1.60743,0.599518,5.21937,5.45259e-14,-0.00109156,5.21937,12.2948,192.179,18.0203,,,0.67343,2.54761,-155.485,-0.0342798,0.59976,0.212573,0.0,67.3528,-10.221,23.12,57.5721,87.8011,123.142,184.49,-0.505825,1.04465,166.275,1.08767,180.721,1.50588,-22.4301,1.46807,4.08096,1.50588,800000099.0,800000099.0,800000099.0,800100099.0,800000099.0,800000099.0,800000199.0,800000199.0,80000.0,80000.0,80.0,80.0,2.0,9.0,5.0,0.0,1.0,2.0,2.48252,2.07395,0.538782,0.201381,0.0060091,249.359,0.14136,-0.0224301,4.08096,18.0308,12.8174,22.6732,667.294,106.563,0.363792,0.0330496,0.0708458,371.456,292.127,291.493,97646.2,35.2615,286.243,287.35,73.3133,5.3027,5.05475,28.5768,18.2025,22.16,45.0382,0.0,5.178725,0.004318,214200.0,4.318,1,-22.617534,2.5693368392578777,25.075836839257878,2.6392144313592047
2023-08-16 12:30:00,Nit-S,winter,noon,Yng,0.080834,0.042439833550058446,2.917877,0.0008341143446794465,0.078655,0.03986584922616516,1.434871,0.6599960114088445,0.955635,0.0634107408895896,0.909436,0.055183906033885136,2.780967,0.21020967870876744,1.800403,0.20408525426879004,9.324492,0.5642866985302432,9.802588,0.6487824364144166,28.511702,2.152168352717117,0.441786,0.0,0.0,0.0,0.0,0.0,0.0,0.0,223.35434,91.8705802475319,310.997498,107.05057432021805,0.182191,0.1173079433755731,0.5,0.0,0.8,0.0,111.017776,40.67009618875312,32.07,1.7463927584213899,30.99,1.4585721328294554,24.93,1.0006477901839412,22.77,1.2327140787709046,97.53,0.023685438564642464,156.2,0.10801234497346912,156.2,4.328009550205114,0.0,2.756555822035897,1652.0,438.59819121074054,4.067,0.03773159595529111,35.0,74.44152067226999,32.55,10.253674820928026,84.3,10.484787265366903,35.03,11.692138412910904,145.35,71.60826919893167,13.74,0.005000000000000535,11.24,140.50410754019495,48.26,0.3320928584999435,-33.989964,2.778830689298604e-05,18.955517,8.539560878588991e-05,353.0,3.268445381429568,14.0,2.397915761656361,0.77,0.09146948489341494,0.35,0.0371842260463582,0.0,0.0013576941236277534,0.001,0.0021118712081942873,0.005,0.007548572870480378,-1.216,5.266772929413228,-1.571,2.5237794079514955,-6.393,11.95186584636574,1.0,0.0,150.0,0.0,2.0,0.0,55537.0,0.0,55537.0,0.0,55537.0,0.0,0.0,0.0,,,0.0,0.0,0.0,0.0,0.0,0.0,0.0,0.0,2.424673,0.0021862170005132555,2.437046,0.002641428450037287,1.661692,0.0008759243936169849,0.935784,0.010648402031916976,0.273518,0.011323894289215743,-0.019904,0.016123079308659784,0.338779,0.12319920863923331,1.490572,0.36729796251743624,223.35434,91.8705802475319,0.000264,6.298677109785299e-06,2.372455,0.0,-3e-06,0.0,1.0,0.0,2.383364,0.0,-1e-05,0.0,1.0,0.0,0.601327,0.0,0.601158,0.0,0.107461,0.0,0.0,0.0,-0.528411,0.0,0.0339671,168.384,0.0,8.62675,280.752,0.0,11.9074,-22.5065,0.0,1.3369,6.33982,0.0,0.268887,-1.37256,1.00167,-0.111034,0.0226192,-17.5329,-0.326977,16.0622,398.167,401.26,0.0,1.0,299.55,7.42556,7.48111,0.0,1.0,292.371,291.143,97646.6,1.16516,1009.52,0.0247891,0.41082,0.00539789,725.275,2056.85,0.00463274,35.2615,1331.57,275.534,4.92945,1.60743,0.599518,5.21937,5.45259e-14,-0.00109156,5.21937,12.2948,192.179,18.0203,,,0.67343,2.54761,-155.485,-0.0342798,0.59976,0.212573,0.0,67.3528,-10.221,23.12,57.5721,87.8011,123.142,184.49,-0.505825,1.04465,166.275,1.08767,180.721,1.50588,-22.4301,1.46807,4.08096,1.50588,800000099.0,800000099.0,800000099.0,800100099.0,800000099.0,800000099.0,800000199.0,800000199.0,80000.0,80000.0,80.0,80.0,2.0,9.0,5.0,0.0,1.0,2.0,2.48252,2.07395,0.538782,0.201381,0.0060091,249.359,0.14136,-0.0224301,4.08096,18.0308,12.8174,22.6732,667.294,106.563,0.363792,0.0330496,0.0708458,371.456,292.127,291.493,97646.2,35.2615,286.243,287.35,73.3133,5.3027,5.05475,28.5768,18.2025,22.16,45.0382,0.0,5.178725,0.004318,214200.0,4.318,1,-22.617534,2.5693368392578777,25.075836839257878,2.6392144313592047
2023-08-16 15:30:00,Rep-S,winter,afternoon,Mid,0.100201,0.030754415945139765,2.918183,0.0009888618845253295,0.096876,0.028582851846284806,1.306413,0.35608696867323014,1.195696,0.03237958936624527,1.165198,0.028556768404238892,2.226691,0.22978045002601216,1.047074,0.21002088354435147,11.952799,0.2923113875033665,12.267797,0.33165807358366334,22.841778,2.3559848193051187,0.441786,0.0,0.0,0.0,0.0,0.0,0.0,0.0,123.329041,51.56362479300541,357.999451,85.77830343689607,0.627548,0.1331066976982125,0.5,0.0,0.8,0.0,173.51329,112.60117348422493,43.79,4.259397962153803,42.81,4.246326137576653,21.99,1.9136054974837426,19.16,1.5538326808250613,97.48,0.010984838035523083,156.3,0.12423096769055976,156.1,4.587621024743284,0.1,2.9476092006912995,766.0,451.46549517469583,3.934,0.0345956644682536,171.0,134.40755187116534,41.82,9.681719509811606,74.53,10.927890494814937,24.08,9.017253055485725,151.32,92.22495044364803,13.7,0.005000000000000535,315.89,4.929538247476461,60.03,3.298526186041277,-33.989937,3.212434175322571e-05,18.95549,4.418427322050641e-05,347.100006,2.6988790368261677,11.0,1.7823205847059813,0.93,0.10299676370320252,0.39,0.23425200105868893,-0.0,0.003869969853457087,-0.0,0.0022045407685048605,-0.0,0.004676828762390951,0.186,2.4232922289040313,0.328,2.2850218452639206,0.966,8.888421112477022,1.0,0.0,150.0,0.0,2.0,0.0,55537.0,0.0,55537.0,0.0,55537.0,0.0,0.0,0.0,,,0.0,0.0,0.0,0.0,0.0,0.0,0.0,0.0,2.441696,0.006165096848928517,2.454363,0.006054396813611216,1.662013,0.0010378252502228195,0.935505,0.01135456716847162,0.307604,0.02281607328726838,-0.024098,0.01394108373142729,0.358489,0.12466798462218232,0.74885,0.37800099322906544,123.329041,51.56362479300541,0.000273,6.768062253456793e-06,2.372455,0.0,-3e-06,0.0,1.0,0.0,2.383364,0.0,-1e-05,0.0,1.0,0.0,0.601327,0.0,0.601158,0.0,0.107461,0.0,0.0,0.0,-0.70146,0.0,0.0574171,175.086,0.0,11.2941,159.845,0.0,8.02571,-17.8079,0.0,1.48827,3.60407,0.0,0.180958,-1.74846,7.01686,0.0775605,0.158211,746.594,21.4796,15.7633,388.874,393.412,0.0,1.0,453.513,11.188,11.3146,0.0,1.0,291.224,289.57,97589.2,1.16914,1011.55,0.0246696,0.233544,0.00817231,1092.12,1861.91,0.00699004,58.6557,769.794,281.421,-0.0754637,4.61379,-0.00942239,4.61385,7.4596e-15,0.0473628,4.61409,13.2187,117.765,90.8209,,,0.774585,3.93122,-227.583,-0.02342,1.09535,0.191131,0.0,67.51,-10.2449,23.174,57.7065,88.0061,123.43,184.92,-0.673421,1.04164,169.709,1.07914,112.344,1.31536,-21.1083,1.29186,2.53305,1.31536,800000099.0,800000099.0,800000099.0,800000099.0,800000099.0,800000099.0,800000199.0,801000199.0,80000.0,80000.0,80.0,80.0,3.0,3.0,1.0,6.0,6.0,1.0,4.53064,2.62113,0.710706,0.193101,0.00416381,61.1759,0.1435,-0.0211083,2.53305,16.5232,12.8396,20.1861,442.542,65.8393,0.39749,0.0230067,0.0533169,275.583,290.582,290.013,97580.3,58.6557,288.711,289.547,46.5628,5.06898,4.79953,39.8596,32.7917,34.7157,61.8186,0.0,4.934255,0.004318,225000.0,4.318,1,-17.7303395,2.450990173491679,20.25889017349168,3.7507468740122776
2023-08-16 15:30:00,Rep-S,winter,afternoon,Old,0.079406,0.030186214854797548,2.918235,0.0008547364057610012,0.077303,0.028621640221634166,0.912233,0.27075232095557983,1.194086,0.026140825119150356,1.17026,0.024532481733408135,2.23512,0.1953550210187255,1.033743,0.177194534121165,12.003219,0.2511476533167425,12.251021,0.26763433687805593,22.932013,2.0027900031056953,0.441786,0.0,0.0,0.0,0.0,0.0,0.0,0.0,127.720001,45.17690197864986,406.48233,81.09073586994508,0.671254,0.08958062511144174,0.5,0.0,0.8,0.0,247.423462,124.39448341716891,44.3,4.356760532016111,43.35,4.327414817185891,21.86,1.7929445055550368,19.22,1.3509124077205508,97.48,0.00816496580928324,156.3,0.09695359714833346,156.1,2.9318651628840815,0.1,1.8917540361615015,953.0,479.9290676756306,3.932,0.035594943461115414,119.0,135.59403870868857,38.87,8.33011428493031,77.85,9.48723560018055,26.18,16.32397941679663,155.92,99.0880937314536,13.7,0.005000000000000535,315.44,4.909699176120626,60.32,3.3201125984922113,-33.989941,2.8816777519529954e-05,18.955496,4.069696958300288e-05,347.0,2.249648147026558,12.0,1.8184242262647818,0.93,0.1035487002976538,0.38,0.2336664289109584,0.001,0.001636052158907737,-0.0,0.002051016008388688,0.003,0.004676180777800049,0.104,2.9201495578137773,0.326,1.5312058429007294,-5.631,16.842949144968642,1.0,0.0,150.0,0.0,2.0,0.0,55537.0,0.0,55537.0,0.0,55537.0,0.0,0.0,0.0,,,0.0,0.0,0.0,0.0,0.0,0.0,0.0,0.0,2.44246,0.006246025655567159,2.455096,0.006181885077385549,1.662068,0.0008976628394522426,0.935523,0.0072712666739250574,0.309246,0.021569879718796106,-0.035461,0.012397277157639625,0.364987,0.12370220458548825,0.905613,0.40180069860504225,127.720001,45.17690197864986,0.000276,5.328226721902888e-06,2.372455,0.0,-3e-06,0.0,1.0,0.0,2.383364,0.0,-1e-05,0.0,1.0,0.0,0.601327,0.0,0.601158,0.0,0.107461,0.0,0.0,0.0,-0.70146,0.0,0.0574171,175.086,0.0,11.2941,159.845,0.0,8.02571,-17.8079,0.0,1.48827,3.60407,0.0,0.180958,-1.74846,7.01686,0.0775605,0.158211,746.594,21.4796,15.7633,388.874,393.412,0.0,1.0,453.513,11.188,11.3146,0.0,1.0,291.224,289.57,97589.2,1.16914,1011.55,0.0246696,0.233544,0.00817231,1092.12,1861.91,0.00699004,58.6557,769.794,281.421,-0.0754637,4.61379,-0.00942239,4.61385,7.4596e-15,0.0473628,4.61409,13.2187,117.765,90.8209,,,0.774585,3.93122,-227.583,-0.02342,1.09535,0.191131,0.0,67.51,-10.2449,23.174,57.7065,88.0061,123.43,184.92,-0.673421,1.04164,169.709,1.07914,112.344,1.31536,-21.1083,1.29186,2.53305,1.31536,800000099.0,800000099.0,800000099.0,800000099.0,800000099.0,800000099.0,800000199.0,801000199.0,80000.0,80000.0,80.0,80.0,3.0,3.0,1.0,6.0,6.0,1.0,4.53064,2.62113,0.710706,0.193101,0.00416381,61.1759,0.1435,-0.0211083,2.53305,16.5232,12.8396,20.1861,442.542,65.8393,0.39749,0.0230067,0.0533169,275.583,290.582,290.013,97580.3,58.6557,288.711,289.547,46.5628,5.06898,4.79953,39.8596,32.7917,34.7157,61.8186,0.0,4.934255,0.004318,225000.0,4.318,1,-17.7303395,2.450990173491679,20.25889017349168,3.7507468740122776
2023-08-16 15:30:00,Rep-S,winter,afternoon,Yng,0.129857,0.029812893778419655,2.918379,0.0007556930593832957,0.124326,0.027581784032340385,1.406622,0.49441354300240736,1.188956,0.03286882348224038,1.147953,0.03198822221083868,2.394875,0.2041732491654904,1.21834,0.1937596008299374,11.774756,0.32730183411277025,12.198331,0.3364803582158737,24.574797,2.0945758878418372,0.441786,0.0,0.0,0.0,0.0,0.0,0.0,0.0,95.377922,47.63899631716376,178.862213,75.76796056632418,0.464214,0.1684435966426645,0.5,0.0,0.8,0.0,225.777023,81.35139085391742,44.03,4.355426691687812,42.01,4.28868212080744,22.13,2.035916910550786,20.33,1.3504422732324879,97.48,0.014922019523731853,156.3,0.08793937305515719,156.0,0.2820756399738618,0.2,0.18991226044325485,1489.0,373.13964320791933,3.936,0.03331906361229265,51.0,69.56395139246573,28.2,7.678715712930124,88.13,6.669718309893856,34.07,10.014945048942273,147.03,15.652649743733493,13.7,0.005000000000000535,316.12,4.959831986401721,59.88,3.2896545917973414,-33.989929,2.6108746943468975e-05,18.955515,4.746918298547583e-05,347.299988,2.6920168898803905,13.0,2.0752509888364514,0.84,0.11192705958197366,0.39,0.23439638791301087,-0.0,0.0022546248764114475,0.001,0.0019638397762207246,0.0,0.009867454923467687,-0.332,1.7836298597709859,-0.432,2.13279052964264,-11.021999999999998,7.54006508371557,1.0,0.0,150.0,0.0,2.0,0.0,55537.0,0.0,55537.0,0.0,55537.0,0.0,0.0,0.0,,,0.0,0.0,0.0,0.0,0.0,0.0,0.0,0.0,2.440576,0.006256859437715581,2.454664,0.006198275743570417,1.66222,0.0007938355203273401,0.935447,0.0006906673656689383,0.305872,0.02405271692636821,-0.016186,0.022165570914370783,0.35118,0.1256152708169937,1.354198,0.3125099217209645,95.377922,47.63899631716376,0.00027,9.19111890178048e-06,2.372455,0.0,-3e-06,0.0,1.0,0.0,2.383364,0.0,-1e-05,0.0,1.0,0.0,0.601327,0.0,0.601158,0.0,0.107461,0.0,0.0,0.0,-0.70146,0.0,0.0574171,175.086,0.0,11.2941,159.845,0.0,8.02571,-17.8079,0.0,1.48827,3.60407,0.0,0.180958,-1.74846,7.01686,0.0775605,0.158211,746.594,21.4796,15.7633,388.874,393.412,0.0,1.0,453.513,11.188,11.3146,0.0,1.0,291.224,289.57,97589.2,1.16914,1011.55,0.0246696,0.233544,0.00817231,1092.12,1861.91,0.00699004,58.6557,769.794,281.421,-0.0754637,4.61379,-0.00942239,4.61385,7.4596e-15,0.0473628,4.61409,13.2187,117.765,90.8209,,,0.774585,3.93122,-227.583,-0.02342,1.09535,0.191131,0.0,67.51,-10.2449,23.174,57.7065,88.0061,123.43,184.92,-0.673421,1.04164,169.709,1.07914,112.344,1.31536,-21.1083,1.29186,2.53305,1.31536,800000099.0,800000099.0,800000099.0,800000099.0,800000099.0,800000099.0,800000199.0,801000199.0,80000.0,80000.0,80.0,80.0,3.0,3.0,1.0,6.0,6.0,1.0,4.53064,2.62113,0.710706,0.193101,0.00416381,61.1759,0.1435,-0.0211083,2.53305,16.5232,12.8396,20.1861,442.542,65.8393,0.39749,0.0230067,0.0533169,275.583,290.582,290.013,97580.3,58.6557,288.711,289.547,46.5628,5.06898,4.79953,39.8596,32.7917,34.7157,61.8186,0.0,4.934255,0.004318,225000.0,4.318,1,-17.7303395,2.450990173491679,20.25889017349168,3.7507468740122776
2023-08-16 09:30:00,Rep-S,winter,morning,Mid,0.088075,0.03201895711668324,2.917777,0.0010691245842589308,0.085496,0.029814018088364636,0.933333,0.6888293368859784,1.105552,0.05473762844339056,1.062258,0.04893815287935699,2.233684,0.35371767292742556,1.121839,0.3121714260380718,10.893333,0.500575407138082,11.33681,0.5598569687063764,22.904177,3.624196456049203,0.441786,0.0,0.0,0.0,0.0,0.0,0.0,0.0,200.382111,81.25479382883212,320.599792,75.38302826587578,0.393521,0.2018856498338684,0.5,0.0,0.8,0.0,134.178543,126.756365278531,45.86,5.309085765616016,44.7,5.659534933779155,20.49,2.5521737140458662,19.21,2.421174095351263,97.52,0.012909944487368931,156.2,0.1319090595827411,156.4,4.813584942638897,-0.1,3.0928681403081724,1138.0,415.5045206332497,3.765,0.03918515875515471,279.0,129.97083006069732,60.52,10.461569799349746,49.22,15.904914156742038,27.73,11.051981225101677,157.33,133.22273964430147,13.77,0.005000000000000607,51.48,5.02464177827634,65.46,4.151988760421534,-33.98996,2.7934447073376774e-05,18.955505,5.293496009211661e-05,343.799988,4.428327519738112,13.0,1.984943324127922,0.85,0.09897474425326905,0.38,0.218954333138214,-0.0,0.0019261360284258222,-0.0,0.0021150256105620406,0.0085,0.007896993098642039,-0.162,4.460045925772514,0.822,2.4025039597608715,2.0065,18.567444791780943,1.0,0.0,150.0,0.0,2.0,0.0,55537.0,0.0,55537.0,0.0,55537.0,0.0,0.0,0.0,,,0.0,0.0,0.0,0.0,0.0,0.0,0.0,0.0,2.444567,0.008234412850956965,2.457431,0.00810640824553795,1.661587,0.001122987367100188,0.936387,0.011858301231907845,0.326653,0.033594559596359236,-0.00893,0.009568886804290943,0.462184,0.12968030226873317,1.060051,0.3478236115432648,200.382111,81.25479382883212,0.000266,8.913098974730014e-06,2.372455,0.0,-3e-06,0.0,1.0,0.0,2.383364,0.0,-1e-05,0.0,1.0,0.0,0.601327,0.0,0.601158,0.0,0.107461,0.0,0.0,0.0,-0.0869754,1.0,0.0105993,39.0964,0.0,5.68607,83.0248,0.0,4.78285,-6.65276,0.0,0.564184,1.86721,0.0,0.107565,0.960908,6.90697,-0.293128,0.155336,448.778,9.38569,16.4137,401.09,404.395,0.0,1.0,343.274,8.38833,8.45929,0.0,1.0,288.071,286.912,97616.6,1.18155,1009.95,0.0244363,0.120995,0.00618579,819.059,1569.25,0.00523531,52.1945,750.186,277.254,1.21074,-2.38073,0.210925,2.67868,-1.88628e-14,0.0273417,2.67882,6.13718,271.115,297.171,,,0.271314,0.921542,-43.785,-0.121731,0.470901,0.120757,0.0,65.0037,-9.86456,22.3137,55.5642,84.7388,118.847,178.055,-0.0839264,1.03633,41.341,1.05391,68.7518,1.17212,-7.99819,1.15978,1.54621,1.17212,800000099.0,800000099.0,800000099.0,800000099.0,800000099.0,800000099.0,800000199.0,801000199.0,80000.0,80000.0,80.0,81.0,3.0,0.0,1.0,0.0,6.0,1.0,1.00918,0.737568,0.0963364,0.208076,0.00449299,200.97,0.0346441,-0.00799819,1.54621,13.7236,13.4181,13.3493,340.351,60.0452,0.359032,0.0409228,0.0867703,-5.5797,286.095,286.67,97578.9,52.1945,283.924,283.798,-11.9367,5.48659,5.2912,-13.2169,-14.5049,-9.38607,-15.8304,0.0,5.388895,0.004318,203400.0,4.318,1,-6.945888,2.676984429082013,9.329744429082012,3.3340579453014687
2023-08-16 09:30:00,Rep-S,winter,morning,Old,0.101648,0.03642480906044669,2.917745,0.0010384006933741754,0.098224,0.03379955511911362,1.289347,0.5282273093066944,1.103158,0.060421669663430086,1.06997,0.05967779610519589,2.246192,0.3675462284749589,1.156091,0.3346291889974384,10.971319,0.6109499018705162,11.31316,0.6184788867433781,23.034971,3.766418166456533,0.441786,0.0,0.0,0.0,0.0,0.0,0.0,0.0,115.901474,35.27880692153403,232.128738,102.17403746429567,0.509005,0.11299977351034825,0.5,0.0,0.8,0.0,205.643433,83.23709690804002,44.68,6.113176970010496,43.65,6.1673485118539135,20.7,2.560294449212172,19.3,2.4861320694336926,97.52,0.012583057392120884,156.2,0.1345362404707467,156.2,6.253830825981788,0.1,3.985189246865616,1008.0,426.21028456228817,3.761,0.04032315298518536,295.0,126.34663958069218,60.87,7.267209391047798,48.68,11.21918866644702,23.68,18.191269865881637,160.1,93.0034205965924,13.77,0.005000000000000607,51.28,5.057197610007607,65.3,4.1355214503937345,-33.989964,2.6906133127642204e-05,18.955517,5.991669216606309e-05,344.200012,3.9523269788927524,13.0,2.0207259421636903,0.87,0.09143850392476906,0.38,0.21990528264080728,0.0,0.0017530925056406274,-0.0,0.0024166091947189147,0.003,0.009748954059957298,-0.106,4.547000138552891,-0.446,2.4003542807955114,-4.943,11.383181910631418,1.0,0.0,150.0,0.0,2.0,0.0,55537.0,0.0,55537.0,0.0,55537.0,0.0,0.0,0.0,,,0.0,0.0,0.0,0.0,0.0,0.0,0.0,0.0,2.443078,0.008928436720575987,2.455728,0.009226762493240517,1.661553,0.0010911631362908274,0.935802,0.015243148520674208,0.323894,0.03344926452988166,-0.00678,0.009127308758701366,0.468874,0.12845359986441277,0.951198,0.35692797628446926,115.901474,35.27880692153403,0.000269,9.513674369033233e-06,2.372455,0.0,-3e-06,0.0,1.0,0.0,2.383364,0.0,-1e-05,0.0,1.0,0.0,0.601327,0.0,0.601158,0.0,0.107461,0.0,0.0,0.0,-0.0869754,1.0,0.0105993,39.0964,0.0,5.68607,83.0248,0.0,4.78285,-6.65276,0.0,0.564184,1.86721,0.0,0.107565,0.960908,6.90697,-0.293128,0.155336,448.778,9.38569,16.4137,401.09,404.395,0.0,1.0,343.274,8.38833,8.45929,0.0,1.0,288.071,286.912,97616.6,1.18155,1009.95,0.0244363,0.120995,0.00618579,819.059,1569.25,0.00523531,52.1945,750.186,277.254,1.21074,-2.38073,0.210925,2.67868,-1.88628e-14,0.0273417,2.67882,6.13718,271.115,297.171,,,0.271314,0.921542,-43.785,-0.121731,0.470901,0.120757,0.0,65.0037,-9.86456,22.3137,55.5642,84.7388,118.847,178.055,-0.0839264,1.03633,41.341,1.05391,68.7518,1.17212,-7.99819,1.15978,1.54621,1.17212,800000099.0,800000099.0,800000099.0,800000099.0,800000099.0,800000099.0,800000199.0,801000199.0,80000.0,80000.0,80.0,81.0,3.0,0.0,1.0,0.0,6.0,1.0,1.00918,0.737568,0.0963364,0.208076,0.00449299,200.97,0.0346441,-0.00799819,1.54621,13.7236,13.4181,13.3493,340.351,60.0452,0.359032,0.0409228,0.0867703,-5.5797,286.095,286.67,97578.9,52.1945,283.924,283.798,-11.9367,5.48659,5.2912,-13.2169,-14.5049,-9.38607,-15.8304,0.0,5.388895,0.004318,203400.0,4.318,1,-6.945888,2.676984429082013,9.329744429082012,3.3340579453014687
2023-08-16 09:30:00,Rep-S,winter,morning,Yng,0.125034,0.029236868622625558,2.918177,0.0008525264257879332,0.119896,0.02699427983079625,1.505914,0.45589942752815554,1.043245,0.03974927186410668,1.001928,0.03644032217315504,2.23663,0.27698784455168785,1.173455,0.25752374706390363,10.277026,0.3729917267094449,10.698768,0.406680261852715,22.937502,2.8372387784996547,0.441786,0.0,0.0,0.0,0.0,0.0,0.0,0.0,120.268105,54.339896044194624,293.067108,77.55573392398878,0.41862,0.1363711346031239,0.5,0.0,0.8,0.0,149.020828,57.18849524743499,44.43,6.402856445889345,43.39,6.451922840001528,20.18,2.553914838047661,19.23,1.9617052955698193,97.52,0.015513435037627624,156.3,0.10801234497347097,156.3,0.32878564445547814,-0.1,0.23072349974229617,850.0,322.83224229724436,3.767,0.0428013629066491,111.0,136.33964940544624,62.45,7.802495925450182,46.25,12.04974677465603,24.06,12.914616177029806,151.15,96.76560428340916,13.77,0.005000000000000607,51.87,5.023607601448718,65.79,4.181287002825794,-33.989975,2.6552589328075295e-05,18.955496,5.120302725420799e-05,343.600006,4.472052765646295,13.0,1.9519221295943132,0.86,0.06513319686099657,0.04,0.18623461905170408,0.001,0.0032848135411313686,0.001,0.0024664414311581237,0.016,0.011871678857401789,-0.179,2.0891722643190533,-0.232,2.066266651878858,0.153,14.047849243059638,1.0,0.0,150.0,0.0,2.0,0.0,55537.0,0.0,55537.0,0.0,55537.0,0.0,0.0,0.0,,,0.0,0.0,0.0,0.0,0.0,0.0,0.0,0.0,2.442792,0.009380748495367432,2.456079,0.00964907742135648,1.662007,0.000894307931680514,0.936198,0.0008356795179174873,0.330855,0.033745715352717955,-0.010803,0.011126967754514255,0.454025,0.13122602025287003,0.819055,0.27029774741919327,120.268105,54.339896044194624,0.000266,9.06678921485805e-06,2.372455,0.0,-3e-06,0.0,1.0,0.0,2.383364,0.0,-1e-05,0.0,1.0,0.0,0.601327,0.0,0.601158,0.0,0.107461,0.0,0.0,0.0,-0.0869754,1.0,0.0105993,39.0964,0.0,5.68607,83.0248,0.0,4.78285,-6.65276,0.0,0.564184,1.86721,0.0,0.107565,0.960908,6.90697,-0.293128,0.155336,448.778,9.38569,16.4137,401.09,404.395,0.0,1.0,343.274,8.38833,8.45929,0.0,1.0,288.071,286.912,97616.6,1.18155,1009.95,0.0244363,0.120995,0.00618579,819.059,1569.25,0.00523531,52.1945,750.186,277.254,1.21074,-2.38073,0.210925,2.67868,-1.88628e-14,0.0273417,2.67882,6.13718,271.115,297.171,,,0.271314,0.921542,-43.785,-0.121731,0.470901,0.120757,0.0,65.0037,-9.86456,22.3137,55.5642,84.7388,118.847,178.055,-0.0839264,1.03633,41.341,1.05391,68.7518,1.17212,-7.99819,1.15978,1.54621,1.17212,800000099.0,800000099.0,800000099.0,800000099.0,800000099.0,800000099.0,800000199.0,801000199.0,80000.0,80000.0,80.0,81.0,3.0,0.0,1.0,0.0,6.0,1.0,1.00918,0.737568,0.0963364,0.208076,0.00449299,200.97,0.0346441,-0.00799819,1.54621,13.7236,13.4181,13.3493,340.351,60.0452,0.359032,0.0409228,0.0867703,-5.5797,286.095,286.67,97578.9,52.1945,283.924,283.798,-11.9367,5.48659,5.2912,-13.2169,-14.5049,-9.38607,-15.8304,0.0,5.388895,0.004318,203400.0,4.318,1,-6.945888,2.676984429082013,9.329744429082012,3.3340579453014687
2023-08-16 12:30:00,Rep-S,winter,noon,Mid,0.128544,0.032473273800773465,2.918231,0.0008050574762090365,0.12312,0.030043607456883954,1.964926,0.5980426343786676,0.970145,0.08383929480911671,0.925506,0.07847346974090465,2.628196,0.42413382524262694,1.681269,0.3498880684701801,9.490664,0.804196733155291,9.948418,0.859338046039949,26.944317,4.3470726719389265,0.441786,0.0,0.0,0.0,0.0,0.0,0.0,0.0,158.221008,77.28727453278583,332.65329,79.05807072629091,0.433045,0.24497057008123102,0.5,0.0,0.8,0.0,132.825058,152.28611113566242,33.17,1.7335111767738909,31.48,1.4107188474911172,23.19,1.3362276502652297,21.84,2.461044358262024,97.51,0.019519221295937986,156.3,0.09882644720249743,156.1,2.3578804040917705,0.1,1.507072216805375,1571.0,678.0954160981576,4.032,0.03763717134252681,109.0,135.67851709095288,32.23,7.812390415231436,84.59,6.75763906010573,27.73,11.291908858411258,153.12,119.57918502677072,13.73,0.005000000000000607,16.6,174.77314706022014,47.8,0.6122820700733703,-33.989933,4.2047592080642136e-05,18.955482,4.71599052864749e-05,349.299988,1.700312113928477,15.0,2.615339366124405,0.73,0.18113714877591144,0.37,0.055677643628300195,0.0,0.0016911534525287763,0.0,0.00202072594216369,0.0,0.010482411572770476,-0.843,5.105197702668656,-0.296,2.244565529599585,2.5015,16.156146729161602,1.0,0.0,150.0,0.0,2.0,0.0,55537.0,0.0,55537.0,0.0,55537.0,0.0,0.0,0.0,,,0.0,0.0,0.0,0.0,0.0,0.0,0.0,0.0,2.425424,0.002098486754782923,2.439006,0.002623600754052983,1.662064,0.0008459240174704566,0.935735,0.005882686045506734,0.293226,0.014698057188168294,-0.017392,0.018573890548921983,0.460424,0.13011044994686888,1.423145,0.5676879709567367,158.221008,77.28727453278583,0.000275,7.799572637865065e-06,2.372455,0.0,-3e-06,0.0,1.0,0.0,2.383364,0.0,-1e-05,0.0,1.0,0.0,0.601327,0.0,0.601158,0.0,0.107461,0.0,0.0,0.0,-0.528411,0.0,0.0339671,168.384,0.0,8.62675,280.752,0.0,11.9074,-22.5065,0.0,1.3369,6.33982,0.0,0.268887,-1.37256,1.00167,-0.111034,0.0226192,-17.5329,-0.326977,16.0622,398.167,401.26,0.0,1.0,299.55,7.42556,7.48111,0.0,1.0,292.371,291.143,97646.6,1.16516,1009.52,0.0247891,0.41082,0.00539789,725.275,2056.85,0.00463274,35.2615,1331.57,275.534,4.92945,1.60743,0.599518,5.21937,5.45259e-14,-0.00109156,5.21937,12.2948,192.179,18.0203,,,0.67343,2.54761,-155.485,-0.0342798,0.59976,0.212573,0.0,67.3528,-10.221,23.12,57.5721,87.8011,123.142,184.49,-0.505825,1.04465,166.275,1.08767,180.721,1.50588,-22.4301,1.46807,4.08096,1.50588,800000099.0,800000099.0,800000099.0,800100099.0,800000099.0,800000099.0,800000199.0,800000199.0,80000.0,80000.0,80.0,80.0,2.0,9.0,5.0,0.0,1.0,2.0,2.48252,2.07395,0.538782,0.201381,0.0060091,249.359,0.14136,-0.0224301,4.08096,18.0308,12.8174,22.6732,667.294,106.563,0.363792,0.0330496,0.0708458,371.456,292.127,291.493,97646.2,35.2615,286.243,287.35,73.3133,5.3027,5.05475,28.5768,18.2025,22.16,45.0382,0.0,5.178725,0.004318,214200.0,4.318,1,-22.617534,2.5693368392578777,25.075836839257878,2.6392144313592047
2023-08-16 12:30:00,Rep-S,winter,noon,Old,0.083524,0.04347003919088027,2.918172,0.0010303241803756044,0.0812,0.0403045923062538,1.543795,0.6750726299067678,0.962938,0.05522276215963852,0.916835,0.04721021832336724,2.708926,0.4075267215713714,1.70746,0.37114137715218,9.403175,0.48412118640469926,9.873936,0.5663650449443157,27.783218,4.176990151091617,0.441786,0.0,0.0,0.0,0.0,0.0,0.0,0.0,173.521042,60.74979416378725,318.352448,90.94862153394236,0.499382,0.22727363590376395,0.5,0.0,0.8,0.0,146.419388,152.45800837835125,32.77,1.60020311210796,31.09,1.4817127476898695,23.27,1.2794985997126633,22.34,2.3559610919254723,97.52,0.016401219466862352,156.3,0.1345362404707355,156.1,1.9683918986489124,0.1,1.2809501681694464,1486.0,661.9920064975607,4.029,0.037026432000217026,214.0,132.79122711986662,27.91,9.902761113278794,88.37,8.244741495846506,34.21,14.732225471168075,158.08,70.14864729510708,13.73,0.005000000000000607,15.98,174.85967029020728,47.77,0.5631968276425856,-33.989933,3.84847588869131e-05,18.955496,3.502394419086444e-05,349.700012,2.0089354602366565,15.0,2.66270539113887,0.72,0.19695430942226175,0.37,0.055677643628300195,0.0,0.0009345230512584125,-0.0,0.0016583123951776997,0.0025,0.006955507527658946,-1.616,4.113223155061409,-0.902,2.7209451286884367,-10.1075,19.774945044336683,1.0,0.0,150.0,0.0,2.0,0.0,55537.0,0.0,55537.0,0.0,55537.0,0.0,0.0,0.0,,,0.0,0.0,0.0,0.0,0.0,0.0,0.0,0.0,2.4249,0.0022746278633363932,2.438382,0.002525621017360681,1.662001,0.0010821348760667797,0.935582,0.004888444076595342,0.292252,0.014081153761677347,-0.013395,0.017590197606432205,0.467077,0.12603516018201694,1.351621,0.5542080479249737,173.521042,60.74979416378725,0.000273,8.309231813671662e-06,2.372455,0.0,-3e-06,0.0,1.0,0.0,2.383364,0.0,-1e-05,0.0,1.0,0.0,0.601327,0.0,0.601158,0.0,0.107461,0.0,0.0,0.0,-0.528411,0.0,0.0339671,168.384,0.0,8.62675,280.752,0.0,11.9074,-22.5065,0.0,1.3369,6.33982,0.0,0.268887,-1.37256,1.00167,-0.111034,0.0226192,-17.5329,-0.326977,16.0622,398.167,401.26,0.0,1.0,299.55,7.42556,7.48111,0.0,1.0,292.371,291.143,97646.6,1.16516,1009.52,0.0247891,0.41082,0.00539789,725.275,2056.85,0.00463274,35.2615,1331.57,275.534,4.92945,1.60743,0.599518,5.21937,5.45259e-14,-0.00109156,5.21937,12.2948,192.179,18.0203,,,0.67343,2.54761,-155.485,-0.0342798,0.59976,0.212573,0.0,67.3528,-10.221,23.12,57.5721,87.8011,123.142,184.49,-0.505825,1.04465,166.275,1.08767,180.721,1.50588,-22.4301,1.46807,4.08096,1.50588,800000099.0,800000099.0,800000099.0,800100099.0,800000099.0,800000099.0,800000199.0,800000199.0,80000.0,80000.0,80.0,80.0,2.0,9.0,5.0,0.0,1.0,2.0,2.48252,2.07395,0.538782,0.201381,0.0060091,249.359,0.14136,-0.0224301,4.08096,18.0308,12.8174,22.6732,667.294,106.563,0.363792,0.0330496,0.0708458,371.456,292.127,291.493,97646.2,35.2615,286.243,287.35,73.3133,5.3027,5.05475,28.5768,18.2025,22.16,45.0382,0.0,5.178725,0.004318,214200.0,4.318,1,-22.617534,2.5693368392578777,25.075836839257878,2.6392144313592047
2023-08-16 12:30:00,Rep-S,winter,noon,Yng,0.122293,0.017292838362358755,2.918228,0.0009274622579922444,0.117375,0.016022920963211836,2.138649,0.4518546213473164,0.949031,0.08842204083541615,0.892934,0.08119239972538485,2.6688,0.3063239370012026,1.704027,0.240200662800168,9.155311,0.8318604494361358,9.732276,0.9059487038193486,27.372871,3.139827868576956,0.441786,0.0,0.0,0.0,0.0,0.0,0.0,0.0,128.796814,71.98276645447163,262.140503,93.68912415409758,0.326554,0.1889613656230377,0.5,0.0,0.8,0.0,137.395538,116.92510737950997,32.94,1.4407391621432843,30.77,1.3469599103165628,23.32,1.3804657426632037,22.09,1.8131027733326823,97.53,0.023643180835078402,156.3,0.12069244660154979,156.1,0.29955522584880495,0.2,0.2203784623475413,1568.0,641.7851977102619,4.033,0.03669005314795908,77.0,129.36623722337035,28.86,9.342017662154147,87.58,8.216336308436583,28.26,8.044810066123377,146.6,64.55681393935113,13.73,0.0050662280511907356,17.22,174.6797932189067,47.79,0.6485946345754013,-33.989933,3.9377997244284695e-05,18.955479,4.940924339894071e-05,349.299988,1.6086016449337892,16.0,3.5884072604244164,0.72,0.2496611036318368,0.37,0.05530822723609933,0.0,0.0016950909513454827,0.001,0.0023643180835073783,0.002,0.009325627070682052,-1.252,2.312874732160535,-1.777,2.42608832829035,-10.362,11.884901303617628,1.0,0.0,150.0,0.0,2.0,0.0,55537.0,0.0,55537.0,0.0,55537.0,0.0,0.0,0.0,,,0.0,0.0,0.0,0.0,0.0,0.0,0.0,0.0,2.424204,0.0020006325641324756,2.438412,0.002176379557124019,1.66206,0.0009748022483218768,0.93569,0.0007657762902223293,0.291704,0.015188888844919951,-0.01731,0.01432953703869505,0.453551,0.13349949530834695,1.420416,0.5373136087084122,128.796814,71.98276645447163,0.000269,9.626006440887109e-06,2.372455,0.0,-3e-06,0.0,1.0,0.0,2.383364,0.0,-1e-05,0.0,1.0,0.0,0.601327,0.0,0.601158,0.0,0.107461,0.0,0.0,0.0,-0.528411,0.0,0.0339671,168.384,0.0,8.62675,280.752,0.0,11.9074,-22.5065,0.0,1.3369,6.33982,0.0,0.268887,-1.37256,1.00167,-0.111034,0.0226192,-17.5329,-0.326977,16.0622,398.167,401.26,0.0,1.0,299.55,7.42556,7.48111,0.0,1.0,292.371,291.143,97646.6,1.16516,1009.52,0.0247891,0.41082,0.00539789,725.275,2056.85,0.00463274,35.2615,1331.57,275.534,4.92945,1.60743,0.599518,5.21937,5.45259e-14,-0.00109156,5.21937,12.2948,192.179,18.0203,,,0.67343,2.54761,-155.485,-0.0342798,0.59976,0.212573,0.0,67.3528,-10.221,23.12,57.5721,87.8011,123.142,184.49,-0.505825,1.04465,166.275,1.08767,180.721,1.50588,-22.4301,1.46807,4.08096,1.50588,800000099.0,800000099.0,800000099.0,800100099.0,800000099.0,800000099.0,800000199.0,800000199.0,80000.0,80000.0,80.0,80.0,2.0,9.0,5.0,0.0,1.0,2.0,2.48252,2.07395,0.538782,0.201381,0.0060091,249.359,0.14136,-0.0224301,4.08096,18.0308,12.8174,22.6732,667.294,106.563,0.363792,0.0330496,0.0708458,371.456,292.127,291.493,97646.2,35.2615,286.243,287.35,73.3133,5.3027,5.05475,28.5768,18.2025,22.16,45.0382,0.0,5.178725,0.004318,214200.0,4.318,1,-22.617534,2.5693368392578777,25.075836839257878,2.6392144313592047
2023-08-28 15:30:00,Nit-A,winter,afternoon,Mid,0.028195,0.03673841203209524,2.918898,0.0008156073851226297,0.027925,0.03530707420088312,0.919195,1.3400809872529247,1.39959,0.06609624859248829,1.376166,0.04253325014522959,4.73436,0.45347534346389023,3.287334,0.4174254868564368,13.976475,0.4329065687349019,14.215497,0.6724200122828166,48.105469,4.606993278165788,0.441786,0.0,0.0,0.0,0.0,0.0,0.0,0.0,75.230598,40.15738338731212,124.094368,100.77275471425664,0.353379,0.19633454044044304,0.5,0.0,0.8,0.0,180.938614,143.56827996912972,27.39,2.336519990641352,26.93,1.967276628573962,33.17,1.0875450948504768,31.85,1.6490135435061375,98.43,0.020631690833927876,156.4,0.10295630140986936,155.3,1.7268275343338,0.7,1.128420725320717,1605.0,391.5738031755103,3.744,0.03875577376340184,182.0,81.84717466107183,38.39,10.914629738719189,78.38,9.768611296733361,23.27,22.458072045480662,157.46,92.53941058273496,9.67,0.007637626158260026,312.33,5.333392541338042,57.29,3.708379025935723,-33.989964,0.00011004980690450814,18.955515,4.930348196013129e-05,346.100006,2.9114323013613137,11.0,3.0072135496724113,0.9,1.441015267094697,-0.18,0.04330127018922193,0.001,0.0013759844960366864,0.001,0.001854723699099141,-0.0005,0.0051639777949432225,-0.303,2.21764710372653,-0.634,2.222169587737774,-7.495,7.019714486121687,1.0,0.0,150.0,0.0,2.0,0.0,55537.0,0.0,55537.0,0.0,55537.0,0.0,0.0,0.0,,,0.0,0.0,0.0,0.0,0.0,0.0,0.0,0.0,2.417771,0.0029699035854160814,2.430132,0.0035336687851767606,1.662765,0.0008586836281968566,0.933516,0.004315200941632577,0.197478,0.008017287534239154,-0.022367,0.02532135979477932,0.340397,0.13468237935753388,1.451313,0.3278879613910317,75.230598,40.15738338731212,0.000299,8.005831208146548e-06,2.372455,0.0,-3e-06,0.0,1.0,0.0,2.383364,0.0,-1e-05,0.0,1.0,0.0,0.601327,0.0,0.601158,0.0,0.107461,0.0,0.0,0.0,-0.0692091,0.0,0.00720485,43.889,0.0,4.3972,271.119,0.0,21.2991,-9.73314,0.0,1.05737,6.18177,0.0,0.485641,-1.5388,8.31864,-0.217944,0.189673,139.454,3.36478,15.8223,401.746,406.185,0.0,1.0,381.765,9.69343,9.78831,0.0,1.0,301.732,301.124,98599.3,1.13656,1011.02,0.0253911,0.400578,0.00687941,956.022,3763.36,0.00605284,25.4034,2807.34,279.476,0.58858,1.88318,0.0776672,1.97438,-9.31292e-15,0.00881375,1.9744,4.39818,138.495,72.3823,,,0.246766,0.408425,-29.5733,-0.18023,0.161881,0.15478,0.0,64.166,-9.73744,22.0261,54.8482,83.6469,117.316,175.761,-0.0666445,1.03848,56.621,1.04724,227.411,1.1713,-12.2758,1.1587,5.18519,1.1713,800000099.0,800000099.0,800000099.0,800000099.0,800000099.0,800000099.0,800000199.0,800000199.0,80000.0,80000.0,80.0,81.0,1.0,2.0,1.0,8.0,4.0,4.0,0.395695,0.339007,0.0821482,0.108714,0.00624195,1206.26,0.0492746,-0.0122758,5.18519,27.5826,12.7766,31.6116,516.867,69.2817,0.419136,0.0190454,0.0465036,403.224,302.051,301.526,98633.2,25.4034,290.019,290.735,71.1799,8.55591,8.91344,71.5196,59.9218,61.4021,86.1706,0.0,8.734675,0.065278,185400.0,65.278,1,-9.951084,3.2136370278373194,12.94677702783732,1.3974793359937006
2023-08-28 15:30:00,Nit-A,winter,afternoon,Old,0.019331,0.02955145854265384,2.9191825,0.0008724518299895515,0.0192035,0.028414937001080304,0.6101465,0.8489755220090388,1.442246,0.05673421676548247,1.4081540000000001,0.05353851151597337,4.660093,0.45519616533788876,3.1537515000000003,0.47223810338364697,14.306224,0.545258692549566,14.653635999999999,0.5780037208176397,47.3453385,4.621478467952126,0.441786,0.0,0.0,0.0,0.0,0.0,0.0,0.0,103.261112,47.24699898482053,164.7679215,125.20086500781306,0.2877055,0.23415967153298362,0.5,0.0,0.8,0.0,171.657982,125.68190625066933,28.880000000000003,2.2414526863013515,27.81,2.128497973498778,33.2,0.9566062256824919,31.564999999999998,1.6836769092621682,98.43,0.017856107630447104,156.4,0.11220775245118052,155.2,2.796578525497785,0.7,1.8048043773716058,1576.0,448.6941116140277,3.742,0.036836005542781866,168.5,84.45936335286345,33.025,13.719579999486823,83.76,11.746321039841137,38.385,17.68501239996615,153.67000000000002,94.4042285768408,9.67,0.007372097807745248,311.99,5.169864952122846,57.515,3.6122615010785006,-33.989964,8.150535680875413e-05,18.955521,6.450074429462734e-05,345.949997,3.4162326981505506,11.0,2.4122273068079942,0.9299999999999999,0.47157441357248353,-0.18,0.037609742801875005,0.0,0.001665941871387048,0.0,0.0018722806367125352,0.001,0.004268276211561503,-0.319,2.048475190692838,0.2625,2.194545801609599,-10.918,8.151352646256715,1.0,0.0,150.0,0.0,2.0,0.0,55537.0,0.0,55537.0,0.0,55537.0,0.0,0.0,0.0,,,0.0,0.0,0.0,0.0,0.0,0.0,0.0,0.0,2.4190389999999997,0.00318191824805718,2.432231,0.0033934988089974537,1.6630645,0.0009182864319015606,0.9333184999999999,0.006954389661458873,0.197235,0.007117736228218409,-0.030668,0.018157265928547724,0.3493635,0.1296032105517897,1.426866,0.37575639497222113,103.261112,47.24699898482053,0.000299,6.3757636655416045e-06,2.372455,0.0,-3e-06,0.0,1.0,0.0,2.383364,0.0,-1e-05,0.0,1.0,0.0,0.601327,0.0,0.601158,0.0,0.107461,0.0,0.0,0.0,-0.0692091,0.0,0.00720485,43.889,0.0,4.3972,271.119,0.0,21.2991,-9.73314,0.0,1.05737,6.18177,0.0,0.485641,-1.5388,8.31864,-0.217944,0.189673,139.454,3.36478,15.8223,401.746,406.185,0.0,1.0,381.765,9.69343,9.78831,0.0,1.0,301.732,301.124,98599.3,1.13656,1011.02,0.0253911,0.400578,0.00687941,956.022,3763.36,0.00605284,25.4034,2807.34,279.476,0.58858,1.88318,0.0776672,1.97438,-9.31292e-15,0.00881375,1.9744,4.39818,138.495,72.3823,,,0.246766,0.408425,-29.5733,-0.18023,0.161881,0.15478,0.0,64.166,-9.73744,22.0261,54.8482,83.6469,117.316,175.761,-0.0666445,1.03848,56.621,1.04724,227.411,1.1713,-12.2758,1.1587,5.18519,1.1713,800000099.0,800000099.0,800000099.0,800000099.0,800000099.0,800000099.0,800000199.0,800000199.0,80000.0,80000.0,80.0,81.0,1.0,2.0,1.0,8.0,4.0,4.0,0.395695,0.339007,0.0821482,0.108714,0.00624195,1206.26,0.0492746,-0.0122758,5.18519,27.5826,12.7766,31.6116,516.867,69.2817,0.419136,0.0190454,0.0465036,403.224,302.051,301.526,98633.2,25.4034,290.019,290.735,71.1799,8.55591,8.91344,71.5196,59.9218,61.4021,86.1706,0.0,8.734675,0.065278,185400.0,65.278,1,-9.951084,3.2136370278373194,12.94677702783732,1.3974793359937006
2023-08-28 15:30:00,Nit-A,winter,afternoon,Yng,0.053756,0.027575131470946788,2.91889,0.0007459702138824726,0.052784,0.026443646547895015,1.68371,0.8808884423290595,1.464617,0.05053435369257895,1.415594,0.044787283238586086,4.643631,0.39231193302242306,3.171417,0.40001482133043936,14.378738,0.45665549059360927,14.882886,0.5147190961964052,47.185139,3.9817928907558566,0.441786,0.0,0.0,0.0,0.0,0.0,0.0,0.0,72.009087,44.25003001927155,128.262161,50.154734951873145,0.286186,0.11948535229981123,0.5,0.0,0.8,0.0,172.779617,73.03372670936771,28.32,2.471502781709945,27.93,2.341585502745236,33.19,1.2664243627894531,31.51,1.4178889237172287,98.43,0.020264912204761995,156.4,0.0994987437106635,155.3,4.859691348223677,0.7,3.1044752643025952,1715.0,331.66880066315156,3.746,0.03437780291602897,164.0,55.465064079412485,26.01,9.158857243128097,89.87,8.12924026790532,49.76,15.480952834585691,157.25,7.459457263545842,9.67,0.007637626158260026,312.56,5.405802653938927,57.13,3.726055778791651,-33.98996,0.00010885193307385538,18.955482,3.725019015501881e-05,347.700012,3.119562095351959,10.0,3.2695565448543635,0.97,0.5796110764987157,-0.18,0.04330127018922193,-0.0,0.0009695359714832659,0.0,0.001968925256749648,0.002,0.004213835575388562,-0.478,1.3411607062541013,-0.918,2.441615397641488,-10.657,5.258197301259658,1.0,0.0,150.0,0.0,2.0,0.0,55537.0,0.0,55537.0,0.0,55537.0,0.0,0.0,0.0,,,0.0,0.0,0.0,0.0,0.0,0.0,0.0,0.0,2.419182,0.0035349025196362146,2.431488,0.003756447010141323,1.662756,0.0007844418121612006,0.933603,0.01190715532078646,0.197303,0.009238039152872236,-0.026715,0.016795345448169064,0.333246,0.13768274320274615,1.543308,0.27772833089233684,72.009087,44.25003001927155,0.000294,1.4093970341958304e-05,2.372455,0.0,-3e-06,0.0,1.0,0.0,2.383364,0.0,-1e-05,0.0,1.0,0.0,0.601327,0.0,0.601158,0.0,0.107461,0.0,0.0,0.0,-0.0692091,0.0,0.00720485,43.889,0.0,4.3972,271.119,0.0,21.2991,-9.73314,0.0,1.05737,6.18177,0.0,0.485641,-1.5388,8.31864,-0.217944,0.189673,139.454,3.36478,15.8223,401.746,406.185,0.0,1.0,381.765,9.69343,9.78831,0.0,1.0,301.732,301.124,98599.3,1.13656,1011.02,0.0253911,0.400578,0.00687941,956.022,3763.36,0.00605284,25.4034,2807.34,279.476,0.58858,1.88318,0.0776672,1.97438,-9.31292e-15,0.00881375,1.9744,4.39818,138.495,72.3823,,,0.246766,0.408425,-29.5733,-0.18023,0.161881,0.15478,0.0,64.166,-9.73744,22.0261,54.8482,83.6469,117.316,175.761,-0.0666445,1.03848,56.621,1.04724,227.411,1.1713,-12.2758,1.1587,5.18519,1.1713,800000099.0,800000099.0,800000099.0,800000099.0,800000099.0,800000099.0,800000199.0,800000199.0,80000.0,80000.0,80.0,81.0,1.0,2.0,1.0,8.0,4.0,4.0,0.395695,0.339007,0.0821482,0.108714,0.00624195,1206.26,0.0492746,-0.0122758,5.18519,27.5826,12.7766,31.6116,516.867,69.2817,0.419136,0.0190454,0.0465036,403.224,302.051,301.526,98633.2,25.4034,290.019,290.735,71.1799,8.55591,8.91344,71.5196,59.9218,61.4021,86.1706,0.0,8.734675,0.065278,185400.0,65.278,1,-9.951084,3.2136370278373194,12.94677702783732,1.3974793359937006
2023-08-28 09:30:00,Nit-A,winter,morning,Mid,0.048653,0.02800062157720789,2.918764,0.0009436377270966357,0.047856,0.027146371353399458,1.194475,0.695909184205832,1.453685,0.15301365456226435,1.441558,0.15832255178564,3.721852,0.6354325834560709,2.241482,0.7391274617478076,14.597612,1.6027803931869546,14.716125,1.5490210075195334,37.678761,6.432220666735675,0.441786,0.0,0.0,0.0,0.0,0.0,0.0,0.0,93.912003,65.27981571082864,161.265137,91.25857950298752,0.34044,0.19713987098208552,0.5,0.0,0.8,0.0,167.657043,111.92995086943633,37.88,8.497671896858968,37.27,8.511556849366636,29.17,2.5475535977351544,27.67,2.8291981785186655,98.78,0.01354006400772416,156.3,0.12909944487358366,155.6,6.915374176427478,0.5,4.414151485091255,1597.0,281.9314751259012,3.952,0.03593967167351435,120.0,70.43039116744987,59.01,11.039306469762192,51.49,15.705231633652103,37.45,24.382472447778273,161.08,121.601310659055,9.76,0.005000000000000535,53.27,4.903537056724124,61.5,3.774233917852293,-33.989994,5.752558850891029e-05,18.955496,5.156953234840894e-05,346.0,4.9732677615540055,13.0,1.4106735979665885,0.95,0.09985322561973989,-0.11,0.20848900850324623,0.001,0.002738612787525831,0.002,0.0027676705006196094,0.0075,0.014793078274489214,-0.162,1.8924349059699077,-0.202,2.1727777099065304,-3.651,6.949407621208753,1.0,0.0,150.0,0.0,2.0,0.0,55537.0,0.0,55537.0,0.0,55537.0,0.0,0.0,0.0,,,0.0,0.0,0.0,0.0,0.0,0.0,0.0,0.0,2.432909,0.012323926900951642,2.445039,0.012350019259499065,1.662624,0.0009921904605466592,0.934396,0.017004839084605684,0.231151,0.024710591634762632,-0.017572,0.022258799759870253,0.463245,0.11298440275358067,1.444408,0.2360137891724267,93.912003,65.27981571082864,0.000286,9.157328576974115e-06,2.372455,0.0,-3e-06,0.0,1.0,0.0,2.383364,0.0,-1e-05,0.0,1.0,0.0,0.601327,0.0,0.601158,0.0,0.107461,0.0,0.0,0.0,,2.0,0.0101572,,2.0,2.17854,77.9496,0.0,21.2223,-3.76803,0.0,1.00508,1.76985,0.0,0.481853,4.32889,0.166395,-0.223585,0.003778,941.359,26.2553,15.9335,397.46,400.727,0.0,1.0,444.398,11.0854,11.2097,0.0,1.0,297.325,296.785,98917.1,1.15628,1011.67,0.0249449,0.114686,0.00800804,1096.83,2910.62,0.00692571,37.6839,1813.78,281.484,-0.782608,-0.124851,-0.0388604,0.793116,4.74812e-14,0.0590805,0.795314,2.78651,21.2713,188.957,,,0.112228,0.381505,22.8742,0.233014,-0.0686415,-0.0407567,0.0,,,,,,,,-0.0140995,1.0329,-0.39917,1.02851,76.5475,1.01097,-4.18419,1.01,1.73802,1.01097,800000099.0,800000099.0,800000099.0,800000099.0,800000099.0,810001099.0,800100199.0,800100199.0,80000.0,80000.0,80.0,81.0,1.0,1.0,0.0,0.0,16.0,11.0,0.48598,0.23876,0.0382707,0.288324,0.00903015,2187.06,-0.000341237,-0.00418419,1.73802,23.0114,13.4372,20.6483,422.706,65.3408,0.357928,0.0396822,0.0839287,-1.29091,293.077,295.675,98896.3,37.6839,283.996,283.812,-0.874997,9.32881,10.3216,-5.9313,-7.92005,-5.31337,-8.21284,0.0,9.825205,0.065278,163800.0,65.278,1,-3.991615,3.26999248766266,7.03802248766266,2.6534509538500926
2023-08-28 09:30:00,Nit-A,winter,morning,Old,0.034524,0.027082641302256075,2.918647,0.0009348040133275255,0.03412,0.02629754926160737,0.900973,0.7278033980552991,1.387481,0.1287672449042975,1.342188,0.13288073353027263,3.835978,0.5019239262719768,2.425044,0.5861434430911998,13.587441,1.346196247196488,14.045994,1.304481587725684,38.831184,5.081739576519378,0.441786,0.0,0.0,0.0,0.0,0.0,0.0,0.0,87.586281,48.65595831849306,156.717545,99.54505013581027,0.36297,0.22531421533605023,0.5,0.0,0.8,0.0,184.846588,124.77867095014317,34.54,8.475619682359518,33.84,8.553749177992069,29.23,2.3932787830366387,28.19,2.2504075927114493,98.78,0.0144683562761458,156.3,0.11445523142259767,155.6,4.784548045531577,0.4,3.0531404597015617,1563.0,287.4828806497296,3.95,0.03646130368852194,134.0,85.05063197883952,58.86,13.073528049714305,51.71,19.503811405295462,44.32,29.260968872088515,160.28,127.27792613934805,9.76,0.005000000000000535,52.85,4.909361397710836,61.17,3.7487697982138153,-33.989998,5.236910666816688e-05,18.955505,5.883658158934814e-05,344.700012,4.705041878177927,12.0,1.656301099840646,0.99,0.15049916943292413,-0.11,0.20692188542217246,0.001,0.0016145174717749778,0.001,0.0026,0.006500000000000001,0.012419631747650683,-0.369,1.6545781687991252,-0.532,2.346479508398344,0.694,21.964528810644364,1.0,0.0,150.0,0.0,2.0,0.0,55537.0,0.0,55537.0,0.0,55537.0,0.0,0.0,0.0,,,0.0,0.0,0.0,0.0,0.0,0.0,0.0,0.0,2.428096,0.012252874524915703,2.440279,0.012278193047974279,1.662501,0.0009838164632355645,0.934486,0.011826120823273657,0.230544,0.023002234321329175,-0.013163,0.027202721093853834,0.471749,0.11097233298930866,1.416087,0.2406567033663444,87.586281,48.65595831849306,0.000289,8.095677859203637e-06,2.372455,0.0,-3e-06,0.0,1.0,0.0,2.383364,0.0,-1e-05,0.0,1.0,0.0,0.601327,0.0,0.601158,0.0,0.107461,0.0,0.0,0.0,,2.0,0.0101572,,2.0,2.17854,77.9496,0.0,21.2223,-3.76803,0.0,1.00508,1.76985,0.0,0.481853,4.32889,0.166395,-0.223585,0.003778,941.359,26.2553,15.9335,397.46,400.727,0.0,1.0,444.398,11.0854,11.2097,0.0,1.0,297.325,296.785,98917.1,1.15628,1011.67,0.0249449,0.114686,0.00800804,1096.83,2910.62,0.00692571,37.6839,1813.78,281.484,-0.782608,-0.124851,-0.0388604,0.793116,4.74812e-14,0.0590805,0.795314,2.78651,21.2713,188.957,,,0.112228,0.381505,22.8742,0.233014,-0.0686415,-0.0407567,0.0,,,,,,,,-0.0140995,1.0329,-0.39917,1.02851,76.5475,1.01097,-4.18419,1.01,1.73802,1.01097,800000099.0,800000099.0,800000099.0,800000099.0,800000099.0,810001099.0,800100199.0,800100199.0,80000.0,80000.0,80.0,81.0,1.0,1.0,0.0,0.0,16.0,11.0,0.48598,0.23876,0.0382707,0.288324,0.00903015,2187.06,-0.000341237,-0.00418419,1.73802,23.0114,13.4372,20.6483,422.706,65.3408,0.357928,0.0396822,0.0839287,-1.29091,293.077,295.675,98896.3,37.6839,283.996,283.812,-0.874997,9.32881,10.3216,-5.9313,-7.92005,-5.31337,-8.21284,0.0,9.825205,0.065278,163800.0,65.278,1,-3.991615,3.26999248766266,7.03802248766266,2.6534509538500926
2023-08-28 09:30:00,Nit-A,winter,morning,Yng,0.10631850000000001,0.04643883498028687,2.9186635,0.0009872516596457924,0.1025755,0.04294481745397531,2.4721615,1.0109195110285163,1.454212,0.14988234234220804,1.3608604999999998,0.15155034258721647,3.5403255,0.3948674840458806,2.070296,0.4955202813741807,13.777773499999999,1.5346669512071744,14.7228955,1.5177508788458423,35.843645,3.9967357633228024,0.441786,0.0,0.0,0.0,0.0,0.0,0.0,0.0,87.58646,43.614604713736924,134.721996,81.77946334515484,0.2737695,0.13404186479427355,0.5,0.0,0.8,0.0,176.91497800000002,77.17865035284754,35.974999999999994,9.970929574465325,33.725,10.077612029172702,29.17,3.0871618715338873,26.81,1.8335524908881402,98.77,0.006569466853313357,156.3,0.13562719801759934,155.7,0.22354794611117765,0.4,0.20894471693929498,1628.5,163.72293669489318,3.9305,0.0420306592357233,101.5,87.64455728140015,55.769999999999996,8.89512253990916,56.215,12.019956913838183,39.24,14.576717150810634,163.42000000000002,139.45060860768098,9.754999999999999,0.005129891760426558,52.33,5.505456718948077,60.900000000000006,4.291410361959909,-33.990021,4.407753336286704e-05,18.955516,4.124203272458549e-05,349.25,6.850224945063398,11.0,1.7621756887140216,0.97,0.10908229631072602,-0.11,0.19918980633397987,0.0,0.0035258444303979757,0.0,0.0018144159564878982,0.009,0.013397583293088277,-0.7235,0.8289585396908074,-1.8755,1.9375761282157609,-3.382,8.613050506561043,1.0,0.0,150.0,0.0,2.0,0.0,55537.0,0.0,55537.0,0.0,55537.0,0.0,0.0,0.0,,,0.0,0.0,0.0,0.0,0.0,0.0,0.0,0.0,2.4279025,0.01456421072671296,2.4424080000000004,0.014491195611927762,1.662519,0.0010377957853572265,0.934648,0.0005791003821718593,0.2315855,0.03026688281773715,-0.0167635,0.029147458338728175,0.476564,0.1294991653818258,1.4710105,0.1370874542599109,87.58646,43.614604713736924,0.0002795,9.264533390698568e-06,2.372455,0.0,-3e-06,0.0,1.0,0.0,2.383364,0.0,-1e-05,0.0,1.0,0.0,0.601327,0.0,0.601158,0.0,0.107461,0.0,0.0,0.0,,2.0,0.0101572,,2.0,2.17854,77.9496,0.0,21.2223,-3.76803,0.0,1.00508,1.76985,0.0,0.481853,4.32889,0.166395,-0.223585,0.003778,941.359,26.2553,15.9335,397.46,400.727,0.0,1.0,444.398,11.0854,11.2097,0.0,1.0,297.325,296.785,98917.1,1.15628,1011.67,0.0249449,0.114686,0.00800804,1096.83,2910.62,0.00692571,37.6839,1813.78,281.484,-0.782608,-0.124851,-0.0388604,0.793116,4.74812e-14,0.0590805,0.795314,2.78651,21.2713,188.957,,,0.112228,0.381505,22.8742,0.233014,-0.0686415,-0.0407567,0.0,,,,,,,,-0.0140995,1.0329,-0.39917,1.02851,76.5475,1.01097,-4.18419,1.01,1.73802,1.01097,800000099.0,800000099.0,800000099.0,800000099.0,800000099.0,810001099.0,800100199.0,800100199.0,80000.0,80000.0,80.0,81.0,1.0,1.0,0.0,0.0,16.0,11.0,0.48598,0.23876,0.0382707,0.288324,0.00903015,2187.06,-0.000341237,-0.00418419,1.73802,23.0114,13.4372,20.6483,422.706,65.3408,0.357928,0.0396822,0.0839287,-1.29091,293.077,295.675,98896.3,37.6839,283.996,283.812,-0.874997,9.32881,10.3216,-5.9313,-7.92005,-5.31337,-8.21284,0.0,9.825205,0.065278,163800.0,65.278,1,-3.991615,3.26999248766266,7.03802248766266,2.6534509538500926
2023-08-28 12:30:00,Nit-A,winter,noon,Mid,0.035835,0.029358036676408277,2.918615,0.0008530812427117942,0.0354,0.028455841885454736,1.302689,0.9723173663057105,1.312557,0.10543820138880727,1.256393,0.10606629330168935,4.662967,0.44252098541943,3.569773,0.4812035172063826,12.735221,1.0698108327406113,13.295248,1.0633540784693531,47.265266,4.4954070185971995,0.441786,0.0,0.0,0.0,0.0,0.0,0.0,0.0,67.249771,41.062157910049855,94.971657,70.63126156506334,0.200824,0.14999003885305182,0.5,0.0,0.8,0.0,154.416183,104.88360107378072,26.1,1.9724673212333173,25.25,1.9225532502378184,32.95,0.5053091462989112,31.58,1.623872224037347,98.72,0.050206241311873755,156.3,0.10456258094238485,155.4,0.2111871208194273,0.6,0.15842979517754863,1935.0,150.19689299937824,3.848,0.035340015091489034,169.0,84.58630700848295,17.26,6.2889745322005135,95.5,4.354363711649881,34.0,11.724607996289969,166.47,108.27458100434593,9.72,0.005000000000000535,15.27,172.4525126935915,43.88,0.44146800563574057,-33.98996,7.307489309148426e-05,18.955463,6.099267715631853e-05,340.899994,1.7041640521814818,15.0,2.367840084690406,0.73,0.11202678251204043,-0.29,0.059019770698752604,-0.0,0.00116619037896906,0.0,0.0016155494421403514,0.002,0.005196152422706632,-1.685,1.8185487180716384,-2.026,2.2336004096525413,-10.464,12.058894362964743,1.0,0.0,150.0,0.0,2.0,0.0,55537.0,0.0,55537.0,0.0,55537.0,0.0,0.0,0.0,,,0.0,0.0,0.0,0.0,0.0,0.0,0.0,0.0,2.415363,0.0028419919375911318,2.428378,0.003016205315734603,1.662468,0.0008976774197895329,0.933757,0.0005150651479829519,0.199177,0.003933434588244729,-0.013815,0.01902214474746035,0.380018,0.13178393595202212,1.727641,0.12578008195606064,67.249771,41.062157910049855,0.000293,9.117382665363294e-06,2.372455,0.0,-3e-06,0.0,1.0,0.0,2.383364,0.0,-1e-05,0.0,1.0,0.0,0.601327,0.0,0.601158,0.0,0.107461,0.0,0.0,0.0,0.00613684,1.0,0.00991523,78.8344,0.0,7.82157,270.746,0.0,24.0468,-12.308,0.0,1.56953,6.1622,0.0,0.547307,1.17686,4.61799,0.0846605,0.105106,-739.046,-20.5912,15.836,398.461,402.582,0.0,1.0,441.22,11.1019,11.2265,0.0,1.0,299.785,299.278,98887.9,1.1463,1011.75,0.0251618,0.399311,0.00795079,1098.14,3377.13,0.00693603,32.5169,2279.0,281.502,0.871378,0.745969,0.0619963,1.14779,2.53558e-14,-0.0466687,1.14874,3.25571,174.292,40.5343,,,0.0731683,0.310377,-0.430166,-12.3906,0.291175,0.929011,0.0,,,,,,,,0.00583807,1.05118,90.7671,1.04623,237.935,1.10676,-16.6917,1.09998,5.41543,1.10676,800000099.0,800000099.0,800000099.0,800000099.0,800000099.0,800010099.0,800000199.0,800000199.0,80000.0,80000.0,80.0,80.0,2.0,4.0,0.0,7.0,8.0,3.0,0.325013,0.21395,0.0817909,0.174347,0.00860857,1087.19,0.078263,-0.0166917,5.41543,25.501,12.7562,32.1271,752.338,104.558,0.356415,0.0330363,0.0696269,468.08,299.568,298.974,98910.9,32.5169,287.4,288.396,110.111,8.98656,9.71213,57.7174,40.1514,40.1481,71.6476,0.0,9.349345,0.065278,174600.0,65.278,1,-12.2233395,3.2380760549260326,15.546076054926033,1.6833729108951176
2023-08-28 12:30:00,Nit-A,winter,noon,Old,0.035928,0.02195246246073547,2.918851,0.0008368189808236092,0.035491,0.021417050617673763,1.242462,0.6918977428969062,1.335852,0.09316415415541182,1.3192,0.0954687911690167,4.456427,0.43131886667589286,3.154107,0.4088746882800688,13.36081,0.9640470609966034,13.529468,0.9410090898178373,45.142548,4.3692363466960265,0.441786,0.0,0.0,0.0,0.0,0.0,0.0,0.0,85.26313,49.08094443087267,162.197464,87.4334742232377,0.272195,0.2121301508551766,0.5,0.0,0.8,0.0,210.432159,132.0909843903849,26.66,1.8139608595556864,25.78,1.8461875130477214,32.88,0.4944212104403839,30.79,1.6241484948530212,98.72,0.04800000000000429,156.3,0.11210114480533274,155.3,1.635522342657946,0.7,1.0425609494573127,1778.0,394.8398704960446,3.847,0.03406479120734523,196.0,45.083256315399396,29.26,9.684368848820249,87.24,7.8765801166072915,17.15,11.292912113356765,163.0,146.05834785226529,9.72,0.005000000000000535,14.59,172.33711701004322,43.92,0.4080102122904965,-33.989971,5.734608385446672e-05,18.955469,5.977493900751502e-05,341.100006,1.7435877184844015,16.0,2.3825756371344595,0.7,0.10685192245969816,-0.29,0.059019770698752604,0.0,0.0016603212540549695,0.0,0.0024617067250182344,0.0,0.004509249752822894,-0.398,1.8814337015513818,-0.912,2.124691685868799,-13.255,5.718696558948842,1.0,0.0,150.0,0.0,2.0,0.0,55537.0,0.0,55537.0,0.0,55537.0,0.0,0.0,0.0,,,0.0,0.0,0.0,0.0,0.0,0.0,0.0,0.0,2.416031,0.002705434883710894,2.429054,0.002732569902734987,1.662715,0.0008808005392823174,0.933695,0.004065916254671252,0.199759,0.003867518314974945,-0.026587,0.02070029967375674,0.387313,0.13216211496155011,1.596152,0.3306004431852898,85.26313,49.08094443087267,0.000295,6.986176827612292e-06,2.372455,0.0,-3e-06,0.0,1.0,0.0,2.383364,0.0,-1e-05,0.0,1.0,0.0,0.601327,0.0,0.601158,0.0,0.107461,0.0,0.0,0.0,0.00613684,1.0,0.00991523,78.8344,0.0,7.82157,270.746,0.0,24.0468,-12.308,0.0,1.56953,6.1622,0.0,0.547307,1.17686,4.61799,0.0846605,0.105106,-739.046,-20.5912,15.836,398.461,402.582,0.0,1.0,441.22,11.1019,11.2265,0.0,1.0,299.785,299.278,98887.9,1.1463,1011.75,0.0251618,0.399311,0.00795079,1098.14,3377.13,0.00693603,32.5169,2279.0,281.502,0.871378,0.745969,0.0619963,1.14779,2.53558e-14,-0.0466687,1.14874,3.25571,174.292,40.5343,,,0.0731683,0.310377,-0.430166,-12.3906,0.291175,0.929011,0.0,,,,,,,,0.00583807,1.05118,90.7671,1.04623,237.935,1.10676,-16.6917,1.09998,5.41543,1.10676,800000099.0,800000099.0,800000099.0,800000099.0,800000099.0,800010099.0,800000199.0,800000199.0,80000.0,80000.0,80.0,80.0,2.0,4.0,0.0,7.0,8.0,3.0,0.325013,0.21395,0.0817909,0.174347,0.00860857,1087.19,0.078263,-0.0166917,5.41543,25.501,12.7562,32.1271,752.338,104.558,0.356415,0.0330363,0.0696269,468.08,299.568,298.974,98910.9,32.5169,287.4,288.396,110.111,8.98656,9.71213,57.7174,40.1514,40.1481,71.6476,0.0,9.349345,0.065278,174600.0,65.278,1,-12.2233395,3.2380760549260326,15.546076054926033,1.6833729108951176
2023-08-28 12:30:00,Nit-A,winter,noon,Yng,0.080674,0.042073230541402454,2.919076,0.000807568702959693,0.078504,0.039567306786748406,2.523865,1.2136749093137242,1.397014,0.1205178817773805,1.359187,0.12450356631509264,4.340572,0.28377599787342817,2.981896,0.2895040790597605,13.76322,1.2554189898508503,14.146119,1.215206592107439,44.006523,2.8727847362511767,0.441786,0.0,0.0,0.0,0.0,0.0,0.0,0.0,102.998611,44.169419101590016,162.920593,68.39249667418609,0.255082,0.1439337544780816,0.5,0.0,0.8,0.0,215.6707,103.10429913904035,26.54,2.6306286954515916,25.9,2.566415009307728,33.06,0.5446827822993241,30.32,1.1353851035368274,98.72,0.05043808085167925,156.4,0.10908712114635764,155.4,0.15000000000000543,0.7,0.11575836902790226,2064.0,123.54475572304413,3.851,0.03447714218628503,200.0,80.29009901600571,16.93,6.66659378293493,95.67,4.3401641674019675,36.0,10.575168603856866,158.55,94.53802540424321,9.72,0.005000000000000535,15.61,172.43947399305068,43.85,0.4729252936070692,-33.98996,7.923915277927322e-05,18.955475,6.84227057835331e-05,340.799988,1.7989982874027963,15.0,2.273030282830977,0.72,0.10746007010358159,-0.29,0.059019770698752604,-0.0,0.001607275126832159,0.001,0.002315167380558045,0.002,0.008138678961483568,-0.879,1.497019536723998,-1.74,2.057155317422581,-8.393,6.5824539460888705,1.0,0.0,150.0,0.0,2.0,0.0,55537.0,0.0,55537.0,0.0,55537.0,0.0,0.0,0.0,,,0.0,0.0,0.0,0.0,0.0,0.0,0.0,0.0,2.41618,0.0037896626718833346,2.429001,0.0039583416594999405,1.662952,0.0008506532450613018,0.933824,0.00036649287396436426,0.198342,0.004209444045635169,-0.03885,0.016743219826445173,0.373205,0.13307940703594975,1.835499,0.10346129277805612,102.998611,44.169419101590016,0.000291,8.931778471652029e-06,2.372455,0.0,-3e-06,0.0,1.0,0.0,2.383364,0.0,-1e-05,0.0,1.0,0.0,0.601327,0.0,0.601158,0.0,0.107461,0.0,0.0,0.0,0.00613684,1.0,0.00991523,78.8344,0.0,7.82157,270.746,0.0,24.0468,-12.308,0.0,1.56953,6.1622,0.0,0.547307,1.17686,4.61799,0.0846605,0.105106,-739.046,-20.5912,15.836,398.461,402.582,0.0,1.0,441.22,11.1019,11.2265,0.0,1.0,299.785,299.278,98887.9,1.1463,1011.75,0.0251618,0.399311,0.00795079,1098.14,3377.13,0.00693603,32.5169,2279.0,281.502,0.871378,0.745969,0.0619963,1.14779,2.53558e-14,-0.0466687,1.14874,3.25571,174.292,40.5343,,,0.0731683,0.310377,-0.430166,-12.3906,0.291175,0.929011,0.0,,,,,,,,0.00583807,1.05118,90.7671,1.04623,237.935,1.10676,-16.6917,1.09998,5.41543,1.10676,800000099.0,800000099.0,800000099.0,800000099.0,800000099.0,800010099.0,800000199.0,800000199.0,80000.0,80000.0,80.0,80.0,2.0,4.0,0.0,7.0,8.0,3.0,0.325013,0.21395,0.0817909,0.174347,0.00860857,1087.19,0.078263,-0.0166917,5.41543,25.501,12.7562,32.1271,752.338,104.558,0.356415,0.0330363,0.0696269,468.08,299.568,298.974,98910.9,32.5169,287.4,288.396,110.111,8.98656,9.71213,57.7174,40.1514,40.1481,71.6476,0.0,9.349345,0.065278,174600.0,65.278,1,-12.2233395,3.2380760549260326,15.546076054926033,1.6833729108951176
2023-08-28 15:30:00,Nit-S,winter,afternoon,Mid,0.039939,0.02564128365533468,2.919096,0.0011890822693714058,0.0394,0.024944400694344213,1.123169,0.7907738284441175,1.594339,0.08744675495193248,1.55745,0.08791672846500838,4.811498,0.46631581525513366,3.239042,0.49906669730688963,15.822755,0.8936739540231754,16.197529,0.888689139614322,48.872627,4.7347234461914995,0.441786,0.0,0.0,0.0,0.0,0.0,0.0,0.0,97.358109,64.89867965276248,159.107925,110.50843410678142,0.314595,0.1750739409435339,0.5,0.0,0.8,0.0,198.108109,103.7021314375441,31.8,1.8669627741334334,30.85,1.8894159591436366,33.04,0.22204579107322325,32.13,1.720641062705022,98.44,0.0160934769394306,156.4,0.14224392195567234,155.2,1.8176633351641351,0.7,1.1849472562101655,1601.0,417.5396867364826,3.729,0.019206162205569983,37.0,152.4262881964044,28.03,9.330244869955628,88.27,8.187081795935185,36.15,9.81606637100626,148.94,12.605455670727135,9.67,0.004082482904638087,309.86,3.1611318120782617,59.0,2.2643577455870387,-33.989967,4.301073509479932e-05,18.955481,6.983831326699163e-05,347.600006,1.8504647960438874,11.0,0.7371114795831992,0.9,0.07685050422736332,-0.18,0.05499999999999999,0.0,0.002006655592438988,-0.0,0.002730689778548026,-0.0,0.004568667997647375,-1.53,1.44280273772959,-0.965,2.3971616327092615,-11.661,8.08783161748112,1.0,0.0,150.0,0.0,2.0,0.0,55537.0,0.0,55537.0,0.0,55537.0,0.0,0.0,0.0,,,0.0,0.0,0.0,0.0,0.0,0.0,0.0,0.0,2.423336,0.0026875318137651,2.436522,0.002732299033780684,1.662974,0.0012515790386546726,0.933356,0.004518983026080088,0.198457,0.001714681188054097,-0.011741,0.021113066099219223,0.398235,0.07805934015377876,1.448077,0.34959258136809784,97.358109,64.89867965276248,0.000296,6.278800310037992e-06,2.372455,0.0,-3e-06,0.0,1.0,0.0,2.383364,0.0,-1e-05,0.0,1.0,0.0,0.601327,0.0,0.601158,0.0,0.107461,0.0,0.0,0.0,-0.0692091,0.0,0.00720485,43.889,0.0,4.3972,271.119,0.0,21.2991,-9.73314,0.0,1.05737,6.18177,0.0,0.485641,-1.5388,8.31864,-0.217944,0.189673,139.454,3.36478,15.8223,401.746,406.185,0.0,1.0,381.765,9.69343,9.78831,0.0,1.0,301.732,301.124,98599.3,1.13656,1011.02,0.0253911,0.400578,0.00687941,956.022,3763.36,0.00605284,25.4034,2807.34,279.476,0.58858,1.88318,0.0776672,1.97438,-9.31292e-15,0.00881375,1.9744,4.39818,138.495,72.3823,,,0.246766,0.408425,-29.5733,-0.18023,0.161881,0.15478,0.0,64.166,-9.73744,22.0261,54.8482,83.6469,117.316,175.761,-0.0666445,1.03848,56.621,1.04724,227.411,1.1713,-12.2758,1.1587,5.18519,1.1713,800000099.0,800000099.0,800000099.0,800000099.0,800000099.0,800000099.0,800000199.0,800000199.0,80000.0,80000.0,80.0,81.0,1.0,2.0,1.0,8.0,4.0,4.0,0.395695,0.339007,0.0821482,0.108714,0.00624195,1206.26,0.0492746,-0.0122758,5.18519,27.5826,12.7766,31.6116,516.867,69.2817,0.419136,0.0190454,0.0465036,403.224,302.051,301.526,98633.2,25.4034,290.019,290.735,71.1799,8.55591,8.91344,71.5196,59.9218,61.4021,86.1706,0.0,8.734675,0.065278,185400.0,65.278,1,-9.951084,3.2136370278373194,12.94677702783732,1.3974793359937006
2023-08-28 15:30:00,Nit-S,winter,afternoon,Old,0.045167,0.0413538664771506,2.918695,0.0008636925224484733,0.044478,0.039641509803403474,1.230957,1.087719506227405,1.627137,0.07687972904587184,1.596648,0.07154636114117432,4.450798,0.6800864371546289,2.86226,0.6830924996975959,16.221027,0.7253791822531102,16.530863,0.7796467934979955,45.211121,6.903447789379718,0.441786,0.0,0.0,0.0,0.0,0.0,0.0,0.0,104.019638,50.581887893741126,277.921204,130.88139931440222,0.442272,0.21708430481130292,0.5,0.0,0.8,0.0,239.257477,110.7155953594308,32.54,1.401018914932986,31.76,1.2766077445062487,33.1,0.2605551764981815,30.76,2.414726485546548,98.44,0.017204650534093355,156.3,0.11180339887499353,155.1,2.58087840343812,0.7,1.6372028992563303,1433.0,475.81795188215983,3.726,0.02288755120147213,50.0,162.27437669987626,32.99,10.418292054522821,83.88,10.042547784302549,34.32,16.1916763595785,149.5,19.157947506626762,9.67,0.004082482904638087,309.64,3.1655664579976586,59.16,2.2940866010971184,-33.989967,4.271639029796994e-05,18.95549,6.94994724206633e-05,347.700012,1.8202818175790083,11.0,1.0519822558706338,0.96,0.08914968685680659,-0.21,0.048452726101496785,0.001,0.0015362291495737217,0.0,0.0021587033144922904,-0.001,0.005686401747604968,-0.034,2.7047657828359184,-0.775,1.8460112242345654,-10.267,13.4919988295872,1.0,0.0,150.0,0.0,2.0,0.0,55537.0,0.0,55537.0,0.0,55537.0,0.0,0.0,0.0,,,0.0,0.0,0.0,0.0,0.0,0.0,0.0,0.0,2.424669,0.0018021553318180142,2.43772,0.002014201589546895,1.662552,0.0009082887811703876,0.933225,0.006372804444931105,0.198058,0.0020099368796059223,-0.027685,0.02870173019320148,0.406836,0.07778038833971367,1.307187,0.39834933940491657,104.019638,50.581887893741126,0.000299,5.925369186810226e-06,2.372455,0.0,-3e-06,0.0,1.0,0.0,2.383364,0.0,-1e-05,0.0,1.0,0.0,0.601327,0.0,0.601158,0.0,0.107461,0.0,0.0,0.0,-0.0692091,0.0,0.00720485,43.889,0.0,4.3972,271.119,0.0,21.2991,-9.73314,0.0,1.05737,6.18177,0.0,0.485641,-1.5388,8.31864,-0.217944,0.189673,139.454,3.36478,15.8223,401.746,406.185,0.0,1.0,381.765,9.69343,9.78831,0.0,1.0,301.732,301.124,98599.3,1.13656,1011.02,0.0253911,0.400578,0.00687941,956.022,3763.36,0.00605284,25.4034,2807.34,279.476,0.58858,1.88318,0.0776672,1.97438,-9.31292e-15,0.00881375,1.9744,4.39818,138.495,72.3823,,,0.246766,0.408425,-29.5733,-0.18023,0.161881,0.15478,0.0,64.166,-9.73744,22.0261,54.8482,83.6469,117.316,175.761,-0.0666445,1.03848,56.621,1.04724,227.411,1.1713,-12.2758,1.1587,5.18519,1.1713,800000099.0,800000099.0,800000099.0,800000099.0,800000099.0,800000099.0,800000199.0,800000199.0,80000.0,80000.0,80.0,81.0,1.0,2.0,1.0,8.0,4.0,4.0,0.395695,0.339007,0.0821482,0.108714,0.00624195,1206.26,0.0492746,-0.0122758,5.18519,27.5826,12.7766,31.6116,516.867,69.2817,0.419136,0.0190454,0.0465036,403.224,302.051,301.526,98633.2,25.4034,290.019,290.735,71.1799,8.55591,8.91344,71.5196,59.9218,61.4021,86.1706,0.0,8.734675,0.065278,185400.0,65.278,1,-9.951084,3.2136370278373194,12.94677702783732,1.3974793359937006
2023-08-28 15:30:00,Nit-S,winter,afternoon,Yng,0.070484,0.04196436957733707,2.919131,0.0008425059841527939,0.068821,0.03967413317860056,2.009535,1.1601811272095577,1.562343,0.05056135827800383,1.510288,0.04644257763148672,4.354055,0.48975167014407045,2.72302,0.4799787780906812,15.344085,0.4710874725183743,15.87062,0.5126959772277072,44.234482,4.9693530325996464,0.441786,0.0,0.0,0.0,0.0,0.0,0.0,0.0,140.88356,76.9124574505869,227.901215,109.6603579933639,0.32658,0.21133201410832989,0.5,0.0,0.8,0.0,144.131866,99.246962372029,30.93,0.989586277188605,29.95,0.9770187647464431,33.02,0.2227158129395688,30.38,1.793367409837334,98.44,0.018275666882504604,156.4,0.1121011448053352,155.3,4.0475383465344335,0.7,2.5871477215909677,1469.0,437.55599641645864,3.731,0.020602427041491955,38.0,142.3869493083314,35.22,14.306993651125081,81.69,13.7887487346266,27.12,13.245335568921362,146.66,63.74399494592935,9.67,0.004082482904638087,310.3,3.1928233587218773,58.68,2.2670165416246935,-33.989975,4.46147583963604e-05,18.955475,6.579774565643686e-05,347.100006,1.4127410001147371,11.0,0.6244997998398399,0.89,0.09397340049184133,-0.18,0.05499999999999999,0.0,0.0018556220879622375,-0.0,0.0024610295948376297,0.002,0.006073237236129986,-1.792,3.6755037400788124,-2.863,2.6051617467379384,-9.505500000000001,12.457628486826435,1.0,0.0,150.0,0.0,2.0,0.0,55537.0,0.0,55537.0,0.0,55537.0,0.0,0.0,0.0,,,0.0,0.0,0.0,0.0,0.0,0.0,0.0,0.0,2.422061,0.001406172130288032,2.435404,0.00146728561523182,1.663011,0.0008864759481603141,0.933548,0.00997327988727879,0.198634,0.0017213212541533304,-0.032589,0.021483212881457003,0.389704,0.07885763976383857,1.337044,0.36632798696934143,140.88356,76.9124574505869,0.000293,5.4430383671867125e-06,2.372455,0.0,-3e-06,0.0,1.0,0.0,2.383364,0.0,-1e-05,0.0,1.0,0.0,0.601327,0.0,0.601158,0.0,0.107461,0.0,0.0,0.0,-0.0692091,0.0,0.00720485,43.889,0.0,4.3972,271.119,0.0,21.2991,-9.73314,0.0,1.05737,6.18177,0.0,0.485641,-1.5388,8.31864,-0.217944,0.189673,139.454,3.36478,15.8223,401.746,406.185,0.0,1.0,381.765,9.69343,9.78831,0.0,1.0,301.732,301.124,98599.3,1.13656,1011.02,0.0253911,0.400578,0.00687941,956.022,3763.36,0.00605284,25.4034,2807.34,279.476,0.58858,1.88318,0.0776672,1.97438,-9.31292e-15,0.00881375,1.9744,4.39818,138.495,72.3823,,,0.246766,0.408425,-29.5733,-0.18023,0.161881,0.15478,0.0,64.166,-9.73744,22.0261,54.8482,83.6469,117.316,175.761,-0.0666445,1.03848,56.621,1.04724,227.411,1.1713,-12.2758,1.1587,5.18519,1.1713,800000099.0,800000099.0,800000099.0,800000099.0,800000099.0,800000099.0,800000199.0,800000199.0,80000.0,80000.0,80.0,81.0,1.0,2.0,1.0,8.0,4.0,4.0,0.395695,0.339007,0.0821482,0.108714,0.00624195,1206.26,0.0492746,-0.0122758,5.18519,27.5826,12.7766,31.6116,516.867,69.2817,0.419136,0.0190454,0.0465036,403.224,302.051,301.526,98633.2,25.4034,290.019,290.735,71.1799,8.55591,8.91344,71.5196,59.9218,61.4021,86.1706,0.0,8.734675,0.065278,185400.0,65.278,1,-9.951084,3.2136370278373194,12.94677702783732,1.3974793359937006
2023-08-28 09:30:00,Nit-S,winter,morning,Mid,0.093483,0.04753781867453884,2.918429,0.0010818564707636906,0.090581,0.044623701480192485,1.744,0.9187441639749375,1.556454,0.11984808386766135,1.505514,0.1205388134492371,3.613024,0.7195757375635012,2.079131,0.7454744481254314,15.239578,1.21925907662755,15.754776,1.212317615630776,36.572964,7.2844306597244,0.441786,0.0,0.0,0.0,0.0,0.0,0.0,0.0,98.970291,59.80140073601503,147.653107,104.66079931196785,0.308446,0.18036185452006384,0.5,0.0,0.8,0.0,154.545914,80.29561887521062,43.74,11.182816699442647,41.8,10.721246942403667,28.53,4.243689314735468,27.16,3.2095625350920733,98.79,0.007810249675909196,156.3,0.13203534880225937,155.6,3.267710717510547,0.5,2.1229931700314064,1315.0,414.5490642453155,3.961,0.032937921407803966,214.0,121.78372907193584,56.51,13.927891357512326,55.18,19.27677451407954,50.22,15.85398027836123,156.77,142.5845634854395,9.76,0.007637626158259573,54.49,3.9821329293064345,62.51,3.3835234593541768,-33.990009,4.378173134909005e-05,18.955564,5.712783909768628e-05,349.600006,4.025026227665986,11.0,1.227463509301465,1.07,0.12350708481702573,0.11,0.10049875621120889,-0.0,0.0012247448713915894,0.001,0.00241039415863879,0.013,0.010899390042415368,-0.496,1.7723678342827145,-0.149,2.372017627112694,2.0795,9.203093578362003,1.0,0.0,150.0,0.0,2.0,0.0,55537.0,0.0,55537.0,0.0,55537.0,0.0,0.0,0.0,,,0.0,0.0,0.0,0.0,0.0,0.0,0.0,0.0,2.439254,0.01521823125158361,2.453304,0.01607828219545474,1.662272,0.0011378614707716092,0.934422,0.00810331664155693,0.237036,0.0472904207106471,-0.010667,0.036940625125011985,0.431691,0.11140483321437775,1.208142,0.3471271743299182,98.970291,59.80140073601503,0.000285,1.0969958978957026e-05,2.372455,0.0,-3e-06,0.0,1.0,0.0,2.383364,0.0,-1e-05,0.0,1.0,0.0,0.601327,0.0,0.601158,0.0,0.107461,0.0,0.0,0.0,,2.0,0.0101572,,2.0,2.17854,77.9496,0.0,21.2223,-3.76803,0.0,1.00508,1.76985,0.0,0.481853,4.32889,0.166395,-0.223585,0.003778,941.359,26.2553,15.9335,397.46,400.727,0.0,1.0,444.398,11.0854,11.2097,0.0,1.0,297.325,296.785,98917.1,1.15628,1011.67,0.0249449,0.114686,0.00800804,1096.83,2910.62,0.00692571,37.6839,1813.78,281.484,-0.782608,-0.124851,-0.0388604,0.793116,4.74812e-14,0.0590805,0.795314,2.78651,21.2713,188.957,,,0.112228,0.381505,22.8742,0.233014,-0.0686415,-0.0407567,0.0,,,,,,,,-0.0140995,1.0329,-0.39917,1.02851,76.5475,1.01097,-4.18419,1.01,1.73802,1.01097,800000099.0,800000099.0,800000099.0,800000099.0,800000099.0,810001099.0,800100199.0,800100199.0,80000.0,80000.0,80.0,81.0,1.0,1.0,0.0,0.0,16.0,11.0,0.48598,0.23876,0.0382707,0.288324,0.00903015,2187.06,-0.000341237,-0.00418419,1.73802,23.0114,13.4372,20.6483,422.706,65.3408,0.357928,0.0396822,0.0839287,-1.29091,293.077,295.675,98896.3,37.6839,283.996,283.812,-0.874997,9.32881,10.3216,-5.9313,-7.92005,-5.31337,-8.21284,0.0,9.825205,0.065278,163800.0,65.278,1,-3.991615,3.26999248766266,7.03802248766266,2.6534509538500926
2023-08-28 09:30:00,Nit-S,winter,morning,Old,0.0628465,0.051919266022608955,2.9191275,0.0009417516212313042,0.061518,0.04937953198873432,1.2989614999999999,1.009438507747901,1.5773535,0.09426336425129561,1.524603,0.0935572659187329,3.4885045,0.7005590119896585,1.8457975,0.6918984254873488,15.433099,0.9458168814045228,15.966405,0.9529781712240628,35.309198499999994,7.089290523483242,0.441786,0.0,0.0,0.0,0.0,0.0,0.0,0.0,101.83435800000001,52.91374793337956,178.13085949999999,110.29166188435288,0.376309,0.1818642215157029,0.5,0.0,0.8,0.0,161.0566255,125.37297586425248,41.155,10.580109080766581,39.709999999999994,10.296664502889149,28.915,3.6917762600167126,26.564999999999998,3.0556196767915007,98.79,0.010148325268097792,156.4,0.12129568697262878,155.6,2.7639739007700377,0.5,1.7731587503726192,1266.5,480.93638191373697,3.955,0.023914214500426773,220.0,126.93309397012106,60.105000000000004,10.406884486369762,49.84,14.994684483463482,37.31,17.27226094525322,155.535,139.48997229892197,9.76,0.006989318615762,53.985,3.6435795996314644,62.085,3.0762656305795515,-33.9899975,5.86139620874585e-05,18.955461,8.194149861639398e-05,348.25,3.8442913813123196,11.5,1.3060425438846854,0.99,0.12772500992726343,0.19,0.09926453684907853,0.0,0.0026513930409260834,0.0,0.0023686166485073533,0.0055,0.008515671827088374,-0.2405,2.008134058125179,-0.253,1.886376446139986,0.043500000000000004,8.374797740592506,1.0,0.0,150.0,0.0,2.0,0.0,55537.0,0.0,55537.0,0.0,55537.0,0.0,0.0,0.0,,,0.0,0.0,0.0,0.0,0.0,0.0,0.0,0.0,2.4363159999999997,0.014541627560886337,2.449653,0.01517293491699588,1.6630065,0.000990386303360995,0.9343465,0.006841159550500355,0.2334415,0.040417554760348244,-0.017086,0.03940377930629929,0.4444045,0.10048228123540619,1.1679935,0.4026588676115519,101.83435800000001,52.91374793337956,0.0002875,1.0520696624808863e-05,2.372455,0.0,-3e-06,0.0,1.0,0.0,2.383364,0.0,-1e-05,0.0,1.0,0.0,0.601327,0.0,0.601158,0.0,0.107461,0.0,0.0,0.0,,2.0,0.0101572,,2.0,2.17854,77.9496,0.0,21.2223,-3.76803,0.0,1.00508,1.76985,0.0,0.481853,4.32889,0.166395,-0.223585,0.003778,941.359,26.2553,15.9335,397.46,400.727,0.0,1.0,444.398,11.0854,11.2097,0.0,1.0,297.325,296.785,98917.1,1.15628,1011.67,0.0249449,0.114686,0.00800804,1096.83,2910.62,0.00692571,37.6839,1813.78,281.484,-0.782608,-0.124851,-0.0388604,0.793116,4.74812e-14,0.0590805,0.795314,2.78651,21.2713,188.957,,,0.112228,0.381505,22.8742,0.233014,-0.0686415,-0.0407567,0.0,,,,,,,,-0.0140995,1.0329,-0.39917,1.02851,76.5475,1.01097,-4.18419,1.01,1.73802,1.01097,800000099.0,800000099.0,800000099.0,800000099.0,800000099.0,810001099.0,800100199.0,800100199.0,80000.0,80000.0,80.0,81.0,1.0,1.0,0.0,0.0,16.0,11.0,0.48598,0.23876,0.0382707,0.288324,0.00903015,2187.06,-0.000341237,-0.00418419,1.73802,23.0114,13.4372,20.6483,422.706,65.3408,0.357928,0.0396822,0.0839287,-1.29091,293.077,295.675,98896.3,37.6839,283.996,283.812,-0.874997,9.32881,10.3216,-5.9313,-7.92005,-5.31337,-8.21284,0.0,9.825205,0.065278,163800.0,65.278,1,-3.991615,3.26999248766266,7.03802248766266,2.6534509538500926
2023-08-28 09:30:00,Nit-S,winter,morning,Yng,0.109797,0.03910553919510636,2.918765,0.0008836703910396355,0.105817,0.036456430739674264,1.901885,1.0631328558462043,1.558325,0.11078764676510647,1.47154,0.11036433074884286,3.434665,0.5468192282062543,2.077991,0.5186322997605497,14.896578,1.1159193039389494,15.773637,1.1202324443909368,34.773491,5.535146085629596,0.441786,0.0,0.0,0.0,0.0,0.0,0.0,0.0,124.979141,60.11151351639251,227.096207,114.45517153087941,0.420698,0.11415112324453928,0.5,0.0,0.8,0.0,185.709335,64.17236403473999,40.97,10.68185182135257,39.42,10.651627622105458,28.19,4.471271258452867,26.3,2.736577850771528,98.78,0.011575836902789674,156.3,0.12423096769057132,155.7,7.687442140703663,0.4,4.905819673272415,1081.0,397.10788626434174,3.963,0.02810646426239551,229.0,147.251349739145,67.23,12.621702896202239,38.7,17.461424932309125,36.01,16.099291578617155,148.96,118.74891746453945,9.76,0.007637626158259573,54.9,3.9310534211582504,62.85,3.369942531656372,-33.990009,4.466568406944244e-05,18.955574,6.888669440696413e-05,349.100006,3.899910298807257,11.0,1.5811388300841898,1.04,0.11478530684136656,0.11,0.10254754994635415,-0.0,0.0022730302828309758,-0.0,0.002672077843177478,0.005,0.012101558264054289,-0.166,2.145809491388584,-0.713,2.0856543441647593,-0.466,13.085387699332031,1.0,0.0,150.0,0.0,2.0,0.0,55537.0,0.0,55537.0,0.0,55537.0,0.0,0.0,0.0,,,0.0,0.0,0.0,0.0,0.0,0.0,0.0,0.0,2.436006,0.015192520329315399,2.449499,0.015477367998898773,1.662625,0.0009291718086554644,0.934576,0.018831465924351216,0.240257,0.050878990334190646,-0.01574,0.03406909498832238,0.423565,0.11259332561735916,1.012542,0.33247245030231704,124.979141,60.11151351639251,0.000285,1.5183104645185934e-05,2.372455,0.0,-3e-06,0.0,1.0,0.0,2.383364,0.0,-1e-05,0.0,1.0,0.0,0.601327,0.0,0.601158,0.0,0.107461,0.0,0.0,0.0,,2.0,0.0101572,,2.0,2.17854,77.9496,0.0,21.2223,-3.76803,0.0,1.00508,1.76985,0.0,0.481853,4.32889,0.166395,-0.223585,0.003778,941.359,26.2553,15.9335,397.46,400.727,0.0,1.0,444.398,11.0854,11.2097,0.0,1.0,297.325,296.785,98917.1,1.15628,1011.67,0.0249449,0.114686,0.00800804,1096.83,2910.62,0.00692571,37.6839,1813.78,281.484,-0.782608,-0.124851,-0.0388604,0.793116,4.74812e-14,0.0590805,0.795314,2.78651,21.2713,188.957,,,0.112228,0.381505,22.8742,0.233014,-0.0686415,-0.0407567,0.0,,,,,,,,-0.0140995,1.0329,-0.39917,1.02851,76.5475,1.01097,-4.18419,1.01,1.73802,1.01097,800000099.0,800000099.0,800000099.0,800000099.0,800000099.0,810001099.0,800100199.0,800100199.0,80000.0,80000.0,80.0,81.0,1.0,1.0,0.0,0.0,16.0,11.0,0.48598,0.23876,0.0382707,0.288324,0.00903015,2187.06,-0.000341237,-0.00418419,1.73802,23.0114,13.4372,20.6483,422.706,65.3408,0.357928,0.0396822,0.0839287,-1.29091,293.077,295.675,98896.3,37.6839,283.996,283.812,-0.874997,9.32881,10.3216,-5.9313,-7.92005,-5.31337,-8.21284,0.0,9.825205,0.065278,163800.0,65.278,1,-3.991615,3.26999248766266,7.03802248766266,2.6534509538500926
2023-08-28 12:30:00,Nit-S,winter,noon,Mid,0.065075,0.03769043363405804,2.918921,0.0010058168736571467,0.063656,0.0361845206081735,1.930352,1.04948998897858,1.539409,0.137434174279386,1.494388,0.15105691405197796,4.790191,0.6315779454126862,3.250782,0.6127761696705276,15.132741,1.5263320708260726,15.588481,1.3882834241666355,48.50679,6.393366352527377,0.441786,0.0,0.0,0.0,0.0,0.0,0.0,0.0,111.894249,55.35089059563208,163.859009,117.93918452036301,0.280899,0.2211978226131683,0.5,0.0,0.8,0.0,183.649323,164.49263761174686,30.44,2.7166370141531,29.91,2.9824252994277414,33.04,0.34602841887143704,32.06,2.224848084701515,98.71,0.04758501164582875,156.4,0.1287115638420553,155.2,3.7080632860474947,0.7,2.363486125761407,1832.0,417.0599757029358,3.834,0.03722261857168708,32.0,133.53516390823805,26.99,5.991193064268031,89.11,5.091682367679006,33.56,13.385833705824973,146.53,8.542723375286513,9.71,0.007637626158260675,13.22,173.25843304920735,44.14,0.3503916855939015,-33.989975,3.161444817293567e-05,18.955463,7.362008330883638e-05,341.899994,1.2607905425144876,15.0,2.467792535850613,0.73,0.1051792121413099,-0.26,0.03378855822118879,-0.001,0.0012583057392117915,0.0,0.002196967607104544,0.003,0.006584252497617398,-1.521,3.530770884665274,-2.008,2.7315173085057807,-6.412,9.458104512608674,1.0,0.0,150.0,0.0,2.0,0.0,55537.0,0.0,55537.0,0.0,55537.0,0.0,0.0,0.0,,,0.0,0.0,0.0,0.0,0.0,0.0,0.0,0.0,2.421998,0.004282430204918833,2.434582,0.00396942406947577,1.662789,0.0010574671657629141,0.933338,0.009130878178466728,0.198459,0.002688658742446393,-0.011247,0.028673341885335466,0.437633,0.12802225252904278,1.641803,0.3492063336947083,111.894249,55.35089059563208,0.000297,8.395038217105784e-06,2.372455,0.0,-3e-06,0.0,1.0,0.0,2.383364,0.0,-1e-05,0.0,1.0,0.0,0.601327,0.0,0.601158,0.0,0.107461,0.0,0.0,0.0,0.00613684,1.0,0.00991523,78.8344,0.0,7.82157,270.746,0.0,24.0468,-12.308,0.0,1.56953,6.1622,0.0,0.547307,1.17686,4.61799,0.0846605,0.105106,-739.046,-20.5912,15.836,398.461,402.582,0.0,1.0,441.22,11.1019,11.2265,0.0,1.0,299.785,299.278,98887.9,1.1463,1011.75,0.0251618,0.399311,0.00795079,1098.14,3377.13,0.00693603,32.5169,2279.0,281.502,0.871378,0.745969,0.0619963,1.14779,2.53558e-14,-0.0466687,1.14874,3.25571,174.292,40.5343,,,0.0731683,0.310377,-0.430166,-12.3906,0.291175,0.929011,0.0,,,,,,,,0.00583807,1.05118,90.7671,1.04623,237.935,1.10676,-16.6917,1.09998,5.41543,1.10676,800000099.0,800000099.0,800000099.0,800000099.0,800000099.0,800010099.0,800000199.0,800000199.0,80000.0,80000.0,80.0,80.0,2.0,4.0,0.0,7.0,8.0,3.0,0.325013,0.21395,0.0817909,0.174347,0.00860857,1087.19,0.078263,-0.0166917,5.41543,25.501,12.7562,32.1271,752.338,104.558,0.356415,0.0330363,0.0696269,468.08,299.568,298.974,98910.9,32.5169,287.4,288.396,110.111,8.98656,9.71213,57.7174,40.1514,40.1481,71.6476,0.0,9.349345,0.065278,174600.0,65.278,1,-12.2233395,3.2380760549260326,15.546076054926033,1.6833729108951176
2023-08-28 12:30:00,Nit-S,winter,noon,Old,0.03262,0.03865788098339932,2.919084,0.0009555688305926355,0.03226,0.037072629698921195,1.138984,1.2229043880055288,1.566583,0.1539171390359112,1.5254,0.14687469507703957,5.088886,0.6934296649421434,3.402369,0.7583059293987332,15.447397,1.482751518034635,15.869914,1.5541593793869724,51.59742,7.040484647712289,0.441786,0.0,0.0,0.0,0.0,0.0,0.0,0.0,110.120415,48.519109011842914,150.378937,113.60283140874152,0.180377,0.18850194206034943,0.5,0.0,0.8,0.0,140.156204,117.77152057195046,30.89,3.208817435338654,29.93,3.070618830138316,33.08,0.4051748593714377,33.13,2.4536796856965677,98.71,0.048124837662061985,156.4,0.11902380714238275,155.3,1.760369279441108,0.7,1.1283173312503891,1821.0,310.80096524946634,3.833,0.03415786878597674,300.0,151.13402440659527,20.86,7.908409195280678,93.45,6.458085836117901,36.01,12.51033536720739,153.1,13.752507686479092,9.71,0.007637626158260675,12.53,173.18612660949492,44.07,0.33988576512312957,-33.989967,3.979539336797461e-05,18.955471,7.473760766849063e-05,341.700012,1.6429455678039353,16.0,1.942506971244464,0.71,0.08669871202426635,-0.26,0.03378855822118879,0.0,0.0018645821694595998,0.0,0.0021855586623714014,0.002,0.004410900583332609,-1.377,2.774403132807728,-1.104,2.470662855051925,-10.557500000000001,11.755701946873964,1.0,0.0,150.0,0.0,2.0,0.0,55537.0,0.0,55537.0,0.0,55537.0,0.0,0.0,0.0,,,0.0,0.0,0.0,0.0,0.0,0.0,0.0,0.0,2.422004,0.004425039345211211,2.435282,0.00470295824561487,1.662961,0.0010068936587346584,0.933536,0.004420481213246672,0.198167,0.0031319319649911353,-0.002288,0.027919000411786472,0.445617,0.12749932036485528,1.632203,0.2601467444427728,110.120415,48.519109011842914,0.000296,6.3513778032801595e-06,2.372455,0.0,-3e-06,0.0,1.0,0.0,2.383364,0.0,-1e-05,0.0,1.0,0.0,0.601327,0.0,0.601158,0.0,0.107461,0.0,0.0,0.0,0.00613684,1.0,0.00991523,78.8344,0.0,7.82157,270.746,0.0,24.0468,-12.308,0.0,1.56953,6.1622,0.0,0.547307,1.17686,4.61799,0.0846605,0.105106,-739.046,-20.5912,15.836,398.461,402.582,0.0,1.0,441.22,11.1019,11.2265,0.0,1.0,299.785,299.278,98887.9,1.1463,1011.75,0.0251618,0.399311,0.00795079,1098.14,3377.13,0.00693603,32.5169,2279.0,281.502,0.871378,0.745969,0.0619963,1.14779,2.53558e-14,-0.0466687,1.14874,3.25571,174.292,40.5343,,,0.0731683,0.310377,-0.430166,-12.3906,0.291175,0.929011,0.0,,,,,,,,0.00583807,1.05118,90.7671,1.04623,237.935,1.10676,-16.6917,1.09998,5.41543,1.10676,800000099.0,800000099.0,800000099.0,800000099.0,800000099.0,800010099.0,800000199.0,800000199.0,80000.0,80000.0,80.0,80.0,2.0,4.0,0.0,7.0,8.0,3.0,0.325013,0.21395,0.0817909,0.174347,0.00860857,1087.19,0.078263,-0.0166917,5.41543,25.501,12.7562,32.1271,752.338,104.558,0.356415,0.0330363,0.0696269,468.08,299.568,298.974,98910.9,32.5169,287.4,288.396,110.111,8.98656,9.71213,57.7174,40.1514,40.1481,71.6476,0.0,9.349345,0.065278,174600.0,65.278,1,-12.2233395,3.2380760549260326,15.546076054926033,1.6833729108951176
2023-08-28 12:30:00,Nit-S,winter,noon,Yng,0.101257,0.05322828993235959,2.919057,0.0007847395533976661,0.097862,0.04963830391216713,2.987836,1.3237961984657696,1.601809,0.1432818346659827,1.49855,0.15071788536608158,4.328257,0.4946694139683931,2.941858,0.4456638664315966,15.174153,1.522821458932385,16.220688,1.4474611091199452,43.882442,4.999642790329211,0.441786,0.0,0.0,0.0,0.0,0.0,0.0,0.0,146.265152,75.39552934712066,214.243408,97.97454171708719,0.234356,0.12691155960046877,0.5,0.0,0.8,0.0,167.243332,79.86311974878656,31.7,2.93885448205022,30.58,3.1281843509188088,32.91,0.31934986039347724,30.28,1.8880280718252036,98.71,0.045727453460705975,156.4,0.10408329997330477,155.4,0.20016659728003508,0.6,0.15000000000000002,1714.0,271.19773229140395,3.837,0.036713167483433645,48.0,138.72031814650177,28.95,4.846690864222034,87.5,4.255935345686854,29.75,12.518035961497048,136.86,13.586162911825628,9.71,0.005686240703078044,13.9,173.26247834138815,44.17,0.3834927204871918,-33.989967,3.0311274029499045e-05,18.955475,7.237649250146324e-05,342.399994,1.1521248101061095,14.0,2.0149441679609903,0.73,0.08385105843100608,-0.26,0.03766961640367466,0.0,0.0024664414311581237,-0.0,0.002161789382278795,0.002,0.007467277543933173,-2.13,2.5200024623003845,-3.192,1.865619063474642,-10.202,7.830004429281832,1.0,0.0,150.0,0.0,2.0,0.0,55537.0,0.0,55537.0,0.0,55537.0,0.0,0.0,0.0,,,0.0,0.0,0.0,0.0,0.0,0.0,0.0,0.0,2.422973,0.00451667919383239,2.436419,0.004294321250209534,1.662933,0.0008257381001261468,0.933929,0.0004813926844756493,0.199495,0.0025034703866166795,-0.033671,0.026147936607375605,0.430507,0.13036525242989405,1.542257,0.22705803314745326,146.265152,75.39552934712066,0.000287,6.763135367564351e-06,2.372455,0.0,-3e-06,0.0,1.0,0.0,2.383364,0.0,-1e-05,0.0,1.0,0.0,0.601327,0.0,0.601158,0.0,0.107461,0.0,0.0,0.0,0.00613684,1.0,0.00991523,78.8344,0.0,7.82157,270.746,0.0,24.0468,-12.308,0.0,1.56953,6.1622,0.0,0.547307,1.17686,4.61799,0.0846605,0.105106,-739.046,-20.5912,15.836,398.461,402.582,0.0,1.0,441.22,11.1019,11.2265,0.0,1.0,299.785,299.278,98887.9,1.1463,1011.75,0.0251618,0.399311,0.00795079,1098.14,3377.13,0.00693603,32.5169,2279.0,281.502,0.871378,0.745969,0.0619963,1.14779,2.53558e-14,-0.0466687,1.14874,3.25571,174.292,40.5343,,,0.0731683,0.310377,-0.430166,-12.3906,0.291175,0.929011,0.0,,,,,,,,0.00583807,1.05118,90.7671,1.04623,237.935,1.10676,-16.6917,1.09998,5.41543,1.10676,800000099.0,800000099.0,800000099.0,800000099.0,800000099.0,800010099.0,800000199.0,800000199.0,80000.0,80000.0,80.0,80.0,2.0,4.0,0.0,7.0,8.0,3.0,0.325013,0.21395,0.0817909,0.174347,0.00860857,1087.19,0.078263,-0.0166917,5.41543,25.501,12.7562,32.1271,752.338,104.558,0.356415,0.0330363,0.0696269,468.08,299.568,298.974,98910.9,32.5169,287.4,288.396,110.111,8.98656,9.71213,57.7174,40.1514,40.1481,71.6476,0.0,9.349345,0.065278,174600.0,65.278,1,-12.2233395,3.2380760549260326,15.546076054926033,1.6833729108951176
2023-08-28 15:30:00,Rep-S,winter,afternoon,Mid,0.136538,0.04672392149559651,2.919296,0.0009398406336537142,0.130437,0.042942331383767844,3.168261,1.0737238855020457,1.769196,0.06758695023752735,1.698897,0.06827732828452888,4.08812,0.3989888792632863,2.319428,0.40249091618777344,17.26372,0.6946094959062322,17.978081,0.6874922902328726,41.517353,4.047731900249772,0.441786,0.0,0.0,0.0,0.0,0.0,0.0,0.0,115.46981,40.984326131213066,343.500854,79.20661798901365,0.66666,0.11523143403830108,0.5,0.0,0.8,0.0,315.968628,98.11401380101763,34.44,2.0353420678926004,33.06,2.1338404345217605,33.03,0.6886779605398543,29.28,1.67679883508229,98.44,0.020273134932709255,156.4,0.12476644848142084,155.0,4.788729824633384,0.9,3.069245292684615,1211.0,373.9941487955839,3.722,0.03347023553348059,160.0,128.34475706730942,46.64,15.358917800418102,68.66,15.607728320717694,19.27,13.872304218598055,142.53,120.29573274227145,9.67,0.0072571803523584465,308.78,5.329853031119495,59.8,3.856061159611794,-33.989944,2.643589731387645e-05,18.955482,4.02594916340639e-05,347.899994,2.56776557056414,12.0,2.2412793965352322,0.9,0.1792112347668713,-0.18,0.043301270189221926,0.001,0.0019087517736293877,0.0,0.0023923489154664157,-0.005,0.007075599095772919,0.226,1.5499455506565383,0.517,2.2427264842894536,-8.33,7.378209950721319,1.0,0.0,150.0,0.0,2.0,0.0,55537.0,0.0,55537.0,0.0,55537.0,0.0,0.0,0.0,,,0.0,0.0,0.0,0.0,0.0,0.0,0.0,0.0,2.426511,0.0030664792721726802,2.44014,0.002937196561916335,1.663185,0.0009894485720170281,0.932781,0.011763102660154467,0.198571,0.005261590410069321,-0.050829,0.016066716709603947,0.425085,0.13143522902735524,1.121424,0.3131050585728534,115.46981,40.984326131213066,0.000303,5.838664230797998e-06,2.372455,0.0,-3e-06,0.0,1.0,0.0,2.383364,0.0,-1e-05,0.0,1.0,0.0,0.601327,0.0,0.601158,0.0,0.107461,0.0,0.0,0.0,-0.0692091,0.0,0.00720485,43.889,0.0,4.3972,271.119,0.0,21.2991,-9.73314,0.0,1.05737,6.18177,0.0,0.485641,-1.5388,8.31864,-0.217944,0.189673,139.454,3.36478,15.8223,401.746,406.185,0.0,1.0,381.765,9.69343,9.78831,0.0,1.0,301.732,301.124,98599.3,1.13656,1011.02,0.0253911,0.400578,0.00687941,956.022,3763.36,0.00605284,25.4034,2807.34,279.476,0.58858,1.88318,0.0776672,1.97438,-9.31292e-15,0.00881375,1.9744,4.39818,138.495,72.3823,,,0.246766,0.408425,-29.5733,-0.18023,0.161881,0.15478,0.0,64.166,-9.73744,22.0261,54.8482,83.6469,117.316,175.761,-0.0666445,1.03848,56.621,1.04724,227.411,1.1713,-12.2758,1.1587,5.18519,1.1713,800000099.0,800000099.0,800000099.0,800000099.0,800000099.0,800000099.0,800000199.0,800000199.0,80000.0,80000.0,80.0,81.0,1.0,2.0,1.0,8.0,4.0,4.0,0.395695,0.339007,0.0821482,0.108714,0.00624195,1206.26,0.0492746,-0.0122758,5.18519,27.5826,12.7766,31.6116,516.867,69.2817,0.419136,0.0190454,0.0465036,403.224,302.051,301.526,98633.2,25.4034,290.019,290.735,71.1799,8.55591,8.91344,71.5196,59.9218,61.4021,86.1706,0.0,8.734675,0.065278,185400.0,65.278,1,-9.951084,3.2136370278373194,12.94677702783732,1.3974793359937006
2023-08-28 15:30:00,Rep-S,winter,afternoon,Old,0.109181,0.04549793733500454,2.919255,0.0009188698275598835,0.105246,0.04221825787807924,2.321989,0.9792392421445025,1.747953,0.0863979406894246,1.69345,0.08315686134182407,3.99898,0.3296108418125177,2.199472,0.3371647893279685,17.207468,0.8458653848894776,17.762892,0.8786498824834282,40.613106,3.342945707951014,0.441786,0.0,0.0,0.0,0.0,0.0,0.0,0.0,129.534607,41.45143881997405,365.725647,93.55441578937489,0.679359,0.07691839061167363,0.5,0.0,0.8,0.0,315.223663,106.33340940152881,35.16,2.570158879654461,33.88,2.5021399507887936,32.95,0.6331579581747347,28.9,1.4236065701824592,98.44,0.02169485346035844,156.4,0.1255653880122479,154.8,2.1834758223224435,1.1,1.399440364336163,1267.0,362.37097933839385,3.721,0.036148997219839864,289.0,133.71352462135857,39.03,11.848854557860571,77.68,14.76347511033,24.25,13.250557057472465,151.73,105.27419965182986,9.67,0.006757711644236962,308.56,5.271096754945795,59.96,3.854213408725577,-33.989948,4.6604971119792284e-05,18.955496,3.3064331233167475e-05,347.5,2.4329449277345665,12.0,2.038790491116405,0.9,0.2268126980572295,-0.18,0.04349329450233295,0.001,0.0019,0.0,0.002423496097239138,0.0035,0.00920851254528674,-0.158,1.9222875157825203,0.528,1.808374580481968,-0.9935,20.996917480200032,1.0,0.0,150.0,0.0,2.0,0.0,55537.0,0.0,55537.0,0.0,55537.0,0.0,0.0,0.0,,,0.0,0.0,0.0,0.0,0.0,0.0,0.0,0.0,2.427667,0.003604973597684343,2.4413,0.0037266392670429276,1.663141,0.000967497186903771,0.932269,0.005455088881646824,0.199197,0.004889234809933624,-0.058634,0.01510337846443636,0.430747,0.1287122380140418,1.168018,0.3034148470824886,129.534607,41.45143881997405,0.000301,5.161718060232791e-06,2.372455,0.0,-3e-06,0.0,1.0,0.0,2.383364,0.0,-1e-05,0.0,1.0,0.0,0.601327,0.0,0.601158,0.0,0.107461,0.0,0.0,0.0,-0.0692091,0.0,0.00720485,43.889,0.0,4.3972,271.119,0.0,21.2991,-9.73314,0.0,1.05737,6.18177,0.0,0.485641,-1.5388,8.31864,-0.217944,0.189673,139.454,3.36478,15.8223,401.746,406.185,0.0,1.0,381.765,9.69343,9.78831,0.0,1.0,301.732,301.124,98599.3,1.13656,1011.02,0.0253911,0.400578,0.00687941,956.022,3763.36,0.00605284,25.4034,2807.34,279.476,0.58858,1.88318,0.0776672,1.97438,-9.31292e-15,0.00881375,1.9744,4.39818,138.495,72.3823,,,0.246766,0.408425,-29.5733,-0.18023,0.161881,0.15478,0.0,64.166,-9.73744,22.0261,54.8482,83.6469,117.316,175.761,-0.0666445,1.03848,56.621,1.04724,227.411,1.1713,-12.2758,1.1587,5.18519,1.1713,800000099.0,800000099.0,800000099.0,800000099.0,800000099.0,800000099.0,800000199.0,800000199.0,80000.0,80000.0,80.0,81.0,1.0,2.0,1.0,8.0,4.0,4.0,0.395695,0.339007,0.0821482,0.108714,0.00624195,1206.26,0.0492746,-0.0122758,5.18519,27.5826,12.7766,31.6116,516.867,69.2817,0.419136,0.0190454,0.0465036,403.224,302.051,301.526,98633.2,25.4034,290.019,290.735,71.1799,8.55591,8.91344,71.5196,59.9218,61.4021,86.1706,0.0,8.734675,0.065278,185400.0,65.278,1,-9.951084,3.2136370278373194,12.94677702783732,1.3974793359937006
2023-08-28 15:30:00,Rep-S,winter,afternoon,Yng,0.144669,0.04385686077153547,2.9190845000000003,0.0008702841030375909,0.1378375,0.039950238902857454,3.65286,1.2558789847071976,1.7022605,0.1058143161609779,1.5850905,0.102411745571094,4.244839000000001,0.45163900778079846,2.5311095000000003,0.4593178905569232,16.102688999999998,1.0419910864999449,17.2933855,1.0761126683115092,43.123783,4.581562472727993,0.441786,0.0,0.0,0.0,0.0,0.0,0.0,0.0,100.925804,49.41033609507731,255.032837,69.8238568758799,0.55185,0.17130835200022748,0.5,0.0,0.8,0.0,274.147781,119.03516467118537,32.825,2.901125219369467,31.125,2.9668160607731564,33.129999999999995,0.7868175431151988,29.94,1.7964414396672777,98.44,0.01959984301350573,156.4,0.10791734729020945,155.0,2.0911130639336144,0.9,1.343657465508001,1485.5,455.19607440513613,3.724,0.035581088321660806,125.5,130.95516555147944,38.985,11.096427283659295,77.72999999999999,12.139857102187754,22.41,9.614788097188942,140.91,101.14853263166233,9.67,0.007844645405527569,309.1,5.448211280213567,59.56,3.9103269192465953,-33.989954,2.0006345149274864e-05,18.955503999999998,4.034771941091632e-05,347.899994,2.8518178578221596,11.0,2.313837970525629,0.9450000000000001,0.17576732872224526,-0.17,0.0512204886889852,-0.0,0.0022480761005460098,-0.001,0.002035077016119651,0.0015,0.008114963436698121,-0.157,1.251179465698113,-0.8260000000000001,2.5458962203152327,-7.715,12.431167227662302,1.0,0.0,150.0,0.0,2.0,0.0,55537.0,0.0,55537.0,0.0,55537.0,0.0,0.0,0.0,,,0.0,0.0,0.0,0.0,0.0,0.0,0.0,0.0,2.4237415,0.004279572157803204,2.4379204999999997,0.0041646867467390195,1.6629615,0.000915963201309874,0.932828,0.005200619454819412,0.197771,0.0059611317393466695,-0.0411925,0.01984217975991084,0.41929950000000005,0.13481681340462867,1.3512214999999999,0.3811319593318748,100.925804,49.41033609507731,0.000298,7.604957897015907e-06,2.372455,0.0,-3e-06,0.0,1.0,0.0,2.383364,0.0,-1e-05,0.0,1.0,0.0,0.601327,0.0,0.601158,0.0,0.107461,0.0,0.0,0.0,-0.0692091,0.0,0.00720485,43.889,0.0,4.3972,271.119,0.0,21.2991,-9.73314,0.0,1.05737,6.18177,0.0,0.485641,-1.5388,8.31864,-0.217944,0.189673,139.454,3.36478,15.8223,401.746,406.185,0.0,1.0,381.765,9.69343,9.78831,0.0,1.0,301.732,301.124,98599.3,1.13656,1011.02,0.0253911,0.400578,0.00687941,956.022,3763.36,0.00605284,25.4034,2807.34,279.476,0.58858,1.88318,0.0776672,1.97438,-9.31292e-15,0.00881375,1.9744,4.39818,138.495,72.3823,,,0.246766,0.408425,-29.5733,-0.18023,0.161881,0.15478,0.0,64.166,-9.73744,22.0261,54.8482,83.6469,117.316,175.761,-0.0666445,1.03848,56.621,1.04724,227.411,1.1713,-12.2758,1.1587,5.18519,1.1713,800000099.0,800000099.0,800000099.0,800000099.0,800000099.0,800000099.0,800000199.0,800000199.0,80000.0,80000.0,80.0,81.0,1.0,2.0,1.0,8.0,4.0,4.0,0.395695,0.339007,0.0821482,0.108714,0.00624195,1206.26,0.0492746,-0.0122758,5.18519,27.5826,12.7766,31.6116,516.867,69.2817,0.419136,0.0190454,0.0465036,403.224,302.051,301.526,98633.2,25.4034,290.019,290.735,71.1799,8.55591,8.91344,71.5196,59.9218,61.4021,86.1706,0.0,8.734675,0.065278,185400.0,65.278,1,-9.951084,3.2136370278373194,12.94677702783732,1.3974793359937006
2023-08-28 09:30:00,Rep-S,winter,morning,Mid,0.131006,0.050338255638629356,2.918613,0.0007985077686952372,0.125379,0.04600335815452317,2.426156,1.492135909892229,1.629142,0.08112064723539868,1.554974,0.10375622893063657,3.823047,0.4838393202802692,2.173109,0.5130560965231223,15.740082,1.0496595813781218,16.490837,0.8207652384333617,38.695984,4.8994216722245785,0.441786,0.0,0.0,0.0,0.0,0.0,0.0,0.0,214.701889,79.78740012039977,345.62088,78.33706478045515,0.357287,0.16656152724669043,0.5,0.0,0.8,0.0,164.655304,97.52276681940305,39.56,10.397084174581511,38.12,10.667922040710023,29.62,3.5128209461912525,28.13,2.200544402339266,98.79,0.009073771725881414,156.3,0.10908712114635362,155.3,1.310686842842332,0.7,0.8455767262643881,1414.0,330.07987417189395,3.944,0.0377329652514438,299.0,125.7755938169246,55.26,6.833036587052642,56.99,9.50560769581128,28.9,14.639530126794826,161.45,137.18996909030923,9.76,0.005000000000000535,52.01,5.370018404686023,60.51,4.274213845843469,-33.98999,2.3695428531623102e-05,18.955509,6.91606342771073e-05,344.299988,6.890322976083526,12.0,1.567375726067832,0.93,0.12268115856425008,-0.11,0.21040674894118774,-0.0,0.002185558662371401,-0.0,0.0018645821694595994,0.006,0.008734441950718786,-1.482,1.7931529958892705,-0.801,2.030605897263179,-4.198,10.248756056224579,1.0,0.0,150.0,0.0,2.0,0.0,55537.0,0.0,55537.0,0.0,55537.0,0.0,0.0,0.0,,,0.0,0.0,0.0,0.0,0.0,0.0,0.0,0.0,2.434018,0.015104777965597607,2.447321,0.014812555333004946,1.662465,0.0008399013989747985,0.933683,0.0032736007713219818,0.227051,0.035756353343380336,-0.006785,0.024355410438476843,0.490957,0.13179659127727844,1.291082,0.27640791221398386,214.701889,79.78740012039977,0.000287,1.0339729203417257e-05,2.372455,0.0,-3e-06,0.0,1.0,0.0,2.383364,0.0,-1e-05,0.0,1.0,0.0,0.601327,0.0,0.601158,0.0,0.107461,0.0,0.0,0.0,,2.0,0.0101572,,2.0,2.17854,77.9496,0.0,21.2223,-3.76803,0.0,1.00508,1.76985,0.0,0.481853,4.32889,0.166395,-0.223585,0.003778,941.359,26.2553,15.9335,397.46,400.727,0.0,1.0,444.398,11.0854,11.2097,0.0,1.0,297.325,296.785,98917.1,1.15628,1011.67,0.0249449,0.114686,0.00800804,1096.83,2910.62,0.00692571,37.6839,1813.78,281.484,-0.782608,-0.124851,-0.0388604,0.793116,4.74812e-14,0.0590805,0.795314,2.78651,21.2713,188.957,,,0.112228,0.381505,22.8742,0.233014,-0.0686415,-0.0407567,0.0,,,,,,,,-0.0140995,1.0329,-0.39917,1.02851,76.5475,1.01097,-4.18419,1.01,1.73802,1.01097,800000099.0,800000099.0,800000099.0,800000099.0,800000099.0,810001099.0,800100199.0,800100199.0,80000.0,80000.0,80.0,81.0,1.0,1.0,0.0,0.0,16.0,11.0,0.48598,0.23876,0.0382707,0.288324,0.00903015,2187.06,-0.000341237,-0.00418419,1.73802,23.0114,13.4372,20.6483,422.706,65.3408,0.357928,0.0396822,0.0839287,-1.29091,293.077,295.675,98896.3,37.6839,283.996,283.812,-0.874997,9.32881,10.3216,-5.9313,-7.92005,-5.31337,-8.21284,0.0,9.825205,0.065278,163800.0,65.278,1,-3.991615,3.26999248766266,7.03802248766266,2.6534509538500926
2023-08-28 09:30:00,Rep-S,winter,morning,Old,0.100095,0.06559681267848817,2.918787,0.0010020674910736892,0.096778,0.05962183397906061,2.389915,1.797528794952949,1.683136,0.07777452232335899,1.603081,0.09368181176137305,3.669994,0.5558481799131602,1.980257,0.5839899669232426,16.22851,0.9482723616541937,17.037817,0.787334625273196,37.146164,5.626635237073828,0.441786,0.0,0.0,0.0,0.0,0.0,0.0,0.0,147.299774,66.96279899836384,261.358368,112.17675691739434,0.386774,0.14458804117733945,0.5,0.0,0.8,0.0,209.600418,84.03552316154897,39.67,8.805464212635247,37.69,9.323455242916472,29.68,3.2024669136984554,27.43,2.461154742527716,98.79,0.007348469228343976,156.3,0.1242309676905628,155.2,5.13552334236736,0.7,3.287486375130195,1574.0,399.4780219236096,3.941,0.03673835416382517,280.0,126.13943343247846,57.22,7.800191236971906,54.14,10.609116001502358,40.34,18.192975824018824,163.16,112.25514553907986,9.75,0.00509901951359245,51.59,5.404362065344378,60.19,4.256682511064222,-33.989979,3.223869310956751e-05,18.95553,7.34028155680234e-05,343.600006,7.229779567785267,12.0,2.041241452319315,0.94,0.1734377890387982,-0.11,0.21457321982639554,0.0,0.002138535324312725,0.0,0.0025547341675146292,0.004,0.010641898326896382,-1.127,2.382040576900402,-1.415,2.4603345653250766,-9.056000000000001,10.813740994800623,1.0,0.0,150.0,0.0,2.0,0.0,55537.0,0.0,55537.0,0.0,55537.0,0.0,0.0,0.0,,,0.0,0.0,0.0,0.0,0.0,0.0,0.0,0.0,2.433407,0.013210317394622655,2.447789,0.012612838992735501,1.662648,0.0010537657994070825,0.93345,0.01258957044911913,0.226464,0.0318649708706912,-0.009924,0.022616198045280148,0.498863,0.129835933688277,1.425538,0.3344384720455916,147.299774,66.96279899836384,0.00029,1.0283481900601532e-05,2.372455,0.0,-3e-06,0.0,1.0,0.0,2.383364,0.0,-1e-05,0.0,1.0,0.0,0.601327,0.0,0.601158,0.0,0.107461,0.0,0.0,0.0,,2.0,0.0101572,,2.0,2.17854,77.9496,0.0,21.2223,-3.76803,0.0,1.00508,1.76985,0.0,0.481853,4.32889,0.166395,-0.223585,0.003778,941.359,26.2553,15.9335,397.46,400.727,0.0,1.0,444.398,11.0854,11.2097,0.0,1.0,297.325,296.785,98917.1,1.15628,1011.67,0.0249449,0.114686,0.00800804,1096.83,2910.62,0.00692571,37.6839,1813.78,281.484,-0.782608,-0.124851,-0.0388604,0.793116,4.74812e-14,0.0590805,0.795314,2.78651,21.2713,188.957,,,0.112228,0.381505,22.8742,0.233014,-0.0686415,-0.0407567,0.0,,,,,,,,-0.0140995,1.0329,-0.39917,1.02851,76.5475,1.01097,-4.18419,1.01,1.73802,1.01097,800000099.0,800000099.0,800000099.0,800000099.0,800000099.0,810001099.0,800100199.0,800100199.0,80000.0,80000.0,80.0,81.0,1.0,1.0,0.0,0.0,16.0,11.0,0.48598,0.23876,0.0382707,0.288324,0.00903015,2187.06,-0.000341237,-0.00418419,1.73802,23.0114,13.4372,20.6483,422.706,65.3408,0.357928,0.0396822,0.0839287,-1.29091,293.077,295.675,98896.3,37.6839,283.996,283.812,-0.874997,9.32881,10.3216,-5.9313,-7.92005,-5.31337,-8.21284,0.0,9.825205,0.065278,163800.0,65.278,1,-3.991615,3.26999248766266,7.03802248766266,2.6534509538500926
2023-08-28 09:30:00,Rep-S,winter,morning,Yng,0.155462,0.05137409663530185,2.91891,0.001302625050938726,0.147596,0.045872133727896273,2.936047,1.5029100526239174,1.611218,0.08698661718237657,1.513697,0.08800456181030238,3.584363,0.48691549317274796,1.913559,0.4520604178497492,15.324616,0.8894623254599289,16.311424,0.8791343869637099,36.279072,4.927595297136281,0.441786,0.0,0.0,0.0,0.0,0.0,0.0,0.0,151.095276,63.13389451585947,300.541534,78.57496597212773,0.380136,0.12079079594592462,0.5,0.0,0.8,0.0,166.655212,64.75190884591986,40.57,9.308535026164607,38.7,9.736046990437133,29.42,3.861114778575398,27.02,2.363294804575453,98.78,0.013253930234715005,156.4,0.16603212540549422,155.4,0.5520567603667765,0.6,0.3874274125562103,1258.0,348.240754842585,3.946,0.04281055165882991,123.0,147.8812924837576,62.41,8.244291297619208,46.31,12.373662311538968,35.26,16.479156956592167,158.0,44.350538057615495,9.76,0.007234178138070459,52.43,5.397805016856383,60.84,4.333473318251764,-33.989994,3.415894221462664e-05,18.9555,7.479694735296964e-05,344.600006,6.423103262343297,12.0,1.0923979738782628,0.93,0.09212672431674389,-0.11,0.1710535978380266,-0.0,0.002647640458974745,-0.001,0.002628687885618983,0.004,0.008558706794154365,-1.134,1.5194277464449126,-1.17,2.3772366191301475,-0.23,12.289558480642125,1.0,0.0,150.0,0.0,2.0,0.0,55537.0,0.0,55537.0,0.0,55537.0,0.0,0.0,0.0,,,0.0,0.0,0.0,0.0,0.0,0.0,0.0,0.0,2.43485,0.013942205068065285,2.448765,0.013436485311518632,1.662777,0.0013738772118837273,0.933835,0.0013746507047246537,0.228874,0.04020392221537594,-0.016207,0.025888352685136222,0.483275,0.1347506768792276,1.160648,0.2915166223581142,151.095276,63.13389451585947,0.000286,1.0310674080776712e-05,2.372455,0.0,-3e-06,0.0,1.0,0.0,2.383364,0.0,-1e-05,0.0,1.0,0.0,0.601327,0.0,0.601158,0.0,0.107461,0.0,0.0,0.0,,2.0,0.0101572,,2.0,2.17854,77.9496,0.0,21.2223,-3.76803,0.0,1.00508,1.76985,0.0,0.481853,4.32889,0.166395,-0.223585,0.003778,941.359,26.2553,15.9335,397.46,400.727,0.0,1.0,444.398,11.0854,11.2097,0.0,1.0,297.325,296.785,98917.1,1.15628,1011.67,0.0249449,0.114686,0.00800804,1096.83,2910.62,0.00692571,37.6839,1813.78,281.484,-0.782608,-0.124851,-0.0388604,0.793116,4.74812e-14,0.0590805,0.795314,2.78651,21.2713,188.957,,,0.112228,0.381505,22.8742,0.233014,-0.0686415,-0.0407567,0.0,,,,,,,,-0.0140995,1.0329,-0.39917,1.02851,76.5475,1.01097,-4.18419,1.01,1.73802,1.01097,800000099.0,800000099.0,800000099.0,800000099.0,800000099.0,810001099.0,800100199.0,800100199.0,80000.0,80000.0,80.0,81.0,1.0,1.0,0.0,0.0,16.0,11.0,0.48598,0.23876,0.0382707,0.288324,0.00903015,2187.06,-0.000341237,-0.00418419,1.73802,23.0114,13.4372,20.6483,422.706,65.3408,0.357928,0.0396822,0.0839287,-1.29091,293.077,295.675,98896.3,37.6839,283.996,283.812,-0.874997,9.32881,10.3216,-5.9313,-7.92005,-5.31337,-8.21284,0.0,9.825205,0.065278,163800.0,65.278,1,-3.991615,3.26999248766266,7.03802248766266,2.6534509538500926
2023-08-28 12:30:00,Rep-S,winter,noon,Mid,0.17002,0.03762688375452672,2.918865,0.0009277024487049103,0.160663,0.03438894635499417,4.425992,1.3110773606504242,1.685269,0.21267570661339447,1.5726,0.19871295504799547,4.349487,0.5980667212591556,2.794116,0.48171884475611565,15.928978,2.006057061411795,17.070377,2.1470570156902147,44.053688,6.047211859043015,0.441786,0.0,0.0,0.0,0.0,0.0,0.0,0.0,129.046082,58.626652904417334,280.371307,119.3060824719479,0.375711,0.21049189106857932,0.5,0.0,0.8,0.0,224.771652,143.8222460109296,32.68,3.672366539440199,30.76,3.3576771236476364,33.0,0.8374411422104026,30.36,2.3755477964741796,98.73,0.05187484939737913,156.4,0.11224972160322316,155.0,4.14360149306534,0.9,2.6470297819757653,1857.0,712.8146369615783,3.842,0.032310885678565486,113.0,128.0218991683324,23.76,10.535236463095327,91.53,8.153435921949301,24.94,11.431338037751019,153.5,112.19150043861018,9.71,0.005000000000000607,16.96,172.29678310790754,43.96,0.5388033036275874,-33.989933,3.25971368879786e-05,18.955511,5.653267491887749e-05,342.899994,1.9819361177250467,15.0,3.5669781795426396,0.72,0.21195282493989084,-0.26,0.06370504951205468,-0.0,0.0021213203435596424,0.0,0.002192411153654047,-0.0,0.008416080403413762,-1.535,2.1269174854704636,-0.926,2.3250432590957675,-10.771,7.187948242824268,1.0,0.0,150.0,0.0,2.0,0.0,55537.0,0.0,55537.0,0.0,55537.0,0.0,0.0,0.0,,,0.0,0.0,0.0,0.0,0.0,0.0,0.0,0.0,2.423193,0.0048105448364334,2.43773,0.00532802292037141,1.662731,0.0009758421610759531,0.932832,0.010235380317311136,0.19878,0.006286486718350732,-0.036639,0.029469384858866667,0.409304,0.14703224054231553,1.662152,0.5968075394770634,129.046082,58.626652904417334,0.000293,7.958643100428629e-06,2.372455,0.0,-3e-06,0.0,1.0,0.0,2.383364,0.0,-1e-05,0.0,1.0,0.0,0.601327,0.0,0.601158,0.0,0.107461,0.0,0.0,0.0,0.00613684,1.0,0.00991523,78.8344,0.0,7.82157,270.746,0.0,24.0468,-12.308,0.0,1.56953,6.1622,0.0,0.547307,1.17686,4.61799,0.0846605,0.105106,-739.046,-20.5912,15.836,398.461,402.582,0.0,1.0,441.22,11.1019,11.2265,0.0,1.0,299.785,299.278,98887.9,1.1463,1011.75,0.0251618,0.399311,0.00795079,1098.14,3377.13,0.00693603,32.5169,2279.0,281.502,0.871378,0.745969,0.0619963,1.14779,2.53558e-14,-0.0466687,1.14874,3.25571,174.292,40.5343,,,0.0731683,0.310377,-0.430166,-12.3906,0.291175,0.929011,0.0,,,,,,,,0.00583807,1.05118,90.7671,1.04623,237.935,1.10676,-16.6917,1.09998,5.41543,1.10676,800000099.0,800000099.0,800000099.0,800000099.0,800000099.0,800010099.0,800000199.0,800000199.0,80000.0,80000.0,80.0,80.0,2.0,4.0,0.0,7.0,8.0,3.0,0.325013,0.21395,0.0817909,0.174347,0.00860857,1087.19,0.078263,-0.0166917,5.41543,25.501,12.7562,32.1271,752.338,104.558,0.356415,0.0330363,0.0696269,468.08,299.568,298.974,98910.9,32.5169,287.4,288.396,110.111,8.98656,9.71213,57.7174,40.1514,40.1481,71.6476,0.0,9.349345,0.065278,174600.0,65.278,1,-12.2233395,3.2380760549260326,15.546076054926033,1.6833729108951176
2023-08-28 12:30:00,Rep-S,winter,noon,Old,0.121044,0.04420693060343216,2.918877,0.0010465190506308282,0.116226,0.04005992228765969,3.460438,1.6422196987783406,1.647474,0.20310279122774272,1.5558,0.1843387531282828,4.338067,0.6622611274259521,2.781155,0.5754945585454536,15.757213,1.8614070196214336,16.678556,2.0514743609332124,43.938358,6.706024389967541,0.441786,0.0,0.0,0.0,0.0,0.0,0.0,0.0,133.277542,40.228748843101066,310.82547,133.33223680113971,0.538846,0.23575379402066896,0.5,0.0,0.8,0.0,197.108795,167.19350227479762,31.49,3.620582365679125,29.73,3.1723031591153665,33.05,0.621883697594115,30.31,2.705249957644085,98.73,0.05005663459190607,156.4,0.14177446878758063,154.8,0.5371840156470298,1.0,0.34674678561355593,1801.0,747.0034181090919,3.839,0.037402094415509464,113.0,135.1239924415103,24.54,10.102341312784876,90.97,7.48408226393413,24.05,14.466805199029489,157.68,65.90739860339403,9.71,0.005000000000000607,16.29,172.36229894904514,43.88,0.4994840671466266,-33.989948,3.411378020969982e-05,18.955502,6.473002909440055e-05,343.100006,1.5178177620230273,15.0,2.9297326385411564,0.72,0.17203391138571106,-0.26,0.06551081335677852,-0.0,0.0019218047073866098,0.001,0.0022412793965352323,0.004,0.01118630114619365,-0.278,1.4520332778555731,-0.885,2.379017058927209,-3.8695,8.982203707888171,1.0,0.0,150.0,0.0,2.0,0.0,55537.0,0.0,55537.0,0.0,55537.0,0.0,0.0,0.0,,,0.0,0.0,0.0,0.0,0.0,0.0,0.0,0.0,2.421795,0.004535549566847816,2.436149,0.0052511285904396805,1.662743,0.0011012357074365845,0.932303,0.0013563220217436224,0.198387,0.004723098338661468,-0.036262,0.03436188356779451,0.417623,0.14377445961862168,1.615344,0.6254465934339025,133.277542,40.228748843101066,0.000296,7.704544113703276e-06,2.372455,0.0,-3e-06,0.0,1.0,0.0,2.383364,0.0,-1e-05,0.0,1.0,0.0,0.601327,0.0,0.601158,0.0,0.107461,0.0,0.0,0.0,0.00613684,1.0,0.00991523,78.8344,0.0,7.82157,270.746,0.0,24.0468,-12.308,0.0,1.56953,6.1622,0.0,0.547307,1.17686,4.61799,0.0846605,0.105106,-739.046,-20.5912,15.836,398.461,402.582,0.0,1.0,441.22,11.1019,11.2265,0.0,1.0,299.785,299.278,98887.9,1.1463,1011.75,0.0251618,0.399311,0.00795079,1098.14,3377.13,0.00693603,32.5169,2279.0,281.502,0.871378,0.745969,0.0619963,1.14779,2.53558e-14,-0.0466687,1.14874,3.25571,174.292,40.5343,,,0.0731683,0.310377,-0.430166,-12.3906,0.291175,0.929011,0.0,,,,,,,,0.00583807,1.05118,90.7671,1.04623,237.935,1.10676,-16.6917,1.09998,5.41543,1.10676,800000099.0,800000099.0,800000099.0,800000099.0,800000099.0,800010099.0,800000199.0,800000199.0,80000.0,80000.0,80.0,80.0,2.0,4.0,0.0,7.0,8.0,3.0,0.325013,0.21395,0.0817909,0.174347,0.00860857,1087.19,0.078263,-0.0166917,5.41543,25.501,12.7562,32.1271,752.338,104.558,0.356415,0.0330363,0.0696269,468.08,299.568,298.974,98910.9,32.5169,287.4,288.396,110.111,8.98656,9.71213,57.7174,40.1514,40.1481,71.6476,0.0,9.349345,0.065278,174600.0,65.278,1,-12.2233395,3.2380760549260326,15.546076054926033,1.6833729108951176
2023-08-28 12:30:00,Rep-S,winter,noon,Yng,0.156381,0.035617831096797566,2.918883,0.0008794357717687939,0.148427,0.031676446170617066,4.228147,1.1328303247780578,1.658671,0.23274586464122188,1.51319,0.222334393922323,4.533807,0.5926705171564751,2.836738,0.4270433983337955,15.33956,2.2469638703425874,16.797476,2.352060100104549,45.925919,5.994010119911574,0.441786,0.0,0.0,0.0,0.0,0.0,0.0,0.0,127.111671,80.02102812308476,219.855667,115.52609803094158,0.334837,0.1869338108322034,0.5,0.0,0.8,0.0,223.101593,92.23099697226927,31.52,4.061931888481964,29.42,3.7396412483909027,32.9,1.0845625846395426,31.09,2.4697163804777276,98.72,0.044784669996179395,156.4,0.10049875621120902,154.9,0.30566866593311537,0.9,0.22744962812309308,1875.0,728.822561853478,3.844,0.03839392313027342,120.0,138.2815726455746,26.7,7.887137525105096,89.33,6.699067423740862,24.81,17.37646169243372,154.0,18.566898879244615,9.71,0.0048698475355759855,17.3,175.23338672220652,43.98,0.48606429412549307,-33.989929,3.328859316257571e-05,18.955503,0.000310965448050337,341.600006,25.70272351218646,15.0,4.73462423711393,0.715,0.5457581815727759,-0.29,0.05959026766175836,0.001,0.0027233557730613656,-0.0,0.0026127890589687235,0.003,0.00766610923280061,-1.124,1.8686475947415373,-0.526,2.4436249371238077,-9.566,8.117897525269042,1.0,0.0,150.0,0.0,2.0,0.0,55537.0,0.0,55537.0,0.0,55537.0,0.0,0.0,0.0,,,0.0,0.0,0.0,0.0,0.0,0.0,0.0,0.0,2.421269,0.005438821864460473,2.436295,0.005944430937720938,1.662749,0.0009256216595708588,0.932688,0.0007654399867614441,0.199541,0.008060418604721058,-0.030604,0.03140913805476574,0.400081,0.14968548215202213,1.677059,0.6102150367220778,127.111671,80.02102812308476,0.00029,1.473227748856232e-05,2.372455,0.0,-3e-06,0.0,1.0,0.0,2.383364,0.0,-1e-05,0.0,1.0,0.0,0.601327,0.0,0.601158,0.0,0.107461,0.0,0.0,0.0,0.00613684,1.0,0.00991523,78.8344,0.0,7.82157,270.746,0.0,24.0468,-12.308,0.0,1.56953,6.1622,0.0,0.547307,1.17686,4.61799,0.0846605,0.105106,-739.046,-20.5912,15.836,398.461,402.582,0.0,1.0,441.22,11.1019,11.2265,0.0,1.0,299.785,299.278,98887.9,1.1463,1011.75,0.0251618,0.399311,0.00795079,1098.14,3377.13,0.00693603,32.5169,2279.0,281.502,0.871378,0.745969,0.0619963,1.14779,2.53558e-14,-0.0466687,1.14874,3.25571,174.292,40.5343,,,0.0731683,0.310377,-0.430166,-12.3906,0.291175,0.929011,0.0,,,,,,,,0.00583807,1.05118,90.7671,1.04623,237.935,1.10676,-16.6917,1.09998,5.41543,1.10676,800000099.0,800000099.0,800000099.0,800000099.0,800000099.0,800010099.0,800000199.0,800000199.0,80000.0,80000.0,80.0,80.0,2.0,4.0,0.0,7.0,8.0,3.0,0.325013,0.21395,0.0817909,0.174347,0.00860857,1087.19,0.078263,-0.0166917,5.41543,25.501,12.7562,32.1271,752.338,104.558,0.356415,0.0330363,0.0696269,468.08,299.568,298.974,98910.9,32.5169,287.4,288.396,110.111,8.98656,9.71213,57.7174,40.1514,40.1481,71.6476,0.0,9.349345,0.065278,174600.0,65.278,1,-12.2233395,3.2380760549260326,15.546076054926033,1.6833729108951176
2023-09-13 15:30:00,Nit-A,spring,afternoon,Mid,0.056586,0.06463774594182567,2.918688,0.0008068872742419302,0.055509,0.05925592100142117,1.215766,1.0738257310351078,0.933169,0.031306697538333,0.900636,0.023257142116849473,2.891043,0.29769834195366296,1.968645,0.28569049364716337,9.243767,0.23996911398571666,9.578753,0.3220928660932174,29.685366,3.0613436933865916,0.441786,0.0,0.0,0.0,0.0,0.0,0.0,0.0,77.109215,51.643705934373315,124.229904,84.73735219718954,0.4799,0.2159250907108991,0.5,0.0,0.8,0.0,159.18396,108.61002330945017,28.25,2.30038706887921,27.03,2.1894148381093395,25.72,1.4618794979979282,23.41,1.6854908286114578,97.42,0.025416530054293424,156.3,0.1053565375285395,156.1,0.29337120967585334,0.2,0.22007574453658751,1211.0,507.81455604711977,3.693,0.03150571376750595,,,,,,,,,,,,,,,,,,,,,,,,,,,-0.07,0.008164965809277268,-0.0,0.0015275252316519468,0.001,0.0021969676071045443,0.001,0.007134423592694788,0.005,1.3318209501781135,-0.051,2.0432152374790737,-3.5545,9.368053920994834,1.0,0.0,150.0,0.0,2.0,0.0,55537.0,0.0,55537.0,0.0,55537.0,0.0,0.0,0.0,,,0.0,0.0,0.0,0.0,0.0,0.0,0.0,0.0,2.418653,0.0033943823458766464,2.432004,0.0036063427189696024,1.662544,0.0008484629730675016,0.93558,0.0007383887255368854,0.265038,0.015438977272582958,-0.026635,0.013111324529454172,0.365998,0.11768726490609197,1.121738,0.42524639655656116,77.109215,51.643705934373315,0.00028,8.777243302996695e-06,2.372455,0.0,-3e-06,0.0,1.0,0.0,2.383364,0.0,-1e-05,0.0,1.0,0.0,0.601327,0.0,0.601158,0.0,0.107461,0.0,0.0,0.0,-0.38265,1.0,0.0716442,137.203,0.0,11.5796,210.378,0.0,17.1508,-13.6115,0.0,1.64331,4.7586,0.0,0.387939,-3.38449,-1.8166,0.146616,-0.04109,705.213,11.5685,15.9483,398.129,401.201,0.0,1.0,261.621,6.53104,6.57397,0.0,1.0,293.776,292.872,97539.0,1.1574,1009.07,0.0249637,0.308358,0.00471441,637.202,2291.4,0.00407327,27.8085,1654.19,273.73,0.089461,2.99917,0.0355963,2.99992,-1.95353e-13,0.0442187,3.00024,11.1782,113.888,88.0901,,,0.574988,3.42109,-118.669,-0.0449147,0.652172,0.204314,0.0,60.8254,-9.23049,20.8794,51.9926,79.292,111.208,166.61,-0.369197,1.03644,140.197,1.05766,165.249,1.23671,-17.9559,1.21986,3.73781,1.23671,800000099.0,800000099.0,800000099.0,800000099.0,800000099.0,800000099.0,800000199.0,801000199.0,80000.0,80000.0,80.0,81.0,5.0,2.0,0.0,6.0,14.0,4.0,4.45514,1.87624,0.510799,0.197601,0.00477735,277.103,0.120042,-0.0179559,3.73781,,14.0385,23.503,585.743,84.9716,0.441827,0.0169619,0.0436895,460.001,294.313,293.741,97536.7,27.8085,288.53,289.247,48.8308,8.87946,9.39617,63.7017,51.6069,60.2349,55.6343,0.0,9.137815,0.06299199999999999,136800.0,62.99199999999999,1,-13.464884,2.1241009892089,15.7356009892089,2.206474610951974
2023-09-13 15:30:00,Nit-A,spring,afternoon,Old,0.052257,0.025461233932326743,2.918383,0.0011082583528523105,0.051338,0.024702855338873952,0.89644,0.49321307811388515,0.916034,0.033411019422090835,0.884619,0.025199460141836414,2.766524,0.2674500338190107,1.84896,0.26065442088374413,9.078669,0.2594723414399556,9.406247,0.3437785255054633,28.397173,2.746952134616064,0.441786,0.0,0.0,0.0,0.0,0.0,0.0,0.0,79.182747,63.201335498154144,154.430511,86.168364113792,0.437725,0.2329211531203782,0.5,0.0,0.8,0.0,114.015305,145.16556750696594,27.59,1.918603919520649,27.19,1.942785800510871,25.47,1.4343277170856035,22.69,1.5592653184539622,97.42,0.017559422921422686,156.3,0.1398809017223976,156.1,4.512390349544984,0.1,2.880758002100604,1431.0,465.82767915471345,3.69,0.03190104491496557,,,,,,,,,,,,,,,,,,,,,,,,,,,-0.07,0.005830951894845305,-0.0,0.001011599393699568,0.001,0.0016832508230603463,0.0,0.004991659710623979,0.028,2.7687562502563012,-0.402,2.105638442373239,-8.009,6.075101672674568,1.0,0.0,150.0,0.0,2.0,0.0,55537.0,0.0,55537.0,0.0,55537.0,0.0,0.0,0.0,,,0.0,0.0,0.0,0.0,0.0,0.0,0.0,0.0,2.419033,0.0030303522386020726,2.431194,0.0030392517291814827,1.662224,0.001166038095432663,0.935571,0.011103319536366918,0.267706,0.015313611333603358,-0.038208,0.016753558031753536,0.375979,0.11837734763954347,1.305484,0.39007418779245484,79.182747,63.201335498154144,0.000279,8.669871202426628e-06,2.372455,0.0,-3e-06,0.0,1.0,0.0,2.383364,0.0,-1e-05,0.0,1.0,0.0,0.601327,0.0,0.601158,0.0,0.107461,0.0,0.0,0.0,-0.38265,1.0,0.0716442,137.203,0.0,11.5796,210.378,0.0,17.1508,-13.6115,0.0,1.64331,4.7586,0.0,0.387939,-3.38449,-1.8166,0.146616,-0.04109,705.213,11.5685,15.9483,398.129,401.201,0.0,1.0,261.621,6.53104,6.57397,0.0,1.0,293.776,292.872,97539.0,1.1574,1009.07,0.0249637,0.308358,0.00471441,637.202,2291.4,0.00407327,27.8085,1654.19,273.73,0.089461,2.99917,0.0355963,2.99992,-1.95353e-13,0.0442187,3.00024,11.1782,113.888,88.0901,,,0.574988,3.42109,-118.669,-0.0449147,0.652172,0.204314,0.0,60.8254,-9.23049,20.8794,51.9926,79.292,111.208,166.61,-0.369197,1.03644,140.197,1.05766,165.249,1.23671,-17.9559,1.21986,3.73781,1.23671,800000099.0,800000099.0,800000099.0,800000099.0,800000099.0,800000099.0,800000199.0,801000199.0,80000.0,80000.0,80.0,81.0,5.0,2.0,0.0,6.0,14.0,4.0,4.45514,1.87624,0.510799,0.197601,0.00477735,277.103,0.120042,-0.0179559,3.73781,,14.0385,23.503,585.743,84.9716,0.441827,0.0169619,0.0436895,460.001,294.313,293.741,97536.7,27.8085,288.53,289.247,48.8308,8.87946,9.39617,63.7017,51.6069,60.2349,55.6343,0.0,9.137815,0.06299199999999999,136800.0,62.99199999999999,1,-13.464884,2.1241009892089,15.7356009892089,2.206474610951974
2023-09-13 15:30:00,Nit-A,spring,afternoon,Yng,0.071198,0.026427278026185996,2.918428,0.0007752898920189081,0.069503,0.02517194918442617,1.530791,0.5302741705521242,0.949791,0.031187464985952273,0.913193,0.02902982991235052,2.988738,0.28798895856641243,2.021791,0.2873290871608604,9.372864,0.2970515828137318,9.747572,0.3191983620591434,30.677402,2.9611595649885283,0.441786,0.0,0.0,0.0,0.0,0.0,0.0,0.0,93.469978,32.83316967304316,124.190926,65.12243826839284,0.260723,0.16773383641652828,0.5,0.0,0.8,0.0,179.286285,89.40531166039511,29.82,2.6362516318945515,28.05,2.5375942018639095,25.86,1.4466196228910118,23.97,1.5885816525022154,97.42,0.023452078799132737,156.3,0.09345230512584797,156.0,0.5491508596612333,0.2,0.3455430508634199,1753.0,346.562702359424,3.695,0.03202795653799952,,,,,,,,,,,,,,,,,,,,,,,,,,,-0.07,0.008164965809277268,0.0,0.0011547005383792514,0.001,0.0017795130420052185,0.005,0.0055417606508321084,-1.121,2.2815656086702103,-1.565,1.627016341856057,-7.405,15.554313681419698,1.0,0.0,150.0,0.0,2.0,0.0,55537.0,0.0,55537.0,0.0,55537.0,0.0,0.0,0.0,,,0.0,0.0,0.0,0.0,0.0,0.0,0.0,0.0,2.420145,0.003908194059920832,2.434326,0.004108769928660521,1.66227,0.000814503836700652,0.935489,0.0013624330723623302,0.26358,0.015168332733912004,-0.022058,0.013677184357169423,0.358813,0.116243309595248,1.57527,0.29018290411697245,93.469978,32.83316967304316,0.000274,8.742997197757754e-06,2.372455,0.0,-3e-06,0.0,1.0,0.0,2.383364,0.0,-1e-05,0.0,1.0,0.0,0.601327,0.0,0.601158,0.0,0.107461,0.0,0.0,0.0,-0.38265,1.0,0.0716442,137.203,0.0,11.5796,210.378,0.0,17.1508,-13.6115,0.0,1.64331,4.7586,0.0,0.387939,-3.38449,-1.8166,0.146616,-0.04109,705.213,11.5685,15.9483,398.129,401.201,0.0,1.0,261.621,6.53104,6.57397,0.0,1.0,293.776,292.872,97539.0,1.1574,1009.07,0.0249637,0.308358,0.00471441,637.202,2291.4,0.00407327,27.8085,1654.19,273.73,0.089461,2.99917,0.0355963,2.99992,-1.95353e-13,0.0442187,3.00024,11.1782,113.888,88.0901,,,0.574988,3.42109,-118.669,-0.0449147,0.652172,0.204314,0.0,60.8254,-9.23049,20.8794,51.9926,79.292,111.208,166.61,-0.369197,1.03644,140.197,1.05766,165.249,1.23671,-17.9559,1.21986,3.73781,1.23671,800000099.0,800000099.0,800000099.0,800000099.0,800000099.0,800000099.0,800000199.0,801000199.0,80000.0,80000.0,80.0,81.0,5.0,2.0,0.0,6.0,14.0,4.0,4.45514,1.87624,0.510799,0.197601,0.00477735,277.103,0.120042,-0.0179559,3.73781,,14.0385,23.503,585.743,84.9716,0.441827,0.0169619,0.0436895,460.001,294.313,293.741,97536.7,27.8085,288.53,289.247,48.8308,8.87946,9.39617,63.7017,51.6069,60.2349,55.6343,0.0,9.137815,0.06299199999999999,136800.0,62.99199999999999,1,-13.464884,2.1241009892089,15.7356009892089,2.206474610951974
2023-09-13 09:30:00,Nit-A,spring,morning,Mid,0.058609,0.028179582621288057,2.918328,0.0009057127487969435,0.057456,0.027236456327075054,1.072862,0.5451798563898829,0.886737,0.07065330304734516,0.857126,0.07047528613961071,2.945442,0.3444803432769037,2.044246,0.3714790497966564,8.768778,0.7205754660475475,9.071499,0.7224629275450162,30.141567,3.525914832829815,0.441786,0.0,0.0,0.0,0.0,0.0,0.0,0.0,79.069016,46.31958107974056,150.34819,67.05240652992525,0.187468,0.23074326997012648,0.5,0.0,0.8,0.0,147.597672,141.8834609165585,24.35,4.493848684590973,23.87,4.41808997192226,26.52,1.9248387811277425,23.72,1.9247359126210883,97.74,0.019891371663781545,156.3,0.1143095213298874,156.0,3.3420452819593343,0.2,2.1504495654009963,1826.0,193.11320514144032,3.727,0.04916970612074052,,,,,,,,,,,,,,,,,,,,,,,,,,,-0.02,0.04301162633521313,-0.0,0.0015033296378372909,0.002,0.002051828452868319,0.0175,0.01333051440789458,-0.352,1.0070241638941275,-0.345,1.6514225433445757,-0.8620000000000001,7.399701982384465,1.0,0.0,150.0,0.0,2.0,0.0,55537.0,0.0,55537.0,0.0,55537.0,0.0,0.0,0.0,,,0.0,0.0,0.0,0.0,0.0,0.0,0.0,0.0,2.413832,0.006794813260127098,2.425931,0.006946540769812454,1.662166,0.0009511625553325573,0.935275,0.008329795427259921,0.256738,0.020456428465317842,-0.028768,0.02435064233937167,0.632247,0.1170291885994402,1.636307,0.16179413220200548,79.069016,46.31958107974056,0.000278,1.1153026495081933e-05,2.372455,0.0,-3e-06,0.0,1.0,0.0,2.383364,0.0,-1e-05,0.0,1.0,0.0,0.601327,0.0,0.601158,0.0,0.107461,0.0,0.0,0.0,-0.0432038,0.0,0.00434749,31.7966,0.0,2.5376,140.113,0.0,7.39278,-8.41232,0.0,0.531424,3.16067,0.0,0.166766,3.15441,-8.08573,0.135381,-0.182397,320.556,5.54916,16.0848,396.234,398.235,0.0,1.0,278.445,6.85925,6.90662,0.0,1.0,290.912,290.057,97894.2,1.17274,1009.18,0.0246341,0.204811,0.00501758,671.66,1920.48,0.0042785,34.9736,1248.82,274.46,1.0928,-2.15929,0.188354,2.42694,-4.37449e-15,0.0199291,2.42702,4.11663,272.903,297.053,,,0.191937,0.275073,-19.0961,-0.279115,0.226935,0.139975,0.0,,,,,,,,-0.0416768,1.03664,36.7063,1.05123,104.809,1.31676,-8.63719,1.29148,2.36427,1.31676,800000099.0,800000099.0,800000099.0,800000099.0,800000099.0,800000099.0,800000199.0,800000199.0,80000.0,80000.0,80.0,80.0,4.0,3.0,3.0,6.0,5.0,1.0,0.230012,0.245759,0.0743746,0.0760011,0.00554775,576.178,0.0310148,-0.00863719,2.36427,,13.9642,18.8031,517.007,84.7308,0.354799,0.0380529,0.079905,52.038,289.418,289.258,97926.8,34.9736,282.128,282.469,-1.55033,9.04825,10.1634,-9.5878,-16.4156,-5.50465,-9.07764,0.0,9.605825,0.06299199999999999,115200.0,62.99199999999999,1,-8.276938999999999,2.5165104092746073,10.928830409274607,2.3072318001866514
2023-09-13 09:30:00,Nit-A,spring,morning,Old,0.049126,0.03370453641910339,2.91856,0.0008087788985048681,0.048313,0.03214452956870474,0.938737,0.7963550275834224,0.837809,0.06228758589778009,0.81212,0.060001575406761896,2.905435,0.3016023116692743,2.024036,0.31772399944277113,8.31332,0.6134659975095954,8.576284,0.636964228902658,29.723421,3.0911759473247127,0.441786,0.0,0.0,0.0,0.0,0.0,0.0,0.0,88.311913,74.00156016135006,125.643608,91.91350398779912,0.19486,0.1895260074555908,0.5,0.0,0.8,0.0,119.724503,113.24263160255195,22.84,4.317815805859871,22.14,4.266044537976604,26.37,1.8662707913554926,23.5,1.7626275840347008,97.74,0.024879710609245674,156.3,0.09882644720248988,156.1,5.682552243490596,0.1,3.625617188838336,1761.0,199.0351560235862,3.718,0.049891315209496245,,,,,,,,,,,,,,,,,,,,,,,,,,,-0.02,0.04301162633521313,-0.0,0.0016583123951776997,0.001,0.002430363484474425,0.011,0.010246822357250693,-0.25,1.5977374888677218,-0.898,2.2134599424129333,-1.9615,7.967843461789329,1.0,0.0,150.0,0.0,2.0,0.0,55537.0,0.0,55537.0,0.0,55537.0,0.0,0.0,0.0,,,0.0,0.0,0.0,0.0,0.0,0.0,0.0,0.0,2.41112,0.006620904276608023,2.423541,0.006738532852186755,1.662409,0.000850982945383332,0.935531,0.014017363569635104,0.258253,0.01994401012727047,-0.029322,0.016122659141924033,0.639385,0.11588682039741757,1.581945,0.16663145022345976,88.311913,74.00156016135006,0.000278,9.519803919549308e-06,2.372455,0.0,-3e-06,0.0,1.0,0.0,2.383364,0.0,-1e-05,0.0,1.0,0.0,0.601327,0.0,0.601158,0.0,0.107461,0.0,0.0,0.0,-0.0432038,0.0,0.00434749,31.7966,0.0,2.5376,140.113,0.0,7.39278,-8.41232,0.0,0.531424,3.16067,0.0,0.166766,3.15441,-8.08573,0.135381,-0.182397,320.556,5.54916,16.0848,396.234,398.235,0.0,1.0,278.445,6.85925,6.90662,0.0,1.0,290.912,290.057,97894.2,1.17274,1009.18,0.0246341,0.204811,0.00501758,671.66,1920.48,0.0042785,34.9736,1248.82,274.46,1.0928,-2.15929,0.188354,2.42694,-4.37449e-15,0.0199291,2.42702,4.11663,272.903,297.053,,,0.191937,0.275073,-19.0961,-0.279115,0.226935,0.139975,0.0,,,,,,,,-0.0416768,1.03664,36.7063,1.05123,104.809,1.31676,-8.63719,1.29148,2.36427,1.31676,800000099.0,800000099.0,800000099.0,800000099.0,800000099.0,800000099.0,800000199.0,800000199.0,80000.0,80000.0,80.0,80.0,4.0,3.0,3.0,6.0,5.0,1.0,0.230012,0.245759,0.0743746,0.0760011,0.00554775,576.178,0.0310148,-0.00863719,2.36427,,13.9642,18.8031,517.007,84.7308,0.354799,0.0380529,0.079905,52.038,289.418,289.258,97926.8,34.9736,282.128,282.469,-1.55033,9.04825,10.1634,-9.5878,-16.4156,-5.50465,-9.07764,0.0,9.605825,0.06299199999999999,115200.0,62.99199999999999,1,-8.276938999999999,2.5165104092746073,10.928830409274607,2.3072318001866514
2023-09-13 09:30:00,Nit-A,spring,morning,Yng,0.097713,0.03389660833367649,2.918518,0.0005624430341524304,0.094547,0.03188900542637436,1.796522,0.6752449218365831,0.887813,0.05315217512021504,0.838643,0.058046950184111,2.885747,0.41710340003656154,2.090533,0.4491298016895117,8.580328,0.5928453654717027,9.084901,0.5429420018225946,29.52669,4.27195837853725,0.441786,0.0,0.0,0.0,0.0,0.0,0.0,0.0,102.349159,51.72136830426409,166.739349,64.74669625734802,0.186092,0.21510835919129997,0.5,0.0,0.8,0.0,141.446182,129.20720904548227,24.06,4.521449804358478,23.48,4.553545065843387,26.56,1.948334502423372,23.38,2.386582493860204,97.74,0.02223360819420634,156.3,0.07348469228350381,156.0,0.2748939189335898,0.2,0.18556220879622373,1900.0,236.20987842735678,3.732,0.047800871679639166,,,,,,,,,,,,,,,,,,,,,,,,,,,-0.02,0.04301162633521313,0.001,0.0021275964529643933,0.002,0.001997498435543818,0.018,0.015775224483660494,-0.655,1.5928554726235102,-0.908,2.6022623650713363,-1.635,8.44213926089799,1.0,0.0,150.0,0.0,2.0,0.0,55537.0,0.0,55537.0,0.0,55537.0,0.0,0.0,0.0,,,0.0,0.0,0.0,0.0,0.0,0.0,0.0,0.0,2.413232,0.007017856338179977,2.425492,0.006983792510758903,1.662365,0.0005910106541623248,0.935434,0.0006776150160673974,0.256346,0.020576256706213623,-0.032793,0.014310768154318854,0.623272,0.11802586561917974,1.698509,0.19776402253196437,102.349159,51.72136830426409,0.000279,6.142203730475449e-06,2.372455,0.0,-3e-06,0.0,1.0,0.0,2.383364,0.0,-1e-05,0.0,1.0,0.0,0.601327,0.0,0.601158,0.0,0.107461,0.0,0.0,0.0,-0.0432038,0.0,0.00434749,31.7966,0.0,2.5376,140.113,0.0,7.39278,-8.41232,0.0,0.531424,3.16067,0.0,0.166766,3.15441,-8.08573,0.135381,-0.182397,320.556,5.54916,16.0848,396.234,398.235,0.0,1.0,278.445,6.85925,6.90662,0.0,1.0,290.912,290.057,97894.2,1.17274,1009.18,0.0246341,0.204811,0.00501758,671.66,1920.48,0.0042785,34.9736,1248.82,274.46,1.0928,-2.15929,0.188354,2.42694,-4.37449e-15,0.0199291,2.42702,4.11663,272.903,297.053,,,0.191937,0.275073,-19.0961,-0.279115,0.226935,0.139975,0.0,,,,,,,,-0.0416768,1.03664,36.7063,1.05123,104.809,1.31676,-8.63719,1.29148,2.36427,1.31676,800000099.0,800000099.0,800000099.0,800000099.0,800000099.0,800000099.0,800000199.0,800000199.0,80000.0,80000.0,80.0,80.0,4.0,3.0,3.0,6.0,5.0,1.0,0.230012,0.245759,0.0743746,0.0760011,0.00554775,576.178,0.0310148,-0.00863719,2.36427,,13.9642,18.8031,517.007,84.7308,0.354799,0.0380529,0.079905,52.038,289.418,289.258,97926.8,34.9736,282.128,282.469,-1.55033,9.04825,10.1634,-9.5878,-16.4156,-5.50465,-9.07764,0.0,9.605825,0.06299199999999999,115200.0,62.99199999999999,1,-8.276938999999999,2.5165104092746073,10.928830409274607,2.3072318001866514
2023-09-13 12:30:00,Nit-A,spring,noon,Mid,0.057451,0.0328573098730455,2.918593,0.000813473914763072,0.056341,0.0316052250923799,1.483684,0.7632573661679307,0.72859,0.034732765882184935,0.688401,0.03854340985175025,3.276013,0.36466035627956594,2.581466,0.3529118647402965,7.054262,0.3951999837434717,7.464989,0.3562703955079532,33.578789,3.7360522433391057,0.441786,0.0,0.0,0.0,0.0,0.0,0.0,0.0,92.144966,72.13472314062876,161.352402,96.66144769456979,0.16237,0.20585023695236143,0.5,0.0,0.8,0.0,125.427414,143.3378869660477,20.37,1.518768470395231,19.16,1.3434480513464846,27.16,1.1386639832130752,25.5,1.8734015408697975,97.56,0.020024984394507363,156.3,0.10376254944182813,156.0,1.7556860007795587,0.2,1.122838664575934,1931.0,394.9414513570335,3.627,0.0191431449871751,,,,,,,,,,,,,,,,,,,,,,,,,,,0.01,0.02813657169355689,-0.0,0.0008717797887081349,0.0,0.0015937377450509229,0.005,0.00501426536422407,0.043,8.577254807920772,0.24,2.5844079754042966,-8.751000000000001,9.888420045134156,1.0,0.0,150.0,0.0,2.0,0.0,55537.0,0.0,55537.0,0.0,55537.0,0.0,0.0,0.0,,,0.0,0.0,0.0,0.0,0.0,0.0,0.0,0.0,2.406536,0.002164906570732064,2.419721,0.0025145804076758347,1.662445,0.0008553263763031904,0.935348,0.0043880144856947145,0.250232,0.011099386609628488,-0.022052,0.01962294304311495,0.396481,0.10860616730301278,1.724454,0.3307415375389722,92.144966,72.13472314062876,0.000283,9.273977931107388e-06,2.372455,0.0,-3e-06,0.0,1.0,0.0,2.383364,0.0,-1e-05,0.0,1.0,0.0,0.601327,0.0,0.601158,0.0,0.107461,0.0,0.0,0.0,-0.496233,0.0,0.0459783,165.158,0.0,11.832,341.039,0.0,21.8937,-18.3522,0.0,1.79049,7.72069,0.0,0.495646,0.470541,2.46216,0.184428,0.0557401,35.8879,0.495931,16.0076,400.005,401.893,0.0,1.0,221.207,5.5276,5.55832,0.0,1.0,294.503,293.762,97738.8,1.1567,1008.54,0.0249884,0.500301,0.00398614,540.406,2421.01,0.00344614,22.3215,1880.61,271.471,-0.371268,4.13961,-0.0888403,4.15703,4.86583e-14,0.00224193,4.15703,12.9522,114.575,95.1196,,,0.654987,3.26559,-145.913,-0.0365285,0.48428,0.216149,0.0,59.9441,-9.09675,20.5769,51.2393,78.1432,109.597,164.196,-0.477311,1.03964,170.683,1.0728,265.904,1.25776,-23.5451,1.2383,6.01972,1.25776,800000099.0,800000099.0,800000099.0,800100099.0,800000099.0,800000099.0,800000199.0,800000199.0,80000.0,80000.0,80.0,81.0,6.0,9.0,3.0,2.0,5.0,2.0,3.22594,2.6199,0.685336,0.178026,0.0056033,454.15,0.14631,-0.0235451,6.01972,,14.0472,26.0734,845.564,124.747,0.348653,0.0331094,0.0685541,556.472,294.416,293.641,97760.2,22.3215,286.413,287.115,106.773,9.3451,10.2384,58.0662,33.5764,39.5895,73.8416,0.0,9.79175,0.06299199999999999,126000.0,62.99199999999999,1,-18.167772,2.316913614701963,20.669113614701963,1.7863283951292586
2023-09-13 12:30:00,Nit-A,spring,noon,Old,0.045742,0.02649789214491095,2.918517,0.000951605928592996,0.045037,0.025369470105358265,1.191789,0.534825427987373,0.742744,0.03200790025170868,0.710259,0.033798088035765166,3.326464,0.35932393444433947,2.591831,0.36471752939022545,7.280921,0.3466128514273286,7.614213,0.3282412266992982,34.106129,3.68066243761068,0.441786,0.0,0.0,0.0,0.0,0.0,0.0,0.0,80.064301,48.75361699829309,104.830742,78.7965043504536,0.156222,0.2199435850415738,0.5,0.0,0.8,0.0,133.936188,156.44300855790019,20.79,1.2831766571027297,19.89,1.2184589994469794,26.89,1.0372908624553372,25.76,1.893434973797621,97.56,0.026975297341591323,156.3,0.11718930554165347,156.1,1.8423535672249995,0.2,1.1953660527219265,1993.0,157.09596854576927,3.627,0.01917089808364039,,,,,,,,,,,,,,,,,,,,,,,,,,,0.01,0.02813657169355689,0.0,0.0016072751268321594,0.001,0.0019578900207451217,0.005,0.008959786703810408,-0.117,1.5606195265556135,0.164,2.2040129877112795,-5.157500000000001,5.4325405239578695,1.0,0.0,150.0,0.0,2.0,0.0,55537.0,0.0,55537.0,0.0,55537.0,0.0,0.0,0.0,,,0.0,0.0,0.0,0.0,0.0,0.0,0.0,0.0,2.407663,0.0019647526773955678,2.420369,0.0021314291778052304,1.662364,0.0010001830799075762,0.935507,0.004617437545868928,0.252933,0.010220715071689767,-0.015749,0.022411860779358177,0.403715,0.10829511989763588,1.776316,0.1315196898941625,80.064301,48.75361699829309,0.000277,9.349688051837168e-06,2.372455,0.0,-3e-06,0.0,1.0,0.0,2.383364,0.0,-1e-05,0.0,1.0,0.0,0.601327,0.0,0.601158,0.0,0.107461,0.0,0.0,0.0,-0.496233,0.0,0.0459783,165.158,0.0,11.832,341.039,0.0,21.8937,-18.3522,0.0,1.79049,7.72069,0.0,0.495646,0.470541,2.46216,0.184428,0.0557401,35.8879,0.495931,16.0076,400.005,401.893,0.0,1.0,221.207,5.5276,5.55832,0.0,1.0,294.503,293.762,97738.8,1.1567,1008.54,0.0249884,0.500301,0.00398614,540.406,2421.01,0.00344614,22.3215,1880.61,271.471,-0.371268,4.13961,-0.0888403,4.15703,4.86583e-14,0.00224193,4.15703,12.9522,114.575,95.1196,,,0.654987,3.26559,-145.913,-0.0365285,0.48428,0.216149,0.0,59.9441,-9.09675,20.5769,51.2393,78.1432,109.597,164.196,-0.477311,1.03964,170.683,1.0728,265.904,1.25776,-23.5451,1.2383,6.01972,1.25776,800000099.0,800000099.0,800000099.0,800100099.0,800000099.0,800000099.0,800000199.0,800000199.0,80000.0,80000.0,80.0,81.0,6.0,9.0,3.0,2.0,5.0,2.0,3.22594,2.6199,0.685336,0.178026,0.0056033,454.15,0.14631,-0.0235451,6.01972,,14.0472,26.0734,845.564,124.747,0.348653,0.0331094,0.0685541,556.472,294.416,293.641,97760.2,22.3215,286.413,287.115,106.773,9.3451,10.2384,58.0662,33.5764,39.5895,73.8416,0.0,9.79175,0.06299199999999999,126000.0,62.99199999999999,1,-18.167772,2.316913614701963,20.669113614701963,1.7863283951292586
2023-09-13 12:30:00,Nit-A,spring,noon,Yng,0.08428,0.025417209809497188,2.918356,0.0007995656570914257,0.081913,0.024023319997313723,2.274164,0.601547034311186,0.739735,0.06292715227480632,0.671986,0.06664438358489033,3.230022,0.1732107301273511,2.501652,0.1931075006076062,6.887746,0.6830521820464575,7.579954,0.6448575279427019,33.103134,1.7748066314016782,0.441786,0.0,0.0,0.0,0.0,0.0,0.0,0.0,102.767227,58.97566388276839,126.671791,66.76602414707172,0.222644,0.10816997880353248,0.5,0.0,0.8,0.0,173.494858,84.01980120455346,20.45,1.2498166532202515,18.8,1.2959085615891264,27.34,1.1794360234168397,25.26,0.8977982327152729,97.57,0.019382122346811328,156.3,0.09966610925151487,156.1,0.25800516790690475,0.1,0.1584297951775486,2043.0,395.231818051128,3.619,0.027912541983846555,,,,,,,,,,,,,,,,,,,,,,,,,,,0.01,0.028676354952004157,-0.0,0.0011902380714238084,0.001,0.0018708286933869708,0.0035,0.010635055035325186,-1.462,1.4192983101988579,-1.882,2.3430529109120295,-5.449,30.200281437448538,1.0,0.0,150.0,0.0,2.0,0.0,55537.0,0.0,55537.0,0.0,55537.0,0.0,0.0,0.0,,,0.0,0.0,0.0,0.0,0.0,0.0,0.0,0.0,2.405786,0.0020354920371581263,2.419876,0.0020166770134722985,1.662195,0.000840143495679924,0.935638,0.0006267615761462593,0.248499,0.011359321488246261,-0.022966,0.017721858150130113,0.386208,0.10923777438937196,1.818012,0.3309904208033922,102.767227,58.97566388276839,0.000276,7.786312777346327e-06,2.372455,0.0,-3e-06,0.0,1.0,0.0,2.383364,0.0,-1e-05,0.0,1.0,0.0,0.601327,0.0,0.601158,0.0,0.107461,0.0,0.0,0.0,-0.496233,0.0,0.0459783,165.158,0.0,11.832,341.039,0.0,21.8937,-18.3522,0.0,1.79049,7.72069,0.0,0.495646,0.470541,2.46216,0.184428,0.0557401,35.8879,0.495931,16.0076,400.005,401.893,0.0,1.0,221.207,5.5276,5.55832,0.0,1.0,294.503,293.762,97738.8,1.1567,1008.54,0.0249884,0.500301,0.00398614,540.406,2421.01,0.00344614,22.3215,1880.61,271.471,-0.371268,4.13961,-0.0888403,4.15703,4.86583e-14,0.00224193,4.15703,12.9522,114.575,95.1196,,,0.654987,3.26559,-145.913,-0.0365285,0.48428,0.216149,0.0,59.9441,-9.09675,20.5769,51.2393,78.1432,109.597,164.196,-0.477311,1.03964,170.683,1.0728,265.904,1.25776,-23.5451,1.2383,6.01972,1.25776,800000099.0,800000099.0,800000099.0,800100099.0,800000099.0,800000099.0,800000199.0,800000199.0,80000.0,80000.0,80.0,81.0,6.0,9.0,3.0,2.0,5.0,2.0,3.22594,2.6199,0.685336,0.178026,0.0056033,454.15,0.14631,-0.0235451,6.01972,,14.0472,26.0734,845.564,124.747,0.348653,0.0331094,0.0685541,556.472,294.416,293.641,97760.2,22.3215,286.413,287.115,106.773,9.3451,10.2384,58.0662,33.5764,39.5895,73.8416,0.0,9.79175,0.06299199999999999,126000.0,62.99199999999999,1,-18.167772,2.316913614701963,20.669113614701963,1.7863283951292586
2023-09-13 15:30:00,Nit-S,spring,afternoon,Mid,0.069986,0.04073397724042343,2.918642,0.0010165506660598273,0.068347,0.038927839335536375,1.560987,1.0384015499053532,0.991973,0.06708660209577373,0.973301,0.0534713231975794,3.206808,0.36703874510930945,2.13168,0.32243736066250106,9.989698,0.5513540305465419,10.17938,0.6916093232418336,32.907551,3.7757399503231914,0.441786,0.0,0.0,0.0,0.0,0.0,0.0,0.0,118.30938,71.16042231572486,199.231979,109.75317694447244,0.28386,0.18600882368217553,0.5,0.0,0.8,0.0,182.820206,107.22291167224256,29.4,2.00909822225462,28.93,2.2789805469405255,25.92,1.8621382870238186,25.14,1.9525046308097025,97.43,0.0325166623953605,156.3,0.13063945294844215,155.9,0.7731537147726025,0.3,0.4901360355384343,1600.0,263.231159503075,3.698,0.04425275885938243,,,,,,,,,,,,,,,,,,,,,,,,,,,-0.07,0.0687386354243376,-0.0,0.0017795130420052185,0.0,0.0024027761721253462,0.0,0.006525099468737857,-0.617,2.7224953731212596,-0.069,2.5501260341402734,1.265,23.152053410066333,1.0,0.0,150.0,0.0,2.0,0.0,55537.0,0.0,55537.0,0.0,55537.0,0.0,0.0,0.0,,,0.0,0.0,0.0,0.0,0.0,0.0,0.0,0.0,2.421207,0.003531232468982917,2.433688,0.003255928514776383,1.662495,0.0010679648433664537,0.935037,0.001932716811468573,0.262908,0.019077050852791655,-0.020329,0.017849384239332553,0.338826,0.1517331644760521,1.447246,0.22040417049330072,118.30938,71.16042231572486,0.000277,8.90074903215079e-06,2.372455,0.0,-3e-06,0.0,1.0,0.0,2.383364,0.0,-1e-05,0.0,1.0,0.0,0.601327,0.0,0.601158,0.0,0.107461,0.0,0.0,0.0,-0.38265,1.0,0.0716442,137.203,0.0,11.5796,210.378,0.0,17.1508,-13.6115,0.0,1.64331,4.7586,0.0,0.387939,-3.38449,-1.8166,0.146616,-0.04109,705.213,11.5685,15.9483,398.129,401.201,0.0,1.0,261.621,6.53104,6.57397,0.0,1.0,293.776,292.872,97539.0,1.1574,1009.07,0.0249637,0.308358,0.00471441,637.202,2291.4,0.00407327,27.8085,1654.19,273.73,0.089461,2.99917,0.0355963,2.99992,-1.95353e-13,0.0442187,3.00024,11.1782,113.888,88.0901,,,0.574988,3.42109,-118.669,-0.0449147,0.652172,0.204314,0.0,60.8254,-9.23049,20.8794,51.9926,79.292,111.208,166.61,-0.369197,1.03644,140.197,1.05766,165.249,1.23671,-17.9559,1.21986,3.73781,1.23671,800000099.0,800000099.0,800000099.0,800000099.0,800000099.0,800000099.0,800000199.0,801000199.0,80000.0,80000.0,80.0,81.0,5.0,2.0,0.0,6.0,14.0,4.0,4.45514,1.87624,0.510799,0.197601,0.00477735,277.103,0.120042,-0.0179559,3.73781,,14.0385,23.503,585.743,84.9716,0.441827,0.0169619,0.0436895,460.001,294.313,293.741,97536.7,27.8085,288.53,289.247,48.8308,8.87946,9.39617,63.7017,51.6069,60.2349,55.6343,0.0,9.137815,0.06299199999999999,136800.0,62.99199999999999,1,-13.464884,2.1241009892089,15.7356009892089,2.206474610951974
2023-09-13 15:30:00,Nit-S,spring,afternoon,Old,0.039424,0.03191885523547693,2.918401,0.0008644508372372271,0.038898,0.030846895773751153,0.928226,0.6274832576561493,1.019173,0.07080953648549039,0.999123,0.06577160231880734,3.154272,0.4065696692263617,2.135099,0.3610956211935094,10.259328,0.6767760242083416,10.464434,0.7286486075379047,32.386719,4.179345742633179,0.441786,0.0,0.0,0.0,0.0,0.0,0.0,0.0,124.032143,79.82813139309482,231.861588,102.33276953218784,0.269475,0.21856763237087506,0.5,0.0,0.8,0.0,155.118912,128.89061158786689,30.94,2.5805385742773415,30.14,2.5889349805148294,25.9,1.8835892156554006,24.87,2.17532924711027,97.43,0.027233557730607868,156.3,0.11357816691600255,156.0,1.666583331249894,0.2,1.0649726131063966,1500.0,257.4091619711052,3.697,0.03961893486705569,,,,,,,,,,,,,,,,,,,,,,,,,,,-0.07,0.0687386354243376,-0.0,0.0016093476939431082,-0.0,0.0021346350195447154,0.001,0.00658336231272891,-1.051,2.6569434675958012,-1.785,2.6107702388375733,-10.507,12.667622008989587,1.0,0.0,150.0,0.0,2.0,0.0,55537.0,0.0,55537.0,0.0,55537.0,0.0,0.0,0.0,,,0.0,0.0,0.0,0.0,0.0,0.0,0.0,0.0,2.423267,0.003963865905485149,2.435723,0.0040696161399652025,1.662242,0.0009073616919398792,0.935374,0.00416122161670505,0.263072,0.01925737477755817,-0.02326,0.018211832012732822,0.348058,0.14891538198272203,1.363006,0.21551503571657515,124.032143,79.82813139309482,0.000281,7.926117166263277e-06,2.372455,0.0,-3e-06,0.0,1.0,0.0,2.383364,0.0,-1e-05,0.0,1.0,0.0,0.601327,0.0,0.601158,0.0,0.107461,0.0,0.0,0.0,-0.38265,1.0,0.0716442,137.203,0.0,11.5796,210.378,0.0,17.1508,-13.6115,0.0,1.64331,4.7586,0.0,0.387939,-3.38449,-1.8166,0.146616,-0.04109,705.213,11.5685,15.9483,398.129,401.201,0.0,1.0,261.621,6.53104,6.57397,0.0,1.0,293.776,292.872,97539.0,1.1574,1009.07,0.0249637,0.308358,0.00471441,637.202,2291.4,0.00407327,27.8085,1654.19,273.73,0.089461,2.99917,0.0355963,2.99992,-1.95353e-13,0.0442187,3.00024,11.1782,113.888,88.0901,,,0.574988,3.42109,-118.669,-0.0449147,0.652172,0.204314,0.0,60.8254,-9.23049,20.8794,51.9926,79.292,111.208,166.61,-0.369197,1.03644,140.197,1.05766,165.249,1.23671,-17.9559,1.21986,3.73781,1.23671,800000099.0,800000099.0,800000099.0,800000099.0,800000099.0,800000099.0,800000199.0,801000199.0,80000.0,80000.0,80.0,81.0,5.0,2.0,0.0,6.0,14.0,4.0,4.45514,1.87624,0.510799,0.197601,0.00477735,277.103,0.120042,-0.0179559,3.73781,,14.0385,23.503,585.743,84.9716,0.441827,0.0169619,0.0436895,460.001,294.313,293.741,97536.7,27.8085,288.53,289.247,48.8308,8.87946,9.39617,63.7017,51.6069,60.2349,55.6343,0.0,9.137815,0.06299199999999999,136800.0,62.99199999999999,1,-13.464884,2.1241009892089,15.7356009892089,2.206474610951974
2023-09-13 15:30:00,Nit-S,spring,afternoon,Yng,0.051312,0.029084059376114146,2.918658,0.0010733128124331597,0.050426,0.027986593382189267,0.825208,0.6433772804142606,1.008759,0.05079558747378231,0.976277,0.04156897256139488,3.099303,0.323443967124869,2.096228,0.30391604169990755,10.017694,0.42801279895235206,10.350387,0.523043213897501,31.829502,3.325044331316671,0.441786,0.0,0.0,0.0,0.0,0.0,0.0,0.0,119.748474,85.40779345114305,302.572479,102.39437506132587,0.353242,0.21285397997705688,0.5,0.0,0.8,0.0,148.637177,124.2778160111624,29.52,3.075705501723686,28.98,3.0438079221045906,25.95,1.8790784975620365,24.57,1.8252010848123004,97.43,0.03467948480970776,156.3,0.13329166015422358,155.9,0.27999999999998304,0.2,0.241039415863879,1557.0,409.2012056026555,3.7,0.04463227531730834,,,,,,,,,,,,,,,,,,,,,,,,,,,-0.07,0.0687386354243376,0.0,0.0017291616465790582,0.001,0.002234576768279249,0.002,0.004921197193588346,-0.84,14.000112248716674,-0.646,1.9697189520335128,-2.263,9.955673174810249,1.0,0.0,150.0,0.0,2.0,0.0,55537.0,0.0,55537.0,0.0,55537.0,0.0,0.0,0.0,,,0.0,0.0,0.0,0.0,0.0,0.0,0.0,0.0,2.421503,0.00467391502454496,2.433867,0.004860068805068432,1.662513,0.0011282442480833813,0.93518,0.0007166806587781345,0.262647,0.019291602158020293,-0.027335,0.021555110907856632,0.331497,0.15372680961413332,1.411382,0.3426226480599076,119.748474,85.40779345114305,0.00028,8.123422923866506e-06,2.372455,0.0,-3e-06,0.0,1.0,0.0,2.383364,0.0,-1e-05,0.0,1.0,0.0,0.601327,0.0,0.601158,0.0,0.107461,0.0,0.0,0.0,-0.38265,1.0,0.0716442,137.203,0.0,11.5796,210.378,0.0,17.1508,-13.6115,0.0,1.64331,4.7586,0.0,0.387939,-3.38449,-1.8166,0.146616,-0.04109,705.213,11.5685,15.9483,398.129,401.201,0.0,1.0,261.621,6.53104,6.57397,0.0,1.0,293.776,292.872,97539.0,1.1574,1009.07,0.0249637,0.308358,0.00471441,637.202,2291.4,0.00407327,27.8085,1654.19,273.73,0.089461,2.99917,0.0355963,2.99992,-1.95353e-13,0.0442187,3.00024,11.1782,113.888,88.0901,,,0.574988,3.42109,-118.669,-0.0449147,0.652172,0.204314,0.0,60.8254,-9.23049,20.8794,51.9926,79.292,111.208,166.61,-0.369197,1.03644,140.197,1.05766,165.249,1.23671,-17.9559,1.21986,3.73781,1.23671,800000099.0,800000099.0,800000099.0,800000099.0,800000099.0,800000099.0,800000199.0,801000199.0,80000.0,80000.0,80.0,81.0,5.0,2.0,0.0,6.0,14.0,4.0,4.45514,1.87624,0.510799,0.197601,0.00477735,277.103,0.120042,-0.0179559,3.73781,,14.0385,23.503,585.743,84.9716,0.441827,0.0169619,0.0436895,460.001,294.313,293.741,97536.7,27.8085,288.53,289.247,48.8308,8.87946,9.39617,63.7017,51.6069,60.2349,55.6343,0.0,9.137815,0.06299199999999999,136800.0,62.99199999999999,1,-13.464884,2.1241009892089,15.7356009892089,2.206474610951974
2023-09-13 09:30:00,Nit-S,spring,morning,Mid,0.069296,0.06283313154899749,2.9183465,0.001088319752672898,0.067687,0.05840951085393243,1.703887,1.173941067786062,0.953139,0.08183924264847134,0.93896,0.07424896455546005,3.0442715,0.498867305856352,2.0076405,0.5299444984595956,9.606174,0.7591510606302084,9.750892,0.8370180540990897,31.1446745,5.10408375130194,0.441786,0.0,0.0,0.0,0.0,0.0,0.0,0.0,102.35863900000001,71.27013508004268,212.75872049999998,113.93918269790812,0.455453,0.2001903193039426,0.5,0.0,0.8,0.0,207.126358,106.19545622401584,30.915,4.270643449295957,28.565,4.341933028909613,25.96,1.414915819178767,24.270000000000003,2.596515502288245,97.75,0.010347232354180164,156.3,0.1442120017518443,156.0,0.8606957078139086,0.15000000000000002,0.5482515026380936,1316.0,435.3808843906145,3.7385,0.03356326494283876,,,,,,,,,,,,,,,,,,,,,,,,,,,0.02,0.2048749176547924,0.0,0.0015108304655560047,-0.0005,0.0026095560175431473,0.012,0.008809086218218097,-0.1395,1.1546132296769025,0.057999999999999996,1.871148844477212,2.595,5.942556265079563,1.0,0.0,150.0,0.0,2.0,0.0,55537.0,0.0,55537.0,0.0,55537.0,0.0,0.0,0.0,,,0.0,0.0,0.0,0.0,0.0,0.0,0.0,0.0,2.42089,0.006545875050143775,2.4358294999999996,0.006671240442501445,1.6621855,0.00114560704432196,0.9354305,0.0021578068357894697,0.262455,0.015190780280154388,-0.0152715,0.025898697047831622,0.610544,0.07362051409230705,1.209427,0.364475356986833,102.35863900000001,71.27013508004268,0.0002805,7.600057208022671e-06,2.372455,0.0,-3e-06,0.0,1.0,0.0,2.383364,0.0,-1e-05,0.0,1.0,0.0,0.601327,0.0,0.601158,0.0,0.107461,0.0,0.0,0.0,-0.0432038,0.0,0.00434749,31.7966,0.0,2.5376,140.113,0.0,7.39278,-8.41232,0.0,0.531424,3.16067,0.0,0.166766,3.15441,-8.08573,0.135381,-0.182397,320.556,5.54916,16.0848,396.234,398.235,0.0,1.0,278.445,6.85925,6.90662,0.0,1.0,290.912,290.057,97894.2,1.17274,1009.18,0.0246341,0.204811,0.00501758,671.66,1920.48,0.0042785,34.9736,1248.82,274.46,1.0928,-2.15929,0.188354,2.42694,-4.37449e-15,0.0199291,2.42702,4.11663,272.903,297.053,,,0.191937,0.275073,-19.0961,-0.279115,0.226935,0.139975,0.0,,,,,,,,-0.0416768,1.03664,36.7063,1.05123,104.809,1.31676,-8.63719,1.29148,2.36427,1.31676,800000099.0,800000099.0,800000099.0,800000099.0,800000099.0,800000099.0,800000199.0,800000199.0,80000.0,80000.0,80.0,80.0,4.0,3.0,3.0,6.0,5.0,1.0,0.230012,0.245759,0.0743746,0.0760011,0.00554775,576.178,0.0310148,-0.00863719,2.36427,,13.9642,18.8031,517.007,84.7308,0.354799,0.0380529,0.079905,52.038,289.418,289.258,97926.8,34.9736,282.128,282.469,-1.55033,9.04825,10.1634,-9.5878,-16.4156,-5.50465,-9.07764,0.0,9.605825,0.06299199999999999,115200.0,62.99199999999999,1,-8.276938999999999,2.5165104092746073,10.928830409274607,2.3072318001866514
2023-09-13 09:30:00,Nit-S,spring,morning,Old,0.050393,0.04342311785147784,2.91831,0.001011755303091334,0.049538,0.04135601618680567,1.221681,0.9910156551846729,1.021394,0.09775840437754355,0.945297,0.09012772175747777,3.327274,0.31517846742186145,2.283217,0.3601970593508597,9.670604,0.9216794173930514,10.447146,0.9998300634264589,34.038784,3.2247786803874097,0.441786,0.0,0.0,0.0,0.0,0.0,0.0,0.0,100.80278,49.63835898045771,156.404251,89.27292912247923,0.320408,0.14983741435628375,0.5,0.0,0.8,0.0,151.294128,81.98090433828361,30.7,4.023790004460973,29.55,3.9009553530727152,26.23,1.4022741053968966,25.76,1.5921036398425836,97.75,0.008602325267046287,156.3,0.1322875655532317,156.0,2.126679728277552,0.2,1.3112080943414997,1459.0,377.493377425353,3.729,0.031458967984767806,,,,,,,,,,,,,,,,,,,,,,,,,,,0.02,0.11837510999642901,-0.001,0.002134635019544715,-0.001,0.002249444375840399,0.005,0.008768258261546388,-0.425,2.791121168395716,-0.887,1.7469788331097011,-3.167,8.992212996041436,1.0,0.0,150.0,0.0,2.0,0.0,55537.0,0.0,55537.0,0.0,55537.0,0.0,0.0,0.0,,,0.0,0.0,0.0,0.0,0.0,0.0,0.0,0.0,2.42231,0.005822260586175304,2.435445,0.006083848172278127,1.662147,0.0010623005334336449,0.935447,0.00530943362704537,0.259655,0.01498204901284645,-0.004902,0.02295431418658956,0.614826,0.07267010419468699,1.329269,0.3161054781772059,100.80278,49.63835898045771,0.000278,5.651843357112183e-06,2.372455,0.0,-3e-06,0.0,1.0,0.0,2.383364,0.0,-1e-05,0.0,1.0,0.0,0.601327,0.0,0.601158,0.0,0.107461,0.0,0.0,0.0,-0.0432038,0.0,0.00434749,31.7966,0.0,2.5376,140.113,0.0,7.39278,-8.41232,0.0,0.531424,3.16067,0.0,0.166766,3.15441,-8.08573,0.135381,-0.182397,320.556,5.54916,16.0848,396.234,398.235,0.0,1.0,278.445,6.85925,6.90662,0.0,1.0,290.912,290.057,97894.2,1.17274,1009.18,0.0246341,0.204811,0.00501758,671.66,1920.48,0.0042785,34.9736,1248.82,274.46,1.0928,-2.15929,0.188354,2.42694,-4.37449e-15,0.0199291,2.42702,4.11663,272.903,297.053,,,0.191937,0.275073,-19.0961,-0.279115,0.226935,0.139975,0.0,,,,,,,,-0.0416768,1.03664,36.7063,1.05123,104.809,1.31676,-8.63719,1.29148,2.36427,1.31676,800000099.0,800000099.0,800000099.0,800000099.0,800000099.0,800000099.0,800000199.0,800000199.0,80000.0,80000.0,80.0,80.0,4.0,3.0,3.0,6.0,5.0,1.0,0.230012,0.245759,0.0743746,0.0760011,0.00554775,576.178,0.0310148,-0.00863719,2.36427,,13.9642,18.8031,517.007,84.7308,0.354799,0.0380529,0.079905,52.038,289.418,289.258,97926.8,34.9736,282.128,282.469,-1.55033,9.04825,10.1634,-9.5878,-16.4156,-5.50465,-9.07764,0.0,9.605825,0.06299199999999999,115200.0,62.99199999999999,1,-8.276938999999999,2.5165104092746073,10.928830409274607,2.3072318001866514
2023-09-13 09:30:00,Nit-S,spring,morning,Yng,0.100774,0.05002412499862902,2.9181345,0.0007946632494332604,0.0974085,0.04589035217869455,2.095998,1.0269994206291446,0.9856885,0.05978272567407355,0.9121625,0.0624959291731378,3.067277,0.22965361993088973,2.0624909999999996,0.24165976722870902,9.3317375,0.6390738759402252,10.0838245,0.611398161643289,31.3785935,2.349519149796005,0.441786,0.0,0.0,0.0,0.0,0.0,0.0,0.0,143.3443985,74.3486755066698,252.78891000000002,95.36574130677835,0.296444,0.15654910526506957,0.5,0.0,0.8,0.0,154.71862800000002,61.41767352595729,30.795,3.9762245718965366,28.96,3.9819642620967084,25.64,1.4445430472591054,24.395000000000003,1.2650699585398433,97.75,0.0065280460028608,156.3,0.09891721480418496,156.14999999999998,5.263776064911818,0.1,3.3830823451175633,1311.5,239.5368993575857,3.741,0.032534691543737324,,,,,,,,,,,,,,,,,,,,,,,,,,,0.02,0.19903807134855844,-0.0,0.0017506042912706985,0.001,0.002139733987780149,0.006,0.009888323789622842,-1.123,2.540456686079523,-0.968,2.2849326201141116,-4.7145,8.583209082118904,1.0,0.0,150.0,0.0,2.0,0.0,55537.0,0.0,55537.0,0.0,55537.0,0.0,0.0,0.0,,,0.0,0.0,0.0,0.0,0.0,0.0,0.0,0.0,2.4215904999999998,0.006022953162310384,2.4357205,0.006209054345438891,1.6619625,0.0008345886504048922,0.9357435,0.012958785520493553,0.265841,0.015566718740263226,-0.012295500000000001,0.01823566824697812,0.6049,0.07352267847246972,1.2058054999999999,0.20060911545711516,143.3443985,74.3486755066698,0.0002725,7.092357750532507e-06,2.372455,0.0,-3e-06,0.0,1.0,0.0,2.383364,0.0,-1e-05,0.0,1.0,0.0,0.601327,0.0,0.601158,0.0,0.107461,0.0,0.0,0.0,-0.0432038,0.0,0.00434749,31.7966,0.0,2.5376,140.113,0.0,7.39278,-8.41232,0.0,0.531424,3.16067,0.0,0.166766,3.15441,-8.08573,0.135381,-0.182397,320.556,5.54916,16.0848,396.234,398.235,0.0,1.0,278.445,6.85925,6.90662,0.0,1.0,290.912,290.057,97894.2,1.17274,1009.18,0.0246341,0.204811,0.00501758,671.66,1920.48,0.0042785,34.9736,1248.82,274.46,1.0928,-2.15929,0.188354,2.42694,-4.37449e-15,0.0199291,2.42702,4.11663,272.903,297.053,,,0.191937,0.275073,-19.0961,-0.279115,0.226935,0.139975,0.0,,,,,,,,-0.0416768,1.03664,36.7063,1.05123,104.809,1.31676,-8.63719,1.29148,2.36427,1.31676,800000099.0,800000099.0,800000099.0,800000099.0,800000099.0,800000099.0,800000199.0,800000199.0,80000.0,80000.0,80.0,80.0,4.0,3.0,3.0,6.0,5.0,1.0,0.230012,0.245759,0.0743746,0.0760011,0.00554775,576.178,0.0310148,-0.00863719,2.36427,,13.9642,18.8031,517.007,84.7308,0.354799,0.0380529,0.079905,52.038,289.418,289.258,97926.8,34.9736,282.128,282.469,-1.55033,9.04825,10.1634,-9.5878,-16.4156,-5.50465,-9.07764,0.0,9.605825,0.06299199999999999,115200.0,62.99199999999999,1,-8.276938999999999,2.5165104092746073,10.928830409274607,2.3072318001866514
2023-09-13 12:30:00,Nit-S,spring,noon,Mid,0.076737,0.050046364083450985,2.918184,0.0009013814157539697,0.074771,0.04678869613745753,1.975891,1.187146954815933,0.920873,0.07300196904097862,0.872314,0.07177726380981192,3.40508,0.3472926756976356,2.493707,0.3274668014890873,8.940372,0.737303572221831,9.433096,0.7498180116762518,34.8983,3.5562974585661755,0.441786,0.0,0.0,0.0,0.0,0.0,0.0,0.0,137.664917,98.0946383481136,214.877487,109.11153965304648,0.17964,0.1740186319087509,0.5,0.0,0.8,0.0,128.975311,117.965519979317,23.95,2.463537294217401,22.02,2.3325603243360424,27.75,0.9691924473498565,26.15,1.6845352474792568,97.62,0.03436568055487462,156.3,0.11150485789120036,156.0,0.17492855684536082,0.2,0.14282856857085702,1853.0,319.7407387243608,3.632,0.025873925098445934,,,,,,,,,,,,,,,,,,,,,,,,,,,-0.03,0.061441028637222526,0.0,0.002041241452319315,0.001,0.002217355782608345,0.001,0.006519202405202648,-1.352,5.564029571572507,-2.374,2.0932162055873094,-10.101,7.964849330588392,1.0,0.0,150.0,0.0,2.0,0.0,55537.0,0.0,55537.0,0.0,55537.0,0.0,0.0,0.0,,,0.0,0.0,0.0,0.0,0.0,0.0,0.0,0.0,2.410861,0.003602777470230295,2.425053,0.003831246760520401,1.662014,0.0009473902522192535,0.935254,0.00043346270504696885,0.244516,0.009108369343997122,-0.01825,0.01530677457859754,0.337762,0.1478250786277146,1.658725,0.2677149940252071,137.664917,98.0946383481136,0.000283,7.85981339897244e-06,2.372455,0.0,-3e-06,0.0,1.0,0.0,2.383364,0.0,-1e-05,0.0,1.0,0.0,0.601327,0.0,0.601158,0.0,0.107461,0.0,0.0,0.0,-0.496233,0.0,0.0459783,165.158,0.0,11.832,341.039,0.0,21.8937,-18.3522,0.0,1.79049,7.72069,0.0,0.495646,0.470541,2.46216,0.184428,0.0557401,35.8879,0.495931,16.0076,400.005,401.893,0.0,1.0,221.207,5.5276,5.55832,0.0,1.0,294.503,293.762,97738.8,1.1567,1008.54,0.0249884,0.500301,0.00398614,540.406,2421.01,0.00344614,22.3215,1880.61,271.471,-0.371268,4.13961,-0.0888403,4.15703,4.86583e-14,0.00224193,4.15703,12.9522,114.575,95.1196,,,0.654987,3.26559,-145.913,-0.0365285,0.48428,0.216149,0.0,59.9441,-9.09675,20.5769,51.2393,78.1432,109.597,164.196,-0.477311,1.03964,170.683,1.0728,265.904,1.25776,-23.5451,1.2383,6.01972,1.25776,800000099.0,800000099.0,800000099.0,800100099.0,800000099.0,800000099.0,800000199.0,800000199.0,80000.0,80000.0,80.0,81.0,6.0,9.0,3.0,2.0,5.0,2.0,3.22594,2.6199,0.685336,0.178026,0.0056033,454.15,0.14631,-0.0235451,6.01972,,14.0472,26.0734,845.564,124.747,0.348653,0.0331094,0.0685541,556.472,294.416,293.641,97760.2,22.3215,286.413,287.115,106.773,9.3451,10.2384,58.0662,33.5764,39.5895,73.8416,0.0,9.79175,0.06299199999999999,126000.0,62.99199999999999,1,-18.167772,2.316913614701963,20.669113614701963,1.7863283951292586
2023-09-13 12:30:00,Nit-S,spring,noon,Old,0.062263,0.04028041429913551,2.91822,0.0007128907302899536,0.060963,0.03855001168279114,1.627618,1.0585944700562284,0.920949,0.08247337222316062,0.877104,0.07530700548871046,3.718059,0.4178917231076412,2.78794,0.4199433415962881,8.984899,0.7732809628388267,9.434672,0.8466911729906267,38.127296,4.280568059882309,0.441786,0.0,0.0,0.0,0.0,0.0,0.0,0.0,123.885872,60.62197404243993,145.325653,98.91960478601328,0.154233,0.1783152209597468,0.5,0.0,0.8,0.0,107.215111,133.42928389176404,23.96,2.1954465756803714,22.5,2.0253936242946295,27.69,0.9197704423749782,27.65,1.8520670434229247,97.61,0.04117847334066134,156.3,0.09539392014169448,155.9,3.3915728897764628,0.3,2.1674716453354894,1970.0,222.31911748655358,3.636,0.022108972537561895,,,,,,,,,,,,,,,,,,,,,,,,,,,-0.03,0.061441028637222526,0.0,0.0019339079605813717,0.001,0.0022263572639328725,0.001,0.005144171459039833,-1.671,4.677523059626038,-0.251,3.1899551318683677,-10.494,4.761293297256534,1.0,0.0,150.0,0.0,2.0,0.0,55537.0,0.0,55537.0,0.0,55537.0,0.0,0.0,0.0,,,0.0,0.0,0.0,0.0,0.0,0.0,0.0,0.0,2.411666,0.003107156336587975,2.425274,0.003411969488921969,1.662052,0.000749575430938532,0.935092,0.008415288207977975,0.24507,0.008619110728491667,0.002149,0.023754998366519276,0.344733,0.14697577163268552,1.756926,0.18613029198789754,123.885872,60.62197404243993,0.000279,7.617304860207005e-06,2.372455,0.0,-3e-06,0.0,1.0,0.0,2.383364,0.0,-1e-05,0.0,1.0,0.0,0.601327,0.0,0.601158,0.0,0.107461,0.0,0.0,0.0,-0.496233,0.0,0.0459783,165.158,0.0,11.832,341.039,0.0,21.8937,-18.3522,0.0,1.79049,7.72069,0.0,0.495646,0.470541,2.46216,0.184428,0.0557401,35.8879,0.495931,16.0076,400.005,401.893,0.0,1.0,221.207,5.5276,5.55832,0.0,1.0,294.503,293.762,97738.8,1.1567,1008.54,0.0249884,0.500301,0.00398614,540.406,2421.01,0.00344614,22.3215,1880.61,271.471,-0.371268,4.13961,-0.0888403,4.15703,4.86583e-14,0.00224193,4.15703,12.9522,114.575,95.1196,,,0.654987,3.26559,-145.913,-0.0365285,0.48428,0.216149,0.0,59.9441,-9.09675,20.5769,51.2393,78.1432,109.597,164.196,-0.477311,1.03964,170.683,1.0728,265.904,1.25776,-23.5451,1.2383,6.01972,1.25776,800000099.0,800000099.0,800000099.0,800100099.0,800000099.0,800000099.0,800000199.0,800000199.0,80000.0,80000.0,80.0,81.0,6.0,9.0,3.0,2.0,5.0,2.0,3.22594,2.6199,0.685336,0.178026,0.0056033,454.15,0.14631,-0.0235451,6.01972,,14.0472,26.0734,845.564,124.747,0.348653,0.0331094,0.0685541,556.472,294.416,293.641,97760.2,22.3215,286.413,287.115,106.773,9.3451,10.2384,58.0662,33.5764,39.5895,73.8416,0.0,9.79175,0.06299199999999999,126000.0,62.99199999999999,1,-18.167772,2.316913614701963,20.669113614701963,1.7863283951292586
2023-09-13 12:30:00,Nit-S,spring,noon,Yng,0.068835,0.04738219647012297,2.918821,0.0009523243880107065,0.067249,0.04462651414376137,1.839832,1.0805763533850783,0.884745,0.09969035645283517,0.833819,0.10914631746081344,3.41893,0.26282006948079534,2.499249,0.20381847541434195,8.54907,1.118523728718652,9.070678,1.021988891583168,35.049774,2.69335402700049,0.441786,0.0,0.0,0.0,0.0,0.0,0.0,0.0,186.756851,81.08185435234833,267.404083,94.7445039863445,0.247583,0.14279141647320168,0.5,0.0,0.8,0.0,156.449799,92.57129271630667,23.02,2.821703090924581,22.53,2.855920925609344,27.89,1.032808791596972,26.22,1.3126827491819952,97.6,0.03220765954448818,156.3,0.13453624047074073,155.9,0.9376388786023424,0.3,0.6252466180103122,1710.0,292.7993510921771,3.628,0.019619038372628454,,,,,,,,,,,,,,,,,,,,,,,,,,,-0.03,0.061441028637222526,0.001,0.0018929694486000913,-0.0,0.0019364916731037084,0.002,0.00856648208920181,-1.638,3.2161459191605926,-2.262,3.026731519312541,-6.3580000000000005,15.814887495300464,1.0,0.0,150.0,0.0,2.0,0.0,55537.0,0.0,55537.0,0.0,55537.0,0.0,0.0,0.0,,,0.0,0.0,0.0,0.0,0.0,0.0,0.0,0.0,2.411503,0.004411776225059761,2.423747,0.004436085553728619,1.662684,0.001001515747920763,0.935084,0.0023421410738894556,0.243098,0.009733364065077067,-0.025908,0.01691306024694132,0.331735,0.1493530816211816,1.539282,0.24516929842313048,186.756851,81.08185435234833,0.000279,9.099999999999986e-06,2.372455,0.0,-3e-06,0.0,1.0,0.0,2.383364,0.0,-1e-05,0.0,1.0,0.0,0.601327,0.0,0.601158,0.0,0.107461,0.0,0.0,0.0,-0.496233,0.0,0.0459783,165.158,0.0,11.832,341.039,0.0,21.8937,-18.3522,0.0,1.79049,7.72069,0.0,0.495646,0.470541,2.46216,0.184428,0.0557401,35.8879,0.495931,16.0076,400.005,401.893,0.0,1.0,221.207,5.5276,5.55832,0.0,1.0,294.503,293.762,97738.8,1.1567,1008.54,0.0249884,0.500301,0.00398614,540.406,2421.01,0.00344614,22.3215,1880.61,271.471,-0.371268,4.13961,-0.0888403,4.15703,4.86583e-14,0.00224193,4.15703,12.9522,114.575,95.1196,,,0.654987,3.26559,-145.913,-0.0365285,0.48428,0.216149,0.0,59.9441,-9.09675,20.5769,51.2393,78.1432,109.597,164.196,-0.477311,1.03964,170.683,1.0728,265.904,1.25776,-23.5451,1.2383,6.01972,1.25776,800000099.0,800000099.0,800000099.0,800100099.0,800000099.0,800000099.0,800000199.0,800000199.0,80000.0,80000.0,80.0,81.0,6.0,9.0,3.0,2.0,5.0,2.0,3.22594,2.6199,0.685336,0.178026,0.0056033,454.15,0.14631,-0.0235451,6.01972,,14.0472,26.0734,845.564,124.747,0.348653,0.0331094,0.0685541,556.472,294.416,293.641,97760.2,22.3215,286.413,287.115,106.773,9.3451,10.2384,58.0662,33.5764,39.5895,73.8416,0.0,9.79175,0.06299199999999999,126000.0,62.99199999999999,1,-18.167772,2.316913614701963,20.669113614701963,1.7863283951292586
2023-09-13 15:30:00,Rep-S,spring,afternoon,Mid,0.109731,0.046558655813572054,2.918606,0.0007158604379813089,0.105755,0.04307698976627003,1.973049,0.8040275573088422,1.049377,0.04503957837791109,0.997349,0.03989097887150259,2.908077,0.33981481001066344,1.821636,0.34936380372794307,10.235647,0.40944850215105155,10.771347,0.46262716922568814,29.845871,3.490621785265403,0.441786,0.0,0.0,0.0,0.0,0.0,0.0,0.0,114.446281,43.16083766900773,320.429932,105.3641924570608,0.571379,0.1929049327741776,0.5,0.0,0.8,0.0,354.581848,118.2155119686257,32.52,2.892994008520127,31.13,2.8867325820033987,25.11,1.7243102969013442,23.51,1.9388043566418272,97.44,0.020000000000003265,156.3,0.08621678104252639,156.0,5.5370058094003545,0.2,3.531987164944592,1600.0,213.59989856427052,3.685,0.035019042438841,,,,,,,,,,,,,,,,,,,,,,,,,,,-0.07,0.0040824829046386315,0.0,0.001118033988749895,0.0,0.002181742422927143,0.006500000000000001,0.005429366627703639,-0.261,2.1880350012435055,-0.047,2.295266946711573,10.537500000000001,37.94709210449219,1.0,0.0,150.0,0.0,2.0,0.0,55537.0,0.0,55537.0,0.0,55537.0,0.0,0.0,0.0,,,0.0,0.0,0.0,0.0,0.0,0.0,0.0,0.0,2.424868,0.004397023172177486,2.43842,0.004447973621774638,1.662458,0.0007521823249718254,0.935428,0.013549021118147262,0.271523,0.017797602397233176,-0.027899,0.02494294847593871,0.39599,0.12903216179790214,1.44754,0.17889962339954774,114.446281,43.16083766900773,0.000285,9.530652303663851e-06,2.372455,0.0,-3e-06,0.0,1.0,0.0,2.383364,0.0,-1e-05,0.0,1.0,0.0,0.601327,0.0,0.601158,0.0,0.107461,0.0,0.0,0.0,-0.38265,1.0,0.0716442,137.203,0.0,11.5796,210.378,0.0,17.1508,-13.6115,0.0,1.64331,4.7586,0.0,0.387939,-3.38449,-1.8166,0.146616,-0.04109,705.213,11.5685,15.9483,398.129,401.201,0.0,1.0,261.621,6.53104,6.57397,0.0,1.0,293.776,292.872,97539.0,1.1574,1009.07,0.0249637,0.308358,0.00471441,637.202,2291.4,0.00407327,27.8085,1654.19,273.73,0.089461,2.99917,0.0355963,2.99992,-1.95353e-13,0.0442187,3.00024,11.1782,113.888,88.0901,,,0.574988,3.42109,-118.669,-0.0449147,0.652172,0.204314,0.0,60.8254,-9.23049,20.8794,51.9926,79.292,111.208,166.61,-0.369197,1.03644,140.197,1.05766,165.249,1.23671,-17.9559,1.21986,3.73781,1.23671,800000099.0,800000099.0,800000099.0,800000099.0,800000099.0,800000099.0,800000199.0,801000199.0,80000.0,80000.0,80.0,81.0,5.0,2.0,0.0,6.0,14.0,4.0,4.45514,1.87624,0.510799,0.197601,0.00477735,277.103,0.120042,-0.0179559,3.73781,,14.0385,23.503,585.743,84.9716,0.441827,0.0169619,0.0436895,460.001,294.313,293.741,97536.7,27.8085,288.53,289.247,48.8308,8.87946,9.39617,63.7017,51.6069,60.2349,55.6343,0.0,9.137815,0.06299199999999999,136800.0,62.99199999999999,1,-13.464884,2.1241009892089,15.7356009892089,2.206474610951974
2023-09-13 15:30:00,Rep-S,spring,afternoon,Old,0.088725,0.045817486343898595,2.918895,0.0008399540106458416,0.086107,0.043220073545633855,1.453082,0.678751054863276,1.032663,0.061350434581237234,0.997855,0.05401425573565422,2.673774,0.14367213092373426,1.608943,0.13072689976913698,10.246763,0.5553044260785934,10.600679,0.6307319637689127,27.437677,1.4790054598858353,0.441786,0.0,0.0,0.0,0.0,0.0,0.0,0.0,121.854904,22.99830609664501,357.419006,81.95913678754845,0.657496,0.05525671813960723,0.5,0.0,0.8,0.0,343.33136,110.44497650019089,31.94,2.4442688068213787,31.41,2.318270763593705,25.06,1.6096414714670677,22.12,0.8872885663638406,97.44,0.024062418831027086,156.4,0.10279429296740394,156.0,0.3067572330035631,0.2,0.20615528128088303,1338.0,404.30853317732493,3.682,0.03630321381549186,,,,,,,,,,,,,,,,,,,,,,,,,,,-0.07,0.006904105059069331,0.0,0.0018027756377319946,0.001,0.002314447378245327,0.002,0.0064086994446165575,0.431,1.2108317003888969,0.484,1.5656311368475866,0.19849999999999995,12.873307166797284,1.0,0.0,150.0,0.0,2.0,0.0,55537.0,0.0,55537.0,0.0,55537.0,0.0,0.0,0.0,,,0.0,0.0,0.0,0.0,0.0,0.0,0.0,0.0,2.425262,0.003531711392040262,2.43769,0.0037531716529711034,1.662762,0.000882775949302365,0.935496,0.0007804129078037239,0.272092,0.016690670323067716,-0.038278,0.014133974442456024,0.406968,0.12754840912407858,1.22736,0.33851189894998274,121.854904,22.99830609664501,0.000281,6.08331050224025e-06,2.372455,0.0,-3e-06,0.0,1.0,0.0,2.383364,0.0,-1e-05,0.0,1.0,0.0,0.601327,0.0,0.601158,0.0,0.107461,0.0,0.0,0.0,-0.38265,1.0,0.0716442,137.203,0.0,11.5796,210.378,0.0,17.1508,-13.6115,0.0,1.64331,4.7586,0.0,0.387939,-3.38449,-1.8166,0.146616,-0.04109,705.213,11.5685,15.9483,398.129,401.201,0.0,1.0,261.621,6.53104,6.57397,0.0,1.0,293.776,292.872,97539.0,1.1574,1009.07,0.0249637,0.308358,0.00471441,637.202,2291.4,0.00407327,27.8085,1654.19,273.73,0.089461,2.99917,0.0355963,2.99992,-1.95353e-13,0.0442187,3.00024,11.1782,113.888,88.0901,,,0.574988,3.42109,-118.669,-0.0449147,0.652172,0.204314,0.0,60.8254,-9.23049,20.8794,51.9926,79.292,111.208,166.61,-0.369197,1.03644,140.197,1.05766,165.249,1.23671,-17.9559,1.21986,3.73781,1.23671,800000099.0,800000099.0,800000099.0,800000099.0,800000099.0,800000099.0,800000199.0,801000199.0,80000.0,80000.0,80.0,81.0,5.0,2.0,0.0,6.0,14.0,4.0,4.45514,1.87624,0.510799,0.197601,0.00477735,277.103,0.120042,-0.0179559,3.73781,,14.0385,23.503,585.743,84.9716,0.441827,0.0169619,0.0436895,460.001,294.313,293.741,97536.7,27.8085,288.53,289.247,48.8308,8.87946,9.39617,63.7017,51.6069,60.2349,55.6343,0.0,9.137815,0.06299199999999999,136800.0,62.99199999999999,1,-13.464884,2.1241009892089,15.7356009892089,2.206474610951974
2023-09-13 15:30:00,Rep-S,spring,afternoon,Yng,0.106351,0.02911693583495123,2.918573,0.0008710625350684919,0.102613,0.02707373450732893,2.184287,0.7896168561539559,1.004817,0.05516413398818727,0.948771,0.04155172158394887,2.886633,0.40358322586594164,1.945762,0.37270369971857914,9.74083,0.42734154370130023,10.312002,0.5673990444160624,29.627687,4.147241638290192,0.441786,0.0,0.0,0.0,0.0,0.0,0.0,0.0,112.682465,45.5957792860098,233.986618,73.27114533619299,0.371244,0.14528120673341294,0.5,0.0,0.8,0.0,220.889648,76.35702568342148,30.84,1.9158440263584442,29.23,2.216794006367456,25.19,1.7926602206404496,23.39,2.225186658837115,97.43,0.01680277754816779,156.3,0.1040832999733092,156.0,5.203995260054202,0.2,3.3218870139324927,1393.0,355.7513176363512,3.687,0.030508359510141057,,,,,,,,,,,,,,,,,,,,,,,,,,,-0.07,0.036819378955472166,-0.0,0.0016812693617224656,0.001,0.0019078784028338915,-0.001,0.008967618514309238,-0.824,1.793686643015812,-0.534,2.5739828690183626,2.084,9.815538406943443,1.0,0.0,150.0,0.0,2.0,0.0,55537.0,0.0,55537.0,0.0,55537.0,0.0,0.0,0.0,,,0.0,0.0,0.0,0.0,0.0,0.0,0.0,0.0,2.421987,0.00345196006977664,2.436166,0.0030465314167643647,1.662423,0.0009148527058129861,0.9353,0.012872861132760403,0.270648,0.018439408244933817,-0.025178,0.01653131373605861,0.386212,0.13059209561646523,1.273706,0.2978712254796526,112.682465,45.5957792860098,0.000277,6.6778239968820205e-06,2.372455,0.0,-3e-06,0.0,1.0,0.0,2.383364,0.0,-1e-05,0.0,1.0,0.0,0.601327,0.0,0.601158,0.0,0.107461,0.0,0.0,0.0,-0.38265,1.0,0.0716442,137.203,0.0,11.5796,210.378,0.0,17.1508,-13.6115,0.0,1.64331,4.7586,0.0,0.387939,-3.38449,-1.8166,0.146616,-0.04109,705.213,11.5685,15.9483,398.129,401.201,0.0,1.0,261.621,6.53104,6.57397,0.0,1.0,293.776,292.872,97539.0,1.1574,1009.07,0.0249637,0.308358,0.00471441,637.202,2291.4,0.00407327,27.8085,1654.19,273.73,0.089461,2.99917,0.0355963,2.99992,-1.95353e-13,0.0442187,3.00024,11.1782,113.888,88.0901,,,0.574988,3.42109,-118.669,-0.0449147,0.652172,0.204314,0.0,60.8254,-9.23049,20.8794,51.9926,79.292,111.208,166.61,-0.369197,1.03644,140.197,1.05766,165.249,1.23671,-17.9559,1.21986,3.73781,1.23671,800000099.0,800000099.0,800000099.0,800000099.0,800000099.0,800000099.0,800000199.0,801000199.0,80000.0,80000.0,80.0,81.0,5.0,2.0,0.0,6.0,14.0,4.0,4.45514,1.87624,0.510799,0.197601,0.00477735,277.103,0.120042,-0.0179559,3.73781,,14.0385,23.503,585.743,84.9716,0.441827,0.0169619,0.0436895,460.001,294.313,293.741,97536.7,27.8085,288.53,289.247,48.8308,8.87946,9.39617,63.7017,51.6069,60.2349,55.6343,0.0,9.137815,0.06299199999999999,136800.0,62.99199999999999,1,-13.464884,2.1241009892089,15.7356009892089,2.206474610951974
2023-09-13 09:30:00,Rep-S,spring,morning,Mid,0.141686,0.036125211382449604,2.918179,0.0009050466139007075,0.135124,0.033008664187452366,2.781411,0.8798066195941525,1.006603,0.07349711518379481,0.933413,0.0699176777318631,3.24075,0.48054661839262075,2.237608,0.42516261282204326,9.547709,0.7158011799695335,10.29715,0.7526195423222769,33.148876,4.918029385547315,0.441786,0.0,0.0,0.0,0.0,0.0,0.0,0.0,126.490112,58.67517423280493,324.623108,90.80351752912513,0.401025,0.19253088475145144,0.5,0.0,0.8,0.0,283.40509,122.83393609475156,29.89,2.6757408942820518,27.49,2.867189390326353,26.37,1.7482212865271565,25.32,2.6425244874299,97.75,0.013012814197293781,156.3,0.12355835328566929,155.8,6.422413876417501,0.3,4.085861802198731,1522.0,340.4743015265617,3.712,0.04056989852916398,,,,,,,,,,,,,,,,,,,,,,,,,,,0.08,0.19433647796197878,0.0,0.0019467922333931784,-0.0,0.0025839246635044654,0.003,0.012280350872180308,-0.167,2.0278151855301476,-0.225,2.2161868250067123,-8.779,10.571039535984388,1.0,0.0,150.0,0.0,2.0,0.0,55537.0,0.0,55537.0,0.0,55537.0,0.0,0.0,0.0,,,0.0,0.0,0.0,0.0,0.0,0.0,0.0,0.0,2.419149,0.00438040144583436,2.434199,0.004277172586339632,1.662009,0.0009514317579311393,0.934863,0.015787295742357713,0.258236,0.018720828742606437,-0.015456,0.020363093942473477,0.662958,0.0969050697212139,1.381695,0.28501214766428823,126.490112,58.67517423280493,0.000279,1.63528794610205e-05,2.372455,0.0,-3e-06,0.0,1.0,0.0,2.383364,0.0,-1e-05,0.0,1.0,0.0,0.601327,0.0,0.601158,0.0,0.107461,0.0,0.0,0.0,-0.0432038,0.0,0.00434749,31.7966,0.0,2.5376,140.113,0.0,7.39278,-8.41232,0.0,0.531424,3.16067,0.0,0.166766,3.15441,-8.08573,0.135381,-0.182397,320.556,5.54916,16.0848,396.234,398.235,0.0,1.0,278.445,6.85925,6.90662,0.0,1.0,290.912,290.057,97894.2,1.17274,1009.18,0.0246341,0.204811,0.00501758,671.66,1920.48,0.0042785,34.9736,1248.82,274.46,1.0928,-2.15929,0.188354,2.42694,-4.37449e-15,0.0199291,2.42702,4.11663,272.903,297.053,,,0.191937,0.275073,-19.0961,-0.279115,0.226935,0.139975,0.0,,,,,,,,-0.0416768,1.03664,36.7063,1.05123,104.809,1.31676,-8.63719,1.29148,2.36427,1.31676,800000099.0,800000099.0,800000099.0,800000099.0,800000099.0,800000099.0,800000199.0,800000199.0,80000.0,80000.0,80.0,80.0,4.0,3.0,3.0,6.0,5.0,1.0,0.230012,0.245759,0.0743746,0.0760011,0.00554775,576.178,0.0310148,-0.00863719,2.36427,,13.9642,18.8031,517.007,84.7308,0.354799,0.0380529,0.079905,52.038,289.418,289.258,97926.8,34.9736,282.128,282.469,-1.55033,9.04825,10.1634,-9.5878,-16.4156,-5.50465,-9.07764,0.0,9.605825,0.06299199999999999,115200.0,62.99199999999999,1,-8.276938999999999,2.5165104092746073,10.928830409274607,2.3072318001866514
2023-09-13 09:30:00,Rep-S,spring,morning,Old,0.156212,0.05420457384836943,2.918451,0.0010029096203878864,0.148271,0.049147791160098604,3.11859,1.0182348214555226,1.004161,0.07649848492155467,0.948962,0.07193465614593104,2.926395,0.46992205117733105,1.94312,0.41329426315299056,9.707035,0.7360879808692475,10.27317,0.7830534816192155,29.939383,4.808834640976452,0.441786,0.0,0.0,0.0,0.0,0.0,0.0,0.0,128.305084,50.92427198462288,269.715057,99.34105820816623,0.558925,0.194035484211282,0.5,0.0,0.8,0.0,301.093567,108.12576425959843,30.82,2.448160329716993,27.89,2.608959434972752,26.51,1.8197423810345639,23.61,2.5571558419462814,97.75,0.010770329614271134,156.3,0.12741009902410375,155.7,1.7437316307276174,0.4,1.1254628677422756,1482.0,324.0219797071384,3.709,0.041503935556362045,,,,,,,,,,,,,,,,,,,,,,,,,,,0.08,0.19634323687529107,0.0,0.0017767010628315237,-0.0,0.0023678400846904053,0.0095,0.007914676573503044,-0.218,2.15604239058512,-0.175,2.4422764257962286,-2.7195,8.556627486771198,1.0,0.0,150.0,0.0,2.0,0.0,55537.0,0.0,55537.0,0.0,55537.0,0.0,0.0,0.0,,,0.0,0.0,0.0,0.0,0.0,0.0,0.0,0.0,2.419698,0.003984608639502853,2.43556,0.003904225122436761,1.662295,0.0010539542083664922,0.934555,0.004339534524577504,0.256765,0.01939806877870409,-0.02003,0.018635622565845947,0.672758,0.09643707106706086,1.348316,0.2713088418732853,128.305084,50.92427198462288,0.000279,7.863417408056979e-06,2.372455,0.0,-3e-06,0.0,1.0,0.0,2.383364,0.0,-1e-05,0.0,1.0,0.0,0.601327,0.0,0.601158,0.0,0.107461,0.0,0.0,0.0,-0.0432038,0.0,0.00434749,31.7966,0.0,2.5376,140.113,0.0,7.39278,-8.41232,0.0,0.531424,3.16067,0.0,0.166766,3.15441,-8.08573,0.135381,-0.182397,320.556,5.54916,16.0848,396.234,398.235,0.0,1.0,278.445,6.85925,6.90662,0.0,1.0,290.912,290.057,97894.2,1.17274,1009.18,0.0246341,0.204811,0.00501758,671.66,1920.48,0.0042785,34.9736,1248.82,274.46,1.0928,-2.15929,0.188354,2.42694,-4.37449e-15,0.0199291,2.42702,4.11663,272.903,297.053,,,0.191937,0.275073,-19.0961,-0.279115,0.226935,0.139975,0.0,,,,,,,,-0.0416768,1.03664,36.7063,1.05123,104.809,1.31676,-8.63719,1.29148,2.36427,1.31676,800000099.0,800000099.0,800000099.0,800000099.0,800000099.0,800000099.0,800000199.0,800000199.0,80000.0,80000.0,80.0,80.0,4.0,3.0,3.0,6.0,5.0,1.0,0.230012,0.245759,0.0743746,0.0760011,0.00554775,576.178,0.0310148,-0.00863719,2.36427,,13.9642,18.8031,517.007,84.7308,0.354799,0.0380529,0.079905,52.038,289.418,289.258,97926.8,34.9736,282.128,282.469,-1.55033,9.04825,10.1634,-9.5878,-16.4156,-5.50465,-9.07764,0.0,9.605825,0.06299199999999999,115200.0,62.99199999999999,1,-8.276938999999999,2.5165104092746073,10.928830409274607,2.3072318001866514
2023-09-13 09:30:00,Rep-S,spring,morning,Yng,0.156023,0.0437244403528126,2.918751,0.001042701779033699,0.148103,0.038787264276778616,3.44884,0.8331854676695081,0.979828,0.0643377265976192,0.894774,0.06692956986023939,3.063756,0.2892530622705257,2.038409,0.2849769015904154,9.155852,0.6849030810235439,10.023332,0.6584186174284766,31.34165,2.9613107399026406,0.441786,0.0,0.0,0.0,0.0,0.0,0.0,0.0,178.097961,67.04543824232562,267.134796,75.42290848640977,0.3001,0.12214486405892525,0.5,0.0,0.8,0.0,166.947052,74.88730631497845,28.83,3.183643196088403,26.24,3.1441565906720794,26.29,1.7072907387632208,24.38,1.5695086279894555,97.75,0.01394034911088846,156.3,0.1350308606702008,155.8,5.155537476021937,0.4,3.293033049737987,1475.0,249.49062774648138,3.715,0.04144502382675134,,,,,,,,,,,,,,,,,,,,,,,,,,,0.08,0.19433647796197878,0.0,0.0021197484127446196,0.0,0.0017194960502038578,0.007,0.01313736945474535,-1.301,2.433891071925775,-1.246,2.5253743286887196,-6.133,10.88089716845427,1.0,0.0,150.0,0.0,2.0,0.0,55537.0,0.0,55537.0,0.0,55537.0,0.0,0.0,0.0,,,0.0,0.0,0.0,0.0,0.0,0.0,0.0,0.0,2.41731,0.004818223276617184,2.432561,0.004998783791083297,1.66261,0.001096333331306363,0.934802,0.012619031363645426,0.259051,0.018330334823728686,-0.019132,0.015761038601775794,0.655411,0.09679203751041028,1.342301,0.20893633776025336,178.097961,67.04543824232562,0.000273,7.589027166464302e-06,2.372455,0.0,-3e-06,0.0,1.0,0.0,2.383364,0.0,-1e-05,0.0,1.0,0.0,0.601327,0.0,0.601158,0.0,0.107461,0.0,0.0,0.0,-0.0432038,0.0,0.00434749,31.7966,0.0,2.5376,140.113,0.0,7.39278,-8.41232,0.0,0.531424,3.16067,0.0,0.166766,3.15441,-8.08573,0.135381,-0.182397,320.556,5.54916,16.0848,396.234,398.235,0.0,1.0,278.445,6.85925,6.90662,0.0,1.0,290.912,290.057,97894.2,1.17274,1009.18,0.0246341,0.204811,0.00501758,671.66,1920.48,0.0042785,34.9736,1248.82,274.46,1.0928,-2.15929,0.188354,2.42694,-4.37449e-15,0.0199291,2.42702,4.11663,272.903,297.053,,,0.191937,0.275073,-19.0961,-0.279115,0.226935,0.139975,0.0,,,,,,,,-0.0416768,1.03664,36.7063,1.05123,104.809,1.31676,-8.63719,1.29148,2.36427,1.31676,800000099.0,800000099.0,800000099.0,800000099.0,800000099.0,800000099.0,800000199.0,800000199.0,80000.0,80000.0,80.0,80.0,4.0,3.0,3.0,6.0,5.0,1.0,0.230012,0.245759,0.0743746,0.0760011,0.00554775,576.178,0.0310148,-0.00863719,2.36427,,13.9642,18.8031,517.007,84.7308,0.354799,0.0380529,0.079905,52.038,289.418,289.258,97926.8,34.9736,282.128,282.469,-1.55033,9.04825,10.1634,-9.5878,-16.4156,-5.50465,-9.07764,0.0,9.605825,0.06299199999999999,115200.0,62.99199999999999,1,-8.276938999999999,2.5165104092746073,10.928830409274607,2.3072318001866514
2023-09-13 12:30:00,Rep-S,spring,noon,Mid,0.120831,0.04282299018926632,2.918159,0.0009683358542709952,0.116029,0.03962471530215285,2.755142,1.0126518962448248,0.902246,0.10682846005937123,0.847128,0.10614415339767894,3.254888,0.22474260609472782,2.342183,0.2391344916330769,8.682772,1.0865551571175645,9.247518,1.093694623280646,33.358231,2.300641870571595,0.441786,0.0,0.0,0.0,0.0,0.0,0.0,0.0,123.208878,86.83997985924117,320.0755,79.23216367338189,0.546767,0.24216221745591668,0.5,0.0,0.8,0.0,268.642151,161.22908801187117,24.87,2.39704679414761,22.85,2.0016311681559458,27.56,1.5184366960792284,25.39,1.2095876707925437,97.57,0.025311394008772452,156.3,0.1290994448735791,155.8,1.8564033326121103,0.3,1.2162099599438685,1900.0,570.2244938033908,3.622,0.02508007177023219,,,,,,,,,,,,,,,,,,,,,,,,,,,-0.02,0.042524502740576904,-0.0,0.0024576411454889013,0.0,0.002207562758639793,0.0045000000000000005,0.00858931404650416,-0.655,3.319260928279065,0.094,2.792454056321548,-2.7104999999999997,21.526538548596488,1.0,0.0,150.0,0.0,2.0,0.0,55537.0,0.0,55537.0,0.0,55537.0,0.0,0.0,0.0,,,0.0,0.0,0.0,0.0,0.0,0.0,0.0,0.0,2.412179,0.0030578917339674112,2.426777,0.0037068234078071593,1.661988,0.001018357866043828,0.934844,0.004610481169032156,0.246348,0.01447557764454784,-0.034613,0.02351653916126549,0.432487,0.13792222751635555,1.698724,0.4774707496443386,123.208878,86.83997985924117,0.000285,9.7993197042788e-06,2.372455,0.0,-3e-06,0.0,1.0,0.0,2.383364,0.0,-1e-05,0.0,1.0,0.0,0.601327,0.0,0.601158,0.0,0.107461,0.0,0.0,0.0,-0.496233,0.0,0.0459783,165.158,0.0,11.832,341.039,0.0,21.8937,-18.3522,0.0,1.79049,7.72069,0.0,0.495646,0.470541,2.46216,0.184428,0.0557401,35.8879,0.495931,16.0076,400.005,401.893,0.0,1.0,221.207,5.5276,5.55832,0.0,1.0,294.503,293.762,97738.8,1.1567,1008.54,0.0249884,0.500301,0.00398614,540.406,2421.01,0.00344614,22.3215,1880.61,271.471,-0.371268,4.13961,-0.0888403,4.15703,4.86583e-14,0.00224193,4.15703,12.9522,114.575,95.1196,,,0.654987,3.26559,-145.913,-0.0365285,0.48428,0.216149,0.0,59.9441,-9.09675,20.5769,51.2393,78.1432,109.597,164.196,-0.477311,1.03964,170.683,1.0728,265.904,1.25776,-23.5451,1.2383,6.01972,1.25776,800000099.0,800000099.0,800000099.0,800100099.0,800000099.0,800000099.0,800000199.0,800000199.0,80000.0,80000.0,80.0,81.0,6.0,9.0,3.0,2.0,5.0,2.0,3.22594,2.6199,0.685336,0.178026,0.0056033,454.15,0.14631,-0.0235451,6.01972,,14.0472,26.0734,845.564,124.747,0.348653,0.0331094,0.0685541,556.472,294.416,293.641,97760.2,22.3215,286.413,287.115,106.773,9.3451,10.2384,58.0662,33.5764,39.5895,73.8416,0.0,9.79175,0.06299199999999999,126000.0,62.99199999999999,1,-18.167772,2.316913614701963,20.669113614701963,1.7863283951292586
2023-09-13 12:30:00,Rep-S,spring,noon,Old,0.079523,0.05418628385726895,2.9181965,0.0008326874121274889,0.0774135,0.05074367263537707,1.9712065,1.3484472960362215,0.923534,0.12646969794609425,0.831186,0.11508553544316276,3.3107445,0.4045722405086897,2.4056725,0.3505287218963699,8.519827,1.1777815530392135,9.466631,1.2942926126689023,33.932767999999996,4.137003813873442,0.441786,0.0,0.0,0.0,0.0,0.0,0.0,0.0,154.2921065,71.23924939172207,312.4419555,102.57213676492177,0.3149235,0.23987436794409472,0.5,0.0,0.8,0.0,235.317345,126.45153708065223,25.6,2.504946895119419,23.54,2.118845018052597,27.72,1.4351800730588695,25.675,1.8998849688170165,97.585,0.0318673236370748,156.3,0.10195458225164436,155.8,0.4473312678070878,0.3,0.2818640956579121,1886.5,548.3237614479433,3.6310000000000002,0.031741720843477414,,,,,,,,,,,,,,,,,,,,,,,,,,,-0.015,0.047572659109375436,0.0,0.0013992479182911458,0.001,0.0018666040089734591,0.0,0.00412310562561766,-1.8725,4.160174324219448,-0.3785,2.653240995263598,-10.697,20.63997027200298,1.0,0.0,150.0,0.0,2.0,0.0,55537.0,0.0,55537.0,0.0,55537.0,0.0,0.0,0.0,,,0.0,0.0,0.0,0.0,0.0,0.0,0.0,0.0,2.4132825,0.003228554401536882,2.4277075000000004,0.003881890001898835,1.6620275,0.0008747374508357589,0.9348715000000001,0.0011151591767427998,0.244796,0.013636048229060452,-0.023634000000000002,0.016692400651903975,0.3783965,0.14254134910790844,1.6870905,0.4591273388405299,154.2921065,71.23924939172207,0.000286,9.670356222688194e-06,2.372455,0.0,-3e-06,0.0,1.0,0.0,2.383364,0.0,-1e-05,0.0,1.0,0.0,0.601327,0.0,0.601158,0.0,0.107461,0.0,0.0,0.0,-0.496233,0.0,0.0459783,165.158,0.0,11.832,341.039,0.0,21.8937,-18.3522,0.0,1.79049,7.72069,0.0,0.495646,0.470541,2.46216,0.184428,0.0557401,35.8879,0.495931,16.0076,400.005,401.893,0.0,1.0,221.207,5.5276,5.55832,0.0,1.0,294.503,293.762,97738.8,1.1567,1008.54,0.0249884,0.500301,0.00398614,540.406,2421.01,0.00344614,22.3215,1880.61,271.471,-0.371268,4.13961,-0.0888403,4.15703,4.86583e-14,0.00224193,4.15703,12.9522,114.575,95.1196,,,0.654987,3.26559,-145.913,-0.0365285,0.48428,0.216149,0.0,59.9441,-9.09675,20.5769,51.2393,78.1432,109.597,164.196,-0.477311,1.03964,170.683,1.0728,265.904,1.25776,-23.5451,1.2383,6.01972,1.25776,800000099.0,800000099.0,800000099.0,800100099.0,800000099.0,800000099.0,800000199.0,800000199.0,80000.0,80000.0,80.0,81.0,6.0,9.0,3.0,2.0,5.0,2.0,3.22594,2.6199,0.685336,0.178026,0.0056033,454.15,0.14631,-0.0235451,6.01972,,14.0472,26.0734,845.564,124.747,0.348653,0.0331094,0.0685541,556.472,294.416,293.641,97760.2,22.3215,286.413,287.115,106.773,9.3451,10.2384,58.0662,33.5764,39.5895,73.8416,0.0,9.79175,0.06299199999999999,126000.0,62.99199999999999,1,-18.167772,2.316913614701963,20.669113614701963,1.7863283951292586
2023-09-13 12:30:00,Rep-S,spring,noon,Yng,0.133681,0.03332397071999564,2.918421,0.0009661132111620082,0.1278245,0.030053395972146315,3.2678525,0.7481614187200645,0.9324049999999999,0.09169456279675743,0.8382525000000001,0.09136195532328048,3.464828,0.32354275463891613,2.5675784999999998,0.28791071301874294,8.591324,0.9360292498979796,9.55635,0.9395940338894108,35.505308,3.3122807181381106,0.441786,0.0,0.0,0.0,0.0,0.0,0.0,0.0,147.74089800000002,79.78814808236922,208.80103300000002,91.3901614648739,0.269919,0.14346582697553698,0.5,0.0,0.8,0.0,205.6561735,113.61271217170447,25.56,2.5046510528518193,23.195,2.2776176301050874,27.205,1.546411493020896,26.450000000000003,1.5559069499110825,97.57,0.02476556749467866,156.3,0.12242755305537541,155.8,3.6381693009079386,0.3,2.3367749659261823,1974.5,202.57267462752012,3.6205,0.024123818534586415,,,,,,,,,,,,,,,,,,,,,,,,,,,-0.025,0.05105327395583161,-0.0,0.002333169123942699,0.001,0.0023596220231117573,0.0015,0.007909188527143271,-1.462,2.4450540527132842,-2.6115000000000004,2.5672376988309535,-9.5185,13.77069062251609,1.0,0.0,150.0,0.0,2.0,0.0,55537.0,0.0,55537.0,0.0,55537.0,0.0,0.0,0.0,,,0.0,0.0,0.0,0.0,0.0,0.0,0.0,0.0,2.412696,0.003531151646987632,2.4277585,0.0039165787386560595,1.6622635,0.0010165147063746066,0.9348240000000001,0.008956845542896816,0.249859,0.01472905807668762,-0.011335499999999998,0.018683587670472443,0.449908,0.13447522567150536,1.760865,0.16965060927894496,147.74089800000002,79.78814808236922,0.0002735,1.0069243028769045e-05,2.372455,0.0,-3e-06,0.0,1.0,0.0,2.383364,0.0,-1e-05,0.0,1.0,0.0,0.601327,0.0,0.601158,0.0,0.107461,0.0,0.0,0.0,-0.496233,0.0,0.0459783,165.158,0.0,11.832,341.039,0.0,21.8937,-18.3522,0.0,1.79049,7.72069,0.0,0.495646,0.470541,2.46216,0.184428,0.0557401,35.8879,0.495931,16.0076,400.005,401.893,0.0,1.0,221.207,5.5276,5.55832,0.0,1.0,294.503,293.762,97738.8,1.1567,1008.54,0.0249884,0.500301,0.00398614,540.406,2421.01,0.00344614,22.3215,1880.61,271.471,-0.371268,4.13961,-0.0888403,4.15703,4.86583e-14,0.00224193,4.15703,12.9522,114.575,95.1196,,,0.654987,3.26559,-145.913,-0.0365285,0.48428,0.216149,0.0,59.9441,-9.09675,20.5769,51.2393,78.1432,109.597,164.196,-0.477311,1.03964,170.683,1.0728,265.904,1.25776,-23.5451,1.2383,6.01972,1.25776,800000099.0,800000099.0,800000099.0,800100099.0,800000099.0,800000099.0,800000199.0,800000199.0,80000.0,80000.0,80.0,81.0,6.0,9.0,3.0,2.0,5.0,2.0,3.22594,2.6199,0.685336,0.178026,0.0056033,454.15,0.14631,-0.0235451,6.01972,,14.0472,26.0734,845.564,124.747,0.348653,0.0331094,0.0685541,556.472,294.416,293.641,97760.2,22.3215,286.413,287.115,106.773,9.3451,10.2384,58.0662,33.5764,39.5895,73.8416,0.0,9.79175,0.06299199999999999,126000.0,62.99199999999999,1,-18.167772,2.316913614701963,20.669113614701963,1.7863283951292586
2023-11-21 15:30:00,Nit-A,spring,afternoon,Mid,0.085598,0.027554162778486543,2.922178,0.0009751721694141795,0.08316,0.026073852886368754,1.398002,0.4180266820274076,1.183615,0.04079590410167835,1.152861,0.0350347017278108,2.65673,0.3062228560155877,1.45218,0.3019477140089655,11.861106,0.3594484551646546,12.177515,0.4186767554963016,27.337536,3.1502080225070586,0.441786,0.0,0.0,0.0,0.0,0.0,0.0,0.0,108.041885,50.48018557952565,242.992401,106.38068196563691,0.491481,0.17319808347212357,0.5,0.0,0.8,0.0,174.806335,139.0276500792691,37.66,1.8132951589118975,36.12,1.6963735830686995,25.33,0.8281058708482466,22.02,1.721943475649922,97.19,0.01154700538378881,156.8,0.12274635093015542,158.2,3.465121450492994,-0.9,2.2318676782760516,1546.0,720.9362385121169,3.767,0.025804263213662797,,,,,,,,,,,,,,,,,,,,,,,,,,,-0.05,0.03188521078284832,0.0,0.001933907960581372,-0.0,0.002081665999466133,0.0025,0.004898979485566357,-0.139,1.9899858064820461,-0.088,2.182603071258415,-8.6865,25.192962774496028,1.0,0.0,150.0,0.0,2.0,0.0,55537.0,0.0,55537.0,0.0,55537.0,0.0,0.0,0.0,,,0.0,0.0,0.0,0.0,0.0,0.0,0.0,0.0,2.427658,0.0024846704509853203,2.437741,0.0026682936195253195,1.630579,0.0010094165922287335,0.932874,0.00859468508963535,0.269194,0.008944038107402392,-0.038235,0.025149261779556602,0.37526,0.09278398907498356,1.431354,0.6174846902331858,108.041885,50.48018557952565,0.000384,5.916643192441688e-06,2.368943,0.0,-3.2e-05,0.0,1.0,0.0,2.376554,0.0,-3.1e-05,0.0,1.0,0.0,0.600907,0.0,0.601234,0.0,0.107129,0.0,0.0,0.0,-0.854352,1.0,0.0648925,150.856,0.0,9.4868,216.908,0.0,9.36627,-16.3105,0.0,1.16439,4.90449,0.0,0.21178,-1.55549,-0.30014,-0.0469045,-0.00678644,405.658,11.0616,15.7577,393.471,397.837,0.0,1.0,429.686,10.7293,10.8457,0.0,1.0,294.074,292.49,97387.1,1.15527,1011.37,0.0249701,0.317811,0.00774294,1045.17,2237.66,0.0067023,46.7084,1192.48,280.775,0.299714,5.25793,0.00372022,5.26641,-8.04008e-14,0.0257435,5.26647,14.5903,122.177,86.6408,,,0.859959,6.06467,-360.918,-0.0147679,0.695483,0.150139,0.0,63.2557,-9.5993,21.7136,54.07,82.4602,115.652,173.267,-0.81764,1.0449,147.924,1.08833,142.49,1.44706,-17.8468,1.41183,3.22184,1.44706,800000099.0,800000099.0,800000099.0,800100099.0,800000099.0,800000099.0,800000199.0,811000199.0,80000.0,80000.0,80.0,80.0,10.0,7.0,0.0,12.0,17.0,9.0,6.57076,4.53098,1.02759,0.141925,0.00273868,87.6266,0.126604,-0.0178468,3.22184,19.2284,14.1012,22.5086,526.092,78.9302,0.485666,0.024495,0.0707527,587.239,293.714,292.89,97408.5,46.7084,295.814,295.98,35.4549,5.25045,4.16509,37.9133,17.673,45.3228,23.7686,0.0,4.70777,0.01143,25200.0,11.43,1,-16.3574045,3.571141720506348,19.881641720506348,2.704918216062214
2023-11-21 15:30:00,Nit-A,spring,afternoon,Old,0.042347,0.020128491768138024,2.922089,0.001007706079833444,0.041742,0.01948198625594081,0.729838,0.3931552004749439,1.163878,0.03275107451926825,1.141099,0.03511995895674338,2.937773,0.28738513847768804,1.780729,0.2817106366041344,11.743235,0.3603768869348127,11.978804,0.3362503017123463,30.229212,2.9609624737842175,0.441786,0.0,0.0,0.0,0.0,0.0,0.0,0.0,59.865116,27.266960204315687,102.4282,66.72999402953467,0.402829,0.1457699498035403,0.5,0.0,0.8,0.0,174.102615,98.7289224324427,37.17,1.370449196431592,36.55,1.2923663051421104,25.14,0.6153454314448115,23.68,1.6415446993609402,97.19,0.024576411454886368,156.7,0.1354006400772771,158.3,1.7670597047072276,-0.9,1.120639698267616,1380.0,510.6236383090779,3.763,0.023133669546067548,,,,,,,,,,,,,,,,,,,,,,,,,,,-0.05,0.03188521078284832,-0.0,0.001392838827718412,-0.0,0.00180092568789868,0.003,0.00408656334834051,0.095,0.9903263721285692,0.603,1.5501571178432203,-0.174,6.949920661417654,1.0,0.0,150.0,0.0,2.0,0.0,55537.0,0.0,55537.0,0.0,55537.0,0.0,0.0,0.0,,,0.0,0.0,0.0,0.0,0.0,0.0,0.0,0.0,2.42831,0.0018695717896530751,2.437115,0.002020917586972319,1.630488,0.0010429330723174058,0.933122,0.00444921435873795,0.271173,0.006730507267905843,-0.013237,0.02325146623563053,0.382483,0.09104810025338256,1.28935,0.43734946820975634,59.865116,27.266960204315687,0.000385,5.083633870897219e-06,2.368943,0.0,-3.2e-05,0.0,1.0,0.0,2.376554,0.0,-3.1e-05,0.0,1.0,0.0,0.600907,0.0,0.601234,0.0,0.107129,0.0,0.0,0.0,-0.854352,1.0,0.0648925,150.856,0.0,9.4868,216.908,0.0,9.36627,-16.3105,0.0,1.16439,4.90449,0.0,0.21178,-1.55549,-0.30014,-0.0469045,-0.00678644,405.658,11.0616,15.7577,393.471,397.837,0.0,1.0,429.686,10.7293,10.8457,0.0,1.0,294.074,292.49,97387.1,1.15527,1011.37,0.0249701,0.317811,0.00774294,1045.17,2237.66,0.0067023,46.7084,1192.48,280.775,0.299714,5.25793,0.00372022,5.26641,-8.04008e-14,0.0257435,5.26647,14.5903,122.177,86.6408,,,0.859959,6.06467,-360.918,-0.0147679,0.695483,0.150139,0.0,63.2557,-9.5993,21.7136,54.07,82.4602,115.652,173.267,-0.81764,1.0449,147.924,1.08833,142.49,1.44706,-17.8468,1.41183,3.22184,1.44706,800000099.0,800000099.0,800000099.0,800100099.0,800000099.0,800000099.0,800000199.0,811000199.0,80000.0,80000.0,80.0,80.0,10.0,7.0,0.0,12.0,17.0,9.0,6.57076,4.53098,1.02759,0.141925,0.00273868,87.6266,0.126604,-0.0178468,3.22184,19.2284,14.1012,22.5086,526.092,78.9302,0.485666,0.024495,0.0707527,587.239,293.714,292.89,97408.5,46.7084,295.814,295.98,35.4549,5.25045,4.16509,37.9133,17.673,45.3228,23.7686,0.0,4.70777,0.01143,25200.0,11.43,1,-16.3574045,3.571141720506348,19.881641720506348,2.704918216062214
2023-11-21 15:30:00,Nit-A,spring,afternoon,Yng,0.090097,0.04008838508117616,2.921987,0.0009344178526404933,0.087404,0.03777730088183467,1.486099,0.7307469134819683,1.179617,0.04975012891199374,1.145168,0.040130424016449145,2.836188,0.24746220878528094,1.654989,0.23895834384412418,11.783715,0.411904521890389,12.135945,0.5108309785973475,29.184219,2.5457654727146912,0.441786,0.0,0.0,0.0,0.0,0.0,0.0,0.0,122.31517,47.632075320947216,244.468338,71.89550479247497,0.441937,0.16316967746160232,0.5,0.0,0.8,0.0,123.599838,109.32333823687306,37.83,2.053221046713349,35.88,1.7546631205637937,25.56,0.9891578910029156,23.1,1.4325908929860829,97.2,0.010440306508909722,156.7,0.11590225767143728,158.1,5.534521960687601,-0.9,3.5508825194121343,1761.0,731.9134170105095,3.771,0.02300166660628471,,,,,,,,,,,,,,,,,,,,,,,,,,,-0.05,0.03188521078284832,0.001,0.0015297058540778355,0.001,0.0021694853460363975,0.006500000000000001,0.004671426144361293,-0.537,3.2146356470575843,-1.18,2.282527763248456,-8.317499999999999,8.432063214632322,1.0,0.0,150.0,0.0,2.0,0.0,55537.0,0.0,55537.0,0.0,55537.0,0.0,0.0,0.0,,,0.0,0.0,0.0,0.0,0.0,0.0,0.0,0.0,2.427304,0.002595881098329928,2.437947,0.0030234525380763593,1.630381,0.0009676783694320654,0.932465,0.013687399628246898,0.266681,0.01057370326564918,-0.02075,0.020675388011272406,0.367702,0.09296321991070808,1.615462,0.626875565232628,122.31517,47.632075320947216,0.000388,5.642694391866356e-06,2.368943,0.0,-3.2e-05,0.0,1.0,0.0,2.376554,0.0,-3.1e-05,0.0,1.0,0.0,0.600907,0.0,0.601234,0.0,0.107129,0.0,0.0,0.0,-0.854352,1.0,0.0648925,150.856,0.0,9.4868,216.908,0.0,9.36627,-16.3105,0.0,1.16439,4.90449,0.0,0.21178,-1.55549,-0.30014,-0.0469045,-0.00678644,405.658,11.0616,15.7577,393.471,397.837,0.0,1.0,429.686,10.7293,10.8457,0.0,1.0,294.074,292.49,97387.1,1.15527,1011.37,0.0249701,0.317811,0.00774294,1045.17,2237.66,0.0067023,46.7084,1192.48,280.775,0.299714,5.25793,0.00372022,5.26641,-8.04008e-14,0.0257435,5.26647,14.5903,122.177,86.6408,,,0.859959,6.06467,-360.918,-0.0147679,0.695483,0.150139,0.0,63.2557,-9.5993,21.7136,54.07,82.4602,115.652,173.267,-0.81764,1.0449,147.924,1.08833,142.49,1.44706,-17.8468,1.41183,3.22184,1.44706,800000099.0,800000099.0,800000099.0,800100099.0,800000099.0,800000099.0,800000199.0,811000199.0,80000.0,80000.0,80.0,80.0,10.0,7.0,0.0,12.0,17.0,9.0,6.57076,4.53098,1.02759,0.141925,0.00273868,87.6266,0.126604,-0.0178468,3.22184,19.2284,14.1012,22.5086,526.092,78.9302,0.485666,0.024495,0.0707527,587.239,293.714,292.89,97408.5,46.7084,295.814,295.98,35.4549,5.25045,4.16509,37.9133,17.673,45.3228,23.7686,0.0,4.70777,0.01143,25200.0,11.43,1,-16.3574045,3.571141720506348,19.881641720506348,2.704918216062214
2023-11-21 09:30:00,Nit-A,spring,morning,Mid,0.042719,0.02337990516255359,2.922032,0.001133527936723821,0.042104,0.022925149069162744,0.552233,0.3238031128445597,1.314752,0.061028266442335236,1.299592,0.06612929816800817,2.413774,0.2889955962312519,1.113067,0.2922067919431772,13.369636,0.6808505888103294,13.536842,0.6280364683832804,24.830957,2.968240493624134,0.441786,0.0,0.0,0.0,0.0,0.0,0.0,0.0,84.914444,46.08843249858048,165.763382,36.413236794839165,0.422722,0.19942823001113294,0.5,0.0,0.8,0.0,91.633133,46.63828247221399,53.64,3.551645768748154,53.1,3.8244499386621986,21.01,0.5508941217088209,20.46,1.9267286610556589,97.2,0.034156502553201226,156.7,0.14165686240584757,158.3,1.217949095816402,-1.0,0.746480631586201,752.0,777.0355590318887,3.945,0.039580382346139774,,,,,,,,,,,,,,,,,,,,,,,,,,,0.01,0.08896066546513691,-0.0,0.001842100250619747,0.001,0.0019261360284258222,0.004,0.008970659244042618,-0.644,1.7615338988128122,-1.534,2.397281577120218,-8.672,5.244351343891999,1.0,0.0,150.0,0.0,2.0,0.0,55537.0,0.0,55537.0,0.0,55537.0,0.0,0.0,0.0,,,0.0,0.0,0.0,0.0,0.0,0.0,0.0,0.0,2.451481,0.005127711485968381,2.460215,0.0048761698914208795,1.630428,0.0011738693098750682,0.933017,0.0030554023504824287,0.319915,0.007161436314734609,-0.006389,0.01737905888802191,0.426923,0.14732347887783084,0.751571,0.6655323789007489,84.914444,46.08843249858048,0.000377,8.478010772974187e-06,2.368943,0.0,-3.2e-05,0.0,1.0,0.0,2.376554,0.0,-3.1e-05,0.0,1.0,0.0,0.600907,0.0,0.601234,0.0,0.107129,0.0,0.0,0.0,-0.320291,1.0,0.0373633,,2.0,1.65378,92.7004,0.0,11.4033,0.284567,1.0,0.708302,2.08772,0.0,0.256815,2.39135,2.69226,-3.93864,0.0606327,-171.547,-6.85718,16.1044,396.587,401.826,0.0,1.0,643.734,15.8527,16.108,0.0,1.0,290.469,288.363,97354.1,1.16913,1014.14,0.0246261,0.135284,0.0116001,1543.74,1723.6,0.00992203,89.5644,179.868,286.625,0.957076,2.48979,0.0994742,2.66926,3.85701e-14,-0.0106522,2.66928,9.85826,141.989,68.7633,,,0.523409,2.34913,1422.84,0.00374603,-0.0931247,-0.0139106,0.0,64.8156,-9.83602,22.2491,55.4034,84.4937,118.504,177.54,-0.311888,1.02694,-2.8028,1.04863,89.2868,1.02985,-0.133377,1.02662,2.01084,1.02985,800000099.0,800000099.0,800000099.0,800000099.0,800000099.0,800000099.0,800010199.0,800010199.0,80000.0,80000.0,80.0,81.0,12.0,1.0,1.0,13.0,33.0,5.0,3.15698,1.17686,0.36444,0.00816173,0.0099916,225.387,-0.00236392,-0.000133377,2.01084,15.233,13.6908,15.059,156.901,13.6623,0.511474,0.0167786,0.0518596,26.3272,287.703,287.758,97336.0,89.5644,290.93,291.099,-6.27058,5.58772,4.60872,-14.7501,-12.7997,-11.6389,-10.6544,0.0,5.0982199999999995,0.01143,3600.0,11.43,1,-3.654073,4.197029454516457,3.912462454516457,1.2504737152128778
2023-11-21 09:30:00,Nit-A,spring,morning,Old,0.061248,0.04565468897721971,2.922088,0.0010350013639282534,0.059991,0.04313689973696148,0.665303,0.537350210542597,1.31363,0.07930793304504075,1.30904,0.08644000386873343,2.452674,0.2958883689980227,1.137429,0.26438298993718695,13.478688,0.890109185774348,13.525945,0.8163068528639175,25.229376,3.0389166113665533,0.441786,0.0,0.0,0.0,0.0,0.0,0.0,0.0,82.274437,39.34190924426695,154.185532,62.921502173562644,0.388855,0.19937013566042597,0.5,0.0,0.8,0.0,65.92485,41.644572049734734,53.6,4.700490860892438,52.61,5.02953367619703,21.1,0.6801232731400023,20.72,1.9701207238813232,97.2,0.03508085897845661,156.7,0.1290994448735817,158.3,2.6316978043334194,-1.0,1.70096051296515,516.0,825.2741322332437,3.944,0.04023771033910018,,,,,,,,,,,,,,,,,,,,,,,,,,,0.01,0.045825756949558406,-0.0,0.0019209372712298547,-0.0,0.0024515301344262526,-0.002,0.012070499977091658,-0.456,0.993788428187811,-0.27,2.1855797339226344,-1.816,5.895680205956652,1.0,0.0,150.0,0.0,2.0,0.0,55537.0,0.0,55537.0,0.0,55537.0,0.0,0.0,0.0,,,0.0,0.0,0.0,0.0,0.0,0.0,0.0,0.0,2.450861,0.006737182029107741,2.460169,0.006351842211253612,1.630487,0.0010725553800775309,0.933043,0.006592269092909753,0.31884,0.008898003777439824,-0.00505,0.02181494363771465,0.431641,0.14253640370858475,0.549181,0.7069070077866135,82.274437,39.34190924426695,0.000382,5.351635264103854e-06,2.368943,0.0,-3.2e-05,0.0,1.0,0.0,2.376554,0.0,-3.1e-05,0.0,1.0,0.0,0.600907,0.0,0.601234,0.0,0.107129,0.0,0.0,0.0,-0.320291,1.0,0.0373633,,2.0,1.65378,92.7004,0.0,11.4033,0.284567,1.0,0.708302,2.08772,0.0,0.256815,2.39135,2.69226,-3.93864,0.0606327,-171.547,-6.85718,16.1044,396.587,401.826,0.0,1.0,643.734,15.8527,16.108,0.0,1.0,290.469,288.363,97354.1,1.16913,1014.14,0.0246261,0.135284,0.0116001,1543.74,1723.6,0.00992203,89.5644,179.868,286.625,0.957076,2.48979,0.0994742,2.66926,3.85701e-14,-0.0106522,2.66928,9.85826,141.989,68.7633,,,0.523409,2.34913,1422.84,0.00374603,-0.0931247,-0.0139106,0.0,64.8156,-9.83602,22.2491,55.4034,84.4937,118.504,177.54,-0.311888,1.02694,-2.8028,1.04863,89.2868,1.02985,-0.133377,1.02662,2.01084,1.02985,800000099.0,800000099.0,800000099.0,800000099.0,800000099.0,800000099.0,800010199.0,800010199.0,80000.0,80000.0,80.0,81.0,12.0,1.0,1.0,13.0,33.0,5.0,3.15698,1.17686,0.36444,0.00816173,0.0099916,225.387,-0.00236392,-0.000133377,2.01084,15.233,13.6908,15.059,156.901,13.6623,0.511474,0.0167786,0.0518596,26.3272,287.703,287.758,97336.0,89.5644,290.93,291.099,-6.27058,5.58772,4.60872,-14.7501,-12.7997,-11.6389,-10.6544,0.0,5.0982199999999995,0.01143,3600.0,11.43,1,-3.654073,4.197029454516457,3.912462454516457,1.2504737152128778
2023-11-21 09:30:00,Nit-A,spring,morning,Yng,0.044811,0.030105661085472506,2.921921,0.0009688023052546227,0.044133,0.02907647190329895,0.492347,0.3508723951255498,1.333108,0.06948179962280299,1.330183,0.0705292932516223,2.271712,0.18232635090813565,0.972221,0.21701207660091937,13.69604,0.7274060736205046,13.72615,0.716310012928219,23.372427,1.8705298010581675,0.441786,0.0,0.0,0.0,0.0,0.0,0.0,0.0,109.219551,25.178040579660955,268.959747,72.83786825414265,0.543566,0.08494762494816044,0.5,0.0,0.8,0.0,104.629257,38.31925512875413,53.59,3.747622713134286,52.38,3.8770286302786023,21.16,0.42818531813534405,19.48,1.293623850532554,97.2,0.034312291286556815,156.7,0.1206924466015498,158.1,1.252889992510644,-0.9,0.8036790404135222,464.0,250.73949296697026,3.947,0.03828324263521362,,,,,,,,,,,,,,,,,,,,,,,,,,,0.01,0.09626352718795768,0.001,0.0023895606290697045,-0.0,0.002380476142847617,0.0075,0.02113592374908825,-0.207,0.9720997513972867,0.075,1.783777913119605,1.688,5.329409774586164,1.0,0.0,150.0,0.0,2.0,0.0,55537.0,0.0,55537.0,0.0,55537.0,0.0,0.0,0.0,,,0.0,0.0,0.0,0.0,0.0,0.0,0.0,0.0,2.450517,0.005184682793254342,2.46013,0.005139724027934854,1.630314,0.0010018548347939496,0.932575,0.00316353142495321,0.318085,0.0055375445981650185,-0.016073,0.011338424486379634,0.42266,0.15199012923671504,0.504813,0.21468619322262741,109.219551,25.178040579660955,0.000381,7.28766080440082e-06,2.368943,0.0,-3.2e-05,0.0,1.0,0.0,2.376554,0.0,-3.1e-05,0.0,1.0,0.0,0.600907,0.0,0.601234,0.0,0.107129,0.0,0.0,0.0,-0.320291,1.0,0.0373633,,2.0,1.65378,92.7004,0.0,11.4033,0.284567,1.0,0.708302,2.08772,0.0,0.256815,2.39135,2.69226,-3.93864,0.0606327,-171.547,-6.85718,16.1044,396.587,401.826,0.0,1.0,643.734,15.8527,16.108,0.0,1.0,290.469,288.363,97354.1,1.16913,1014.14,0.0246261,0.135284,0.0116001,1543.74,1723.6,0.00992203,89.5644,179.868,286.625,0.957076,2.48979,0.0994742,2.66926,3.85701e-14,-0.0106522,2.66928,9.85826,141.989,68.7633,,,0.523409,2.34913,1422.84,0.00374603,-0.0931247,-0.0139106,0.0,64.8156,-9.83602,22.2491,55.4034,84.4937,118.504,177.54,-0.311888,1.02694,-2.8028,1.04863,89.2868,1.02985,-0.133377,1.02662,2.01084,1.02985,800000099.0,800000099.0,800000099.0,800000099.0,800000099.0,800000099.0,800010199.0,800010199.0,80000.0,80000.0,80.0,81.0,12.0,1.0,1.0,13.0,33.0,5.0,3.15698,1.17686,0.36444,0.00816173,0.0099916,225.387,-0.00236392,-0.000133377,2.01084,15.233,13.6908,15.059,156.901,13.6623,0.511474,0.0167786,0.0518596,26.3272,287.703,287.758,97336.0,89.5644,290.93,291.099,-6.27058,5.58772,4.60872,-14.7501,-12.7997,-11.6389,-10.6544,0.0,5.0982199999999995,0.01143,3600.0,11.43,1,-3.654073,4.197029454516457,3.912462454516457,1.2504737152128778
2023-11-21 12:30:00,Nit-A,spring,noon,Mid,0.076967,0.03428306061672441,2.922633,0.0008148784306059037,0.074992,0.03293890898694127,1.233375,0.6289781136017958,1.136857,0.07042690728100078,1.12164,0.06792743786897401,2.752309,0.26313397484044765,1.52556,0.24246857092311982,11.533366,0.6977615128871204,11.69281,0.7237810898310039,28.300865,2.709192745102279,0.441786,0.0,0.0,0.0,0.0,0.0,0.0,0.0,118.138435,54.93237903886343,221.604462,52.456326639437044,0.452522,0.22964951890067176,0.5,0.0,0.8,0.0,100.628304,82.79322586330844,35.47,3.100908845268865,34.27,2.992844410701405,25.08,0.5281486533164679,22.6,1.5518057223763533,97.24,0.016451950239006845,156.8,0.10376254944182553,158.1,4.595983753960256,-0.8,2.935228554417299,718.0,907.4766755496622,3.863,0.029890076391114517,,,,,,,,,,,,,,,,,,,,,,,,,,,0.0,0.03134219732777735,0.0,0.0016802777548171415,0.0,0.0021307275752662515,0.008,0.00801664934163062,-0.854,2.8442879308068187,-0.076,2.414999759834356,-3.328,10.251822748500224,1.0,0.0,150.0,0.0,2.0,0.0,55537.0,0.0,55537.0,0.0,55537.0,0.0,0.0,0.0,,,0.0,0.0,0.0,0.0,0.0,0.0,0.0,0.0,2.425207,0.004183694165845571,2.434845,0.004350761108511363,1.631051,0.0008445339937898863,0.932446,0.011396390685943806,0.271848,0.005758701936489985,-0.023421,0.018365784741378916,0.423535,0.11131592648927945,0.722235,0.7773126884207818,118.138435,54.93237903886343,0.000386,6.291528696058949e-06,2.368943,0.0,-3.2e-05,0.0,1.0,0.0,2.376554,0.0,-3.1e-05,0.0,1.0,0.0,0.600907,0.0,0.601234,0.0,0.107129,0.0,0.0,0.0,-1.04359,0.0,0.0702393,192.496,0.0,11.3065,352.249,0.0,14.3134,-21.6056,0.0,1.40511,7.96186,0.0,0.323527,1.00029,-3.81418,0.112911,-0.0862119,858.672,23.8522,15.7681,393.056,396.939,0.0,1.0,438.007,10.9183,11.0388,0.0,1.0,293.662,292.127,97433.7,1.15717,1011.46,0.0249272,0.515929,0.00789288,1064.09,2187.65,0.00682084,48.6409,1123.56,281.038,1.53738,5.58544,0.197902,5.79616,-2.36312e-14,0.0544563,5.79641,16.6466,137.083,74.3725,,,0.949656,6.03387,-381.041,-0.013988,0.546477,0.173185,0.0,65.5399,-9.94594,22.4977,56.0225,85.4379,119.828,179.524,-0.995971,1.04781,189.185,1.09586,208.572,1.61811,-21.4785,1.56496,4.71434,1.61811,800000099.0,800000099.0,800000099.0,800100099.0,800000099.0,800000099.0,800000199.0,800000199.0,80000.0,80000.0,80.0,81.0,10.0,1.0,0.0,12.0,13.0,9.0,6.81309,4.11108,1.14359,0.23432,0.00455145,233.188,0.161637,-0.0214785,4.71434,18.8349,14.0524,21.5011,819.275,124.86,0.460701,0.0290854,0.0786493,516.985,292.427,291.871,97426.8,48.6409,292.82,293.733,64.3071,5.56527,4.42661,20.5045,7.67215,16.7339,24.3911,0.0,4.99594,0.01143,14400.0,11.43,1,-21.492689,3.889002865233027,25.494602865233027,2.1366290630696
2023-11-21 12:30:00,Nit-A,spring,noon,Old,0.059865,0.04028270771993859,2.92249,0.0007596253747736879,0.058663,0.038292798454235055,0.810624,0.7612180359513581,1.111333,0.05801534361207107,1.099554,0.05270237807955157,2.537302,0.25937294853180687,1.422303,0.24241869231897115,11.304144,0.5417141610950165,11.42897,0.5966365800500106,26.092121,2.6695663076189633,0.441786,0.0,0.0,0.0,0.0,0.0,0.0,0.0,97.666023,40.8105041336745,139.218445,67.83321929160195,0.342356,0.18800995838697837,0.5,0.0,0.8,0.0,68.306458,40.78197978535649,35.28,2.3041511813825606,34.39,2.2891155497265796,24.62,0.5424057521818872,21.27,1.5360601116709809,97.24,0.018375708603117262,156.8,0.09712534856223459,158.1,2.924465763177949,-0.8,1.869153105910089,438.0,751.624469621189,3.86,0.03503269901106659,,,,,,,,,,,,,,,,,,,,,,,,,,,0.0,0.05405861016834721,0.0,0.002457641145488902,0.001,0.0021509687739868903,0.006500000000000001,0.006876691711054734,-0.75,1.5108764046076038,-1.076,2.3243760646676774,-0.594,7.346098075395764,1.0,0.0,150.0,0.0,2.0,0.0,55537.0,0.0,55537.0,0.0,55537.0,0.0,0.0,0.0,,,0.0,0.0,0.0,0.0,0.0,0.0,0.0,0.0,2.425494,0.003221734877877892,2.43475,0.0032999534355302815,1.630903,0.0007869865246622926,0.932463,0.007286805590243232,0.276848,0.005953191460048947,-0.038695,0.014776969432532502,0.428122,0.10849549755424565,0.481921,0.6437139735393949,97.666023,40.8105041336745,0.000386,5.416025603090631e-06,2.368943,0.0,-3.2e-05,0.0,1.0,0.0,2.376554,0.0,-3.1e-05,0.0,1.0,0.0,0.600907,0.0,0.601234,0.0,0.107129,0.0,0.0,0.0,-1.04359,0.0,0.0702393,192.496,0.0,11.3065,352.249,0.0,14.3134,-21.6056,0.0,1.40511,7.96186,0.0,0.323527,1.00029,-3.81418,0.112911,-0.0862119,858.672,23.8522,15.7681,393.056,396.939,0.0,1.0,438.007,10.9183,11.0388,0.0,1.0,293.662,292.127,97433.7,1.15717,1011.46,0.0249272,0.515929,0.00789288,1064.09,2187.65,0.00682084,48.6409,1123.56,281.038,1.53738,5.58544,0.197902,5.79616,-2.36312e-14,0.0544563,5.79641,16.6466,137.083,74.3725,,,0.949656,6.03387,-381.041,-0.013988,0.546477,0.173185,0.0,65.5399,-9.94594,22.4977,56.0225,85.4379,119.828,179.524,-0.995971,1.04781,189.185,1.09586,208.572,1.61811,-21.4785,1.56496,4.71434,1.61811,800000099.0,800000099.0,800000099.0,800100099.0,800000099.0,800000099.0,800000199.0,800000199.0,80000.0,80000.0,80.0,81.0,10.0,1.0,0.0,12.0,13.0,9.0,6.81309,4.11108,1.14359,0.23432,0.00455145,233.188,0.161637,-0.0214785,4.71434,18.8349,14.0524,21.5011,819.275,124.86,0.460701,0.0290854,0.0786493,516.985,292.427,291.871,97426.8,48.6409,292.82,293.733,64.3071,5.56527,4.42661,20.5045,7.67215,16.7339,24.3911,0.0,4.99594,0.01143,14400.0,11.43,1,-21.492689,3.889002865233027,25.494602865233027,2.1366290630696
2023-11-21 12:30:00,Nit-A,spring,noon,Yng,0.097509,0.026955589336783815,2.922583,0.0009872211792027266,0.09436,0.025292076128832656,1.6153,0.48651511441709255,1.170914,0.06361432236794895,1.121399,0.06309894595149751,2.763817,0.3022720083617181,1.608436,0.30240824643689856,11.529316,0.6487284740728382,12.038078,0.6540493099431298,28.429941,3.1102306298556464,0.441786,0.0,0.0,0.0,0.0,0.0,0.0,0.0,130.018112,51.81556044571612,189.814209,73.39968267013471,0.38237,0.16410606240122064,0.5,0.0,0.8,0.0,131.679398,44.052020162427375,35.49,3.0208714526330573,33.81,3.032165782626885,25.47,0.5716691933860581,22.67,1.7542662283701413,97.23,0.016862186493260725,156.8,0.12476644848143072,158.0,3.93008905751511,-0.8,2.4768797575444257,930.0,913.7761396169925,3.864,0.03284397458692619,,,,,,,,,,,,,,,,,,,,,,,,,,,-0.05,0.032439687626938295,0.001,0.0021984843263788195,0.0,0.0025344295873693814,0.012,0.011518355551895551,-0.736,1.8718861806566482,-1.12,2.2575673611212577,-1.193,5.384018150456446,1.0,0.0,150.0,0.0,2.0,0.0,55537.0,0.0,55537.0,0.0,55537.0,0.0,0.0,0.0,,,0.0,0.0,0.0,0.0,0.0,0.0,0.0,0.0,2.424595,0.004260969027893453,2.43483,0.004241099444719023,1.630999,0.0010233888426855902,0.932295,0.009699862950578205,0.267699,0.006177331538779494,-0.03112,0.01983092829790544,0.415562,0.11505878107432738,0.904,0.7826468290928161,130.018112,51.81556044571612,0.000384,7.444908774905613e-06,2.368943,0.0,-3.2e-05,0.0,1.0,0.0,2.376554,0.0,-3.1e-05,0.0,1.0,0.0,0.600907,0.0,0.601234,0.0,0.107129,0.0,0.0,0.0,-1.04359,0.0,0.0702393,192.496,0.0,11.3065,352.249,0.0,14.3134,-21.6056,0.0,1.40511,7.96186,0.0,0.323527,1.00029,-3.81418,0.112911,-0.0862119,858.672,23.8522,15.7681,393.056,396.939,0.0,1.0,438.007,10.9183,11.0388,0.0,1.0,293.662,292.127,97433.7,1.15717,1011.46,0.0249272,0.515929,0.00789288,1064.09,2187.65,0.00682084,48.6409,1123.56,281.038,1.53738,5.58544,0.197902,5.79616,-2.36312e-14,0.0544563,5.79641,16.6466,137.083,74.3725,,,0.949656,6.03387,-381.041,-0.013988,0.546477,0.173185,0.0,65.5399,-9.94594,22.4977,56.0225,85.4379,119.828,179.524,-0.995971,1.04781,189.185,1.09586,208.572,1.61811,-21.4785,1.56496,4.71434,1.61811,800000099.0,800000099.0,800000099.0,800100099.0,800000099.0,800000099.0,800000199.0,800000199.0,80000.0,80000.0,80.0,81.0,10.0,1.0,0.0,12.0,13.0,9.0,6.81309,4.11108,1.14359,0.23432,0.00455145,233.188,0.161637,-0.0214785,4.71434,18.8349,14.0524,21.5011,819.275,124.86,0.460701,0.0290854,0.0786493,516.985,292.427,291.871,97426.8,48.6409,292.82,293.733,64.3071,5.56527,4.42661,20.5045,7.67215,16.7339,24.3911,0.0,4.99594,0.01143,14400.0,11.43,1,-21.492689,3.889002865233027,25.494602865233027,2.1366290630696
2023-11-21 15:30:00,Nit-S,spring,afternoon,Mid,0.045776,0.03180764280808414,2.922361,0.0008714782230976288,0.04507,0.030544812165898157,0.846358,0.5446853106560031,1.240698,0.050886745639770255,1.225327,0.04301875223539146,3.112047,0.20694942373119427,1.785627,0.22105644909634128,12.607181,0.4428095059807057,12.761295,0.5237884062737012,32.015049,2.1312691744302277,0.441786,0.0,0.0,0.0,0.0,0.0,0.0,0.0,91.201546,51.535380855322586,154.00708,85.27936986687389,0.303527,0.15497066400424525,0.5,0.0,0.8,0.0,200.941376,120.65623410718607,39.29,3.207592191452438,38.54,3.0048312764612892,25.13,1.1186636372624863,24.64,1.1032734626253524,97.2,0.010754843869935242,156.8,0.11661903789690704,158.1,6.654239250282483,-0.8,4.228289646338498,1654.0,545.3616628745857,3.781,0.02848438168540779,,,,,,,,,,,,,,,,,,,,,,,,,,,-0.04,0.030686587732536613,0.0,0.0014399074044303452,0.0,0.0023043437243605823,-0.0035,0.004949747468305833,-0.598,2.1289819554582103,-0.897,2.088108241127999,-6.21,7.942223366287302,1.0,0.0,150.0,0.0,2.0,0.0,55537.0,0.0,55537.0,0.0,55537.0,0.0,0.0,0.0,,,0.0,0.0,0.0,0.0,0.0,0.0,0.0,0.0,2.431229,0.004328673090374366,2.44024,0.00464848791113844,1.630769,0.0009024241297748906,0.932475,0.016445978535597483,0.271362,0.011652336557532143,-0.009916,0.010827424555267058,0.32223,0.10321842746044264,1.524151,0.4670812677228594,91.201546,51.535380855322586,0.000389,5.491812087098393e-06,2.368943,0.0,-3.2e-05,0.0,1.0,0.0,2.376554,0.0,-3.1e-05,0.0,1.0,0.0,0.600907,0.0,0.601234,0.0,0.107129,0.0,0.0,0.0,-0.854352,1.0,0.0648925,150.856,0.0,9.4868,216.908,0.0,9.36627,-16.3105,0.0,1.16439,4.90449,0.0,0.21178,-1.55549,-0.30014,-0.0469045,-0.00678644,405.658,11.0616,15.7577,393.471,397.837,0.0,1.0,429.686,10.7293,10.8457,0.0,1.0,294.074,292.49,97387.1,1.15527,1011.37,0.0249701,0.317811,0.00774294,1045.17,2237.66,0.0067023,46.7084,1192.48,280.775,0.299714,5.25793,0.00372022,5.26641,-8.04008e-14,0.0257435,5.26647,14.5903,122.177,86.6408,,,0.859959,6.06467,-360.918,-0.0147679,0.695483,0.150139,0.0,63.2557,-9.5993,21.7136,54.07,82.4602,115.652,173.267,-0.81764,1.0449,147.924,1.08833,142.49,1.44706,-17.8468,1.41183,3.22184,1.44706,800000099.0,800000099.0,800000099.0,800100099.0,800000099.0,800000099.0,800000199.0,811000199.0,80000.0,80000.0,80.0,80.0,10.0,7.0,0.0,12.0,17.0,9.0,6.57076,4.53098,1.02759,0.141925,0.00273868,87.6266,0.126604,-0.0178468,3.22184,19.2284,14.1012,22.5086,526.092,78.9302,0.485666,0.024495,0.0707527,587.239,293.714,292.89,97408.5,46.7084,295.814,295.98,35.4549,5.25045,4.16509,37.9133,17.673,45.3228,23.7686,0.0,4.70777,0.01143,25200.0,11.43,1,-16.3574045,3.571141720506348,19.881641720506348,2.704918216062214
2023-11-21 15:30:00,Nit-S,spring,afternoon,Old,0.031857,0.01979632243860797,2.922034,0.0008656228431984554,0.031514,0.019310170388683785,0.665542,0.36196204902960477,1.268515,0.05143241098496811,1.24601,0.048867518255142406,3.1928,0.13174871221287116,1.934352,0.1543443684244532,12.817257,0.5030254528704182,13.048517,0.5293904194429099,32.844273,1.3563265191567,0.441786,0.0,0.0,0.0,0.0,0.0,0.0,0.0,72.246552,32.03152106656938,146.290176,75.91809808336997,0.388634,0.1543081316558636,0.5,0.0,0.8,0.0,107.188011,72.57767428164125,40.31,2.960216095715536,39.44,2.770281453811752,25.25,0.9985684753686156,25.07,0.6939651768400675,97.2,0.008164965809278975,156.7,0.10832051206181835,158.2,5.3870121588873365,-0.9,3.449502379571098,870.0,459.60019582241256,3.78,0.025405576815599552,,,,,,,,,,,,,,,,,,,,,,,,,,,-0.04,0.030686587732536613,0.0,0.0014866068747318504,-0.001,0.002309401076758503,0.001,0.0012583057392117915,-0.08,1.169968699011502,0.032,1.5426893995011872,-4.7115,9.653714531205074,1.0,0.0,150.0,0.0,2.0,0.0,55537.0,0.0,55537.0,0.0,55537.0,0.0,0.0,0.0,,,0.0,0.0,0.0,0.0,0.0,0.0,0.0,0.0,2.432396,0.0039692372642611655,2.441686,0.004283175929143821,1.63043,0.000896092848611906,0.932678,0.013283439457961716,0.27001,0.010432239081648127,-0.007036,0.008390022745300912,0.329826,0.1016288175408432,0.851973,0.39382515990663924,72.246552,32.03152106656938,0.000387,6.3856610203381865e-06,2.368943,0.0,-3.2e-05,0.0,1.0,0.0,2.376554,0.0,-3.1e-05,0.0,1.0,0.0,0.600907,0.0,0.601234,0.0,0.107129,0.0,0.0,0.0,-0.854352,1.0,0.0648925,150.856,0.0,9.4868,216.908,0.0,9.36627,-16.3105,0.0,1.16439,4.90449,0.0,0.21178,-1.55549,-0.30014,-0.0469045,-0.00678644,405.658,11.0616,15.7577,393.471,397.837,0.0,1.0,429.686,10.7293,10.8457,0.0,1.0,294.074,292.49,97387.1,1.15527,1011.37,0.0249701,0.317811,0.00774294,1045.17,2237.66,0.0067023,46.7084,1192.48,280.775,0.299714,5.25793,0.00372022,5.26641,-8.04008e-14,0.0257435,5.26647,14.5903,122.177,86.6408,,,0.859959,6.06467,-360.918,-0.0147679,0.695483,0.150139,0.0,63.2557,-9.5993,21.7136,54.07,82.4602,115.652,173.267,-0.81764,1.0449,147.924,1.08833,142.49,1.44706,-17.8468,1.41183,3.22184,1.44706,800000099.0,800000099.0,800000099.0,800100099.0,800000099.0,800000099.0,800000199.0,811000199.0,80000.0,80000.0,80.0,80.0,10.0,7.0,0.0,12.0,17.0,9.0,6.57076,4.53098,1.02759,0.141925,0.00273868,87.6266,0.126604,-0.0178468,3.22184,19.2284,14.1012,22.5086,526.092,78.9302,0.485666,0.024495,0.0707527,587.239,293.714,292.89,97408.5,46.7084,295.814,295.98,35.4549,5.25045,4.16509,37.9133,17.673,45.3228,23.7686,0.0,4.70777,0.01143,25200.0,11.43,1,-16.3574045,3.571141720506348,19.881641720506348,2.704918216062214
2023-11-21 15:30:00,Nit-S,spring,afternoon,Yng,0.085537,0.03449892810958044,2.921816,0.0010193573547419912,0.083103,0.0321417125366711,1.529655,0.6192357337012295,1.247671,0.030758796187865783,1.199182,0.02472504969344515,2.955467,0.26299320902891526,1.69774,0.2660086912051308,12.337957,0.2548742702508564,12.837772,0.31697453900882955,30.410341,2.707082193907873,0.441786,0.0,0.0,0.0,0.0,0.0,0.0,0.0,113.341568,43.10765079205957,198.569656,66.74954812988096,0.386778,0.1336065422716019,0.5,0.0,0.8,0.0,116.554237,74.76910773770322,38.5,2.8563553116982274,37.21,2.739180960311558,25.09,1.2865493901647687,23.78,1.4505593174128848,97.21,0.0121518174223717,156.7,0.13844373104864227,158.1,6.528560331344111,-0.9,4.173639498886633,925.0,566.3179525084238,3.782,0.028343605980890953,,,,,,,,,,,,,,,,,,,,,,,,,,,-0.04,0.03042477060992682,0.001,0.0019519221295943136,0.001,0.0023043437243605823,0.005,0.005879342366852492,-1.497,3.4617601799277398,-1.511,2.1066461750058236,-6.8225,6.926416071822425,1.0,0.0,150.0,0.0,2.0,0.0,55537.0,0.0,55537.0,0.0,55537.0,0.0,0.0,0.0,,,0.0,0.0,0.0,0.0,0.0,0.0,0.0,0.0,2.429383,0.0040253430358997136,2.439103,0.004224139843407891,1.630205,0.001053651528415995,0.932515,0.01601341619309676,0.271779,0.013266984626382379,-0.021943,0.015682892544319323,0.315278,0.10505092649174175,0.899799,0.4850511690235268,113.341568,43.10765079205957,0.000388,6.2841069373459865e-06,2.368943,0.0,-3.2e-05,0.0,1.0,0.0,2.376554,0.0,-3.1e-05,0.0,1.0,0.0,0.600907,0.0,0.601234,0.0,0.107129,0.0,0.0,0.0,-0.854352,1.0,0.0648925,150.856,0.0,9.4868,216.908,0.0,9.36627,-16.3105,0.0,1.16439,4.90449,0.0,0.21178,-1.55549,-0.30014,-0.0469045,-0.00678644,405.658,11.0616,15.7577,393.471,397.837,0.0,1.0,429.686,10.7293,10.8457,0.0,1.0,294.074,292.49,97387.1,1.15527,1011.37,0.0249701,0.317811,0.00774294,1045.17,2237.66,0.0067023,46.7084,1192.48,280.775,0.299714,5.25793,0.00372022,5.26641,-8.04008e-14,0.0257435,5.26647,14.5903,122.177,86.6408,,,0.859959,6.06467,-360.918,-0.0147679,0.695483,0.150139,0.0,63.2557,-9.5993,21.7136,54.07,82.4602,115.652,173.267,-0.81764,1.0449,147.924,1.08833,142.49,1.44706,-17.8468,1.41183,3.22184,1.44706,800000099.0,800000099.0,800000099.0,800100099.0,800000099.0,800000099.0,800000199.0,811000199.0,80000.0,80000.0,80.0,80.0,10.0,7.0,0.0,12.0,17.0,9.0,6.57076,4.53098,1.02759,0.141925,0.00273868,87.6266,0.126604,-0.0178468,3.22184,19.2284,14.1012,22.5086,526.092,78.9302,0.485666,0.024495,0.0707527,587.239,293.714,292.89,97408.5,46.7084,295.814,295.98,35.4549,5.25045,4.16509,37.9133,17.673,45.3228,23.7686,0.0,4.70777,0.01143,25200.0,11.43,1,-16.3574045,3.571141720506348,19.881641720506348,2.704918216062214
2023-11-21 09:30:00,Nit-S,spring,morning,Mid,0.040303,0.022859335947849984,2.921864,0.0011055277291864417,0.039755,0.022204211488664336,0.543081,0.257771478036587,1.527921,0.08956968031143873,1.512631,0.09033830711051276,2.626842,0.2991194316015375,1.029352,0.2927660133205754,15.561005,0.928883327059554,15.718304,0.9208933491907141,27.010679,3.0719844219540744,0.441786,0.0,0.0,0.0,0.0,0.0,0.0,0.0,90.652588,35.49005489458429,169.285294,73.89745864910539,0.43653,0.13850504277711334,0.5,0.0,0.8,0.0,113.292404,33.06757506282452,63.45,4.750632659621937,62.75,4.796339750267913,20.43,0.9557138693144498,21.83,1.9008035143065147,97.21,0.036023140710761445,156.7,0.14142135623731603,158.3,1.0967831751687862,-1.0,0.7407878688711544,638.0,777.5745409069581,3.965,0.02624004573166736,,,,,,,,,,,,,,,,,,,,,,,,,,,-0.13,0.06849574196011506,0.0,0.003018277654557314,0.0,0.002798809270624444,-0.011,0.014025878750555157,0.016,0.9550923986714583,-0.135,1.8179212790070607,-1.592,5.50590975455235,1.0,0.0,150.0,0.0,2.0,0.0,55537.0,0.0,55537.0,0.0,55537.0,0.0,0.0,0.0,,,0.0,0.0,0.0,0.0,0.0,0.0,0.0,0.0,2.46434,0.006404681230682975,2.473467,0.006425696757810065,1.630254,0.0011438737590603045,0.933063,0.002764957144333358,0.32752,0.012606094679823182,0.007622,0.017829250592588948,0.355109,0.093585959075102,0.653619,0.6660256996910029,90.652588,35.49005489458429,0.00038,1.0082988974836126e-05,2.368943,0.0,-3.2e-05,0.0,1.0,0.0,2.376554,0.0,-3.1e-05,0.0,1.0,0.0,0.600907,0.0,0.601234,0.0,0.107129,0.0,0.0,0.0,-0.320291,1.0,0.0373633,,2.0,1.65378,92.7004,0.0,11.4033,0.284567,1.0,0.708302,2.08772,0.0,0.256815,2.39135,2.69226,-3.93864,0.0606327,-171.547,-6.85718,16.1044,396.587,401.826,0.0,1.0,643.734,15.8527,16.108,0.0,1.0,290.469,288.363,97354.1,1.16913,1014.14,0.0246261,0.135284,0.0116001,1543.74,1723.6,0.00992203,89.5644,179.868,286.625,0.957076,2.48979,0.0994742,2.66926,3.85701e-14,-0.0106522,2.66928,9.85826,141.989,68.7633,,,0.523409,2.34913,1422.84,0.00374603,-0.0931247,-0.0139106,0.0,64.8156,-9.83602,22.2491,55.4034,84.4937,118.504,177.54,-0.311888,1.02694,-2.8028,1.04863,89.2868,1.02985,-0.133377,1.02662,2.01084,1.02985,800000099.0,800000099.0,800000099.0,800000099.0,800000099.0,800000099.0,800010199.0,800010199.0,80000.0,80000.0,80.0,81.0,12.0,1.0,1.0,13.0,33.0,5.0,3.15698,1.17686,0.36444,0.00816173,0.0099916,225.387,-0.00236392,-0.000133377,2.01084,15.233,13.6908,15.059,156.901,13.6623,0.511474,0.0167786,0.0518596,26.3272,287.703,287.758,97336.0,89.5644,290.93,291.099,-6.27058,5.58772,4.60872,-14.7501,-12.7997,-11.6389,-10.6544,0.0,5.0982199999999995,0.01143,3600.0,11.43,1,-3.654073,4.197029454516457,3.912462454516457,1.2504737152128778
2023-11-21 09:30:00,Nit-S,spring,morning,Old,0.041146,0.03229366596449939,2.921825,0.0005533988224298069,0.040575,0.03126871596606849,0.419068,0.32166313907720295,1.51581,0.04964613257519,1.499237,0.051270490386543736,2.550252,0.16290076924158456,1.030988,0.15201413750834714,15.417987,0.5281009180280862,15.599448,0.5112419404803205,26.229132,1.6696418302755078,0.441786,0.0,0.0,0.0,0.0,0.0,0.0,0.0,108.53112,24.067263578632392,186.198593,35.168595787363174,0.439975,0.06999002571457355,0.5,0.0,0.8,0.0,91.677719,20.170711642117574,62.68,3.4784730845588023,62.43,3.555358725454674,20.62,0.9028626695129197,21.35,1.0970030385858849,97.21,0.03436568055489831,156.7,0.07071067811866168,158.2,0.217791949652274,-1.0,0.15351438586225946,529.0,146.9262513417304,3.963,0.023281824098067273,,,,,,,,,,,,,,,,,,,,,,,,,,,-0.14,0.07158910531638177,-0.001,0.0032746501085357707,-0.002,0.0027820855486487116,0.01,0.01610589954023059,-0.537,0.7158763929618018,-0.744,1.3943601280396205,-0.605,3.3541076919985455,1.0,0.0,150.0,0.0,2.0,0.0,55537.0,0.0,55537.0,0.0,55537.0,0.0,0.0,0.0,,,0.0,0.0,0.0,0.0,0.0,0.0,0.0,0.0,2.463888,0.00481594226052048,2.472312,0.004780679338755376,1.630214,0.000572466598734509,0.932849,0.0005677677048464675,0.325058,0.011874845350852616,0.003507,0.0068020722700267355,0.361103,0.09137953420866912,0.560476,0.12588664361224608,108.53112,24.067263578632392,0.000379,6.004997918400999e-06,2.368943,0.0,-3.2e-05,0.0,1.0,0.0,2.376554,0.0,-3.1e-05,0.0,1.0,0.0,0.600907,0.0,0.601234,0.0,0.107129,0.0,0.0,0.0,-0.320291,1.0,0.0373633,,2.0,1.65378,92.7004,0.0,11.4033,0.284567,1.0,0.708302,2.08772,0.0,0.256815,2.39135,2.69226,-3.93864,0.0606327,-171.547,-6.85718,16.1044,396.587,401.826,0.0,1.0,643.734,15.8527,16.108,0.0,1.0,290.469,288.363,97354.1,1.16913,1014.14,0.0246261,0.135284,0.0116001,1543.74,1723.6,0.00992203,89.5644,179.868,286.625,0.957076,2.48979,0.0994742,2.66926,3.85701e-14,-0.0106522,2.66928,9.85826,141.989,68.7633,,,0.523409,2.34913,1422.84,0.00374603,-0.0931247,-0.0139106,0.0,64.8156,-9.83602,22.2491,55.4034,84.4937,118.504,177.54,-0.311888,1.02694,-2.8028,1.04863,89.2868,1.02985,-0.133377,1.02662,2.01084,1.02985,800000099.0,800000099.0,800000099.0,800000099.0,800000099.0,800000099.0,800010199.0,800010199.0,80000.0,80000.0,80.0,81.0,12.0,1.0,1.0,13.0,33.0,5.0,3.15698,1.17686,0.36444,0.00816173,0.0099916,225.387,-0.00236392,-0.000133377,2.01084,15.233,13.6908,15.059,156.901,13.6623,0.511474,0.0167786,0.0518596,26.3272,287.703,287.758,97336.0,89.5644,290.93,291.099,-6.27058,5.58772,4.60872,-14.7501,-12.7997,-11.6389,-10.6544,0.0,5.0982199999999995,0.01143,3600.0,11.43,1,-3.654073,4.197029454516457,3.912462454516457,1.2504737152128778
2023-11-21 09:30:00,Nit-S,spring,morning,Yng,0.050995,0.03929774077403602,2.921772,0.0009713234528210289,0.050121,0.03791710196740604,0.432866,0.4354625245452166,1.460803,0.07242349055446959,1.461165,0.07398584317034355,2.486016,0.19335374529143018,0.999113,0.15508688989985583,15.037395,0.7578561278588213,15.033675,0.7411530725290792,25.576233,1.9817991964612938,0.441786,0.0,0.0,0.0,0.0,0.0,0.0,0.0,112.917778,43.401135379185696,189.27562,65.70559290027423,0.422524,0.09947284943348444,0.5,0.0,0.8,0.0,108.386673,35.231346883464475,61.56,3.2786764606062233,60.98,3.670695074959687,20.28,1.0351260792773027,20.94,1.3431750940712603,97.2,0.03793415347678622,156.7,0.12151817422372604,158.5,1.2909040759612356,-1.1,0.8417640207722512,653.0,359.14450202297866,3.968,0.025905276167864526,,,,,,,,,,,,,,,,,,,,,,,,,,,-0.13,0.06849574196011506,0.0,0.003496665077851562,0.0,0.002886751345948129,-0.007,0.013364227029744897,-0.265,1.3740928546984492,-0.685,1.7660922748637267,-0.226,5.3573162818327,1.0,0.0,150.0,0.0,2.0,0.0,55537.0,0.0,55537.0,0.0,55537.0,0.0,0.0,0.0,,,0.0,0.0,0.0,0.0,0.0,0.0,0.0,0.0,2.462393,0.004964200562359678,2.471082,0.004518641410129196,1.630159,0.0010053321723026123,0.933482,0.003224332886040138,0.329463,0.013661142388419308,0.002675,0.00999969959965465,0.348603,0.09797517802399407,0.666108,0.3076024557810075,112.917778,43.401135379185696,0.000379,6.053098380168619e-06,2.368943,0.0,-3.2e-05,0.0,1.0,0.0,2.376554,0.0,-3.1e-05,0.0,1.0,0.0,0.600907,0.0,0.601234,0.0,0.107129,0.0,0.0,0.0,-0.320291,1.0,0.0373633,,2.0,1.65378,92.7004,0.0,11.4033,0.284567,1.0,0.708302,2.08772,0.0,0.256815,2.39135,2.69226,-3.93864,0.0606327,-171.547,-6.85718,16.1044,396.587,401.826,0.0,1.0,643.734,15.8527,16.108,0.0,1.0,290.469,288.363,97354.1,1.16913,1014.14,0.0246261,0.135284,0.0116001,1543.74,1723.6,0.00992203,89.5644,179.868,286.625,0.957076,2.48979,0.0994742,2.66926,3.85701e-14,-0.0106522,2.66928,9.85826,141.989,68.7633,,,0.523409,2.34913,1422.84,0.00374603,-0.0931247,-0.0139106,0.0,64.8156,-9.83602,22.2491,55.4034,84.4937,118.504,177.54,-0.311888,1.02694,-2.8028,1.04863,89.2868,1.02985,-0.133377,1.02662,2.01084,1.02985,800000099.0,800000099.0,800000099.0,800000099.0,800000099.0,800000099.0,800010199.0,800010199.0,80000.0,80000.0,80.0,81.0,12.0,1.0,1.0,13.0,33.0,5.0,3.15698,1.17686,0.36444,0.00816173,0.0099916,225.387,-0.00236392,-0.000133377,2.01084,15.233,13.6908,15.059,156.901,13.6623,0.511474,0.0167786,0.0518596,26.3272,287.703,287.758,97336.0,89.5644,290.93,291.099,-6.27058,5.58772,4.60872,-14.7501,-12.7997,-11.6389,-10.6544,0.0,5.0982199999999995,0.01143,3600.0,11.43,1,-3.654073,4.197029454516457,3.912462454516457,1.2504737152128778
2023-11-21 12:30:00,Nit-S,spring,noon,Mid,0.060275499999999996,0.028997638640993226,2.9225659999999998,0.000889471374518009,0.0590565,0.027825420668591117,1.2671155,0.5602358935258588,1.233589,0.0549095462215729,1.2044765,0.05001996545634175,3.2374665,0.3406107399940407,2.0312010000000003,0.3463701431095603,12.3850505,0.5142394666005662,12.685531999999998,0.5644911733544651,33.2846015,3.5046252547213093,0.441786,0.0,0.0,0.0,0.0,0.0,0.0,0.0,113.9321935,35.39425118609067,157.5737,60.53870598787239,0.301269,0.1681322704503237,0.5,0.0,0.8,0.0,117.1666795,151.58510350084526,39.269999999999996,2.367070247789661,38.724999999999994,2.240641730022639,24.43,0.7194944632230974,25.3,1.7494843960932926,97.26,0.01977683464071324,156.8,0.11293194051466685,158.05,6.988930170457857,-0.8,4.437382372394854,2259.0,734.9771945096496,3.8535000000000004,0.02738176162275183,,,,,,,,,,,,,,,,,,,,,,,,,,,-0.03,0.05290817859574113,0.0,0.0024257077258017902,-0.001,0.0019740159904202354,0.001,0.0069935868057997555,-0.5805,3.4107028980927043,-0.6265000000000001,2.3386547957368973,-8.879,9.08948994154435,1.0,0.0,150.0,0.0,2.0,0.0,55537.0,0.0,55537.0,0.0,55537.0,0.0,0.0,0.0,,,0.0,0.0,0.0,0.0,0.0,0.0,0.0,0.0,2.4315290000000003,0.0031660264193534024,2.4402464999999998,0.0033786460874227794,1.6309814999999999,0.0009218344099391318,0.9324485,0.017277031010822202,0.279027,0.007799862679486148,0.008210499999999999,0.01668700015888225,0.4569845,0.1028830761352015,2.0419175000000003,0.6295247883044314,113.9321935,35.39425118609067,0.0003855,9.191993996037461e-06,2.368943,0.0,-3.2e-05,0.0,1.0,0.0,2.376554,0.0,-3.1e-05,0.0,1.0,0.0,0.600907,0.0,0.601234,0.0,0.107129,0.0,0.0,0.0,-1.04359,0.0,0.0702393,192.496,0.0,11.3065,352.249,0.0,14.3134,-21.6056,0.0,1.40511,7.96186,0.0,0.323527,1.00029,-3.81418,0.112911,-0.0862119,858.672,23.8522,15.7681,393.056,396.939,0.0,1.0,438.007,10.9183,11.0388,0.0,1.0,293.662,292.127,97433.7,1.15717,1011.46,0.0249272,0.515929,0.00789288,1064.09,2187.65,0.00682084,48.6409,1123.56,281.038,1.53738,5.58544,0.197902,5.79616,-2.36312e-14,0.0544563,5.79641,16.6466,137.083,74.3725,,,0.949656,6.03387,-381.041,-0.013988,0.546477,0.173185,0.0,65.5399,-9.94594,22.4977,56.0225,85.4379,119.828,179.524,-0.995971,1.04781,189.185,1.09586,208.572,1.61811,-21.4785,1.56496,4.71434,1.61811,800000099.0,800000099.0,800000099.0,800100099.0,800000099.0,800000099.0,800000199.0,800000199.0,80000.0,80000.0,80.0,81.0,10.0,1.0,0.0,12.0,13.0,9.0,6.81309,4.11108,1.14359,0.23432,0.00455145,233.188,0.161637,-0.0214785,4.71434,18.8349,14.0524,21.5011,819.275,124.86,0.460701,0.0290854,0.0786493,516.985,292.427,291.871,97426.8,48.6409,292.82,293.733,64.3071,5.56527,4.42661,20.5045,7.67215,16.7339,24.3911,0.0,4.99594,0.01143,14400.0,11.43,1,-21.492689,3.889002865233027,25.494602865233027,2.1366290630696
2023-11-21 12:30:00,Nit-S,spring,noon,Old,0.051147,0.037611747468228506,2.922249,0.0009449480092735059,0.050264,0.036078563166588515,1.010629,0.7980447503020972,1.2192919999999998,0.039598043002569354,1.18956,0.04424655209582973,3.1641645,0.2594504152725503,1.91404,0.24333093326461763,12.2337475,0.4546439272440467,12.539037,0.40724458335321106,32.5396175,2.669496912766996,0.441786,0.0,0.0,0.0,0.0,0.0,0.0,0.0,134.816589,57.567411152996634,199.037079,70.34045594746065,0.3234765,0.16046600830239952,0.5,0.0,0.8,0.0,125.648056,132.17661899237274,38.735,1.8317990654250138,37.67,1.8990663465255075,24.485,0.7114547182301613,24.92,1.337818605301052,97.255,0.015070714541177496,156.8,0.12172137016163032,158.2,3.175046383949352,-0.9,2.037998229049573,2061.5,881.3799681612136,3.841,0.024104275387449758,,,,,,,,,,,,,,,,,,,,,,,,,,,-0.03,0.036001277116555035,-0.0005,0.0022242136670701427,0.0,0.0022026629651244953,0.0035,0.0055588756867822565,-0.416,3.489388346098074,-1.042,2.335672507944514,-6.266500000000001,18.05273169506062,1.0,0.0,150.0,0.0,2.0,0.0,55537.0,0.0,55537.0,0.0,55537.0,0.0,0.0,0.0,,,0.0,0.0,0.0,0.0,0.0,0.0,0.0,0.0,2.4300575,0.0026966820142921523,2.4395335,0.0026372032303486207,1.6306530000000001,0.0009783085661358073,0.9326975,0.007953399050994996,0.278362,0.007682996692128948,-0.0048255,0.014023768123988726,0.4860495,0.0928785196159323,1.8728625,0.7548926329149561,134.816589,57.567411152996634,0.0003855,1.8620715197939057e-05,2.368943,0.0,-3.2e-05,0.0,1.0,0.0,2.376554,0.0,-3.1e-05,0.0,1.0,0.0,0.600907,0.0,0.601234,0.0,0.107129,0.0,0.0,0.0,-1.04359,0.0,0.0702393,192.496,0.0,11.3065,352.249,0.0,14.3134,-21.6056,0.0,1.40511,7.96186,0.0,0.323527,1.00029,-3.81418,0.112911,-0.0862119,858.672,23.8522,15.7681,393.056,396.939,0.0,1.0,438.007,10.9183,11.0388,0.0,1.0,293.662,292.127,97433.7,1.15717,1011.46,0.0249272,0.515929,0.00789288,1064.09,2187.65,0.00682084,48.6409,1123.56,281.038,1.53738,5.58544,0.197902,5.79616,-2.36312e-14,0.0544563,5.79641,16.6466,137.083,74.3725,,,0.949656,6.03387,-381.041,-0.013988,0.546477,0.173185,0.0,65.5399,-9.94594,22.4977,56.0225,85.4379,119.828,179.524,-0.995971,1.04781,189.185,1.09586,208.572,1.61811,-21.4785,1.56496,4.71434,1.61811,800000099.0,800000099.0,800000099.0,800100099.0,800000099.0,800000099.0,800000199.0,800000199.0,80000.0,80000.0,80.0,81.0,10.0,1.0,0.0,12.0,13.0,9.0,6.81309,4.11108,1.14359,0.23432,0.00455145,233.188,0.161637,-0.0214785,4.71434,18.8349,14.0524,21.5011,819.275,124.86,0.460701,0.0290854,0.0786493,516.985,292.427,291.871,97426.8,48.6409,292.82,293.733,64.3071,5.56527,4.42661,20.5045,7.67215,16.7339,24.3911,0.0,4.99594,0.01143,14400.0,11.43,1,-21.492689,3.889002865233027,25.494602865233027,2.1366290630696
2023-11-21 12:30:00,Nit-S,spring,noon,Yng,0.111366,0.05084209417448911,2.922182,0.000812570949283251,0.107279,0.04730076581293875,2.119023,0.8100922905223823,1.233421,0.03779575656680451,1.185102,0.03125066554750323,3.13285,0.4159423599249803,1.889037,0.4256327977730335,12.18987,0.32013211226235516,12.685148,0.3879552679512042,32.22028,4.2796433097425455,0.441786,0.0,0.0,0.0,0.0,0.0,0.0,0.0,145.281311,47.55075105339938,179.08609,48.97386661921491,0.192223,0.12852355805400775,0.5,0.0,0.8,0.0,108.281837,77.42915233476508,40.17,2.262103003843988,38.21,1.937334816307235,24.42,0.6884426870359892,24.75,2.2610071502172064,97.24,0.0171686314178485,156.8,0.11169686869465968,158.1,4.945551151335541,-0.8,3.169001645403711,2386.0,795.7494251452825,3.857,0.026656367058582618,,,,,,,,,,,,,,,,,,,,,,,,,,,-0.03,0.06436503043467894,-0.001,0.0024823184247603617,-0.002,0.0025551069309466146,0.004,0.006456958083517941,-1.331,2.2973214309588585,-1.297,2.0365449067336705,-8.3,6.4758616078559434,1.0,0.0,150.0,0.0,2.0,0.0,55537.0,0.0,55537.0,0.0,55537.0,0.0,0.0,0.0,,,0.0,0.0,0.0,0.0,0.0,0.0,0.0,0.0,2.43089,0.0027722132133007346,2.441612,0.0032544074407604914,1.630583,0.0008413003993251843,0.932638,0.012198692944620853,0.279124,0.007522340727079952,0.002817,0.020253625308289166,0.44323,0.10307846147109301,2.150905,0.6815332717702468,145.281311,47.55075105339938,0.000385,1.021087189038745e-05,2.368943,0.0,-3.2e-05,0.0,1.0,0.0,2.376554,0.0,-3.1e-05,0.0,1.0,0.0,0.600907,0.0,0.601234,0.0,0.107129,0.0,0.0,0.0,-1.04359,0.0,0.0702393,192.496,0.0,11.3065,352.249,0.0,14.3134,-21.6056,0.0,1.40511,7.96186,0.0,0.323527,1.00029,-3.81418,0.112911,-0.0862119,858.672,23.8522,15.7681,393.056,396.939,0.0,1.0,438.007,10.9183,11.0388,0.0,1.0,293.662,292.127,97433.7,1.15717,1011.46,0.0249272,0.515929,0.00789288,1064.09,2187.65,0.00682084,48.6409,1123.56,281.038,1.53738,5.58544,0.197902,5.79616,-2.36312e-14,0.0544563,5.79641,16.6466,137.083,74.3725,,,0.949656,6.03387,-381.041,-0.013988,0.546477,0.173185,0.0,65.5399,-9.94594,22.4977,56.0225,85.4379,119.828,179.524,-0.995971,1.04781,189.185,1.09586,208.572,1.61811,-21.4785,1.56496,4.71434,1.61811,800000099.0,800000099.0,800000099.0,800100099.0,800000099.0,800000099.0,800000199.0,800000199.0,80000.0,80000.0,80.0,81.0,10.0,1.0,0.0,12.0,13.0,9.0,6.81309,4.11108,1.14359,0.23432,0.00455145,233.188,0.161637,-0.0214785,4.71434,18.8349,14.0524,21.5011,819.275,124.86,0.460701,0.0290854,0.0786493,516.985,292.427,291.871,97426.8,48.6409,292.82,293.733,64.3071,5.56527,4.42661,20.5045,7.67215,16.7339,24.3911,0.0,4.99594,0.01143,14400.0,11.43,1,-21.492689,3.889002865233027,25.494602865233027,2.1366290630696
2023-11-21 15:30:00,Rep-S,spring,afternoon,Mid,0.042755,0.017740165898604218,2.921997,0.0006719455161444434,0.042138,0.017318812698238487,0.892437,0.4130003569984414,1.240394,0.037160533839321344,1.210726,0.035749988945359586,3.319352,0.34576437451569036,2.078959,0.3400319786515086,12.459805,0.3675502537614788,12.764864,0.3822413466240921,34.16008,3.5590647638144683,0.441786,0.0,0.0,0.0,0.0,0.0,0.0,0.0,109.037521,43.24705747512501,168.336151,63.89793852577021,0.376944,0.16519547310607516,0.5,0.0,0.8,0.0,125.800255,114.3101848012141,38.23,0.6364568589726518,37.34,0.6824055490200343,25.31,0.5145055879191207,25.72,1.7767003123768519,97.21,0.014165686240582415,156.7,0.08717797887081208,158.1,2.4315632831575638,-0.7,1.5615163570495614,1595.0,609.8624844995796,3.759,0.0258029068129934,,,,,,,,,,,,,,,,,,,,,,,,,,,-0.04,0.013844373104863458,0.0,0.0018903262505010439,0.001,0.0022854612955229264,0.003,0.007120003121097942,-0.385,1.9675463594707663,-0.603,1.987602879517603,5.952,28.682667175103813,1.0,0.0,150.0,0.0,2.0,0.0,55537.0,0.0,55537.0,0.0,55537.0,0.0,0.0,0.0,,,0.0,0.0,0.0,0.0,0.0,0.0,0.0,0.0,2.429458,0.000977550326070329,2.438622,0.0009175714558913561,1.630392,0.0006960469524392422,0.932526,0.00607476961840254,0.269423,0.005551262818194291,0.004606,0.021503036313662002,0.415882,0.08236506963057824,1.472988,0.5223233476922061,109.037521,43.24705747512501,0.000387,5.391969337202639e-06,2.368943,0.0,-3.2e-05,0.0,1.0,0.0,2.376554,0.0,-3.1e-05,0.0,1.0,0.0,0.600907,0.0,0.601234,0.0,0.107129,0.0,0.0,0.0,-0.854352,1.0,0.0648925,150.856,0.0,9.4868,216.908,0.0,9.36627,-16.3105,0.0,1.16439,4.90449,0.0,0.21178,-1.55549,-0.30014,-0.0469045,-0.00678644,405.658,11.0616,15.7577,393.471,397.837,0.0,1.0,429.686,10.7293,10.8457,0.0,1.0,294.074,292.49,97387.1,1.15527,1011.37,0.0249701,0.317811,0.00774294,1045.17,2237.66,0.0067023,46.7084,1192.48,280.775,0.299714,5.25793,0.00372022,5.26641,-8.04008e-14,0.0257435,5.26647,14.5903,122.177,86.6408,,,0.859959,6.06467,-360.918,-0.0147679,0.695483,0.150139,0.0,63.2557,-9.5993,21.7136,54.07,82.4602,115.652,173.267,-0.81764,1.0449,147.924,1.08833,142.49,1.44706,-17.8468,1.41183,3.22184,1.44706,800000099.0,800000099.0,800000099.0,800100099.0,800000099.0,800000099.0,800000199.0,811000199.0,80000.0,80000.0,80.0,80.0,10.0,7.0,0.0,12.0,17.0,9.0,6.57076,4.53098,1.02759,0.141925,0.00273868,87.6266,0.126604,-0.0178468,3.22184,19.2284,14.1012,22.5086,526.092,78.9302,0.485666,0.024495,0.0707527,587.239,293.714,292.89,97408.5,46.7084,295.814,295.98,35.4549,5.25045,4.16509,37.9133,17.673,45.3228,23.7686,0.0,4.70777,0.01143,25200.0,11.43,1,-16.3574045,3.571141720506348,19.881641720506348,2.704918216062214
2023-11-21 15:30:00,Rep-S,spring,afternoon,Old,0.03656,0.02534397196409171,2.922182,0.0010369121226025003,0.036108,0.02450963923282702,0.736178,0.4585428093956877,1.263423,0.03845998166978245,1.242525,0.04279879873209073,3.310317,0.306091278556016,2.054976,0.2998666006468432,12.782879,0.43994252281870033,12.997407,0.3952372532526587,34.061226,3.149561628498109,0.441786,0.0,0.0,0.0,0.0,0.0,0.0,0.0,106.270554,46.76434922505613,191.476471,85.37103181063293,0.433794,0.19602288116698693,0.5,0.0,0.8,0.0,230.820709,111.79653645261726,39.06,0.8846279820730669,38.36,0.8655387532244484,25.52,0.5520045289669288,25.68,1.5759529392296814,97.2,0.012288205727445172,156.8,0.13564659966250675,158.1,0.6995712972957108,-0.9,0.4831493902855858,1415.0,571.898228125716,3.756,0.02437122620359244,,,,,,,,,,,,,,,,,,,,,,,,,,,-0.04,0.013844373104863458,0.0,0.0018092355660149217,-0.001,0.002256841450641434,-0.001,0.003643868518179241,-0.044,3.0277691281425896,0.185,2.089033243711869,-5.609,14.414130434904648,1.0,0.0,150.0,0.0,2.0,0.0,55537.0,0.0,55537.0,0.0,55537.0,0.0,0.0,0.0,,,0.0,0.0,0.0,0.0,0.0,0.0,0.0,0.0,2.430743,0.0012184765871091202,2.439784,0.0012722330407592588,1.630583,0.001073481746467987,0.93241,0.0017797351891035299,0.267153,0.005933315080402621,-4.8e-05,0.016957694564513577,0.422441,0.08187370012437854,1.319347,0.48977463210369526,106.270554,46.76434922505613,0.00039,6.721111019268563e-06,2.368943,0.0,-3.2e-05,0.0,1.0,0.0,2.376554,0.0,-3.1e-05,0.0,1.0,0.0,0.600907,0.0,0.601234,0.0,0.107129,0.0,0.0,0.0,-0.854352,1.0,0.0648925,150.856,0.0,9.4868,216.908,0.0,9.36627,-16.3105,0.0,1.16439,4.90449,0.0,0.21178,-1.55549,-0.30014,-0.0469045,-0.00678644,405.658,11.0616,15.7577,393.471,397.837,0.0,1.0,429.686,10.7293,10.8457,0.0,1.0,294.074,292.49,97387.1,1.15527,1011.37,0.0249701,0.317811,0.00774294,1045.17,2237.66,0.0067023,46.7084,1192.48,280.775,0.299714,5.25793,0.00372022,5.26641,-8.04008e-14,0.0257435,5.26647,14.5903,122.177,86.6408,,,0.859959,6.06467,-360.918,-0.0147679,0.695483,0.150139,0.0,63.2557,-9.5993,21.7136,54.07,82.4602,115.652,173.267,-0.81764,1.0449,147.924,1.08833,142.49,1.44706,-17.8468,1.41183,3.22184,1.44706,800000099.0,800000099.0,800000099.0,800100099.0,800000099.0,800000099.0,800000199.0,811000199.0,80000.0,80000.0,80.0,80.0,10.0,7.0,0.0,12.0,17.0,9.0,6.57076,4.53098,1.02759,0.141925,0.00273868,87.6266,0.126604,-0.0178468,3.22184,19.2284,14.1012,22.5086,526.092,78.9302,0.485666,0.024495,0.0707527,587.239,293.714,292.89,97408.5,46.7084,295.814,295.98,35.4549,5.25045,4.16509,37.9133,17.673,45.3228,23.7686,0.0,4.70777,0.01143,25200.0,11.43,1,-16.3574045,3.571141720506348,19.881641720506348,2.704918216062214
2023-11-21 15:30:00,Rep-S,spring,afternoon,Yng,0.04928,0.019093680270620084,2.922445,0.0009363656995710882,0.048463,0.01840888768520974,1.086255,0.4498735973094628,1.237369,0.04475579257228437,1.215914,0.042687170645601125,3.529383,0.3192502783204371,2.304784,0.32269984510093386,12.507699,0.4381363340979305,12.728435,0.45967752644163506,36.311184,3.2872812966632945,0.441786,0.0,0.0,0.0,0.0,0.0,0.0,0.0,85.53672,22.005290145179014,107.034447,52.51695493102145,0.205519,0.149588723553816,0.5,0.0,0.8,0.0,126.039146,80.3082573473838,38.44,0.991033467312452,37.45,0.9454804774998473,25.12,0.5267156095402272,26.76,1.615752353136664,97.2,0.01451436070471679,156.8,0.12247448713916251,157.9,4.115470811462523,-0.7,2.614944231400229,1685.0,582.9025590382439,3.76,0.02741149393958693,,,,,,,,,,,,,,,,,,,,,,,,,,,-0.04,0.013844373104863458,-0.0,0.001535143858622594,0.001,0.00198158185969358,0.002,0.0055075705472861025,-0.649,1.8416560708594139,-1.434,2.3850022012568455,-10.051,1.282299626972313,1.0,0.0,150.0,0.0,2.0,0.0,55537.0,0.0,55537.0,0.0,55537.0,0.0,0.0,0.0,,,0.0,0.0,0.0,0.0,0.0,0.0,0.0,0.0,2.429633,0.001323326209468564,2.439146,0.0013856387961273232,1.630856,0.0009701665801980973,0.932064,0.01016915227243646,0.271374,0.005684080480605497,0.018099,0.01787605479983396,0.410486,0.08291481883057253,1.549984,0.49926685599694737,85.53672,22.005290145179014,0.000388,6.81346705674382e-06,2.368943,0.0,-3.2e-05,0.0,1.0,0.0,2.376554,0.0,-3.1e-05,0.0,1.0,0.0,0.600907,0.0,0.601234,0.0,0.107129,0.0,0.0,0.0,-0.854352,1.0,0.0648925,150.856,0.0,9.4868,216.908,0.0,9.36627,-16.3105,0.0,1.16439,4.90449,0.0,0.21178,-1.55549,-0.30014,-0.0469045,-0.00678644,405.658,11.0616,15.7577,393.471,397.837,0.0,1.0,429.686,10.7293,10.8457,0.0,1.0,294.074,292.49,97387.1,1.15527,1011.37,0.0249701,0.317811,0.00774294,1045.17,2237.66,0.0067023,46.7084,1192.48,280.775,0.299714,5.25793,0.00372022,5.26641,-8.04008e-14,0.0257435,5.26647,14.5903,122.177,86.6408,,,0.859959,6.06467,-360.918,-0.0147679,0.695483,0.150139,0.0,63.2557,-9.5993,21.7136,54.07,82.4602,115.652,173.267,-0.81764,1.0449,147.924,1.08833,142.49,1.44706,-17.8468,1.41183,3.22184,1.44706,800000099.0,800000099.0,800000099.0,800100099.0,800000099.0,800000099.0,800000199.0,811000199.0,80000.0,80000.0,80.0,80.0,10.0,7.0,0.0,12.0,17.0,9.0,6.57076,4.53098,1.02759,0.141925,0.00273868,87.6266,0.126604,-0.0178468,3.22184,19.2284,14.1012,22.5086,526.092,78.9302,0.485666,0.024495,0.0707527,587.239,293.714,292.89,97408.5,46.7084,295.814,295.98,35.4549,5.25045,4.16509,37.9133,17.673,45.3228,23.7686,0.0,4.70777,0.01143,25200.0,11.43,1,-16.3574045,3.571141720506348,19.881641720506348,2.704918216062214
2023-11-21 09:30:00,Rep-S,spring,morning,Mid,0.093623,0.03672206728666929,2.921844,0.0008154869669917025,0.090717,0.03427588477827136,0.929592,0.39358357702231006,1.419811,0.08132414427179675,1.402207,0.08397115932118197,2.444094,0.14178160773947346,0.945773,0.17140263697687586,14.434722,0.8650450759955082,14.615942,0.837635286569495,25.136852,1.4501168696112428,0.441786,0.0,0.0,0.0,0.0,0.0,0.0,0.0,108.95491,15.944451896631675,277.019257,42.909445316528995,0.591686,0.06900222851534091,0.5,0.0,0.8,0.0,85.535599,13.748671395217292,60.34,4.6429946514435425,59.31,4.835277068931345,21.3,0.9135303315526353,20.66,0.9599076344454521,97.23,0.04160528812543949,156.7,0.10376254944182912,158.4,0.22173557826085252,-1.1,0.1524248448689823,371.0,53.7735064878607,3.958,0.0381904438308851,,,,,,,,,,,,,,,,,,,,,,,,,,,-0.13,0.1084097166616843,0.0,0.003688721549082645,-0.001,0.0024138489320308897,-0.01,0.014138508970094263,-0.164,0.6930029461216838,-0.099,1.4175433232650538,-1.272,3.3437840475141716,1.0,0.0,150.0,0.0,2.0,0.0,55537.0,0.0,55537.0,0.0,55537.0,0.0,0.0,0.0,,,0.0,0.0,0.0,0.0,0.0,0.0,0.0,0.0,2.45959,0.006495781708924767,2.469178,0.006383245550658458,1.630234,0.0008428569926149808,0.93321,0.000550978523477381,0.316245,0.012045055047196761,-0.003175,0.005992731270742359,0.383949,0.13980316486681077,0.425135,0.04600256977666211,108.95491,15.944451896631675,0.000379,6.722598703874367e-06,2.368943,0.0,-3.2e-05,0.0,1.0,0.0,2.376554,0.0,-3.1e-05,0.0,1.0,0.0,0.600907,0.0,0.601234,0.0,0.107129,0.0,0.0,0.0,-0.320291,1.0,0.0373633,,2.0,1.65378,92.7004,0.0,11.4033,0.284567,1.0,0.708302,2.08772,0.0,0.256815,2.39135,2.69226,-3.93864,0.0606327,-171.547,-6.85718,16.1044,396.587,401.826,0.0,1.0,643.734,15.8527,16.108,0.0,1.0,290.469,288.363,97354.1,1.16913,1014.14,0.0246261,0.135284,0.0116001,1543.74,1723.6,0.00992203,89.5644,179.868,286.625,0.957076,2.48979,0.0994742,2.66926,3.85701e-14,-0.0106522,2.66928,9.85826,141.989,68.7633,,,0.523409,2.34913,1422.84,0.00374603,-0.0931247,-0.0139106,0.0,64.8156,-9.83602,22.2491,55.4034,84.4937,118.504,177.54,-0.311888,1.02694,-2.8028,1.04863,89.2868,1.02985,-0.133377,1.02662,2.01084,1.02985,800000099.0,800000099.0,800000099.0,800000099.0,800000099.0,800000099.0,800010199.0,800010199.0,80000.0,80000.0,80.0,81.0,12.0,1.0,1.0,13.0,33.0,5.0,3.15698,1.17686,0.36444,0.00816173,0.0099916,225.387,-0.00236392,-0.000133377,2.01084,15.233,13.6908,15.059,156.901,13.6623,0.511474,0.0167786,0.0518596,26.3272,287.703,287.758,97336.0,89.5644,290.93,291.099,-6.27058,5.58772,4.60872,-14.7501,-12.7997,-11.6389,-10.6544,0.0,5.0982199999999995,0.01143,3600.0,11.43,1,-3.654073,4.197029454516457,3.912462454516457,1.2504737152128778
2023-11-21 09:30:00,Rep-S,spring,morning,Old,0.042381,0.024801938052499042,2.921773,0.000861788214509128,0.041775,0.023842362731910614,0.478823,0.3141777262334967,1.416656,0.08697226240445852,1.407493,0.09040450654143299,2.424802,0.22009423734352207,1.07805,0.19900983124410385,14.488098,0.9306485591037169,14.582417,0.8950426282446048,24.944502,2.2558321978725075,0.441786,0.0,0.0,0.0,0.0,0.0,0.0,0.0,99.208115,18.860323718909363,198.305374,49.01969891735708,0.432159,0.11149778807870288,0.5,0.0,0.8,0.0,81.657608,81.53267724409302,59.09,5.231092938701564,58.71,5.4311855059461935,21.4,0.9708813865074707,20.53,1.4166642745077858,97.22,0.03953057888099134,156.7,0.10770329614269648,158.2,0.2501332977967325,-1.0,0.20000000000000007,412.0,658.4814651909347,3.956,0.0371102860853074,,,,,,,,,,,,,,,,,,,,,,,,,,,-0.13,0.10870449239413556,-0.001,0.003308070938376826,0.001,0.002608958923913266,0.004,0.011329561966774107,-0.108,0.7587422641011461,-0.304,1.4978446270113153,-1.174,3.4673543117306203,1.0,0.0,150.0,0.0,2.0,0.0,55537.0,0.0,55537.0,0.0,55537.0,0.0,0.0,0.0,,,0.0,0.0,0.0,0.0,0.0,0.0,0.0,0.0,2.458788,0.007295849599144615,2.467513,0.007177562274895635,1.630161,0.0008914144901971791,0.932854,0.0006368414690224763,0.315022,0.012791740051429005,-0.00163,0.011095079334702088,0.390992,0.13663978955861772,0.460103,0.5640216286761736,99.208115,18.860323718909363,0.00038,6.323764701504963e-06,2.368943,0.0,-3.2e-05,0.0,1.0,0.0,2.376554,0.0,-3.1e-05,0.0,1.0,0.0,0.600907,0.0,0.601234,0.0,0.107129,0.0,0.0,0.0,-0.320291,1.0,0.0373633,,2.0,1.65378,92.7004,0.0,11.4033,0.284567,1.0,0.708302,2.08772,0.0,0.256815,2.39135,2.69226,-3.93864,0.0606327,-171.547,-6.85718,16.1044,396.587,401.826,0.0,1.0,643.734,15.8527,16.108,0.0,1.0,290.469,288.363,97354.1,1.16913,1014.14,0.0246261,0.135284,0.0116001,1543.74,1723.6,0.00992203,89.5644,179.868,286.625,0.957076,2.48979,0.0994742,2.66926,3.85701e-14,-0.0106522,2.66928,9.85826,141.989,68.7633,,,0.523409,2.34913,1422.84,0.00374603,-0.0931247,-0.0139106,0.0,64.8156,-9.83602,22.2491,55.4034,84.4937,118.504,177.54,-0.311888,1.02694,-2.8028,1.04863,89.2868,1.02985,-0.133377,1.02662,2.01084,1.02985,800000099.0,800000099.0,800000099.0,800000099.0,800000099.0,800000099.0,800010199.0,800010199.0,80000.0,80000.0,80.0,81.0,12.0,1.0,1.0,13.0,33.0,5.0,3.15698,1.17686,0.36444,0.00816173,0.0099916,225.387,-0.00236392,-0.000133377,2.01084,15.233,13.6908,15.059,156.901,13.6623,0.511474,0.0167786,0.0518596,26.3272,287.703,287.758,97336.0,89.5644,290.93,291.099,-6.27058,5.58772,4.60872,-14.7501,-12.7997,-11.6389,-10.6544,0.0,5.0982199999999995,0.01143,3600.0,11.43,1,-3.654073,4.197029454516457,3.912462454516457,1.2504737152128778
2023-11-21 09:30:00,Rep-S,spring,morning,Yng,0.072082,0.02492494216522879,2.921682,0.0009244341548571778,0.070347,0.023328293286050746,0.940237,0.23155712172710932,1.389086,0.12654777892120422,1.364966,0.12526396425837455,2.6203,0.31380744980620406,1.205506,0.26036211619823524,14.051031,1.2891127881740951,14.299425,1.3023000513570295,26.950336,3.221812505145014,0.441786,0.0,0.0,0.0,0.0,0.0,0.0,0.0,102.473976,42.09167714567315,193.14444,66.68056683358856,0.386777,0.16825319981288123,0.5,0.0,0.8,0.0,108.225769,24.582193283842184,61.91,5.952504150915533,60.85,5.897901660760374,21.08,0.8273094946874459,21.79,1.945415551152674,97.22,0.03999166579842952,156.7,0.11902380714237311,158.3,0.20792626898335,-1.0,0.18330302779823351,798.0,577.5344665039481,3.961,0.04038056463201037,,,,,,,,,,,,,,,,,,,,,,,,,,,-0.02,0.10179718398200742,-0.002,0.0037416573867739417,0.0,0.002669581740023457,-0.005,0.013358785231342814,-0.484,1.3596762482297027,-0.844,1.561878210147428,-0.938,5.856125131209284,1.0,0.0,150.0,0.0,2.0,0.0,55537.0,0.0,55537.0,0.0,55537.0,0.0,0.0,0.0,,,0.0,0.0,0.0,0.0,0.0,0.0,0.0,0.0,2.462158,0.00784125411950598,2.471767,0.00803109266642291,1.630066,0.0009568103922233333,0.932982,0.0005445699893799655,0.319094,0.01091680770265127,0.008853,0.017788296959143298,0.375657,0.14343416425556826,0.790757,0.49456650907777466,102.473976,42.09167714567315,0.000382,7.05336798983294e-06,2.368943,0.0,-3.2e-05,0.0,1.0,0.0,2.376554,0.0,-3.1e-05,0.0,1.0,0.0,0.600907,0.0,0.601234,0.0,0.107129,0.0,0.0,0.0,-0.320291,1.0,0.0373633,,2.0,1.65378,92.7004,0.0,11.4033,0.284567,1.0,0.708302,2.08772,0.0,0.256815,2.39135,2.69226,-3.93864,0.0606327,-171.547,-6.85718,16.1044,396.587,401.826,0.0,1.0,643.734,15.8527,16.108,0.0,1.0,290.469,288.363,97354.1,1.16913,1014.14,0.0246261,0.135284,0.0116001,1543.74,1723.6,0.00992203,89.5644,179.868,286.625,0.957076,2.48979,0.0994742,2.66926,3.85701e-14,-0.0106522,2.66928,9.85826,141.989,68.7633,,,0.523409,2.34913,1422.84,0.00374603,-0.0931247,-0.0139106,0.0,64.8156,-9.83602,22.2491,55.4034,84.4937,118.504,177.54,-0.311888,1.02694,-2.8028,1.04863,89.2868,1.02985,-0.133377,1.02662,2.01084,1.02985,800000099.0,800000099.0,800000099.0,800000099.0,800000099.0,800000099.0,800010199.0,800010199.0,80000.0,80000.0,80.0,81.0,12.0,1.0,1.0,13.0,33.0,5.0,3.15698,1.17686,0.36444,0.00816173,0.0099916,225.387,-0.00236392,-0.000133377,2.01084,15.233,13.6908,15.059,156.901,13.6623,0.511474,0.0167786,0.0518596,26.3272,287.703,287.758,97336.0,89.5644,290.93,291.099,-6.27058,5.58772,4.60872,-14.7501,-12.7997,-11.6389,-10.6544,0.0,5.0982199999999995,0.01143,3600.0,11.43,1,-3.654073,4.197029454516457,3.912462454516457,1.2504737152128778
2023-11-21 12:30:00,Rep-S,spring,noon,Mid,0.053559,0.03124623991314795,2.921827,0.0011533478992336397,0.052595,0.029999375181660033,1.281706,0.6083199330288381,1.243614,0.07710022939669711,1.207041,0.06683814660463978,3.287635,0.4112130407865449,2.081074,0.4096427290776195,12.413172,0.6876782503608747,12.789288,0.793300109820726,33.800274,4.230699357221744,0.441786,0.0,0.0,0.0,0.0,0.0,0.0,0.0,140.411499,48.113983642716775,201.228256,54.24657751118833,0.264535,0.15514361685416944,0.5,0.0,0.8,0.0,94.387901,27.596214301535984,40.51,3.1991650994178724,39.06,2.9493382308579,25.09,0.7686405748679522,25.56,2.0734673054250616,97.24,0.016852299546355417,156.7,0.13564659966250683,157.7,2.188660168535378,-0.7,1.3948476619330155,1277.0,833.0267562729703,3.875,0.03114894326725524,,,,,,,,,,,,,,,,,,,,,,,,,,,-0.05,0.04327046721880102,0.0,0.0015088627063675035,-0.001,0.00227522892621087,0.007,0.01002476101128268,-0.68,2.8555373971752966,-1.67,2.1403067988803226,-5.4085,8.121863538211741,1.0,0.0,150.0,0.0,2.0,0.0,55537.0,0.0,55537.0,0.0,55537.0,0.0,0.0,0.0,,,0.0,0.0,0.0,0.0,0.0,0.0,0.0,0.0,2.432039,0.004124581285011426,2.441943,0.004448028674592717,1.630216,0.0011945496473566844,0.931625,0.005456944461876062,0.271705,0.00840766245694962,0.008461,0.02528512535563152,0.374792,0.12684170861671118,1.20075,0.7134321523996004,140.411499,48.113983642716775,0.000386,6.828372182787544e-06,2.368943,0.0,-3.2e-05,0.0,1.0,0.0,2.376554,0.0,-3.1e-05,0.0,1.0,0.0,0.600907,0.0,0.601234,0.0,0.107129,0.0,0.0,0.0,-1.04359,0.0,0.0702393,192.496,0.0,11.3065,352.249,0.0,14.3134,-21.6056,0.0,1.40511,7.96186,0.0,0.323527,1.00029,-3.81418,0.112911,-0.0862119,858.672,23.8522,15.7681,393.056,396.939,0.0,1.0,438.007,10.9183,11.0388,0.0,1.0,293.662,292.127,97433.7,1.15717,1011.46,0.0249272,0.515929,0.00789288,1064.09,2187.65,0.00682084,48.6409,1123.56,281.038,1.53738,5.58544,0.197902,5.79616,-2.36312e-14,0.0544563,5.79641,16.6466,137.083,74.3725,,,0.949656,6.03387,-381.041,-0.013988,0.546477,0.173185,0.0,65.5399,-9.94594,22.4977,56.0225,85.4379,119.828,179.524,-0.995971,1.04781,189.185,1.09586,208.572,1.61811,-21.4785,1.56496,4.71434,1.61811,800000099.0,800000099.0,800000099.0,800100099.0,800000099.0,800000099.0,800000199.0,800000199.0,80000.0,80000.0,80.0,81.0,10.0,1.0,0.0,12.0,13.0,9.0,6.81309,4.11108,1.14359,0.23432,0.00455145,233.188,0.161637,-0.0214785,4.71434,18.8349,14.0524,21.5011,819.275,124.86,0.460701,0.0290854,0.0786493,516.985,292.427,291.871,97426.8,48.6409,292.82,293.733,64.3071,5.56527,4.42661,20.5045,7.67215,16.7339,24.3911,0.0,4.99594,0.01143,14400.0,11.43,1,-21.492689,3.889002865233027,25.494602865233027,2.1366290630696
2023-11-21 12:30:00,Rep-S,spring,noon,Old,0.031224,0.03264304505107737,2.922263,0.0009456161166138796,0.030894,0.031214100682917863,0.618976,0.5641563096980895,1.252561,0.07447035070601371,1.23893,0.06674103558406433,3.048052,0.25991421910681733,1.789834,0.2805085381012314,12.742224,0.6868316649503433,12.882119,0.7663948453839394,31.346947,2.6723253196171983,0.441786,0.0,0.0,0.0,0.0,0.0,0.0,0.0,112.732887,43.95734779772317,263.09967,75.39432344298825,0.407723,0.16257276435140255,0.5,0.0,0.8,0.0,90.17598,92.09449590727586,39.85,3.3725693963702663,39.07,3.1857054687044264,25.43,0.7314592720491455,24.29,1.3666343085600232,97.24,0.012489995996795775,156.8,0.11902380714238646,157.9,2.265869958022008,-0.7,1.4644908102590923,550.0,756.3359108226978,3.873,0.031142147217770883,,,,,,,,,,,,,,,,,,,,,,,,,,,-0.05,0.04330127018922194,-0.001,0.002335950912726264,-0.002,0.002081665999466133,0.0,0.009063095822198556,-0.077,3.6840486673405026,-1.114,2.611373931477451,-6.978,8.155212751940427,1.0,0.0,150.0,0.0,2.0,0.0,55537.0,0.0,55537.0,0.0,55537.0,0.0,0.0,0.0,,,0.0,0.0,0.0,0.0,0.0,0.0,0.0,0.0,2.431775,0.004444938887093939,2.440846,0.004700722059074091,1.630668,0.0009794939118408863,0.932089,0.0056987045244218945,0.268124,0.00798961035762485,-0.005351,0.017867004713064433,0.382724,0.1243903371398947,0.577867,0.6477689291391465,112.732887,43.95734779772317,0.000391,5.682722352300297e-06,2.368943,0.0,-3.2e-05,0.0,1.0,0.0,2.376554,0.0,-3.1e-05,0.0,1.0,0.0,0.600907,0.0,0.601234,0.0,0.107129,0.0,0.0,0.0,-1.04359,0.0,0.0702393,192.496,0.0,11.3065,352.249,0.0,14.3134,-21.6056,0.0,1.40511,7.96186,0.0,0.323527,1.00029,-3.81418,0.112911,-0.0862119,858.672,23.8522,15.7681,393.056,396.939,0.0,1.0,438.007,10.9183,11.0388,0.0,1.0,293.662,292.127,97433.7,1.15717,1011.46,0.0249272,0.515929,0.00789288,1064.09,2187.65,0.00682084,48.6409,1123.56,281.038,1.53738,5.58544,0.197902,5.79616,-2.36312e-14,0.0544563,5.79641,16.6466,137.083,74.3725,,,0.949656,6.03387,-381.041,-0.013988,0.546477,0.173185,0.0,65.5399,-9.94594,22.4977,56.0225,85.4379,119.828,179.524,-0.995971,1.04781,189.185,1.09586,208.572,1.61811,-21.4785,1.56496,4.71434,1.61811,800000099.0,800000099.0,800000099.0,800100099.0,800000099.0,800000099.0,800000199.0,800000199.0,80000.0,80000.0,80.0,81.0,10.0,1.0,0.0,12.0,13.0,9.0,6.81309,4.11108,1.14359,0.23432,0.00455145,233.188,0.161637,-0.0214785,4.71434,18.8349,14.0524,21.5011,819.275,124.86,0.460701,0.0290854,0.0786493,516.985,292.427,291.871,97426.8,48.6409,292.82,293.733,64.3071,5.56527,4.42661,20.5045,7.67215,16.7339,24.3911,0.0,4.99594,0.01143,14400.0,11.43,1,-21.492689,3.889002865233027,25.494602865233027,2.1366290630696
2023-11-21 12:30:00,Rep-S,spring,noon,Yng,0.053623,0.022971080673171065,2.922323,0.001073659391986163,0.052657,0.022172072393140584,1.077849,0.4855704934919749,1.248184,0.07810636883863359,1.205461,0.07533531977218046,3.145737,0.44889838397179954,1.852271,0.47254260531759473,12.392462,0.7754934830960267,12.834366,0.8039900425604307,32.353153,4.616663185546597,0.441786,0.0,0.0,0.0,0.0,0.0,0.0,0.0,103.196739,26.04068459247435,156.363129,36.213147552600034,0.316202,0.13522743083267785,0.5,0.0,0.8,0.0,111.949364,18.57006566695382,40.04,2.7451477191582976,39.06,2.704034454908688,24.71,0.7244186174673679,24.82,2.259460260032618,97.24,0.01650252505931403,156.8,0.14433756729740943,157.8,0.7360253618818638,-0.7,0.4749736834815167,889.0,821.815171840157,3.878,0.03109930331481177,,,,,,,,,,,,,,,,,,,,,,,,,,,-0.06,0.0444896991823201,0.0,0.0025819888974716113,-0.001,0.0026570660511172845,0.003,0.008924900344196912,-0.99,1.372276211263607,-1.512,2.060510292783481,-8.7865,6.442023179316971,1.0,0.0,150.0,0.0,2.0,0.0,55537.0,0.0,55537.0,0.0,55537.0,0.0,0.0,0.0,,,0.0,0.0,0.0,0.0,0.0,0.0,0.0,0.0,2.431956,0.0037434755361827206,2.441525,0.0038002440062005504,1.630729,0.0011119469681599354,0.931818,0.0018578700394089108,0.275917,0.007918632060526634,-0.00759,0.025450086113148356,0.363773,0.13007962180240476,0.868172,0.7038941788447513,103.196739,26.04068459247435,0.000386,6.824710006049101e-06,2.368943,0.0,-3.2e-05,0.0,1.0,0.0,2.376554,0.0,-3.1e-05,0.0,1.0,0.0,0.600907,0.0,0.601234,0.0,0.107129,0.0,0.0,0.0,-1.04359,0.0,0.0702393,192.496,0.0,11.3065,352.249,0.0,14.3134,-21.6056,0.0,1.40511,7.96186,0.0,0.323527,1.00029,-3.81418,0.112911,-0.0862119,858.672,23.8522,15.7681,393.056,396.939,0.0,1.0,438.007,10.9183,11.0388,0.0,1.0,293.662,292.127,97433.7,1.15717,1011.46,0.0249272,0.515929,0.00789288,1064.09,2187.65,0.00682084,48.6409,1123.56,281.038,1.53738,5.58544,0.197902,5.79616,-2.36312e-14,0.0544563,5.79641,16.6466,137.083,74.3725,,,0.949656,6.03387,-381.041,-0.013988,0.546477,0.173185,0.0,65.5399,-9.94594,22.4977,56.0225,85.4379,119.828,179.524,-0.995971,1.04781,189.185,1.09586,208.572,1.61811,-21.4785,1.56496,4.71434,1.61811,800000099.0,800000099.0,800000099.0,800100099.0,800000099.0,800000099.0,800000199.0,800000199.0,80000.0,80000.0,80.0,81.0,10.0,1.0,0.0,12.0,13.0,9.0,6.81309,4.11108,1.14359,0.23432,0.00455145,233.188,0.161637,-0.0214785,4.71434,18.8349,14.0524,21.5011,819.275,124.86,0.460701,0.0290854,0.0786493,516.985,292.427,291.871,97426.8,48.6409,292.82,293.733,64.3071,5.56527,4.42661,20.5045,7.67215,16.7339,24.3911,0.0,4.99594,0.01143,14400.0,11.43,1,-21.492689,3.889002865233027,25.494602865233027,2.1366290630696
2023-12-11 15:30:00,Nit-A,summer,afternoon,Mid,0.063096,0.025859425320696253,2.922697,0.0009744569376495431,0.061762,0.02491839272418401,1.483497,0.5384264101017797,1.553827,0.02553629017450787,1.509131,0.023730707834154464,4.068412,0.4124934204518823,2.506307,0.4149121996052617,15.503432,0.24346019373828545,15.963781,0.26184706104701067,41.789772,4.2391339357875735,0.441786,0.0,0.0,0.0,0.0,0.0,0.0,0.0,117.607353,60.185889249342836,172.116989,74.36328815291093,0.172367,0.21327571152129973,0.5,0.0,0.8,0.0,140.145782,152.02153495719452,34.13,3.205574987424254,33.08,2.9865025810580947,31.1,1.7151616056026113,29.2,1.7460318821067728,97.35,0.008812869377596259,156.8,0.11789826122551936,157.1,3.4685347530813853,-0.2,2.2099547506679853,1839.0,164.5511774494489,3.633,0.014294521094927418,,,,,,,,,,,,,,,,,,,,,,,,,,,0.01,0.013844373104863457,0.0,0.0010408329997330665,-0.0,0.0015545631755148025,0.0,0.001785164750607962,-1.32,5.010239938698878,-1.183,1.8861667255750927,-9.088000000000001,15.922575247976456,1.0,0.0,150.0,0.0,2.0,0.0,55537.0,0.0,55537.0,0.0,55537.0,0.0,0.0,0.0,,,0.0,0.0,0.0,0.0,0.0,0.0,0.0,0.0,2.422412,0.00442439715290874,2.431772,0.00474836933343096,1.631117,0.0010100931887702174,0.929909,0.00860248360998151,0.214155,0.013731027568369882,-0.034637,0.013145139533683164,0.319054,0.08961659371796052,1.682108,0.1408910698058728,117.607353,60.185889249342836,0.000397,2.8572597595131823e-05,2.368943,0.0,-3.2e-05,0.0,1.0,0.0,2.376554,0.0,-3.1e-05,0.0,1.0,0.0,0.600907,0.0,0.601234,0.0,0.107129,0.0,0.0,0.0,-0.353269,0.0,0.0277982,307.074,0.0,15.0204,91.6759,0.0,5.28023,-14.3462,0.0,1.16456,2.08469,0.0,0.120071,1.2221,9.38181,-0.186599,0.21334,530.496,18.7503,15.4946,393.97,400.042,0.0,1.0,547.655,13.9249,14.1215,0.0,1.0,299.911,298.357,97558.0,1.13316,1013.28,0.0254263,0.135088,0.00986875,1358.85,3197.7,0.00870906,42.4945,1838.86,284.681,-4.28779,1.23489,-0.414479,4.48108,1.52759e-13,0.0342375,4.48121,10.7463,47.5986,163.851,,,0.558351,2.5428,-48.6244,-0.109616,3.34956,0.478977,0.0,62.1349,-9.42922,21.3289,53.112,80.9992,113.602,170.197,-0.339346,1.04103,289.378,1.07728,47.9835,1.43406,-20.7277,1.40182,1.09113,1.43406,800000099.0,800000099.0,800000099.0,800000099.0,800000099.0,800000199.0,800000199.0,810000199.0,80000.0,80000.0,80.0,81.0,0.0,3.0,1.0,0.0,0.0,15.0,2.93115,1.69979,0.454675,0.827803,0.00619295,76.3284,0.252025,-0.0207277,1.09113,25.0942,14.0359,29.2176,769.982,126.628,0.430138,0.0264051,0.066257,676.499,299.34,298.038,97587.3,42.4945,307.809,307.901,63.3361,0.883695,1.48456,70.6872,55.9666,70.7169,75.9688,0.0,1.1841275,0.002032,221400.0,2.032,1,-14.532798999999999,1.5253460308679245,15.871546030867924,5.080111930642272
2023-12-11 15:30:00,Nit-A,summer,afternoon,Old,0.029581,0.020959029407950486,2.922603,0.0006667587594724984,0.029284,0.020527625696850578,0.808379,0.5468564963327003,1.538762,0.03217971954678906,1.520358,0.02554071540455871,3.766662,0.5113817150029027,2.22961,0.5023171441770561,15.617042,0.2623570799751421,15.802194,0.33082081651045303,38.691959,5.254670203912928,0.441786,0.0,0.0,0.0,0.0,0.0,0.0,0.0,63.266872,29.76389356650823,90.618256,50.18710203993092,0.201391,0.19602488590314243,0.5,0.0,0.8,0.0,157.283661,115.55345605896133,34.39,2.8681961811098855,34.27,2.921674748039788,30.68,1.655587307674628,27.87,2.156155374735318,97.35,0.010754843869934349,156.8,0.08406346808613253,157.1,1.5337861650177902,-0.2,0.9928914005737652,1764.0,430.73647009124585,3.627,0.021216974336601423,,,,,,,,,,,,,,,,,,,,,,,,,,,0.01,0.019364916731037084,0.0,0.001098483803552272,0.0,0.0014047538337136987,-0.0,0.001140175425099138,-0.548,6.646649141234,-0.458,2.1605236224890794,-10.155,11.919664772970757,1.0,0.0,150.0,0.0,2.0,0.0,55537.0,0.0,55537.0,0.0,55537.0,0.0,0.0,0.0,,,0.0,0.0,0.0,0.0,0.0,0.0,0.0,0.0,2.424124,0.0043204611837167894,2.432221,0.004271439389323746,1.63102,0.0006910062180134782,0.929952,0.0038445581857130553,0.217771,0.01350468525956825,-0.033832,0.011987845608504195,0.322441,0.08797814794854837,1.618303,0.36896901690775696,63.266872,29.76389356650823,0.000395,6.861729616746305e-06,2.368943,0.0,-3.2e-05,0.0,1.0,0.0,2.376554,0.0,-3.1e-05,0.0,1.0,0.0,0.600907,0.0,0.601234,0.0,0.107129,0.0,0.0,0.0,-0.353269,0.0,0.0277982,307.074,0.0,15.0204,91.6759,0.0,5.28023,-14.3462,0.0,1.16456,2.08469,0.0,0.120071,1.2221,9.38181,-0.186599,0.21334,530.496,18.7503,15.4946,393.97,400.042,0.0,1.0,547.655,13.9249,14.1215,0.0,1.0,299.911,298.357,97558.0,1.13316,1013.28,0.0254263,0.135088,0.00986875,1358.85,3197.7,0.00870906,42.4945,1838.86,284.681,-4.28779,1.23489,-0.414479,4.48108,1.52759e-13,0.0342375,4.48121,10.7463,47.5986,163.851,,,0.558351,2.5428,-48.6244,-0.109616,3.34956,0.478977,0.0,62.1349,-9.42922,21.3289,53.112,80.9992,113.602,170.197,-0.339346,1.04103,289.378,1.07728,47.9835,1.43406,-20.7277,1.40182,1.09113,1.43406,800000099.0,800000099.0,800000099.0,800000099.0,800000099.0,800000199.0,800000199.0,810000199.0,80000.0,80000.0,80.0,81.0,0.0,3.0,1.0,0.0,0.0,15.0,2.93115,1.69979,0.454675,0.827803,0.00619295,76.3284,0.252025,-0.0207277,1.09113,25.0942,14.0359,29.2176,769.982,126.628,0.430138,0.0264051,0.066257,676.499,299.34,298.038,97587.3,42.4945,307.809,307.901,63.3361,0.883695,1.48456,70.6872,55.9666,70.7169,75.9688,0.0,1.1841275,0.002032,221400.0,2.032,1,-14.532798999999999,1.5253460308679245,15.871546030867924,5.080111930642272
2023-12-11 15:30:00,Nit-A,summer,afternoon,Yng,0.068176,0.029424552980291816,2.922638,0.0008743732040724695,0.066622,0.028236457387096795,1.724942,0.751764740319818,1.576413,0.031006229243599834,1.52383,0.024068653003232233,4.119367,0.3722771683725409,2.569108,0.37589003709991203,15.65106,0.24688534746981244,16.191128,0.31815178772200753,42.316319,3.8262480542312844,0.441786,0.0,0.0,0.0,0.0,0.0,0.0,0.0,179.80957,75.63015657997379,210.163589,81.38320215985534,0.165418,0.07394880397387552,0.5,0.0,0.8,0.0,126.676743,47.12866518350676,33.71,3.059077856696904,32.47,3.006908600761474,31.81,1.7561114239516027,29.41,1.5245793955492564,97.35,0.011518101695450844,156.8,0.11000000000000185,157.0,5.242127430728871,-0.1,3.3520491245405895,1962.0,222.18961121828656,3.635,0.01587272293380501,,,,,,,,,,,,,,,,,,,,,,,,,,,0.01,0.013844373104863457,0.0,0.0010801234497346435,0.001,0.0017795130420052185,0.002,0.003931557306862366,-0.941,1.1417944896813377,-2.435,2.7118697811657553,-10.861,4.513202549979654,1.0,0.0,150.0,0.0,2.0,0.0,55537.0,0.0,55537.0,0.0,55537.0,0.0,0.0,0.0,,,0.0,0.0,0.0,0.0,0.0,0.0,0.0,0.0,2.421455,0.004465843638851158,2.431036,0.004556110222181543,1.631057,0.0009067224400737088,0.929832,0.012845149889225374,0.20828,0.013824341199854685,-0.033767,0.012893110411249362,0.314603,0.08969800507707325,1.787416,0.190357346195097,179.80957,75.63015657997379,0.000396,4.387482193696064e-06,2.368943,0.0,-3.2e-05,0.0,1.0,0.0,2.376554,0.0,-3.1e-05,0.0,1.0,0.0,0.600907,0.0,0.601234,0.0,0.107129,0.0,0.0,0.0,-0.353269,0.0,0.0277982,307.074,0.0,15.0204,91.6759,0.0,5.28023,-14.3462,0.0,1.16456,2.08469,0.0,0.120071,1.2221,9.38181,-0.186599,0.21334,530.496,18.7503,15.4946,393.97,400.042,0.0,1.0,547.655,13.9249,14.1215,0.0,1.0,299.911,298.357,97558.0,1.13316,1013.28,0.0254263,0.135088,0.00986875,1358.85,3197.7,0.00870906,42.4945,1838.86,284.681,-4.28779,1.23489,-0.414479,4.48108,1.52759e-13,0.0342375,4.48121,10.7463,47.5986,163.851,,,0.558351,2.5428,-48.6244,-0.109616,3.34956,0.478977,0.0,62.1349,-9.42922,21.3289,53.112,80.9992,113.602,170.197,-0.339346,1.04103,289.378,1.07728,47.9835,1.43406,-20.7277,1.40182,1.09113,1.43406,800000099.0,800000099.0,800000099.0,800000099.0,800000099.0,800000199.0,800000199.0,810000199.0,80000.0,80000.0,80.0,81.0,0.0,3.0,1.0,0.0,0.0,15.0,2.93115,1.69979,0.454675,0.827803,0.00619295,76.3284,0.252025,-0.0207277,1.09113,25.0942,14.0359,29.2176,769.982,126.628,0.430138,0.0264051,0.066257,676.499,299.34,298.038,97587.3,42.4945,307.809,307.901,63.3361,0.883695,1.48456,70.6872,55.9666,70.7169,75.9688,0.0,1.1841275,0.002032,221400.0,2.032,1,-14.532798999999999,1.5253460308679245,15.871546030867924,5.080111930642272
2023-12-11 09:30:00,Nit-A,summer,morning,Mid,0.058285,0.03129269113483211,2.923449,0.0007219506562085197,0.057146,0.030148980615713472,1.993981,0.9300206087280933,1.242142,0.041860690747486044,1.189943,0.043747788541936616,4.126194,0.43101190414429374,2.925372,0.44073340370852293,12.197661,0.44860273832331504,12.739692,0.4284433853566187,42.305298,4.41626361557718,0.441786,0.0,0.0,0.0,0.0,0.0,0.0,0.0,113.500359,76.3250287309381,136.123535,90.62244305617578,0.205536,0.11400215450705307,0.5,0.0,0.8,0.0,159.455917,84.68665151060665,27.13,3.5951558612481143,25.8,3.8461672263869837,31.8,2.2841655660948366,29.44,1.738263021908171,97.54,0.0193649167310431,156.9,0.08660254037843532,157.4,2.9057586502208586,-0.3,1.8528176740665372,2012.0,399.40070522388083,3.805,0.03310000000000004,,,,,,,,,,,,,,,,,,,,,,,,,,,-0.0,0.10598742063723095,-0.0,0.0011874342087037917,0.001,0.0020639767440550293,0.001,0.006265493616341034,-1.634,1.9087794468368176,-2.505,2.2330280547573365,-11.696,3.891658411565394,1.0,0.0,150.0,0.0,2.0,0.0,55537.0,0.0,55537.0,0.0,55537.0,0.0,0.0,0.0,,,0.0,0.0,0.0,0.0,0.0,0.0,0.0,0.0,2.412357,0.005840527131460589,2.421837,0.0056164927914731325,1.631897,0.0007492244479014991,0.930639,0.007236042639684603,0.208395,0.019914197558274862,-0.018309,0.024251898130661857,0.389855,0.11995729995467833,1.830741,0.3420851172877251,113.500359,76.3250287309381,0.000395,7.267048919609676e-06,2.368943,0.0,-3.2e-05,0.0,1.0,0.0,2.376554,0.0,-3.1e-05,0.0,1.0,0.0,0.600907,0.0,0.601234,0.0,0.107129,0.0,0.0,0.0,-0.0591849,0.0,0.0122534,243.222,0.0,18.9344,83.5361,0.0,13.5437,-9.61498,0.0,1.64859,1.89512,0.0,0.307256,1.63047,-3.18025,-0.114406,-0.072148,-917.055,-19.186,15.9303,400.89,404.421,0.0,1.0,333.283,8.38715,8.45809,0.0,1.0,297.018,295.93,97768.5,1.14733,1010.16,0.0251652,0.122804,0.00600577,820.218,2764.06,0.00523457,29.6745,1943.84,277.274,1.13413,1.51886,0.0837837,1.89654,-6.40791e-14,-0.0575667,1.89742,5.64273,159.929,53.2108,,,0.227123,1.09197,-4.13428,-1.28922,2.91157,0.923978,0.0,44.6876,-6.78151,15.3398,38.1983,58.2547,81.7031,122.406,-0.0569621,1.03902,236.96,1.04671,63.3042,1.14396,-19.1181,1.13357,1.43614,1.14396,800000099.0,800000099.0,800000099.0,800000099.0,800000099.0,800000099.0,800000199.0,800000199.0,80000.0,80000.0,80.0,81.0,2.0,0.0,0.0,15.0,11.0,1.0,0.872263,1.13983,0.171838,0.708866,0.00644833,283.074,0.204454,-0.0191181,1.43614,22.2664,13.9208,29.231,726.989,139.179,0.428493,0.0343745,0.0859206,-172.826,296.056,295.508,97776.9,29.6745,293.798,295.153,64.1307,1.73277,2.18979,-4.23738,-1.55612,-0.131783,2.97241,0.0,1.96128,0.002032,199800.0,2.032,1,-9.729386,2.5815909260217853,12.196570926021785,4.29433630758128
2023-12-11 09:30:00,Nit-A,summer,morning,Old,0.038153,0.03969931587290475,2.922734,0.0007597990896720764,0.037661,0.03820394239311784,1.349069,1.1798438253132628,1.225297,0.051510148737894376,1.187614,0.0414079742536789,4.252445,0.3844277632461786,3.015858,0.395046408979135,12.175503,0.42465254328220353,12.560317,0.5279620942248703,43.596157,3.941250492834176,0.441786,0.0,0.0,0.0,0.0,0.0,0.0,0.0,79.339027,39.34731106851366,117.096664,82.7130248645653,0.324379,0.21425357648537244,0.5,0.0,0.8,0.0,228.054565,187.9022771863919,25.47,4.126435790525932,24.99,4.0266073395188,31.6,2.190841695178668,29.97,1.5571889202448532,97.54,0.015513435037629312,156.8,0.09539392014171502,157.3,1.9874439195442275,-0.3,1.2868307321995902,2023.0,417.2863005978829,3.804,0.03195830617121817,,,,,,,,,,,,,,,,,,,,,,,,,,,-0.0,0.10622303579418792,0.0,0.0015842979517754858,0.0,0.0017048949136725896,0.005,0.005794085654478071,-0.5,2.00753101927052,-0.671,2.1703815463338856,-10.977,10.386738080474588,1.0,0.0,150.0,0.0,2.0,0.0,55537.0,0.0,55537.0,0.0,55537.0,0.0,0.0,0.0,,,0.0,0.0,0.0,0.0,0.0,0.0,0.0,0.0,2.41098,0.0060883341284787605,2.419484,0.0063597030218927545,1.631156,0.0007874351338364254,0.930411,0.004968822882065063,0.210041,0.019121596165243778,-0.017598,0.030672379174918923,0.395142,0.11745500114795737,1.839423,0.35744716390762804,79.339027,39.34731106851366,0.000398,7.470609078247913e-06,2.368943,0.0,-3.2e-05,0.0,1.0,0.0,2.376554,0.0,-3.1e-05,0.0,1.0,0.0,0.600907,0.0,0.601234,0.0,0.107129,0.0,0.0,0.0,-0.0591849,0.0,0.0122534,243.222,0.0,18.9344,83.5361,0.0,13.5437,-9.61498,0.0,1.64859,1.89512,0.0,0.307256,1.63047,-3.18025,-0.114406,-0.072148,-917.055,-19.186,15.9303,400.89,404.421,0.0,1.0,333.283,8.38715,8.45809,0.0,1.0,297.018,295.93,97768.5,1.14733,1010.16,0.0251652,0.122804,0.00600577,820.218,2764.06,0.00523457,29.6745,1943.84,277.274,1.13413,1.51886,0.0837837,1.89654,-6.40791e-14,-0.0575667,1.89742,5.64273,159.929,53.2108,,,0.227123,1.09197,-4.13428,-1.28922,2.91157,0.923978,0.0,44.6876,-6.78151,15.3398,38.1983,58.2547,81.7031,122.406,-0.0569621,1.03902,236.96,1.04671,63.3042,1.14396,-19.1181,1.13357,1.43614,1.14396,800000099.0,800000099.0,800000099.0,800000099.0,800000099.0,800000099.0,800000199.0,800000199.0,80000.0,80000.0,80.0,81.0,2.0,0.0,0.0,15.0,11.0,1.0,0.872263,1.13983,0.171838,0.708866,0.00644833,283.074,0.204454,-0.0191181,1.43614,22.2664,13.9208,29.231,726.989,139.179,0.428493,0.0343745,0.0859206,-172.826,296.056,295.508,97776.9,29.6745,293.798,295.153,64.1307,1.73277,2.18979,-4.23738,-1.55612,-0.131783,2.97241,0.0,1.96128,0.002032,199800.0,2.032,1,-9.729386,2.5815909260217853,12.196570926021785,4.29433630758128
2023-12-11 09:30:00,Nit-A,summer,morning,Yng,0.077549,0.049908152327784415,2.922384,0.0008113971140363679,0.075544,0.046716278407067775,2.210303,1.3613970374715672,1.246597,0.07024736274527806,1.17302,0.05700720271269824,3.917108,0.35916183706178123,2.725751,0.3870014280400012,12.026936,0.5851825110168623,12.778236,0.7205357892064579,40.152298,3.6794130951606654,0.441786,0.0,0.0,0.0,0.0,0.0,0.0,0.0,143.984192,93.76308824472117,198.076126,95.32194774858323,0.214362,0.138105354568496,0.5,0.0,0.8,0.0,171.323578,105.8310929118664,26.37,4.872984096013441,24.33,4.844796624558493,32.06,2.403039186807683,28.55,1.582539414990983,97.54,0.014640127504004454,156.8,0.11180339887499723,157.4,1.2405375179063822,-0.4,0.8134699338840579,2036.0,207.1917147635655,3.807,0.03321279873783607,,,,,,,,,,,,,,,,,,,,,,,,,,,-0.0,0.10598742063723095,-0.0,0.0017435595774162697,0.0,0.002039607805437114,0.0025,0.0051639777949432225,-1.499,2.651005260273921,-2.959,2.0179023291527267,-9.293,12.4334009585404,1.0,0.0,150.0,0.0,2.0,0.0,55537.0,0.0,55537.0,0.0,55537.0,0.0,0.0,0.0,,,0.0,0.0,0.0,0.0,0.0,0.0,0.0,0.0,2.409969,0.007286549713227115,2.420704,0.007449930658066612,1.630792,0.0008406656588680814,0.930792,0.003144292121182971,0.206253,0.020973418726886964,-0.033345,0.021852045863412117,0.38489,0.1224332246541354,1.851026,0.17743287073540429,143.984192,93.76308824472117,0.000393,7.791448303535535e-06,2.368943,0.0,-3.2e-05,0.0,1.0,0.0,2.376554,0.0,-3.1e-05,0.0,1.0,0.0,0.600907,0.0,0.601234,0.0,0.107129,0.0,0.0,0.0,-0.0591849,0.0,0.0122534,243.222,0.0,18.9344,83.5361,0.0,13.5437,-9.61498,0.0,1.64859,1.89512,0.0,0.307256,1.63047,-3.18025,-0.114406,-0.072148,-917.055,-19.186,15.9303,400.89,404.421,0.0,1.0,333.283,8.38715,8.45809,0.0,1.0,297.018,295.93,97768.5,1.14733,1010.16,0.0251652,0.122804,0.00600577,820.218,2764.06,0.00523457,29.6745,1943.84,277.274,1.13413,1.51886,0.0837837,1.89654,-6.40791e-14,-0.0575667,1.89742,5.64273,159.929,53.2108,,,0.227123,1.09197,-4.13428,-1.28922,2.91157,0.923978,0.0,44.6876,-6.78151,15.3398,38.1983,58.2547,81.7031,122.406,-0.0569621,1.03902,236.96,1.04671,63.3042,1.14396,-19.1181,1.13357,1.43614,1.14396,800000099.0,800000099.0,800000099.0,800000099.0,800000099.0,800000099.0,800000199.0,800000199.0,80000.0,80000.0,80.0,81.0,2.0,0.0,0.0,15.0,11.0,1.0,0.872263,1.13983,0.171838,0.708866,0.00644833,283.074,0.204454,-0.0191181,1.43614,22.2664,13.9208,29.231,726.989,139.179,0.428493,0.0343745,0.0859206,-172.826,296.056,295.508,97776.9,29.6745,293.798,295.153,64.1307,1.73277,2.18979,-4.23738,-1.55612,-0.131783,2.97241,0.0,1.96128,0.002032,199800.0,2.032,1,-9.729386,2.5815909260217853,12.196570926021785,4.29433630758128
2023-12-11 12:30:00,Nit-A,summer,noon,Mid,0.053078,0.027598039096525195,2.922719,0.0007042604584480399,0.052131,0.026459288056874596,1.960738,0.928677239569841,1.378482,0.06497939361636115,1.312979,0.061013075745231245,4.90901,0.3104081252056183,3.525029,0.3358004918391374,13.474672,0.6281354317984749,14.14353,0.6687793173390604,50.379051,3.1840230348832517,0.441786,0.0,0.0,0.0,0.0,0.0,0.0,0.0,109.773514,43.85088833940778,177.669525,59.932024461060614,0.185719,0.21461533723052817,0.5,0.0,0.8,0.0,157.33696,169.6666705452137,22.93,2.1978316587036404,22.16,2.071857701033865,35.74,1.9656947033216172,32.49,1.1170374508791827,97.46,0.020872629605930556,156.8,0.08698658900465786,156.9,2.9048981622998906,-0.1,1.8340483454187713,1962.0,424.80740734282546,3.718,0.04318803846745851,,,,,,,,,,,,,,,,,,,,,,,,,,,0.0,0.012909944487358055,0.0,0.001011599393699568,-0.0,0.0015577761927397231,0.0,0.0028209740758897636,-1.619,2.6203893794625257,-2.096,2.4827266482639603,-11.155000000000001,7.269829110240851,1.0,0.0,150.0,0.0,2.0,0.0,55537.0,0.0,55537.0,0.0,55537.0,0.0,0.0,0.0,,,0.0,0.0,0.0,0.0,0.0,0.0,0.0,0.0,2.406299,0.0032533640794312098,2.415362,0.003453475448973968,1.631141,0.000730828951716253,0.929441,0.007220291705095197,0.178667,0.012542561206149265,-0.035586,0.03576767431177674,0.339484,0.13308935701059396,1.787763,0.3638090726213086,109.773514,43.85088833940778,0.000403,7.155883360331325e-06,2.368943,0.0,-3.2e-05,0.0,1.0,0.0,2.376554,0.0,-3.1e-05,0.0,1.0,0.0,0.600907,0.0,0.601234,0.0,0.107129,0.0,0.0,0.0,-0.227673,0.0,0.0231001,426.311,0.0,23.9522,140.182,0.0,8.09518,-13.7252,0.0,1.68951,3.18888,0.0,0.18415,1.78578,3.15008,-0.0113347,0.0716586,481.533,13.9739,15.6723,398.38,403.094,0.0,1.0,454.805,11.5609,11.6961,0.0,1.0,300.069,298.739,97709.6,1.13449,1011.99,0.0254193,0.20664,0.00819559,1129.91,3271.0,0.00722403,34.5432,2141.09,281.923,0.905996,3.46626,0.119365,3.58438,-9.18434e-14,0.0307251,3.58452,8.351,135.242,75.1111,,,0.447977,1.76634,-18.1022,-0.294439,3.04112,0.828887,0.0,61.8923,-9.3924,21.2456,52.9046,80.6829,113.159,169.533,-0.219415,1.03764,407.432,1.06508,89.2891,1.27351,-27.4978,1.25377,2.03116,1.27351,800000099.0,800000099.0,800000099.0,800000099.0,800000099.0,800000099.0,800000199.0,800000199.0,80000.0,80000.0,80.0,80.0,0.0,2.0,0.0,3.0,3.0,2.0,1.70919,1.52695,0.296525,1.40186,0.00877842,120.604,0.354878,-0.0274978,2.03116,25.6508,13.719,31.4224,1051.16,169.825,0.387888,0.0369416,0.0837614,744.038,299.731,298.272,97724.1,34.5432,301.477,303.722,144.201,1.33765,1.72932,57.856,49.8265,53.9961,82.398,0.0,1.533485,0.002032,210600.0,2.032,1,-13.7365347,2.0556565945407943,15.780856594540793,3.302075510453852
2023-12-11 12:30:00,Nit-A,summer,noon,Old,0.014863,0.02058335220860133,2.923127,0.0009609756726021841,0.014788,0.020107181696017634,0.560231,0.8095425849849471,1.312286,0.05211099515857149,1.271967,0.050360630421987365,5.042311,0.40431352262236636,3.719278,0.42354847006487145,13.048388,0.5186348230951404,13.467151,0.5365604056800026,51.742542,4.147655444142203,0.441786,0.0,0.0,0.0,0.0,0.0,0.0,0.0,73.332664,45.150715894905794,91.091751,71.43365708507989,0.118218,0.23662085517660947,0.5,0.0,0.8,0.0,80.102661,149.81898074863767,22.96,2.0961284152773962,22.72,2.1870282729463435,35.4,1.6805926534013715,32.97,1.4203088865923983,97.46,0.018511257835882634,156.9,0.11902380714237944,156.7,3.8557619221108537,0.1,2.4584073435186995,2116.0,696.3911735990532,3.713,0.04056755682397821,,,,,,,,,,,,,,,,,,,,,,,,,,,0.0,0.012909944487358055,0.0,0.0006879922480183432,0.001,0.001368697677843187,0.001,0.004002272081978162,-1.059,1.4156425490450146,-2.577,1.7745948204214583,-13.609,10.610596465969119,1.0,0.0,150.0,0.0,2.0,0.0,55537.0,0.0,55537.0,0.0,55537.0,0.0,0.0,0.0,,,0.0,0.0,0.0,0.0,0.0,0.0,0.0,0.0,2.40724,0.0033977817886573177,2.415394,0.003285085101383632,1.631563,0.0009966712513830016,0.929084,0.009545196329742704,0.181056,0.011082827393915912,-0.037213,0.028071175554294125,0.351741,0.13130365739705552,1.919722,0.5964412921084298,73.332664,45.150715894905794,0.000402,7.045565981523411e-06,2.368943,0.0,-3.2e-05,0.0,1.0,0.0,2.376554,0.0,-3.1e-05,0.0,1.0,0.0,0.600907,0.0,0.601234,0.0,0.107129,0.0,0.0,0.0,-0.227673,0.0,0.0231001,426.311,0.0,23.9522,140.182,0.0,8.09518,-13.7252,0.0,1.68951,3.18888,0.0,0.18415,1.78578,3.15008,-0.0113347,0.0716586,481.533,13.9739,15.6723,398.38,403.094,0.0,1.0,454.805,11.5609,11.6961,0.0,1.0,300.069,298.739,97709.6,1.13449,1011.99,0.0254193,0.20664,0.00819559,1129.91,3271.0,0.00722403,34.5432,2141.09,281.923,0.905996,3.46626,0.119365,3.58438,-9.18434e-14,0.0307251,3.58452,8.351,135.242,75.1111,,,0.447977,1.76634,-18.1022,-0.294439,3.04112,0.828887,0.0,61.8923,-9.3924,21.2456,52.9046,80.6829,113.159,169.533,-0.219415,1.03764,407.432,1.06508,89.2891,1.27351,-27.4978,1.25377,2.03116,1.27351,800000099.0,800000099.0,800000099.0,800000099.0,800000099.0,800000099.0,800000199.0,800000199.0,80000.0,80000.0,80.0,80.0,0.0,2.0,0.0,3.0,3.0,2.0,1.70919,1.52695,0.296525,1.40186,0.00877842,120.604,0.354878,-0.0274978,2.03116,25.6508,13.719,31.4224,1051.16,169.825,0.387888,0.0369416,0.0837614,744.038,299.731,298.272,97724.1,34.5432,301.477,303.722,144.201,1.33765,1.72932,57.856,49.8265,53.9961,82.398,0.0,1.533485,0.002032,210600.0,2.032,1,-13.7365347,2.0556565945407943,15.780856594540793,3.302075510453852
2023-12-11 12:30:00,Nit-A,summer,noon,Yng,0.055274,0.04436080672087318,2.922559,0.0007803076850405957,0.054248,0.04201479555930268,1.946386,1.6318898060680729,1.381314,0.07175116258856015,1.329085,0.06094507888878309,4.917325,0.38216367480198843,3.580644,0.36704617284534746,13.641641,0.6264974733015369,14.177397,0.7368122556119712,50.454937,3.9216949429138412,0.441786,0.0,0.0,0.0,0.0,0.0,0.0,0.0,119.891525,63.73379682723605,160.335663,72.95399605722955,0.247868,0.13338068956846788,0.5,0.0,0.8,0.0,202.169876,84.30567910693388,22.52,2.078228412213954,21.51,1.9918814389081174,35.95,2.215877328132883,32.52,1.3201682973520206,97.45,0.017492855684533362,156.8,0.10801234497347081,156.9,0.9889893831583789,0.0,0.6244997998398398,2061.0,262.12295460972757,3.72,0.04057269196557406,,,,,,,,,,,,,,,,,,,,,,,,,,,-0.0,0.009626352718795767,-0.0,0.0011135528725660043,0.001,0.0017559422921421231,0.002,0.0025315008852509107,-1.626,5.749025221142567,-3.723,1.7061116786424035,-10.436,9.452054212702617,1.0,0.0,150.0,0.0,2.0,0.0,55537.0,0.0,55537.0,0.0,55537.0,0.0,0.0,0.0,,,0.0,0.0,0.0,0.0,0.0,0.0,0.0,0.0,2.405379,0.003176655297111726,2.414667,0.003297859217229627,1.630974,0.0008091451311929849,0.929408,0.0024770044018262594,0.177222,0.013774735287837639,-0.042565,0.030909883355651802,0.335068,0.13456412622337352,1.872556,0.22456151649895398,119.891525,63.73379682723605,0.000401,1.9422667170087624e-05,2.368943,0.0,-3.2e-05,0.0,1.0,0.0,2.376554,0.0,-3.1e-05,0.0,1.0,0.0,0.600907,0.0,0.601234,0.0,0.107129,0.0,0.0,0.0,-0.227673,0.0,0.0231001,426.311,0.0,23.9522,140.182,0.0,8.09518,-13.7252,0.0,1.68951,3.18888,0.0,0.18415,1.78578,3.15008,-0.0113347,0.0716586,481.533,13.9739,15.6723,398.38,403.094,0.0,1.0,454.805,11.5609,11.6961,0.0,1.0,300.069,298.739,97709.6,1.13449,1011.99,0.0254193,0.20664,0.00819559,1129.91,3271.0,0.00722403,34.5432,2141.09,281.923,0.905996,3.46626,0.119365,3.58438,-9.18434e-14,0.0307251,3.58452,8.351,135.242,75.1111,,,0.447977,1.76634,-18.1022,-0.294439,3.04112,0.828887,0.0,61.8923,-9.3924,21.2456,52.9046,80.6829,113.159,169.533,-0.219415,1.03764,407.432,1.06508,89.2891,1.27351,-27.4978,1.25377,2.03116,1.27351,800000099.0,800000099.0,800000099.0,800000099.0,800000099.0,800000099.0,800000199.0,800000199.0,80000.0,80000.0,80.0,80.0,0.0,2.0,0.0,3.0,3.0,2.0,1.70919,1.52695,0.296525,1.40186,0.00877842,120.604,0.354878,-0.0274978,2.03116,25.6508,13.719,31.4224,1051.16,169.825,0.387888,0.0369416,0.0837614,744.038,299.731,298.272,97724.1,34.5432,301.477,303.722,144.201,1.33765,1.72932,57.856,49.8265,53.9961,82.398,0.0,1.533485,0.002032,210600.0,2.032,1,-13.7365347,2.0556565945407943,15.780856594540793,3.302075510453852
2023-12-11 15:30:00,Nit-S,summer,afternoon,Mid,0.036404,0.029640167745420512,2.922637,0.0008563285915270349,0.035957,0.02883660790771573,1.018881,0.7612907938058294,1.604146,0.03671824814325979,1.57398,0.03704120113274769,4.415224,1.251555565375279,2.778372,1.247283280266084,16.165272,0.3808055788179275,16.478384,0.3769206275341653,45.345741,12.858926260784228,0.441786,0.0,0.0,0.0,0.0,0.0,0.0,0.0,88.778976,66.21141917515457,218.40834,115.95193453119109,0.295766,0.2578538804479325,0.5,0.0,0.8,0.0,195.943939,159.56231881934815,33.6,4.220010979448588,32.64,3.9830301279302414,32.09,2.2902483125926136,30.62,4.038171533421203,97.36,0.013540064007727063,156.8,0.10598742063723367,156.7,2.4811489274124554,0.1,1.5889514362203354,1809.0,328.2808401353938,3.623,0.02486275661841745,,,,,,,,,,,,,,,,,,,,,,,,,,,-0.01,0.03259856847572707,-0.0,0.0012806248474865698,0.001,0.0017559422921421231,0.002,0.001,-0.148,1.8939730946698619,-0.044,2.0457753558655134,-11.499,2.023049760468915,1.0,0.0,150.0,0.0,2.0,0.0,55537.0,0.0,55537.0,0.0,55537.0,0.0,0.0,0.0,,,0.0,0.0,0.0,0.0,0.0,0.0,0.0,0.0,2.421585,0.005881742394053241,2.430828,0.00626733549258939,1.631055,0.0008874695544073871,0.928943,0.006213363440198878,0.206038,0.017748832481508943,-0.005291,0.03157691667932975,0.301244,0.09956380507513758,1.656777,0.2812168582698531,88.778976,66.21141917515457,0.000397,5.522680508593617e-06,2.368943,0.0,-3.2e-05,0.0,1.0,0.0,2.376554,0.0,-3.1e-05,0.0,1.0,0.0,0.600907,0.0,0.601234,0.0,0.107129,0.0,0.0,0.0,-0.353269,0.0,0.0277982,307.074,0.0,15.0204,91.6759,0.0,5.28023,-14.3462,0.0,1.16456,2.08469,0.0,0.120071,1.2221,9.38181,-0.186599,0.21334,530.496,18.7503,15.4946,393.97,400.042,0.0,1.0,547.655,13.9249,14.1215,0.0,1.0,299.911,298.357,97558.0,1.13316,1013.28,0.0254263,0.135088,0.00986875,1358.85,3197.7,0.00870906,42.4945,1838.86,284.681,-4.28779,1.23489,-0.414479,4.48108,1.52759e-13,0.0342375,4.48121,10.7463,47.5986,163.851,,,0.558351,2.5428,-48.6244,-0.109616,3.34956,0.478977,0.0,62.1349,-9.42922,21.3289,53.112,80.9992,113.602,170.197,-0.339346,1.04103,289.378,1.07728,47.9835,1.43406,-20.7277,1.40182,1.09113,1.43406,800000099.0,800000099.0,800000099.0,800000099.0,800000099.0,800000199.0,800000199.0,810000199.0,80000.0,80000.0,80.0,81.0,0.0,3.0,1.0,0.0,0.0,15.0,2.93115,1.69979,0.454675,0.827803,0.00619295,76.3284,0.252025,-0.0207277,1.09113,25.0942,14.0359,29.2176,769.982,126.628,0.430138,0.0264051,0.066257,676.499,299.34,298.038,97587.3,42.4945,307.809,307.901,63.3361,0.883695,1.48456,70.6872,55.9666,70.7169,75.9688,0.0,1.1841275,0.002032,221400.0,2.032,1,-14.532798999999999,1.5253460308679245,15.871546030867924,5.080111930642272
2023-12-11 15:30:00,Nit-S,summer,afternoon,Old,0.012901,0.024645652104715483,2.923171,0.0009175383970169647,0.012844,0.024028124981779163,0.484933,0.7163491272715491,1.593318,0.03707701194621816,1.576515,0.022282619956145163,4.503766,0.9265281851634389,2.919386,0.9327978809846087,16.190018,0.22930489112167513,16.365179,0.3811131703301177,46.251053,9.515265385991713,0.441786,0.0,0.0,0.0,0.0,0.0,0.0,0.0,78.331947,32.61579616390708,98.445656,103.74225553596484,0.189049,0.21411327659938947,0.5,0.0,0.8,0.0,138.44841,112.34014762027797,33.57,3.983237042071852,32.94,3.8298751937889577,32.07,2.1501937897160213,30.97,3.062639765518189,97.37,0.013880441875767455,156.9,0.12247448713916712,156.0,8.906602419927962,0.5,5.661380868068615,1675.0,314.45799931522384,3.637,0.016734993277560763,,,,,,,,,,,,,,,,,,,,,,,,,,,0.01,0.03068658773253661,-0.0,0.0008621678104251708,0.0,0.0012083045973594574,-0.0005,0.0021213203435596424,0.001,1.0210605728032658,-0.254,1.4933304981371893,-13.8595,2.093743179093368,1.0,0.0,150.0,0.0,2.0,0.0,55537.0,0.0,55537.0,0.0,55537.0,0.0,0.0,0.0,,,0.0,0.0,0.0,0.0,0.0,0.0,0.0,0.0,2.42203,0.005661069289453867,2.430787,0.0059188043691270325,1.631609,0.0009515409660123934,0.927148,0.021871921884157028,0.206181,0.016551630460269865,0.000957,0.017991485374846995,0.307013,0.10019979248689427,1.542052,0.26929713612976525,78.331947,32.61579616390708,0.000397,6.256196927846817e-06,2.368943,0.0,-3.2e-05,0.0,1.0,0.0,2.376554,0.0,-3.1e-05,0.0,1.0,0.0,0.600907,0.0,0.601234,0.0,0.107129,0.0,0.0,0.0,-0.353269,0.0,0.0277982,307.074,0.0,15.0204,91.6759,0.0,5.28023,-14.3462,0.0,1.16456,2.08469,0.0,0.120071,1.2221,9.38181,-0.186599,0.21334,530.496,18.7503,15.4946,393.97,400.042,0.0,1.0,547.655,13.9249,14.1215,0.0,1.0,299.911,298.357,97558.0,1.13316,1013.28,0.0254263,0.135088,0.00986875,1358.85,3197.7,0.00870906,42.4945,1838.86,284.681,-4.28779,1.23489,-0.414479,4.48108,1.52759e-13,0.0342375,4.48121,10.7463,47.5986,163.851,,,0.558351,2.5428,-48.6244,-0.109616,3.34956,0.478977,0.0,62.1349,-9.42922,21.3289,53.112,80.9992,113.602,170.197,-0.339346,1.04103,289.378,1.07728,47.9835,1.43406,-20.7277,1.40182,1.09113,1.43406,800000099.0,800000099.0,800000099.0,800000099.0,800000099.0,800000199.0,800000199.0,810000199.0,80000.0,80000.0,80.0,81.0,0.0,3.0,1.0,0.0,0.0,15.0,2.93115,1.69979,0.454675,0.827803,0.00619295,76.3284,0.252025,-0.0207277,1.09113,25.0942,14.0359,29.2176,769.982,126.628,0.430138,0.0264051,0.066257,676.499,299.34,298.038,97587.3,42.4945,307.809,307.901,63.3361,0.883695,1.48456,70.6872,55.9666,70.7169,75.9688,0.0,1.1841275,0.002032,221400.0,2.032,1,-14.532798999999999,1.5253460308679245,15.871546030867924,5.080111930642272
2023-12-11 15:30:00,Nit-S,summer,afternoon,Yng,0.067099,0.05245252099889957,2.922614,0.0007678701604655218,0.065593,0.04981289591019579,1.885961,1.1805154345251034,1.623006,0.039022127567701854,1.578525,0.032458273967151466,4.086668,0.8433261641366424,2.486537,0.8606531117180276,16.21262,0.3336076892996327,16.675329,0.39959544845580225,41.973095,8.668034657648416,0.441786,0.0,0.0,0.0,0.0,0.0,0.0,0.0,96.846703,68.83763900672523,240.997559,108.00957831049087,0.404305,0.21238366293803454,0.5,0.0,0.8,0.0,223.784866,141.40325925711537,33.94,4.816614025087196,32.63,4.362387075902364,32.15,2.4215783420460855,29.28,3.0482575350517895,97.36,0.016206994374861124,156.8,0.09433981132056887,157.0,3.2648736575861497,-0.2,2.078845833629805,1733.0,300.69225685629704,3.637,0.02246293242952344,,,,,,,,,,,,,,,,,,,,,,,,,,,-0.01,0.032532035493238555,0.001,0.0012489995996796798,0.0,0.0016072751268321592,-0.0,0.00485912657903775,-0.234,2.1780187495366827,-0.486,2.0017562056021374,-10.184,16.726214951719086,1.0,0.0,150.0,0.0,2.0,0.0,55537.0,0.0,55537.0,0.0,55537.0,0.0,0.0,0.0,,,0.0,0.0,0.0,0.0,0.0,0.0,0.0,0.0,2.421573,0.006425913057561336,2.431254,0.0071053299494113695,1.631031,0.0007962216567430699,0.929871,0.008140162462137963,0.205546,0.018831826912437358,-0.015599,0.018257788252962075,0.296476,0.09919168380086105,1.591464,0.257542721478541,96.846703,68.83763900672523,0.000394,2.4945807931059944e-05,2.368943,0.0,-3.2e-05,0.0,1.0,0.0,2.376554,0.0,-3.1e-05,0.0,1.0,0.0,0.600907,0.0,0.601234,0.0,0.107129,0.0,0.0,0.0,-0.353269,0.0,0.0277982,307.074,0.0,15.0204,91.6759,0.0,5.28023,-14.3462,0.0,1.16456,2.08469,0.0,0.120071,1.2221,9.38181,-0.186599,0.21334,530.496,18.7503,15.4946,393.97,400.042,0.0,1.0,547.655,13.9249,14.1215,0.0,1.0,299.911,298.357,97558.0,1.13316,1013.28,0.0254263,0.135088,0.00986875,1358.85,3197.7,0.00870906,42.4945,1838.86,284.681,-4.28779,1.23489,-0.414479,4.48108,1.52759e-13,0.0342375,4.48121,10.7463,47.5986,163.851,,,0.558351,2.5428,-48.6244,-0.109616,3.34956,0.478977,0.0,62.1349,-9.42922,21.3289,53.112,80.9992,113.602,170.197,-0.339346,1.04103,289.378,1.07728,47.9835,1.43406,-20.7277,1.40182,1.09113,1.43406,800000099.0,800000099.0,800000099.0,800000099.0,800000099.0,800000199.0,800000199.0,810000199.0,80000.0,80000.0,80.0,81.0,0.0,3.0,1.0,0.0,0.0,15.0,2.93115,1.69979,0.454675,0.827803,0.00619295,76.3284,0.252025,-0.0207277,1.09113,25.0942,14.0359,29.2176,769.982,126.628,0.430138,0.0264051,0.066257,676.499,299.34,298.038,97587.3,42.4945,307.809,307.901,63.3361,0.883695,1.48456,70.6872,55.9666,70.7169,75.9688,0.0,1.1841275,0.002032,221400.0,2.032,1,-14.532798999999999,1.5253460308679245,15.871546030867924,5.080111930642272
2023-12-11 09:30:00,Nit-S,summer,morning,Mid,0.074302,0.040198110270343146,2.922595,0.0010213012320891338,0.07246,0.038346103129914,2.081028,1.0917467914553844,1.338883,0.08489656724524654,1.26594,0.08046935786475903,4.333222,0.5546556190266474,2.964653,0.570252067907348,12.975677,0.8251242242035942,13.730971,0.870626054249033,44.437496,5.68072950176368,0.441786,0.0,0.0,0.0,0.0,0.0,0.0,0.0,111.971497,46.37548393345049,208.198425,113.74955751642229,0.38201,0.1937662372197661,0.5,0.0,0.8,0.0,261.109833,136.83824008680762,27.78,3.9292184549432543,26.79,3.62691825107763,32.17,1.7741187483743392,30.3,2.258398916636887,97.55,0.024103941586384136,156.8,0.13329166015422553,157.8,1.6180543872194209,-0.5,1.0476481597686633,1761.0,92.44863438688536,3.795,0.030002610997489125,,,,,,,,,,,,,,,,,,,,,,,,,,,-0.01,0.10115993936995678,-0.0,0.0014719601443879745,0.001,0.001733974240485327,-0.005,0.0049799598391954926,0.07,2.80377911814275,-0.589,1.836036340417404,-8.491,9.86593149682279,1.0,0.0,150.0,0.0,2.0,0.0,55537.0,0.0,55537.0,0.0,55537.0,0.0,0.0,0.0,,,0.0,0.0,0.0,0.0,0.0,0.0,0.0,0.0,2.413447,0.005408318782825807,2.422683,0.005929509137356666,1.631011,0.0010589369323366277,0.931685,0.004036771287386333,0.205353,0.015460914068816691,-0.017311,0.02886431983764731,0.363484,0.09678389074622218,1.615415,0.07926273240018501,111.971497,46.37548393345049,0.000395,7.326208660237162e-06,2.368943,0.0,-3.2e-05,0.0,1.0,0.0,2.376554,0.0,-3.1e-05,0.0,1.0,0.0,0.600907,0.0,0.601234,0.0,0.107129,0.0,0.0,0.0,-0.0591849,0.0,0.0122534,243.222,0.0,18.9344,83.5361,0.0,13.5437,-9.61498,0.0,1.64859,1.89512,0.0,0.307256,1.63047,-3.18025,-0.114406,-0.072148,-917.055,-19.186,15.9303,400.89,404.421,0.0,1.0,333.283,8.38715,8.45809,0.0,1.0,297.018,295.93,97768.5,1.14733,1010.16,0.0251652,0.122804,0.00600577,820.218,2764.06,0.00523457,29.6745,1943.84,277.274,1.13413,1.51886,0.0837837,1.89654,-6.40791e-14,-0.0575667,1.89742,5.64273,159.929,53.2108,,,0.227123,1.09197,-4.13428,-1.28922,2.91157,0.923978,0.0,44.6876,-6.78151,15.3398,38.1983,58.2547,81.7031,122.406,-0.0569621,1.03902,236.96,1.04671,63.3042,1.14396,-19.1181,1.13357,1.43614,1.14396,800000099.0,800000099.0,800000099.0,800000099.0,800000099.0,800000099.0,800000199.0,800000199.0,80000.0,80000.0,80.0,81.0,2.0,0.0,0.0,15.0,11.0,1.0,0.872263,1.13983,0.171838,0.708866,0.00644833,283.074,0.204454,-0.0191181,1.43614,22.2664,13.9208,29.231,726.989,139.179,0.428493,0.0343745,0.0859206,-172.826,296.056,295.508,97776.9,29.6745,293.798,295.153,64.1307,1.73277,2.18979,-4.23738,-1.55612,-0.131783,2.97241,0.0,1.96128,0.002032,199800.0,2.032,1,-9.729386,2.5815909260217853,12.196570926021785,4.29433630758128
2023-12-11 09:30:00,Nit-S,summer,morning,Old,0.017054,0.02083675992830939,2.922556,0.0006967888537187131,0.016955,0.02042452778303577,0.511155,0.5021240315165433,1.312632,0.1086920566958628,1.301063,0.10860971201513246,4.661434,0.7646745408394955,3.392015,0.7716161857534007,13.342079,1.1134291319666416,13.450817,1.11443725035142,47.784706,7.8293120487112455,0.441786,0.0,0.0,0.0,0.0,0.0,0.0,0.0,85.335014,43.357431912348176,87.095261,137.01099614942197,0.281221,0.2627946054050767,0.5,0.0,0.8,0.0,161.639481,192.35577508989465,26.78,4.093784923515154,26.82,4.007172402912888,32.14,1.6714383027799737,31.58,2.924442795929962,97.55,0.023629078131266943,156.8,0.08981462390205205,157.7,1.1605027646096637,-0.6,0.7378572581016828,1751.0,465.82015485234933,3.808,0.02668488960691653,,,,,,,,,,,,,,,,,,,,,,,,,,,-0.01,0.10115993936995678,0.0,0.002193171219946131,0.0,0.002386070689089771,0.002,0.0019493588689617927,-0.014,1.223927194185449,-0.001,1.69924449094296,-11.024,13.152416173464097,1.0,0.0,150.0,0.0,2.0,0.0,55537.0,0.0,55537.0,0.0,55537.0,0.0,0.0,0.0,,,0.0,0.0,0.0,0.0,0.0,0.0,0.0,0.0,2.413377,0.005901819422855764,2.421239,0.006135383232257217,1.630971,0.000722656919522208,0.931518,0.0029010402800834028,0.205601,0.01436941112514127,-0.003714,0.02954098950469782,0.367762,0.09514558652212934,1.607124,0.39898187060618023,85.335014,43.357431912348176,0.000395,7.112899080778051e-06,2.368943,0.0,-3.2e-05,0.0,1.0,0.0,2.376554,0.0,-3.1e-05,0.0,1.0,0.0,0.600907,0.0,0.601234,0.0,0.107129,0.0,0.0,0.0,-0.0591849,0.0,0.0122534,243.222,0.0,18.9344,83.5361,0.0,13.5437,-9.61498,0.0,1.64859,1.89512,0.0,0.307256,1.63047,-3.18025,-0.114406,-0.072148,-917.055,-19.186,15.9303,400.89,404.421,0.0,1.0,333.283,8.38715,8.45809,0.0,1.0,297.018,295.93,97768.5,1.14733,1010.16,0.0251652,0.122804,0.00600577,820.218,2764.06,0.00523457,29.6745,1943.84,277.274,1.13413,1.51886,0.0837837,1.89654,-6.40791e-14,-0.0575667,1.89742,5.64273,159.929,53.2108,,,0.227123,1.09197,-4.13428,-1.28922,2.91157,0.923978,0.0,44.6876,-6.78151,15.3398,38.1983,58.2547,81.7031,122.406,-0.0569621,1.03902,236.96,1.04671,63.3042,1.14396,-19.1181,1.13357,1.43614,1.14396,800000099.0,800000099.0,800000099.0,800000099.0,800000099.0,800000099.0,800000199.0,800000199.0,80000.0,80000.0,80.0,81.0,2.0,0.0,0.0,15.0,11.0,1.0,0.872263,1.13983,0.171838,0.708866,0.00644833,283.074,0.204454,-0.0191181,1.43614,22.2664,13.9208,29.231,726.989,139.179,0.428493,0.0343745,0.0859206,-172.826,296.056,295.508,97776.9,29.6745,293.798,295.153,64.1307,1.73277,2.18979,-4.23738,-1.55612,-0.131783,2.97241,0.0,1.96128,0.002032,199800.0,2.032,1,-9.729386,2.5815909260217853,12.196570926021785,4.29433630758128
2023-12-11 09:30:00,Nit-S,summer,morning,Yng,0.096871,0.06760204701281858,2.922796,0.0009534958101637466,0.093764,0.06367107934695836,2.170996,2.0561205802106537,1.294202,0.10158595291102018,1.258227,0.062341946859558406,4.320532,0.5898166843285662,2.926024,0.6127378233989826,12.904958,0.6386200267777702,13.272747,1.0407796659771056,44.289982,6.037666876698614,0.441786,0.0,0.0,0.0,0.0,0.0,0.0,0.0,82.173943,46.77676076530379,133.9935,68.86492914491834,0.269066,0.15501954656572614,0.5,0.0,0.8,0.0,189.569412,92.5514981352047,30.81,3.6992608721202664,27.44,3.323959335892464,32.1,1.826680778534299,30.24,2.322415624588616,97.55,0.02483277404291948,156.8,0.11547005383792562,157.7,8.48236012754312,-0.6,5.428726062960505,1875.0,252.90981264738093,3.815,0.02879218644007422,,,,,,,,,,,,,,,,,,,,,,,,,,,-0.01,0.10408329997330662,0.0,0.002289832599412746,0.001,0.00198158185969358,-0.001,0.01015025998572341,-0.116,1.1300779722361343,-0.004,2.4474255405766008,-7.61,7.302166238711481,1.0,0.0,150.0,0.0,2.0,0.0,55537.0,0.0,55537.0,0.0,55537.0,0.0,0.0,0.0,,,0.0,0.0,0.0,0.0,0.0,0.0,0.0,0.0,2.41436,0.004980648075970113,2.426959,0.005585570590668001,1.63122,0.0009884777724696592,0.931597,0.020697691422958266,0.205961,0.0161398183052557,-0.010676,0.019077493615689316,0.359878,0.09723208588677573,1.713317,0.21656620543321153,82.173943,46.77676076530379,0.000391,3.231743595439878e-05,2.368943,0.0,-3.2e-05,0.0,1.0,0.0,2.376554,0.0,-3.1e-05,0.0,1.0,0.0,0.600907,0.0,0.601234,0.0,0.107129,0.0,0.0,0.0,-0.0591849,0.0,0.0122534,243.222,0.0,18.9344,83.5361,0.0,13.5437,-9.61498,0.0,1.64859,1.89512,0.0,0.307256,1.63047,-3.18025,-0.114406,-0.072148,-917.055,-19.186,15.9303,400.89,404.421,0.0,1.0,333.283,8.38715,8.45809,0.0,1.0,297.018,295.93,97768.5,1.14733,1010.16,0.0251652,0.122804,0.00600577,820.218,2764.06,0.00523457,29.6745,1943.84,277.274,1.13413,1.51886,0.0837837,1.89654,-6.40791e-14,-0.0575667,1.89742,5.64273,159.929,53.2108,,,0.227123,1.09197,-4.13428,-1.28922,2.91157,0.923978,0.0,44.6876,-6.78151,15.3398,38.1983,58.2547,81.7031,122.406,-0.0569621,1.03902,236.96,1.04671,63.3042,1.14396,-19.1181,1.13357,1.43614,1.14396,800000099.0,800000099.0,800000099.0,800000099.0,800000099.0,800000099.0,800000199.0,800000199.0,80000.0,80000.0,80.0,81.0,2.0,0.0,0.0,15.0,11.0,1.0,0.872263,1.13983,0.171838,0.708866,0.00644833,283.074,0.204454,-0.0191181,1.43614,22.2664,13.9208,29.231,726.989,139.179,0.428493,0.0343745,0.0859206,-172.826,296.056,295.508,97776.9,29.6745,293.798,295.153,64.1307,1.73277,2.18979,-4.23738,-1.55612,-0.131783,2.97241,0.0,1.96128,0.002032,199800.0,2.032,1,-9.729386,2.5815909260217853,12.196570926021785,4.29433630758128
2023-12-11 12:30:00,Nit-S,summer,noon,Mid,0.027539,0.027188313151855027,2.922982,0.0008871955402653677,0.027282,0.026408692741721737,1.068914,1.20854968457983,1.449102,0.10507406079631008,1.41552,0.09000316798650293,5.975169,0.7788418618573411,4.421199,0.7492384623107807,14.522179,0.9235189713398332,14.871815,1.0779551479960596,61.277187,7.992063865913081,0.441786,0.0,0.0,0.0,0.0,0.0,0.0,0.0,67.811966,45.18132497137727,110.505585,77.07650994117425,0.177432,0.16841493137449742,0.5,0.0,0.8,0.0,143.801971,138.28841990031384,24.86,2.1978874705801776,24.37,1.9365024313608976,35.5,0.3605911812565572,36.02,2.439866799642965,97.48,0.024097026095912234,156.9,0.11224972160321793,156.7,6.8062544765825495,0.1,4.328479332667921,2152.0,113.41409377439226,3.727,0.025568665719326634,,,,,,,,,,,,,,,,,,,,,,,,,,,0.0,0.006454972243679028,0.0,0.0010408329997330663,-0.0,0.0019561867668161613,-0.0005,0.0014719601443879745,-0.376,7.436798148845152,-0.336,1.8043275312425957,0.8959999999999999,21.0748168358984,1.0,0.0,150.0,0.0,2.0,0.0,55537.0,0.0,55537.0,0.0,55537.0,0.0,0.0,0.0,,,0.0,0.0,0.0,0.0,0.0,0.0,0.0,0.0,2.409503,0.002801565703316655,2.41801,0.0031695713027683568,1.631413,0.0009204840900308946,0.92911,0.016724490754579047,0.180335,0.002556209001627217,0.007572,0.03221800260578962,0.315426,0.07768805702534545,1.950369,0.09715315976791492,67.811966,45.18132497137727,0.0004,5.784461945591838e-06,2.368943,0.0,-3.2e-05,0.0,1.0,0.0,2.376554,0.0,-3.1e-05,0.0,1.0,0.0,0.600907,0.0,0.601234,0.0,0.107129,0.0,0.0,0.0,-0.227673,0.0,0.0231001,426.311,0.0,23.9522,140.182,0.0,8.09518,-13.7252,0.0,1.68951,3.18888,0.0,0.18415,1.78578,3.15008,-0.0113347,0.0716586,481.533,13.9739,15.6723,398.38,403.094,0.0,1.0,454.805,11.5609,11.6961,0.0,1.0,300.069,298.739,97709.6,1.13449,1011.99,0.0254193,0.20664,0.00819559,1129.91,3271.0,0.00722403,34.5432,2141.09,281.923,0.905996,3.46626,0.119365,3.58438,-9.18434e-14,0.0307251,3.58452,8.351,135.242,75.1111,,,0.447977,1.76634,-18.1022,-0.294439,3.04112,0.828887,0.0,61.8923,-9.3924,21.2456,52.9046,80.6829,113.159,169.533,-0.219415,1.03764,407.432,1.06508,89.2891,1.27351,-27.4978,1.25377,2.03116,1.27351,800000099.0,800000099.0,800000099.0,800000099.0,800000099.0,800000099.0,800000199.0,800000199.0,80000.0,80000.0,80.0,80.0,0.0,2.0,0.0,3.0,3.0,2.0,1.70919,1.52695,0.296525,1.40186,0.00877842,120.604,0.354878,-0.0274978,2.03116,25.6508,13.719,31.4224,1051.16,169.825,0.387888,0.0369416,0.0837614,744.038,299.731,298.272,97724.1,34.5432,301.477,303.722,144.201,1.33765,1.72932,57.856,49.8265,53.9961,82.398,0.0,1.533485,0.002032,210600.0,2.032,1,-13.7365347,2.0556565945407943,15.780856594540793,3.302075510453852
2023-12-11 12:30:00,Nit-S,summer,noon,Old,0.012405,0.026511284768754608,2.922732,0.0008317487601433068,0.012352,0.025794567876137542,0.423216,1.174555757380625,1.462815,0.08691439925441971,1.441827,0.08721288107617285,6.027841,0.9138336966818086,4.570511,0.8585962860488296,14.789258,0.89431323402256,15.006689,0.8920002850904303,61.83828,9.37874673241711,0.441786,0.0,0.0,0.0,0.0,0.0,0.0,0.0,74.630142,26.818655100855963,83.495735,103.25861642038544,0.234962,0.23544737522757958,0.5,0.0,0.8,0.0,164.991898,182.7090243739069,24.99,1.6333168706653334,24.66,1.6377094776953989,35.51,0.3350870533657405,36.18,2.949643368273528,97.48,0.025449295995498684,156.8,0.1021436896402976,156.9,2.555073384464721,0.0,1.6166529209037626,1759.0,542.1659094164196,3.724,0.031507300741257044,,,,,,,,,,,,,,,,,,,,,,,,,,,0.0,0.006454972243679028,-0.0,0.0010376254944182252,-0.0,0.00187794213613377,0.003,,0.084,1.4409004325999304,0.641,1.2580795854528972,-15.173,,1.0,0.0,150.0,0.0,2.0,0.0,55537.0,0.0,55537.0,0.0,55537.0,0.0,0.0,0.0,,,0.0,0.0,0.0,0.0,0.0,0.0,0.0,0.0,2.409884,0.002351732831339624,2.418225,0.0023511274011984782,1.631154,0.0008625122260003097,0.929439,0.0063743316768635795,0.180257,0.0023627461423803716,0.006575,0.03737209028526502,0.323086,0.0761595925624168,1.613618,0.46437259695050903,74.630142,26.818655100855963,0.000402,6.124268663821558e-06,2.368943,0.0,-3.2e-05,0.0,1.0,0.0,2.376554,0.0,-3.1e-05,0.0,1.0,0.0,0.600907,0.0,0.601234,0.0,0.107129,0.0,0.0,0.0,-0.227673,0.0,0.0231001,426.311,0.0,23.9522,140.182,0.0,8.09518,-13.7252,0.0,1.68951,3.18888,0.0,0.18415,1.78578,3.15008,-0.0113347,0.0716586,481.533,13.9739,15.6723,398.38,403.094,0.0,1.0,454.805,11.5609,11.6961,0.0,1.0,300.069,298.739,97709.6,1.13449,1011.99,0.0254193,0.20664,0.00819559,1129.91,3271.0,0.00722403,34.5432,2141.09,281.923,0.905996,3.46626,0.119365,3.58438,-9.18434e-14,0.0307251,3.58452,8.351,135.242,75.1111,,,0.447977,1.76634,-18.1022,-0.294439,3.04112,0.828887,0.0,61.8923,-9.3924,21.2456,52.9046,80.6829,113.159,169.533,-0.219415,1.03764,407.432,1.06508,89.2891,1.27351,-27.4978,1.25377,2.03116,1.27351,800000099.0,800000099.0,800000099.0,800000099.0,800000099.0,800000099.0,800000199.0,800000199.0,80000.0,80000.0,80.0,80.0,0.0,2.0,0.0,3.0,3.0,2.0,1.70919,1.52695,0.296525,1.40186,0.00877842,120.604,0.354878,-0.0274978,2.03116,25.6508,13.719,31.4224,1051.16,169.825,0.387888,0.0369416,0.0837614,744.038,299.731,298.272,97724.1,34.5432,301.477,303.722,144.201,1.33765,1.72932,57.856,49.8265,53.9961,82.398,0.0,1.533485,0.002032,210600.0,2.032,1,-13.7365347,2.0556565945407943,15.780856594540793,3.302075510453852
2023-12-11 12:30:00,Nit-S,summer,noon,Yng,0.061873,0.04980300558450264,2.922969,0.0007188967056075654,0.06059,0.04772941762676348,2.352206,1.775334602601274,1.453504,0.09406510073264865,1.352546,0.06555579839846355,5.175383,0.6284538150187513,3.686121,0.6803149894885138,13.871555,0.6736264755123278,14.909573,0.9661647451038249,53.116669,6.446876204258956,0.441786,0.0,0.0,0.0,0.0,0.0,0.0,0.0,112.743614,74.33321790406202,140.701172,81.35149217094951,0.116929,0.09608019698942476,0.5,0.0,0.8,0.0,102.767593,70.94230663406454,25.17,1.9841096239875462,23.57,1.586170230460778,35.45,0.40843930597662614,33.43,2.035350092735892,97.49,0.025166114784233293,156.9,0.08602325267042123,157.0,1.3709242624351392,-0.1,0.8568352622684634,2154.0,189.6674545970745,3.73,0.024880246515391977,,,,,,,,,,,,,,,,,,,,,,,,,,,-0.0,0.006110100926607787,-0.001,0.001655294535724685,-0.001,0.0019891371663780925,0.0035,0.005218157401484423,-1.471,1.1920984481157586,-3.218,1.9039702010973458,-10.084499999999998,6.696306902564529,1.0,0.0,150.0,0.0,2.0,0.0,55537.0,0.0,55537.0,0.0,55537.0,0.0,0.0,0.0,,,0.0,0.0,0.0,0.0,0.0,0.0,0.0,0.0,2.408391,0.002327227587352081,2.418537,0.002887562134973382,1.631399,0.0007463355098970963,0.929791,0.0034409967296313093,0.180717,0.00288317037766877,-0.018551,0.02618670426113221,0.30526,0.07815230301153425,1.952142,0.16235198870275647,112.743614,74.33321790406202,0.000403,1.8591933734821676e-05,2.368943,0.0,-3.2e-05,0.0,1.0,0.0,2.376554,0.0,-3.1e-05,0.0,1.0,0.0,0.600907,0.0,0.601234,0.0,0.107129,0.0,0.0,0.0,-0.227673,0.0,0.0231001,426.311,0.0,23.9522,140.182,0.0,8.09518,-13.7252,0.0,1.68951,3.18888,0.0,0.18415,1.78578,3.15008,-0.0113347,0.0716586,481.533,13.9739,15.6723,398.38,403.094,0.0,1.0,454.805,11.5609,11.6961,0.0,1.0,300.069,298.739,97709.6,1.13449,1011.99,0.0254193,0.20664,0.00819559,1129.91,3271.0,0.00722403,34.5432,2141.09,281.923,0.905996,3.46626,0.119365,3.58438,-9.18434e-14,0.0307251,3.58452,8.351,135.242,75.1111,,,0.447977,1.76634,-18.1022,-0.294439,3.04112,0.828887,0.0,61.8923,-9.3924,21.2456,52.9046,80.6829,113.159,169.533,-0.219415,1.03764,407.432,1.06508,89.2891,1.27351,-27.4978,1.25377,2.03116,1.27351,800000099.0,800000099.0,800000099.0,800000099.0,800000099.0,800000099.0,800000199.0,800000199.0,80000.0,80000.0,80.0,80.0,0.0,2.0,0.0,3.0,3.0,2.0,1.70919,1.52695,0.296525,1.40186,0.00877842,120.604,0.354878,-0.0274978,2.03116,25.6508,13.719,31.4224,1051.16,169.825,0.387888,0.0369416,0.0837614,744.038,299.731,298.272,97724.1,34.5432,301.477,303.722,144.201,1.33765,1.72932,57.856,49.8265,53.9961,82.398,0.0,1.533485,0.002032,210600.0,2.032,1,-13.7365347,2.0556565945407943,15.780856594540793,3.302075510453852
2023-12-11 15:30:00,Rep-S,summer,afternoon,Mid,0.004903,0.008842470352037753,2.922468,0.0007863882777186034,0.004895,0.00877111570592172,0.184953,0.3301910990140003,1.566554,0.03531769365582461,1.558878,0.03238574440887027,4.569196,0.7635267258945485,2.996173,0.7398677084192302,16.012342,0.3331699700053907,16.091196,0.3633911960825043,46.931293,7.84462907958206,0.441786,0.0,0.0,0.0,0.0,0.0,0.0,0.0,58.95388,20.91065720647137,75.661537,31.39611846388941,0.197781,0.11871952922935636,0.5,0.0,0.8,0.0,134.704773,72.36462225309187,34.56,3.1895823655561357,34.44,3.2348643969518553,30.66,2.093734940244344,31.22,2.7712324574696554,97.36,0.010456258094241886,156.8,0.10198039027186322,157.0,1.7364043307939518,-0.1,1.108572655865791,1727.0,412.108772049322,3.622,0.015160474926597622,,,,,,,,,,,,,,,,,,,,,,,,,,,0.01,0.03068658773253661,-0.0,0.0011902380714238084,0.0,0.001345362404707371,0.0005,0.0007071067811865475,0.027,1.532109752378508,0.025,1.6890183026440733,7.339,7.915353308602213,1.0,0.0,150.0,0.0,2.0,0.0,55537.0,0.0,55537.0,0.0,55537.0,0.0,0.0,0.0,,,0.0,0.0,0.0,0.0,0.0,0.0,0.0,0.0,2.42436,0.004830746765252402,2.432461,0.004821304101935076,1.63088,0.0008151861750544925,0.929683,0.004353459467289564,0.217944,0.016462330817455163,-0.00536,0.01811457480428398,0.337417,0.10387152681851745,1.586465,0.3530468177354197,58.95388,20.91065720647137,0.000396,1.918697474851103e-05,2.368943,0.0,-3.2e-05,0.0,1.0,0.0,2.376554,0.0,-3.1e-05,0.0,1.0,0.0,0.600907,0.0,0.601234,0.0,0.107129,0.0,0.0,0.0,-0.353269,0.0,0.0277982,307.074,0.0,15.0204,91.6759,0.0,5.28023,-14.3462,0.0,1.16456,2.08469,0.0,0.120071,1.2221,9.38181,-0.186599,0.21334,530.496,18.7503,15.4946,393.97,400.042,0.0,1.0,547.655,13.9249,14.1215,0.0,1.0,299.911,298.357,97558.0,1.13316,1013.28,0.0254263,0.135088,0.00986875,1358.85,3197.7,0.00870906,42.4945,1838.86,284.681,-4.28779,1.23489,-0.414479,4.48108,1.52759e-13,0.0342375,4.48121,10.7463,47.5986,163.851,,,0.558351,2.5428,-48.6244,-0.109616,3.34956,0.478977,0.0,62.1349,-9.42922,21.3289,53.112,80.9992,113.602,170.197,-0.339346,1.04103,289.378,1.07728,47.9835,1.43406,-20.7277,1.40182,1.09113,1.43406,800000099.0,800000099.0,800000099.0,800000099.0,800000099.0,800000199.0,800000199.0,810000199.0,80000.0,80000.0,80.0,81.0,0.0,3.0,1.0,0.0,0.0,15.0,2.93115,1.69979,0.454675,0.827803,0.00619295,76.3284,0.252025,-0.0207277,1.09113,25.0942,14.0359,29.2176,769.982,126.628,0.430138,0.0264051,0.066257,676.499,299.34,298.038,97587.3,42.4945,307.809,307.901,63.3361,0.883695,1.48456,70.6872,55.9666,70.7169,75.9688,0.0,1.1841275,0.002032,221400.0,2.032,1,-14.532798999999999,1.5253460308679245,15.871546030867924,5.080111930642272
2023-12-11 15:30:00,Rep-S,summer,afternoon,Old,0.003295,0.014325067471277984,2.92273,0.0010032831969754847,0.003291,0.014127637416543978,0.101407,0.5898819520630011,1.567141,0.042706150189326865,1.562737,0.03272895652899226,4.602572,0.8793401822853075,3.087695,0.8507424541150279,16.051331,0.33619695064615945,16.097713,0.43888524329657436,47.271442,9.034702761495431,0.441786,0.0,0.0,0.0,0.0,0.0,0.0,0.0,63.633801,25.767050674183658,84.73098,43.518263382789854,0.220721,0.14919468094191563,0.5,0.0,0.8,0.0,122.63765,80.14784353427105,34.26,3.203062961187826,34.11,3.315647598886229,30.74,2.0946389505910816,31.35,3.093798797594952,97.36,0.010198039027187246,156.8,0.1242309676905638,157.1,1.5917809732078876,-0.2,1.0168087332433764,1651.0,641.0968517574652,3.629,0.020884443971530636,,,,,,,,,,,,,,,,,,,,,,,,,,,0.01,0.02406241883103193,0.0,0.0009712534856222312,-0.0,0.0012741009902410927,-0.0005,0.0007071067811865475,0.092,0.8661171976124247,0.077,1.4374568781938004,8.241,16.803685548117116,1.0,0.0,150.0,0.0,2.0,0.0,55537.0,0.0,55537.0,0.0,55537.0,0.0,0.0,0.0,,,0.0,0.0,0.0,0.0,0.0,0.0,0.0,0.0,2.423896,0.004940552130750668,2.432035,0.004823174355131636,1.631152,0.0010400336132388392,0.929969,0.003971960871744156,0.217196,0.01653316490653458,-0.004472,0.017247672684258978,0.34215,0.10199236660943471,1.521184,0.5490934825231432,63.633801,25.767050674183658,0.000394,5.797125724586833e-06,2.368943,0.0,-3.2e-05,0.0,1.0,0.0,2.376554,0.0,-3.1e-05,0.0,1.0,0.0,0.600907,0.0,0.601234,0.0,0.107129,0.0,0.0,0.0,-0.353269,0.0,0.0277982,307.074,0.0,15.0204,91.6759,0.0,5.28023,-14.3462,0.0,1.16456,2.08469,0.0,0.120071,1.2221,9.38181,-0.186599,0.21334,530.496,18.7503,15.4946,393.97,400.042,0.0,1.0,547.655,13.9249,14.1215,0.0,1.0,299.911,298.357,97558.0,1.13316,1013.28,0.0254263,0.135088,0.00986875,1358.85,3197.7,0.00870906,42.4945,1838.86,284.681,-4.28779,1.23489,-0.414479,4.48108,1.52759e-13,0.0342375,4.48121,10.7463,47.5986,163.851,,,0.558351,2.5428,-48.6244,-0.109616,3.34956,0.478977,0.0,62.1349,-9.42922,21.3289,53.112,80.9992,113.602,170.197,-0.339346,1.04103,289.378,1.07728,47.9835,1.43406,-20.7277,1.40182,1.09113,1.43406,800000099.0,800000099.0,800000099.0,800000099.0,800000099.0,800000199.0,800000199.0,810000199.0,80000.0,80000.0,80.0,81.0,0.0,3.0,1.0,0.0,0.0,15.0,2.93115,1.69979,0.454675,0.827803,0.00619295,76.3284,0.252025,-0.0207277,1.09113,25.0942,14.0359,29.2176,769.982,126.628,0.430138,0.0264051,0.066257,676.499,299.34,298.038,97587.3,42.4945,307.809,307.901,63.3361,0.883695,1.48456,70.6872,55.9666,70.7169,75.9688,0.0,1.1841275,0.002032,221400.0,2.032,1,-14.532798999999999,1.5253460308679245,15.871546030867924,5.080111930642272
2023-12-11 15:30:00,Rep-S,summer,afternoon,Yng,0.033117,0.025454265770331438,2.922674,0.0008101940672867898,0.032746,0.02472656119830118,0.934045,0.9039351728095605,1.593129,0.038104362927929035,1.567834,0.024740627904521754,4.989102,0.6320904156764726,3.402887,0.6277282958683318,16.10413,0.25527902507741773,16.364792,0.3922508124603873,51.24044,6.491973179483397,0.441786,0.0,0.0,0.0,0.0,0.0,0.0,0.0,71.846725,28.955781401160195,94.153404,52.493748401409434,0.138641,0.17020134624394131,0.5,0.0,0.8,0.0,109.10392,113.18875428681845,35.0,3.489203204171405,34.84,3.5594896637954534,30.53,2.14393034712729,32.78,2.3425075595751434,97.36,0.013063945294843102,156.8,0.10923979738783067,156.6,2.1568340996315274,0.2,1.3699148392023013,1923.0,153.75019783185098,3.624,0.016175908011607912,,,,,,,,,,,,,,,,,,,,,,,,,,,0.01,0.03068658773253661,0.0,0.0008524474568362948,0.001,0.0011860297916438131,0.002,0.0011690451944500124,-0.453,1.5021693479764526,-1.165,1.779558114626587,-9.96,8.518138497739203,1.0,0.0,150.0,0.0,2.0,0.0,55537.0,0.0,55537.0,0.0,55537.0,0.0,0.0,0.0,,,0.0,0.0,0.0,0.0,0.0,0.0,0.0,0.0,2.42492,0.0052860490844613495,2.433089,0.005231578981849465,1.631094,0.0008401233103935773,0.928674,0.0054009945170619455,0.219024,0.016789817564325512,0.00629,0.022773185672847796,0.329948,0.10477298789128167,1.754336,0.13173416541751803,71.846725,28.955781401160195,0.000395,7.441550017749434e-06,2.368943,0.0,-3.2e-05,0.0,1.0,0.0,2.376554,0.0,-3.1e-05,0.0,1.0,0.0,0.600907,0.0,0.601234,0.0,0.107129,0.0,0.0,0.0,-0.353269,0.0,0.0277982,307.074,0.0,15.0204,91.6759,0.0,5.28023,-14.3462,0.0,1.16456,2.08469,0.0,0.120071,1.2221,9.38181,-0.186599,0.21334,530.496,18.7503,15.4946,393.97,400.042,0.0,1.0,547.655,13.9249,14.1215,0.0,1.0,299.911,298.357,97558.0,1.13316,1013.28,0.0254263,0.135088,0.00986875,1358.85,3197.7,0.00870906,42.4945,1838.86,284.681,-4.28779,1.23489,-0.414479,4.48108,1.52759e-13,0.0342375,4.48121,10.7463,47.5986,163.851,,,0.558351,2.5428,-48.6244,-0.109616,3.34956,0.478977,0.0,62.1349,-9.42922,21.3289,53.112,80.9992,113.602,170.197,-0.339346,1.04103,289.378,1.07728,47.9835,1.43406,-20.7277,1.40182,1.09113,1.43406,800000099.0,800000099.0,800000099.0,800000099.0,800000099.0,800000199.0,800000199.0,810000199.0,80000.0,80000.0,80.0,81.0,0.0,3.0,1.0,0.0,0.0,15.0,2.93115,1.69979,0.454675,0.827803,0.00619295,76.3284,0.252025,-0.0207277,1.09113,25.0942,14.0359,29.2176,769.982,126.628,0.430138,0.0264051,0.066257,676.499,299.34,298.038,97587.3,42.4945,307.809,307.901,63.3361,0.883695,1.48456,70.6872,55.9666,70.7169,75.9688,0.0,1.1841275,0.002032,221400.0,2.032,1,-14.532798999999999,1.5253460308679245,15.871546030867924,5.080111930642272
2023-12-11 09:30:00,Rep-S,summer,morning,Mid,0.004541,0.009781631501271487,2.922529,0.0009977887167799593,0.004534,0.009716947431849848,0.196334,0.43600241716643806,1.264481,0.09762801678835163,1.25038,0.09645860694226997,5.459661,0.4851935230378632,4.192386,0.4947259632001776,12.819479,0.9895023744561169,12.963885,1.0014638478457287,55.974857,4.971821392865449,0.441786,0.0,0.0,0.0,0.0,0.0,0.0,0.0,55.458786,16.67652859845105,73.682785,25.70391583683808,0.094188,0.14611679117433193,0.5,0.0,0.8,0.0,73.044327,92.92177258116034,26.71,2.6697567304906276,26.55,2.6410930186824806,31.63,1.2200357918247042,34.39,1.6756434584958682,97.55,0.009273618495494941,156.8,0.13012814197296477,157.4,0.2677063067368079,-0.4,0.2238302928559939,1807.0,410.8603250092016,3.818,0.028438530201119964,,,,,,,,,,,,,,,,,,,,,,,,,,,-0.01,0.02,-0.0,0.0012819256348686275,-0.0,0.0021779194965226177,,,-0.025,0.5339366441816856,-0.104,0.7796035146149614,,,1.0,0.0,150.0,0.0,2.0,0.0,55537.0,0.0,55537.0,0.0,55537.0,0.0,0.0,0.0,,,0.0,0.0,0.0,0.0,0.0,0.0,0.0,0.0,2.413136,0.00390928513158086,2.421056,0.003988056751936916,1.630943,0.001034554778636674,0.930795,0.0006695891227711336,0.209786,0.010142381037507923,0.03723,0.020422355005238743,0.343959,0.08358427692050305,1.65508,0.351893688739999,55.458786,16.67652859845105,0.000395,4.958830507286948e-06,2.368943,0.0,-3.2e-05,0.0,1.0,0.0,2.376554,0.0,-3.1e-05,0.0,1.0,0.0,0.600907,0.0,0.601234,0.0,0.107129,0.0,0.0,0.0,-0.0591849,0.0,0.0122534,243.222,0.0,18.9344,83.5361,0.0,13.5437,-9.61498,0.0,1.64859,1.89512,0.0,0.307256,1.63047,-3.18025,-0.114406,-0.072148,-917.055,-19.186,15.9303,400.89,404.421,0.0,1.0,333.283,8.38715,8.45809,0.0,1.0,297.018,295.93,97768.5,1.14733,1010.16,0.0251652,0.122804,0.00600577,820.218,2764.06,0.00523457,29.6745,1943.84,277.274,1.13413,1.51886,0.0837837,1.89654,-6.40791e-14,-0.0575667,1.89742,5.64273,159.929,53.2108,,,0.227123,1.09197,-4.13428,-1.28922,2.91157,0.923978,0.0,44.6876,-6.78151,15.3398,38.1983,58.2547,81.7031,122.406,-0.0569621,1.03902,236.96,1.04671,63.3042,1.14396,-19.1181,1.13357,1.43614,1.14396,800000099.0,800000099.0,800000099.0,800000099.0,800000099.0,800000099.0,800000199.0,800000199.0,80000.0,80000.0,80.0,81.0,2.0,0.0,0.0,15.0,11.0,1.0,0.872263,1.13983,0.171838,0.708866,0.00644833,283.074,0.204454,-0.0191181,1.43614,22.2664,13.9208,29.231,726.989,139.179,0.428493,0.0343745,0.0859206,-172.826,296.056,295.508,97776.9,29.6745,293.798,295.153,64.1307,1.73277,2.18979,-4.23738,-1.55612,-0.131783,2.97241,0.0,1.96128,0.002032,199800.0,2.032,1,-9.729386,2.5815909260217853,12.196570926021785,4.29433630758128
2023-12-11 09:30:00,Rep-S,summer,morning,Old,0.005126,0.007310304938236162,2.922482,0.0007096439882080067,0.005117,0.007250816459314541,0.270254,0.34347839392176716,1.275039,0.06672179213737704,1.25656,0.0677555517651505,5.547844,0.5691529900119474,4.199572,0.5749448836804331,12.881584,0.6954888122342514,13.070184,0.6849672883693717,56.854462,5.832719444250527,0.441786,0.0,0.0,0.0,0.0,0.0,0.0,0.0,65.572144,12.882596556493212,73.978546,21.899653066725325,0.171494,0.11223269554142114,0.5,0.0,0.8,0.0,83.831314,79.48535378590405,26.65,2.2691281732565622,26.72,2.2441284871117952,31.86,1.1613143415974858,34.68,1.8793707280186436,97.55,0.011803954139751868,156.8,0.090921211313242,157.4,4.738730491035201,-0.4,3.037586761449511,1894.0,311.7133726144367,3.799,0.022509035222920436,,,,,,,,,,,,,,,,,,,,,,,,,,,-0.01,0.02,-0.0,0.0011803954139750516,-0.0,0.001121011448053349,0.0025,0.0007071067811865475,0.007,0.4381516746515982,-0.081,1.1822922396768067,6.539,9.017025673690853,1.0,0.0,150.0,0.0,2.0,0.0,55537.0,0.0,55537.0,0.0,55537.0,0.0,0.0,0.0,,,0.0,0.0,0.0,0.0,0.0,0.0,0.0,0.0,2.413392,0.003315667852283512,2.421197,0.0033804829669733427,1.630895,0.0007352407474199871,0.93088,0.011773620563219551,0.207868,0.009539405174502913,0.03439,0.019691308200997376,0.350035,0.0825532330497116,1.729583,0.26701412574302136,65.572144,12.882596556493212,0.000398,2.348758537327044e-05,2.368943,0.0,-3.2e-05,0.0,1.0,0.0,2.376554,0.0,-3.1e-05,0.0,1.0,0.0,0.600907,0.0,0.601234,0.0,0.107129,0.0,0.0,0.0,-0.0591849,0.0,0.0122534,243.222,0.0,18.9344,83.5361,0.0,13.5437,-9.61498,0.0,1.64859,1.89512,0.0,0.307256,1.63047,-3.18025,-0.114406,-0.072148,-917.055,-19.186,15.9303,400.89,404.421,0.0,1.0,333.283,8.38715,8.45809,0.0,1.0,297.018,295.93,97768.5,1.14733,1010.16,0.0251652,0.122804,0.00600577,820.218,2764.06,0.00523457,29.6745,1943.84,277.274,1.13413,1.51886,0.0837837,1.89654,-6.40791e-14,-0.0575667,1.89742,5.64273,159.929,53.2108,,,0.227123,1.09197,-4.13428,-1.28922,2.91157,0.923978,0.0,44.6876,-6.78151,15.3398,38.1983,58.2547,81.7031,122.406,-0.0569621,1.03902,236.96,1.04671,63.3042,1.14396,-19.1181,1.13357,1.43614,1.14396,800000099.0,800000099.0,800000099.0,800000099.0,800000099.0,800000099.0,800000199.0,800000199.0,80000.0,80000.0,80.0,81.0,2.0,0.0,0.0,15.0,11.0,1.0,0.872263,1.13983,0.171838,0.708866,0.00644833,283.074,0.204454,-0.0191181,1.43614,22.2664,13.9208,29.231,726.989,139.179,0.428493,0.0343745,0.0859206,-172.826,296.056,295.508,97776.9,29.6745,293.798,295.153,64.1307,1.73277,2.18979,-4.23738,-1.55612,-0.131783,2.97241,0.0,1.96128,0.002032,199800.0,2.032,1,-9.729386,2.5815909260217853,12.196570926021785,4.29433630758128
2023-12-11 09:30:00,Rep-S,summer,morning,Yng,0.022698,0.03097350539692486,2.922629,0.0007741151981455843,0.022523,0.030157872223904217,1.029784,1.0971650447801413,1.250163,0.07997912223355545,1.225268,0.0698159272337385,4.842469,0.3840385597743322,3.604239,0.43076361943481634,12.559769,0.7169030911565031,12.815905,0.8211208542389921,49.641907,3.9342121082483468,0.441786,0.0,0.0,0.0,0.0,0.0,0.0,0.0,67.117455,30.705654628622696,83.225014,43.53763557766365,0.173573,0.14035658530032233,0.5,0.0,0.8,0.0,105.118568,88.14462924668113,26.56,3.402012002722312,26.46,3.0880617977408837,31.4,1.3193354387721103,32.25,1.3709931923001406,97.55,0.013844373104866258,156.8,0.10198039027185771,157.3,4.050995762360991,-0.3,2.599038283673405,1631.0,339.7575753386522,3.819,0.021316894708188754,,,,,,,,,,,,,,,,,,,,,,,,,,,-0.01,0.0529150262212918,-0.001,0.0018411952639521966,-0.0,0.002254624876411447,0.003,0.005890367439424181,-0.193,0.7515930237391332,-0.76,1.5761261846692352,-10.4435,2.826832149244097,1.0,0.0,150.0,0.0,2.0,0.0,55537.0,0.0,55537.0,0.0,55537.0,0.0,0.0,0.0,,,0.0,0.0,0.0,0.0,0.0,0.0,0.0,0.0,2.413122,0.004597721239193983,2.421168,0.005083359961023315,1.631047,0.0008022221076485174,0.930493,0.01008217291675427,0.211701,0.01109353385280511,0.01958,0.01657215078075263,0.338267,0.08478290065710975,1.504094,0.29092120815866973,67.117455,30.705654628622696,0.000397,7.164728420068225e-06,2.368943,0.0,-3.2e-05,0.0,1.0,0.0,2.376554,0.0,-3.1e-05,0.0,1.0,0.0,0.600907,0.0,0.601234,0.0,0.107129,0.0,0.0,0.0,-0.0591849,0.0,0.0122534,243.222,0.0,18.9344,83.5361,0.0,13.5437,-9.61498,0.0,1.64859,1.89512,0.0,0.307256,1.63047,-3.18025,-0.114406,-0.072148,-917.055,-19.186,15.9303,400.89,404.421,0.0,1.0,333.283,8.38715,8.45809,0.0,1.0,297.018,295.93,97768.5,1.14733,1010.16,0.0251652,0.122804,0.00600577,820.218,2764.06,0.00523457,29.6745,1943.84,277.274,1.13413,1.51886,0.0837837,1.89654,-6.40791e-14,-0.0575667,1.89742,5.64273,159.929,53.2108,,,0.227123,1.09197,-4.13428,-1.28922,2.91157,0.923978,0.0,44.6876,-6.78151,15.3398,38.1983,58.2547,81.7031,122.406,-0.0569621,1.03902,236.96,1.04671,63.3042,1.14396,-19.1181,1.13357,1.43614,1.14396,800000099.0,800000099.0,800000099.0,800000099.0,800000099.0,800000099.0,800000199.0,800000199.0,80000.0,80000.0,80.0,81.0,2.0,0.0,0.0,15.0,11.0,1.0,0.872263,1.13983,0.171838,0.708866,0.00644833,283.074,0.204454,-0.0191181,1.43614,22.2664,13.9208,29.231,726.989,139.179,0.428493,0.0343745,0.0859206,-172.826,296.056,295.508,97776.9,29.6745,293.798,295.153,64.1307,1.73277,2.18979,-4.23738,-1.55612,-0.131783,2.97241,0.0,1.96128,0.002032,199800.0,2.032,1,-9.729386,2.5815909260217853,12.196570926021785,4.29433630758128
2023-12-11 12:30:00,Rep-S,summer,noon,Mid,0.004376,0.005412867786734372,2.923111,0.000758262733709987,0.004369,0.005385454792618106,0.239998,0.2823296394128856,1.395135,0.04158208986322518,1.380838,0.03996840519326902,6.406041,0.5449667303059673,4.988533,0.5471966732953002,14.164691,0.41195085641130363,14.316238,0.42846217096485534,65.737877,5.588563859176129,0.441786,0.0,0.0,0.0,0.0,0.0,0.0,0.0,67.235825,21.023510296967157,70.194481,23.560872867856055,0.053268,0.08049005453516188,0.5,0.0,0.8,0.0,44.911209,48.37388011268576,23.99,1.5891573238669612,23.86,1.5689362638424809,35.23,1.0634751211633204,37.29,1.57029540745258,97.48,0.024644133852365326,156.9,0.09609023536933231,156.7,0.6455746793878069,0.1,0.40832993195862255,2115.0,317.345038299535,3.708,0.0347995210695012,,,,,,,,,,,,,,,,,,,,,,,,,,,0.0,0.010408329997330663,0.0,0.0012819256348686275,0.001,0.001255653880122491,-0.0035,0.004949747468305833,-0.031,1.3563235540730438,-0.135,1.1269539135800244,12.030000000000001,8.358002153624993,1.0,0.0,150.0,0.0,2.0,0.0,55537.0,0.0,55537.0,0.0,55537.0,0.0,0.0,0.0,,,0.0,0.0,0.0,0.0,0.0,0.0,0.0,0.0,2.40881,0.002388861060561159,2.416803,0.0024300534308256136,1.631547,0.0007864236813999534,0.928914,0.0016367178814118563,0.182254,0.007297292377313642,0.018536,0.015925482789437395,0.363665,0.10339700567590596,1.918677,0.2718783836232173,67.235825,21.023510296967157,0.000403,5.809475019311132e-06,2.368943,0.0,-3.2e-05,0.0,1.0,0.0,2.376554,0.0,-3.1e-05,0.0,1.0,0.0,0.600907,0.0,0.601234,0.0,0.107129,0.0,0.0,0.0,-0.227673,0.0,0.0231001,426.311,0.0,23.9522,140.182,0.0,8.09518,-13.7252,0.0,1.68951,3.18888,0.0,0.18415,1.78578,3.15008,-0.0113347,0.0716586,481.533,13.9739,15.6723,398.38,403.094,0.0,1.0,454.805,11.5609,11.6961,0.0,1.0,300.069,298.739,97709.6,1.13449,1011.99,0.0254193,0.20664,0.00819559,1129.91,3271.0,0.00722403,34.5432,2141.09,281.923,0.905996,3.46626,0.119365,3.58438,-9.18434e-14,0.0307251,3.58452,8.351,135.242,75.1111,,,0.447977,1.76634,-18.1022,-0.294439,3.04112,0.828887,0.0,61.8923,-9.3924,21.2456,52.9046,80.6829,113.159,169.533,-0.219415,1.03764,407.432,1.06508,89.2891,1.27351,-27.4978,1.25377,2.03116,1.27351,800000099.0,800000099.0,800000099.0,800000099.0,800000099.0,800000099.0,800000199.0,800000199.0,80000.0,80000.0,80.0,80.0,0.0,2.0,0.0,3.0,3.0,2.0,1.70919,1.52695,0.296525,1.40186,0.00877842,120.604,0.354878,-0.0274978,2.03116,25.6508,13.719,31.4224,1051.16,169.825,0.387888,0.0369416,0.0837614,744.038,299.731,298.272,97724.1,34.5432,301.477,303.722,144.201,1.33765,1.72932,57.856,49.8265,53.9961,82.398,0.0,1.533485,0.002032,210600.0,2.032,1,-13.7365347,2.0556565945407943,15.780856594540793,3.302075510453852
2023-12-11 12:30:00,Rep-S,summer,noon,Old,0.003294,0.01055344012996078,2.922692,0.0007622670682466505,0.003291,0.010451683222173673,0.207633,0.5436454520845058,1.402312,0.05644170075765503,1.403333,0.04912386021832965,6.644542,0.7327035854829584,5.284417,0.7711284325711616,14.394231,0.5064055447097606,14.390881,0.5810638874670992,68.189537,7.509480763103586,0.441786,0.0,0.0,0.0,0.0,0.0,0.0,0.0,64.98349,16.580881319596816,77.876328,19.201415796876205,0.039407,0.10228624920677265,0.5,0.0,0.8,0.0,33.92152,84.1015511442908,24.22,1.990343353963499,24.24,1.8694831727868877,35.37,0.9771629001007612,37.96,1.9736956030080592,97.49,0.02734349404642622,156.8,0.10115993936995987,156.8,2.437744859496168,-0.0,1.5549169324007848,2154.0,407.9445918258998,3.706,0.03557302348690639,,,,,,,,,,,,,,,,,,,,,,,,,,,0.0,0.010408329997330663,0.0,0.0009345230512584125,0.001,0.0010754843869934451,0.003,,-0.126,0.6226270285384875,-0.215,0.9463849410608067,13.882,,1.0,0.0,150.0,0.0,2.0,0.0,55537.0,0.0,55537.0,0.0,55537.0,0.0,0.0,0.0,,,0.0,0.0,0.0,0.0,0.0,0.0,0.0,0.0,2.409327,0.0028162984885599885,2.417123,0.0030026258241748487,1.631112,0.0007899595517071714,0.929176,0.006071833927515928,0.181252,0.006696416454592208,0.036237,0.019455929092267305,0.370207,0.10247865889296172,1.95205,0.3493762680041057,64.98349,16.580881319596816,0.000398,5.802298395176404e-06,2.368943,0.0,-3.2e-05,0.0,1.0,0.0,2.376554,0.0,-3.1e-05,0.0,1.0,0.0,0.600907,0.0,0.601234,0.0,0.107129,0.0,0.0,0.0,-0.227673,0.0,0.0231001,426.311,0.0,23.9522,140.182,0.0,8.09518,-13.7252,0.0,1.68951,3.18888,0.0,0.18415,1.78578,3.15008,-0.0113347,0.0716586,481.533,13.9739,15.6723,398.38,403.094,0.0,1.0,454.805,11.5609,11.6961,0.0,1.0,300.069,298.739,97709.6,1.13449,1011.99,0.0254193,0.20664,0.00819559,1129.91,3271.0,0.00722403,34.5432,2141.09,281.923,0.905996,3.46626,0.119365,3.58438,-9.18434e-14,0.0307251,3.58452,8.351,135.242,75.1111,,,0.447977,1.76634,-18.1022,-0.294439,3.04112,0.828887,0.0,61.8923,-9.3924,21.2456,52.9046,80.6829,113.159,169.533,-0.219415,1.03764,407.432,1.06508,89.2891,1.27351,-27.4978,1.25377,2.03116,1.27351,800000099.0,800000099.0,800000099.0,800000099.0,800000099.0,800000099.0,800000199.0,800000199.0,80000.0,80000.0,80.0,80.0,0.0,2.0,0.0,3.0,3.0,2.0,1.70919,1.52695,0.296525,1.40186,0.00877842,120.604,0.354878,-0.0274978,2.03116,25.6508,13.719,31.4224,1051.16,169.825,0.387888,0.0369416,0.0837614,744.038,299.731,298.272,97724.1,34.5432,301.477,303.722,144.201,1.33765,1.72932,57.856,49.8265,53.9961,82.398,0.0,1.533485,0.002032,210600.0,2.032,1,-13.7365347,2.0556565945407943,15.780856594540793,3.302075510453852
2023-12-11 12:30:00,Rep-S,summer,noon,Yng,0.013706,0.02462529544750005,2.922979,0.0009946484253243691,0.013642,0.02408268031871314,0.721131,1.289021832584275,1.387887,0.07747661061410727,1.367123,0.05786475249283165,6.323411,0.4785277590574276,4.950166,0.4495062070747483,14.027423,0.5963432022875396,14.236053,0.7974885351405272,64.866142,4.90977580753804,0.441786,0.0,0.0,0.0,0.0,0.0,0.0,0.0,71.533081,10.676438099104613,80.08432,12.154030906632215,0.09743,0.03253699902505864,0.5,0.0,0.8,0.0,79.134781,24.947070487046645,24.4,1.6842731369941166,24.04,1.546373930630406,35.23,1.1552348967489976,37.05,1.464847887438602,97.49,0.026999999999999583,156.9,0.12247448713915836,156.6,5.696124413435277,0.2,3.6344417269598184,2186.0,174.65205409613702,3.71,0.031830907411926755,,,,,,,,,,,,,,,,,,,,,,,,,,,0.0,0.010408329997330663,0.0,0.0015077577170531523,0.001,0.001492201952373293,0.0,0.007184639700016113,-0.512,0.5937240155717693,-1.085,1.6703790009056827,-3.423,9.23553579800276,1.0,0.0,150.0,0.0,2.0,0.0,55537.0,0.0,55537.0,0.0,55537.0,0.0,0.0,0.0,,,0.0,0.0,0.0,0.0,0.0,0.0,0.0,0.0,2.409089,0.002353696399991589,2.417412,0.0025354399894294945,1.63141,0.0010311629631958,0.928619,0.014061253032358063,0.182265,0.007883296959817446,0.015308,0.015675007083996273,0.360088,0.10372822619987937,1.979771,0.14953153825456575,71.533081,10.676438099104613,0.000397,4.32165091911258e-06,2.368943,0.0,-3.2e-05,0.0,1.0,0.0,2.376554,0.0,-3.1e-05,0.0,1.0,0.0,0.600907,0.0,0.601234,0.0,0.107129,0.0,0.0,0.0,-0.227673,0.0,0.0231001,426.311,0.0,23.9522,140.182,0.0,8.09518,-13.7252,0.0,1.68951,3.18888,0.0,0.18415,1.78578,3.15008,-0.0113347,0.0716586,481.533,13.9739,15.6723,398.38,403.094,0.0,1.0,454.805,11.5609,11.6961,0.0,1.0,300.069,298.739,97709.6,1.13449,1011.99,0.0254193,0.20664,0.00819559,1129.91,3271.0,0.00722403,34.5432,2141.09,281.923,0.905996,3.46626,0.119365,3.58438,-9.18434e-14,0.0307251,3.58452,8.351,135.242,75.1111,,,0.447977,1.76634,-18.1022,-0.294439,3.04112,0.828887,0.0,61.8923,-9.3924,21.2456,52.9046,80.6829,113.159,169.533,-0.219415,1.03764,407.432,1.06508,89.2891,1.27351,-27.4978,1.25377,2.03116,1.27351,800000099.0,800000099.0,800000099.0,800000099.0,800000099.0,800000099.0,800000199.0,800000199.0,80000.0,80000.0,80.0,80.0,0.0,2.0,0.0,3.0,3.0,2.0,1.70919,1.52695,0.296525,1.40186,0.00877842,120.604,0.354878,-0.0274978,2.03116,25.6508,13.719,31.4224,1051.16,169.825,0.387888,0.0369416,0.0837614,744.038,299.731,298.272,97724.1,34.5432,301.477,303.722,144.201,1.33765,1.72932,57.856,49.8265,53.9961,82.398,0.0,1.533485,0.002032,210600.0,2.032,1,-13.7365347,2.0556565945407943,15.780856594540793,3.302075510453852
2024-01-25 15:30:00,Nit-A,summer,afternoon,Mid,0.029611,0.014063834387060544,2.923159,0.0008594056143637505,0.029314,0.013798557047145664,1.728672,0.7469556183170389,1.209321,0.09546924225822678,1.186787,0.08774831667849818,6.674879,0.5760574790164258,5.387387,0.5924038096129418,12.185294,0.9017130810234207,12.416283,0.9809214093744065,68.50351,5.906315408494424,0.441786,0.0,0.0,0.0,0.0,0.0,0.0,0.0,70.775627,26.217190330552857,87.039474,90.80164722472452,0.116666,0.21776950834174802,0.5,0.0,0.8,0.0,84.551743,127.63395868977769,16.67,1.7256145765108348,16.36,1.6249196903231884,39.74,0.7204921928792802,38.05,1.586909260165809,97.43,0.024324199198881104,156.9,0.1166190378969067,156.5,2.5858074174230423,0.3,1.6638008694953048,1955.0,438.9282857141927,3.901,0.01830236778853131,,,,,,,,,,,,,,,,,,,,,,,,,,,-0.06,0.013844373104863462,0.0,0.0012583057392117915,0.001,0.0017729448195962932,-0.0005,0.0033862466931200786,-0.923,1.09721711920051,-1.416,2.2463643404399027,-10.148,1.7491954340972495,1.0,0.0,150.0,0.0,2.0,0.0,55537.0,0.0,55537.0,0.0,55537.0,0.0,0.0,0.0,,,0.0,0.0,0.0,0.0,0.0,0.0,0.0,0.0,2.397135,0.0025628443690556965,2.405499,0.0027205236934581753,1.631596,0.0008921181573462042,0.92845,0.006464950631417598,0.15319,0.004177231149138515,-0.026301,0.01827547704092381,0.289234,0.07016352118570353,1.781579,0.3759079178680953,70.775627,26.217190330552857,0.000406,5.143604443060004e-06,2.368943,0.0,-3.2e-05,0.0,1.0,0.0,2.376554,0.0,-3.1e-05,0.0,1.0,0.0,0.600907,0.0,0.601234,0.0,0.107129,0.0,0.0,0.0,-0.433408,0.0,0.0349838,399.282,0.0,20.1542,151.863,0.0,30.796,-10.0257,0.0,1.23961,3.48009,0.0,0.705722,-3.67876,-13.7792,-0.190364,-0.315764,423.296,7.86869,15.8196,412.454,416.412,0.0,1.0,294.072,7.66714,7.72638,0.0,1.0,306.988,306.28,97667.3,1.10771,1010.08,0.0260724,0.22551,0.00529917,749.03,5053.03,0.0047839,14.8234,4304.0,275.987,3.06709,3.26288,0.410821,4.49683,-4.75614e-14,0.0267577,4.49691,10.4004,163.645,46.5165,,,0.625512,2.79655,-52.5786,-0.101372,2.62923,0.570506,0.0,63.9378,-9.70281,21.9478,54.6531,83.3494,116.899,175.136,-0.416299,1.0411,377.81,1.0775,96.8673,1.40136,-21.8117,1.37052,2.21982,1.40136,800000099.0,800000099.0,800000099.0,800000099.0,800000099.0,800000099.0,800000199.0,800000199.0,80000.0,80000.0,80.0,80.0,8.0,1.0,1.0,1.0,1.0,8.0,2.61825,2.44363,0.531218,1.0622,0.00503311,1043.88,0.337667,-0.0218117,2.21982,32.9221,15.6437,39.5725,854.815,138.889,0.312027,0.0330297,0.0629875,599.286,308.614,307.267,97664.3,14.8234,313.059,313.764,144.665,0.61784,2.00296,77.8581,65.068,74.4157,99.9863,0.0,1.3104,0.001016,2205000.0,1.016,1,-10.216064000000001,0.7304356176753581,10.756135617675358,2.0623448407058147
2024-01-25 15:30:00,Nit-A,summer,afternoon,Old,0.028752,0.02672949810334393,2.923075,0.0008554878763995508,0.028472,0.025917166140417437,1.658036,1.3046640633648405,1.193562,0.11301426346038514,1.166039,0.09810839281121667,6.751271,0.5621404858242379,5.51374,0.6320591653461778,11.971992,1.0092047593226765,12.2492,1.1625736131589965,69.314003,5.758632580114644,0.441786,0.0,0.0,0.0,0.0,0.0,0.0,0.0,53.930283,14.77746954881894,64.403412,21.59249158016312,0.09637,0.1212923733545381,0.5,0.0,0.8,0.0,69.544487,85.39297186612912,16.83,2.0223700617509803,16.48,1.7987280691273657,39.49,0.6692313999407634,38.26,1.5272797167949768,97.42,0.025000000000003582,156.9,0.11372481406156315,156.6,1.8237050200073444,0.2,1.146836227773318,1811.0,222.86768870041848,3.899,0.022738220393572175,,,,,,,,,,,,,,,,,,,,,,,,,,,-0.06,0.013844373104863462,0.0,0.0008164965809277262,0.0,0.001632993161855452,0.0,0.0036055512754639895,-0.057,0.7436547294723989,-0.046,1.7542980809049147,-10.276,9.391204466591777,1.0,0.0,150.0,0.0,2.0,0.0,55537.0,0.0,55537.0,0.0,55537.0,0.0,0.0,0.0,,,0.0,0.0,0.0,0.0,0.0,0.0,0.0,0.0,2.397445,0.0028275866435292234,2.405873,0.0031597711019416786,1.631509,0.0008883415015259122,0.928759,0.0045457930001266056,0.154644,0.0039078565949464536,-0.018369,0.017184761031894896,0.293134,0.06957022033236156,1.658581,0.19095587156249821,53.930283,14.77746954881894,0.000406,4.2630192743328415e-06,2.368943,0.0,-3.2e-05,0.0,1.0,0.0,2.376554,0.0,-3.1e-05,0.0,1.0,0.0,0.600907,0.0,0.601234,0.0,0.107129,0.0,0.0,0.0,-0.433408,0.0,0.0349838,399.282,0.0,20.1542,151.863,0.0,30.796,-10.0257,0.0,1.23961,3.48009,0.0,0.705722,-3.67876,-13.7792,-0.190364,-0.315764,423.296,7.86869,15.8196,412.454,416.412,0.0,1.0,294.072,7.66714,7.72638,0.0,1.0,306.988,306.28,97667.3,1.10771,1010.08,0.0260724,0.22551,0.00529917,749.03,5053.03,0.0047839,14.8234,4304.0,275.987,3.06709,3.26288,0.410821,4.49683,-4.75614e-14,0.0267577,4.49691,10.4004,163.645,46.5165,,,0.625512,2.79655,-52.5786,-0.101372,2.62923,0.570506,0.0,63.9378,-9.70281,21.9478,54.6531,83.3494,116.899,175.136,-0.416299,1.0411,377.81,1.0775,96.8673,1.40136,-21.8117,1.37052,2.21982,1.40136,800000099.0,800000099.0,800000099.0,800000099.0,800000099.0,800000099.0,800000199.0,800000199.0,80000.0,80000.0,80.0,80.0,8.0,1.0,1.0,1.0,1.0,8.0,2.61825,2.44363,0.531218,1.0622,0.00503311,1043.88,0.337667,-0.0218117,2.21982,32.9221,15.6437,39.5725,854.815,138.889,0.312027,0.0330297,0.0629875,599.286,308.614,307.267,97664.3,14.8234,313.059,313.764,144.665,0.61784,2.00296,77.8581,65.068,74.4157,99.9863,0.0,1.3104,0.001016,2205000.0,1.016,1,-10.216064000000001,0.7304356176753581,10.756135617675358,2.0623448407058147
2024-01-25 15:30:00,Nit-A,summer,afternoon,Yng,0.032764,0.02051168814383643,2.923186,0.000902492413633883,0.032401,0.02000918922545339,1.93809,1.1289455868850766,1.211722,0.10551105621568764,1.152067,0.11104710589989887,6.677251,0.37111596334691666,5.488629,0.40778690427960484,11.822589,1.141331158961758,12.438251,1.0843160125114408,68.569725,3.813066758796486,0.441786,0.0,0.0,0.0,0.0,0.0,0.0,0.0,78.136322,23.383391356261992,99.756004,31.68301793640942,0.204521,0.06737315987609606,0.5,0.0,0.8,0.0,121.775108,49.43646140103691,16.41,1.8833217108785931,16.01,1.96372418294084,39.93,0.770882178632589,38.06,1.012716149767545,97.42,0.023755701070130458,156.9,0.11060440015357838,156.4,3.168069864549497,0.3,2.014555368644241,1885.0,240.65171929574902,3.887,0.018424440290006176,,,,,,,,,,,,,,,,,,,,,,,,,,,-0.06,0.013844373104863462,0.0,0.0012409673645990855,0.001,0.0016155494421403512,0.0,0.003829708431025353,-0.883,0.8677514659547781,-2.551,1.6483963338145755,-10.23,1.3665209388042603,1.0,0.0,150.0,0.0,2.0,0.0,55537.0,0.0,55537.0,0.0,55537.0,0.0,0.0,0.0,,,0.0,0.0,0.0,0.0,0.0,0.0,0.0,0.0,2.396713,0.0031148816949176958,2.405134,0.0029869781569340226,1.631625,0.0009372275195134669,0.928262,0.007850122529192349,0.15208,0.00443563772641545,-0.024299,0.017207173085179717,0.28476,0.07113034525578144,1.721232,0.20614862158070169,78.136322,23.383391356261992,0.000404,6.048415770541323e-06,2.368943,0.0,-3.2e-05,0.0,1.0,0.0,2.376554,0.0,-3.1e-05,0.0,1.0,0.0,0.600907,0.0,0.601234,0.0,0.107129,0.0,0.0,0.0,-0.433408,0.0,0.0349838,399.282,0.0,20.1542,151.863,0.0,30.796,-10.0257,0.0,1.23961,3.48009,0.0,0.705722,-3.67876,-13.7792,-0.190364,-0.315764,423.296,7.86869,15.8196,412.454,416.412,0.0,1.0,294.072,7.66714,7.72638,0.0,1.0,306.988,306.28,97667.3,1.10771,1010.08,0.0260724,0.22551,0.00529917,749.03,5053.03,0.0047839,14.8234,4304.0,275.987,3.06709,3.26288,0.410821,4.49683,-4.75614e-14,0.0267577,4.49691,10.4004,163.645,46.5165,,,0.625512,2.79655,-52.5786,-0.101372,2.62923,0.570506,0.0,63.9378,-9.70281,21.9478,54.6531,83.3494,116.899,175.136,-0.416299,1.0411,377.81,1.0775,96.8673,1.40136,-21.8117,1.37052,2.21982,1.40136,800000099.0,800000099.0,800000099.0,800000099.0,800000099.0,800000099.0,800000199.0,800000199.0,80000.0,80000.0,80.0,80.0,8.0,1.0,1.0,1.0,1.0,8.0,2.61825,2.44363,0.531218,1.0622,0.00503311,1043.88,0.337667,-0.0218117,2.21982,32.9221,15.6437,39.5725,854.815,138.889,0.312027,0.0330297,0.0629875,599.286,308.614,307.267,97664.3,14.8234,313.059,313.764,144.665,0.61784,2.00296,77.8581,65.068,74.4157,99.9863,0.0,1.3104,0.001016,2205000.0,1.016,1,-10.216064000000001,0.7304356176753581,10.756135617675358,2.0623448407058147
2024-01-25 09:30:00,Nit-A,summer,morning,Mid,0.047078,0.025901837488036764,2.923012,0.0007201610977182291,0.046331,0.025012617701005765,1.886716,0.8628781326755284,1.654832,0.11751123534825648,1.606813,0.107870750828897,5.464028,0.9823119545085964,3.732758,1.0833717621068495,16.472277,1.1074972383145494,16.970491,1.2060958367794914,56.045475,10.065400379191663,0.441786,0.0,0.0,0.0,0.0,0.0,0.0,0.0,58.639168,45.771176838611666,83.868385,103.5941678929061,0.292177,0.18723184989968986,0.5,0.0,0.8,0.0,159.06044,102.44929371420312,29.33,3.7907277225707836,27.95,3.6076884104183238,35.56,1.3845634691121955,34.4,2.926584300283637,97.55,0.018101565309849663,156.9,0.09949874371066168,156.8,0.21587033144922566,0.1,0.1661324772583615,1468.0,341.9201027530652,4.074,0.022914696885041583,,,,,,,,,,,,,,,,,,,,,,,,,,,0.02,0.03452052529534663,0.0,0.0012342339054382413,0.001,0.0016072751268321592,0.001,0.00724568837309472,-0.278,0.9064082082593913,-0.418,1.6168141637182674,-11.336,7.258733415686238,1.0,0.0,150.0,0.0,2.0,0.0,55537.0,0.0,55537.0,0.0,55537.0,0.0,0.0,0.0,,,0.0,0.0,0.0,0.0,0.0,0.0,0.0,0.0,2.414517,0.005303203589341242,2.424299,0.005611793708491715,1.631445,0.0007474238534236548,0.929359,0.0005414762013852951,0.179935,0.009382752770731344,-0.010976,0.025347175766411007,0.28792,0.08193512756477934,1.364633,0.2927391854082914,58.639168,45.771176838611666,0.000405,4.899659852139405e-06,2.368943,0.0,-3.2e-05,0.0,1.0,0.0,2.376554,0.0,-3.1e-05,0.0,1.0,0.0,0.600907,0.0,0.601234,0.0,0.107129,0.0,0.0,0.0,-0.0359058,0.0,0.00852887,194.564,0.0,16.1597,78.9411,0.0,7.87847,-4.4964,0.0,1.10697,1.80253,0.0,0.179896,2.6381,-9.85592,0.289348,-0.225049,270.923,10.5623,15.4367,397.24,402.85,0.0,1.0,601.82,15.4869,15.7305,0.0,1.0,303.19,302.602,97765.0,1.11897,1014.28,0.0257334,0.116804,0.0108448,1514.48,4099.77,0.00969175,36.9407,2585.28,286.331,0.96428,-0.431003,0.144733,1.06516,9.93434e-14,0.0175506,1.0653,4.17025,240.051,335.935,,,0.179131,0.730519,-2.53895,-2.09929,2.46468,0.957007,0.0,,,,,,,,-0.0340692,1.05391,190.346,1.04711,55.6928,1.12738,-12.4702,1.11929,1.27168,1.12738,800000099.0,800000099.0,800000099.0,800000099.0,800000099.0,800011099.0,800000199.0,800000199.0,80000.0,80000.0,81.0,81.0,0.0,0.0,0.0,29.0,21.0,5.0,0.462883,0.869827,0.128328,0.531546,0.00308308,103.628,0.167714,-0.0124702,1.27168,28.526,16.4939,34.1607,631.72,117.43,0.333788,0.0418859,0.0838593,163.611,302.312,301.904,97756.3,36.9407,298.981,299.796,34.5957,0.92454,1.50691,-4.76485,-2.66068,-0.177455,-0.41431,0.0,1.215725,0.001016,2183400.0,1.016,1,-4.207052,0.7791159963154612,5.275515996315462,1.9528912016455426
2024-01-25 09:30:00,Nit-A,summer,morning,Old,0.007994,0.019115172002713798,2.922762,0.0005742064814448957,0.007972,0.018721946706294547,0.406478,0.7939538298013368,1.626859,0.11448922658896767,1.610787,0.12251953606516519,6.043425,0.7265633184743364,4.385729,0.8091196845108104,16.515511,1.256547271889622,16.680939,1.1742338149292326,61.952862,7.447680627570267,0.441786,0.0,0.0,0.0,0.0,0.0,0.0,0.0,52.044868,25.04038189527428,65.282822,47.353811073653304,0.23064,0.18249027931235134,0.5,0.0,0.8,0.0,125.644371,121.78914934003726,28.94,3.6779956951216426,28.82,3.7926489423620526,35.45,1.336391285015982,36.23,2.2162787881191015,97.55,0.009165151389912774,156.8,0.06904105059069801,156.6,1.925945655169602,0.1,1.2362173487430654,1709.0,257.63135808101197,4.072,0.025543231327822918,,,,,,,,,,,,,,,,,,,,,,,,,,,0.02,0.03452052529534663,0.0,0.001452583904633395,0.0,0.0016401219466856726,-0.0005,0.0014719601443879745,-0.035,2.9517680927426078,-0.07,1.6764014038012098,-10.495000000000001,13.684506874564388,1.0,0.0,150.0,0.0,2.0,0.0,55537.0,0.0,55537.0,0.0,55537.0,0.0,0.0,0.0,,,0.0,0.0,0.0,0.0,0.0,0.0,0.0,0.0,2.415745,0.005558495227127561,2.423952,0.0054476297130040836,1.631184,0.0005950229743464167,0.928811,0.00483246170807384,0.180704,0.009062412758200744,-0.000717,0.023524976702290982,0.294439,0.08132269964319105,1.571007,0.22069041009796211,52.044868,25.04038189527428,0.000402,4.908496035786658e-06,2.368943,0.0,-3.2e-05,0.0,1.0,0.0,2.376554,0.0,-3.1e-05,0.0,1.0,0.0,0.600907,0.0,0.601234,0.0,0.107129,0.0,0.0,0.0,-0.0359058,0.0,0.00852887,194.564,0.0,16.1597,78.9411,0.0,7.87847,-4.4964,0.0,1.10697,1.80253,0.0,0.179896,2.6381,-9.85592,0.289348,-0.225049,270.923,10.5623,15.4367,397.24,402.85,0.0,1.0,601.82,15.4869,15.7305,0.0,1.0,303.19,302.602,97765.0,1.11897,1014.28,0.0257334,0.116804,0.0108448,1514.48,4099.77,0.00969175,36.9407,2585.28,286.331,0.96428,-0.431003,0.144733,1.06516,9.93434e-14,0.0175506,1.0653,4.17025,240.051,335.935,,,0.179131,0.730519,-2.53895,-2.09929,2.46468,0.957007,0.0,,,,,,,,-0.0340692,1.05391,190.346,1.04711,55.6928,1.12738,-12.4702,1.11929,1.27168,1.12738,800000099.0,800000099.0,800000099.0,800000099.0,800000099.0,800011099.0,800000199.0,800000199.0,80000.0,80000.0,81.0,81.0,0.0,0.0,0.0,29.0,21.0,5.0,0.462883,0.869827,0.128328,0.531546,0.00308308,103.628,0.167714,-0.0124702,1.27168,28.526,16.4939,34.1607,631.72,117.43,0.333788,0.0418859,0.0838593,163.611,302.312,301.904,97756.3,36.9407,298.981,299.796,34.5957,0.92454,1.50691,-4.76485,-2.66068,-0.177455,-0.41431,0.0,1.215725,0.001016,2183400.0,1.016,1,-4.207052,0.7791159963154612,5.275515996315462,1.9528912016455426
2024-01-25 09:30:00,Nit-A,summer,morning,Yng,0.060855,0.04714309148751278,2.923156,0.0008757786592512827,0.059614,0.04443445043930816,2.318999,1.4448971156829908,1.706223,0.1119593978388594,1.610684,0.08966264247723242,5.594873,0.5858129949814528,3.880769,0.6639086421790577,16.51166,0.9216586141219142,17.493349,1.1499670919340703,57.381989,6.002653551854466,0.441786,0.0,0.0,0.0,0.0,0.0,0.0,0.0,85.933685,30.961106375765066,120.69976,63.227910286272184,0.329959,0.13395095602713455,0.5,0.0,0.8,0.0,189.104156,49.37447956673117,29.92,3.8500566229602398,28.14,3.4740266262652617,35.59,1.434429270941352,34.83,1.8391137358340102,97.54,0.018708286933873563,156.9,0.11075498483890561,156.8,0.7708869350732742,0.1,0.4731807265728392,1645.0,433.8357331218042,4.076,0.022919569513118847,,,,,,,,,,,,,,,,,,,,,,,,,,,0.02,0.035322325329268274,0.0,0.0009865765724632496,0.001,0.001530795000427338,0.0005,0.003688639397672346,-0.305,1.9026049712608937,-1.596,2.0720888389899375,-8.541,10.71898697264331,1.0,0.0,150.0,0.0,2.0,0.0,55537.0,0.0,55537.0,0.0,55537.0,0.0,0.0,0.0,,,0.0,0.0,0.0,0.0,0.0,0.0,0.0,0.0,2.414783,0.005066246856072513,2.425179,0.005631635506079256,1.631594,0.0009085037607700242,0.92912,0.0019208348445402305,0.179724,0.009729261410302413,-0.008768,0.017410365438726438,0.284126,0.08261156314346477,1.515763,0.3716248884443964,85.933685,30.961106375765066,0.000404,3.154900949316793e-05,2.368943,0.0,-3.2e-05,0.0,1.0,0.0,2.376554,0.0,-3.1e-05,0.0,1.0,0.0,0.600907,0.0,0.601234,0.0,0.107129,0.0,0.0,0.0,-0.0359058,0.0,0.00852887,194.564,0.0,16.1597,78.9411,0.0,7.87847,-4.4964,0.0,1.10697,1.80253,0.0,0.179896,2.6381,-9.85592,0.289348,-0.225049,270.923,10.5623,15.4367,397.24,402.85,0.0,1.0,601.82,15.4869,15.7305,0.0,1.0,303.19,302.602,97765.0,1.11897,1014.28,0.0257334,0.116804,0.0108448,1514.48,4099.77,0.00969175,36.9407,2585.28,286.331,0.96428,-0.431003,0.144733,1.06516,9.93434e-14,0.0175506,1.0653,4.17025,240.051,335.935,,,0.179131,0.730519,-2.53895,-2.09929,2.46468,0.957007,0.0,,,,,,,,-0.0340692,1.05391,190.346,1.04711,55.6928,1.12738,-12.4702,1.11929,1.27168,1.12738,800000099.0,800000099.0,800000099.0,800000099.0,800000099.0,800011099.0,800000199.0,800000199.0,80000.0,80000.0,81.0,81.0,0.0,0.0,0.0,29.0,21.0,5.0,0.462883,0.869827,0.128328,0.531546,0.00308308,103.628,0.167714,-0.0124702,1.27168,28.526,16.4939,34.1607,631.72,117.43,0.333788,0.0418859,0.0838593,163.611,302.312,301.904,97756.3,36.9407,298.981,299.796,34.5957,0.92454,1.50691,-4.76485,-2.66068,-0.177455,-0.41431,0.0,1.215725,0.001016,2183400.0,1.016,1,-4.207052,0.7791159963154612,5.275515996315462,1.9528912016455426
2024-01-25 12:30:00,Nit-A,summer,noon,Mid,0.015844,0.010370210653598123,2.923247,0.0007165031565410756,0.015758,0.010223230707886166,1.091819,0.6072819651621532,1.013794,0.11004696857193892,0.966671,0.1137253898714943,7.191895,0.5980766896040396,6.212455,0.6710664442915051,9.919385,1.1698463183897005,10.401568,1.132061201797337,73.790833,6.128680310076546,0.441786,0.0,0.0,0.0,0.0,0.0,0.0,0.0,63.920975,17.695663437007095,86.483719,41.228536629572986,0.149069,0.17365953765018685,0.5,0.0,0.8,0.0,99.154274,128.80512150628942,12.79,2.409914728781909,12.34,2.4264423889032796,40.59,1.2826733800933174,39.43,1.5586454589375556,97.45,0.027838821814146472,156.9,0.0912870929175253,156.6,2.9535966774990445,0.2,1.8538248748645778,2084.0,364.87343467746905,3.981,0.02855363374423645,,,,,,,,,,,,,,,,,,,,,,,,,,,-0.04,0.017078251276599333,0.0,0.0007810249675906655,0.0,0.0008020806277010643,0.0005,0.001567021236472421,-0.401,1.3863498380038617,-1.59,1.9502934180955096,-11.929,9.637889926396406,1.0,0.0,150.0,0.0,2.0,0.0,55537.0,0.0,55537.0,0.0,55537.0,0.0,0.0,0.0,,,0.0,0.0,0.0,0.0,0.0,0.0,0.0,0.0,2.390812,0.003913571596807055,2.399363,0.003916583480109747,1.631688,0.0007443261874563331,0.928769,0.007314128511085006,0.148278,0.007331148839711281,-0.012758,0.014948704521685705,0.385004,0.09553586523662198,1.892084,0.31246416682759004,63.920975,17.695663437007095,0.000405,4.931869152089653e-06,2.368943,0.0,-3.2e-05,0.0,1.0,0.0,2.376554,0.0,-3.1e-05,0.0,1.0,0.0,0.600907,0.0,0.601234,0.0,0.107129,0.0,0.0,0.0,-0.258718,0.0,0.0231413,371.029,0.0,20.961,135.955,1.0,15.8246,-8.35401,0.0,1.32632,3.1167,1.0,0.362772,2.40725,-7.11002,0.169032,-0.162994,-219.519,-5.7523,15.5787,406.487,410.102,0.0,1.0,408.225,10.6516,10.7662,0.0,1.0,307.319,306.66,97713.1,1.10561,1011.72,0.0260924,0.201962,0.00735621,1041.08,5161.55,0.00665355,20.1699,4120.47,280.718,0.591302,3.56038,0.029404,3.60926,7.48222e-14,-0.014091,3.60929,8.9141,129.731,80.4763,,,0.483741,1.88017,-26.1922,-0.203496,2.72906,0.685696,0.0,61.2738,-9.29854,21.0333,52.376,79.8767,112.028,167.839,-0.249316,1.03771,355.436,1.06541,91.2717,1.26266,-21.307,1.2424,2.09236,1.26266,800000099.0,800000099.0,800000099.0,800000099.0,800000099.0,800000099.0,800000199.0,800000199.0,80000.0,80000.0,80.0,80.0,3.0,3.0,0.0,5.0,3.0,16.0,1.88194,1.52389,0.354527,1.26243,0.00608459,462.59,0.317758,-0.021307,2.09236,33.5733,14.0246,39.9155,1057.07,179.386,0.293725,0.0432753,0.0792703,680.899,307.274,306.014,97710.6,20.1699,305.753,308.617,109.048,0.5628,1.00349,47.9309,41.3438,49.3568,85.1045,0.0,0.783145,0.001016,2194200.0,1.016,1,-8.184978000000001,0.7367908213029861,9.090800821302986,1.9462709476432476
2024-01-25 12:30:00,Nit-A,summer,noon,Old,0.009106,0.02738583505439749,2.923128,0.0008218123832928855,0.009078,0.026565060586103195,0.651487,1.6319953607143802,1.065005,0.10872830735043201,1.015061,0.10121121286700403,7.357598,0.5962533021202958,6.318264,0.6216733953264314,10.41462,1.0406624912339923,10.927049,1.1178774438628365,75.493126,6.116716267576026,0.441786,0.0,0.0,0.0,0.0,0.0,0.0,0.0,48.627018,12.297398792130167,57.734013,14.593574572146021,0.09047,0.11899380097604526,0.5,0.0,0.8,0.0,73.614616,92.07024824979963,13.79,2.327863254861276,13.09,2.1759978553910995,40.51,1.1798280948228563,39.86,1.4708415958219299,97.45,0.02332380757937734,156.9,0.10408329997330812,156.6,1.6512621435334425,0.2,1.039679437775574,2051.0,410.4269240680976,3.98,0.031050389154834417,,,,,,,,,,,,,,,,,,,,,,,,,,,-0.04,0.017078251276599333,0.0,0.0006658328118479392,0.0,0.001475353065088715,0.004,0.003696845502136473,-0.101,2.240129090774309,-0.401,2.3043727541350596,-8.365499999999999,10.824428006442957,1.0,0.0,150.0,0.0,2.0,0.0,55537.0,0.0,55537.0,0.0,55537.0,0.0,0.0,0.0,,,0.0,0.0,0.0,0.0,0.0,0.0,0.0,0.0,2.392019,0.0034987387670417456,2.400971,0.0037606511838597393,1.631564,0.0008530586986446583,0.928659,0.004139527015251873,0.148731,0.006767135587528892,-0.008942,0.023024680381422597,0.38808,0.0927527297848604,1.863603,0.35150555697661917,48.627018,12.297398792130167,0.000407,6.294971538193541e-06,2.368943,0.0,-3.2e-05,0.0,1.0,0.0,2.376554,0.0,-3.1e-05,0.0,1.0,0.0,0.600907,0.0,0.601234,0.0,0.107129,0.0,0.0,0.0,-0.258718,0.0,0.0231413,371.029,0.0,20.961,135.955,1.0,15.8246,-8.35401,0.0,1.32632,3.1167,1.0,0.362772,2.40725,-7.11002,0.169032,-0.162994,-219.519,-5.7523,15.5787,406.487,410.102,0.0,1.0,408.225,10.6516,10.7662,0.0,1.0,307.319,306.66,97713.1,1.10561,1011.72,0.0260924,0.201962,0.00735621,1041.08,5161.55,0.00665355,20.1699,4120.47,280.718,0.591302,3.56038,0.029404,3.60926,7.48222e-14,-0.014091,3.60929,8.9141,129.731,80.4763,,,0.483741,1.88017,-26.1922,-0.203496,2.72906,0.685696,0.0,61.2738,-9.29854,21.0333,52.376,79.8767,112.028,167.839,-0.249316,1.03771,355.436,1.06541,91.2717,1.26266,-21.307,1.2424,2.09236,1.26266,800000099.0,800000099.0,800000099.0,800000099.0,800000099.0,800000099.0,800000199.0,800000199.0,80000.0,80000.0,80.0,80.0,3.0,3.0,0.0,5.0,3.0,16.0,1.88194,1.52389,0.354527,1.26243,0.00608459,462.59,0.317758,-0.021307,2.09236,33.5733,14.0246,39.9155,1057.07,179.386,0.293725,0.0432753,0.0792703,680.899,307.274,306.014,97710.6,20.1699,305.753,308.617,109.048,0.5628,1.00349,47.9309,41.3438,49.3568,85.1045,0.0,0.783145,0.001016,2194200.0,1.016,1,-8.184978000000001,0.7367908213029861,9.090800821302986,1.9462709476432476
2024-01-25 12:30:00,Nit-A,summer,noon,Yng,0.01615,0.019976300181047874,2.923442,0.0007349040345514205,0.016062,0.019557186015375524,1.090481,1.25231493046528,1.075245,0.10350864416049184,1.018764,0.10296625108786853,7.383053,0.7328845246320823,6.239306,0.7522379965325643,10.451356,1.059157321879872,11.030214,1.0645414332955807,75.800987,7.517968607334604,0.441786,0.0,0.0,0.0,0.0,0.0,0.0,0.0,69.677711,18.137441826648487,80.875397,23.43415312139462,0.129347,0.07726080479156296,0.5,0.0,0.8,0.0,108.168839,54.03355996276247,13.09,2.2495541780539536,12.52,2.2511454861914175,40.7,1.3504754718246494,39.92,1.806432764686614,97.45,0.02672701504720567,156.9,0.09966610925150393,156.5,1.2874004815907147,0.2,0.8291159951016103,2142.0,151.83497620772368,3.984,0.033084890811365696,,,,,,,,,,,,,,,,,,,,,,,,,,,-0.04,0.017078251276599333,0.0,0.0005537749241945383,0.0,0.0009574271077563382,0.0,0.005431390245600108,-0.419,0.7846835880361799,-1.12,2.1184550384655325,-10.998,5.335659216795782,1.0,0.0,150.0,0.0,2.0,0.0,55537.0,0.0,55537.0,0.0,55537.0,0.0,0.0,0.0,,,0.0,0.0,0.0,0.0,0.0,0.0,0.0,0.0,2.390997,0.0036424090480519865,2.399731,0.0036589563461914562,1.63189,0.0007629078690554105,0.928573,0.0032506357209013625,0.147684,0.0076929502301349515,-0.013015,0.023567495817544973,0.382042,0.09859320269643342,1.941649,0.1300069202847166,69.677711,18.137441826648487,0.000403,1.5652688799904865e-05,2.368943,0.0,-3.2e-05,0.0,1.0,0.0,2.376554,0.0,-3.1e-05,0.0,1.0,0.0,0.600907,0.0,0.601234,0.0,0.107129,0.0,0.0,0.0,-0.258718,0.0,0.0231413,371.029,0.0,20.961,135.955,1.0,15.8246,-8.35401,0.0,1.32632,3.1167,1.0,0.362772,2.40725,-7.11002,0.169032,-0.162994,-219.519,-5.7523,15.5787,406.487,410.102,0.0,1.0,408.225,10.6516,10.7662,0.0,1.0,307.319,306.66,97713.1,1.10561,1011.72,0.0260924,0.201962,0.00735621,1041.08,5161.55,0.00665355,20.1699,4120.47,280.718,0.591302,3.56038,0.029404,3.60926,7.48222e-14,-0.014091,3.60929,8.9141,129.731,80.4763,,,0.483741,1.88017,-26.1922,-0.203496,2.72906,0.685696,0.0,61.2738,-9.29854,21.0333,52.376,79.8767,112.028,167.839,-0.249316,1.03771,355.436,1.06541,91.2717,1.26266,-21.307,1.2424,2.09236,1.26266,800000099.0,800000099.0,800000099.0,800000099.0,800000099.0,800000099.0,800000199.0,800000199.0,80000.0,80000.0,80.0,80.0,3.0,3.0,0.0,5.0,3.0,16.0,1.88194,1.52389,0.354527,1.26243,0.00608459,462.59,0.317758,-0.021307,2.09236,33.5733,14.0246,39.9155,1057.07,179.386,0.293725,0.0432753,0.0792703,680.899,307.274,306.014,97710.6,20.1699,305.753,308.617,109.048,0.5628,1.00349,47.9309,41.3438,49.3568,85.1045,0.0,0.783145,0.001016,2194200.0,1.016,1,-8.184978000000001,0.7367908213029861,9.090800821302986,1.9462709476432476
2024-01-25 15:30:00,Nit-S,summer,afternoon,Mid,0.008776,0.027288277514774247,2.923081,0.0007678718360942667,0.00875,0.02664322929044701,0.702176,1.6890868858377968,1.318895,0.09988358174758585,1.298245,0.08661891972883286,7.380422,0.637824502725998,6.126069,0.6267786194269392,13.327635,0.88941674498198,13.538442,1.0258517844881274,75.781944,6.535834625466717,0.441786,0.0,0.0,0.0,0.0,0.0,0.0,0.0,66.49411,15.71399745122454,74.405548,74.21562210831767,0.116064,0.2426703016029705,0.5,0.0,0.8,0.0,86.473267,148.41352016093728,17.39,1.7928996997415483,16.27,1.9549785165060003,41.52,1.4205769954493768,39.92,1.5578309707196503,97.42,0.027160019636716656,156.9,0.10832051206181145,156.5,5.129408672871889,0.3,3.2652207684422607,1811.0,231.06155745457383,3.897,0.02011119091451328,,,,,,,,,,,,,,,,,,,,,,,,,,,-0.07,0.05649483752226097,0.0,0.0008326663997864531,0.0,0.0011803954139750516,0.003,,-0.045,0.8833234590643074,0.021,1.6987236463494193,-12.318,,1.0,0.0,150.0,0.0,2.0,0.0,55537.0,0.0,55537.0,0.0,55537.0,0.0,0.0,0.0,,,0.0,0.0,0.0,0.0,0.0,0.0,0.0,0.0,2.396834,0.003107170316112892,2.406582,0.0028473576200871006,1.631516,0.000796440828519802,0.928362,0.012666735094595937,0.143114,0.007948016663084378,-0.007246,0.032005031487095895,0.18319,0.0900428230060194,1.658613,0.19781820686696147,66.49411,15.71399745122454,0.000406,5.389186704256373e-06,2.368943,0.0,-3.2e-05,0.0,1.0,0.0,2.376554,0.0,-3.1e-05,0.0,1.0,0.0,0.600907,0.0,0.601234,0.0,0.107129,0.0,0.0,0.0,-0.433408,0.0,0.0349838,399.282,0.0,20.1542,151.863,0.0,30.796,-10.0257,0.0,1.23961,3.48009,0.0,0.705722,-3.67876,-13.7792,-0.190364,-0.315764,423.296,7.86869,15.8196,412.454,416.412,0.0,1.0,294.072,7.66714,7.72638,0.0,1.0,306.988,306.28,97667.3,1.10771,1010.08,0.0260724,0.22551,0.00529917,749.03,5053.03,0.0047839,14.8234,4304.0,275.987,3.06709,3.26288,0.410821,4.49683,-4.75614e-14,0.0267577,4.49691,10.4004,163.645,46.5165,,,0.625512,2.79655,-52.5786,-0.101372,2.62923,0.570506,0.0,63.9378,-9.70281,21.9478,54.6531,83.3494,116.899,175.136,-0.416299,1.0411,377.81,1.0775,96.8673,1.40136,-21.8117,1.37052,2.21982,1.40136,800000099.0,800000099.0,800000099.0,800000099.0,800000099.0,800000099.0,800000199.0,800000199.0,80000.0,80000.0,80.0,80.0,8.0,1.0,1.0,1.0,1.0,8.0,2.61825,2.44363,0.531218,1.0622,0.00503311,1043.88,0.337667,-0.0218117,2.21982,32.9221,15.6437,39.5725,854.815,138.889,0.312027,0.0330297,0.0629875,599.286,308.614,307.267,97664.3,14.8234,313.059,313.764,144.665,0.61784,2.00296,77.8581,65.068,74.4157,99.9863,0.0,1.3104,0.001016,2205000.0,1.016,1,-10.216064000000001,0.7304356176753581,10.756135617675358,2.0623448407058147
2024-01-25 15:30:00,Nit-S,summer,afternoon,Old,0.006316,0.02033020662503622,2.923256,0.0007512915923039319,0.006302,0.019843320829857757,0.41749,1.2319900425915136,1.265695,0.09309599030618887,1.259765,0.08019829300816404,7.603714,0.7260104010135757,6.161356,0.7534805815945604,12.9345,0.8230841219658191,12.995386,0.954954467774612,78.031029,7.447003211792773,0.441786,0.0,0.0,0.0,0.0,0.0,0.0,0.0,49.041512,14.966562867475792,69.63694,23.182726014560846,0.186671,0.1393353147481882,0.5,0.0,0.8,0.0,137.819717,84.58149557263867,16.08,1.972145447644942,15.9,1.9452011892518135,41.38,1.3360896925980144,40.47,1.7574325022600434,97.42,0.023330952259460958,156.9,0.08888194417314825,156.4,1.0212247548899271,0.3,0.657571288910944,1846.0,249.4775340586804,3.905,0.0217904413294758,,,,,,,,,,,,,,,,,,,,,,,,,,,-0.05,0.053904236073491166,0.0,0.001011599393699568,0.0,0.0018502252115170554,0.0,0.001414213562373095,-0.018,2.7164243489067266,-0.005,1.3074773254885403,-4.8835,12.908234290560424,1.0,0.0,150.0,0.0,2.0,0.0,55537.0,0.0,55537.0,0.0,55537.0,0.0,0.0,0.0,,,0.0,0.0,0.0,0.0,0.0,0.0,0.0,0.0,2.39628,0.0030973340192277763,2.404408,0.0031166124093316714,1.631697,0.000779520435909083,0.928288,0.0025772262531644327,0.143904,0.007494446965809638,-0.004911,0.019925947088908973,0.189533,0.08900654595247477,1.6886,0.21373308304654984,49.041512,14.966562867475792,0.000409,5.043808085167379e-06,2.368943,0.0,-3.2e-05,0.0,1.0,0.0,2.376554,0.0,-3.1e-05,0.0,1.0,0.0,0.600907,0.0,0.601234,0.0,0.107129,0.0,0.0,0.0,-0.433408,0.0,0.0349838,399.282,0.0,20.1542,151.863,0.0,30.796,-10.0257,0.0,1.23961,3.48009,0.0,0.705722,-3.67876,-13.7792,-0.190364,-0.315764,423.296,7.86869,15.8196,412.454,416.412,0.0,1.0,294.072,7.66714,7.72638,0.0,1.0,306.988,306.28,97667.3,1.10771,1010.08,0.0260724,0.22551,0.00529917,749.03,5053.03,0.0047839,14.8234,4304.0,275.987,3.06709,3.26288,0.410821,4.49683,-4.75614e-14,0.0267577,4.49691,10.4004,163.645,46.5165,,,0.625512,2.79655,-52.5786,-0.101372,2.62923,0.570506,0.0,63.9378,-9.70281,21.9478,54.6531,83.3494,116.899,175.136,-0.416299,1.0411,377.81,1.0775,96.8673,1.40136,-21.8117,1.37052,2.21982,1.40136,800000099.0,800000099.0,800000099.0,800000099.0,800000099.0,800000099.0,800000199.0,800000199.0,80000.0,80000.0,80.0,80.0,8.0,1.0,1.0,1.0,1.0,8.0,2.61825,2.44363,0.531218,1.0622,0.00503311,1043.88,0.337667,-0.0218117,2.21982,32.9221,15.6437,39.5725,854.815,138.889,0.312027,0.0330297,0.0629875,599.286,308.614,307.267,97664.3,14.8234,313.059,313.764,144.665,0.61784,2.00296,77.8581,65.068,74.4157,99.9863,0.0,1.3104,0.001016,2205000.0,1.016,1,-10.216064000000001,0.7304356176753581,10.756135617675358,2.0623448407058147
2024-01-25 15:30:00,Nit-S,summer,afternoon,Yng,0.018875,0.04324439132581241,2.922884,0.0009395671042204407,0.018754,0.04137212486457518,1.157909,2.3115252890104654,1.321685,0.11326935706057775,1.271861,0.08522821353249163,7.097611,0.6998505838453497,5.821141,0.7771526981875893,13.055943,0.8762249349025096,13.563602,1.1637685890173184,72.892075,7.174370593998752,0.441786,0.0,0.0,0.0,0.0,0.0,0.0,0.0,61.181545,12.70643850483599,75.365425,37.71497421968788,0.203601,0.15879689486602058,0.5,0.0,0.8,0.0,148.354233,77.49147502497743,17.32,2.3069487785095406,15.55,2.1458953065484483,41.62,1.5292075289726565,39.19,1.7634069297810973,97.41,0.027976180344478376,156.8,0.1294861639970358,156.5,1.579271984174988,0.3,1.0099504938362078,1832.0,377.65322718070337,3.927,0.021323070448069997,,,,,,,,,,,,,,,,,,,,,,,,,,,-0.07,0.05649483752226097,0.0,0.0012342339054382413,0.001,0.0018734993995195195,0.0045000000000000005,0.0021213203435596424,-0.03,2.6390509645198845,-0.127,1.899892815397753,-2.506,7.196932818916681,1.0,0.0,150.0,0.0,2.0,0.0,55537.0,0.0,55537.0,0.0,55537.0,0.0,0.0,0.0,,,0.0,0.0,0.0,0.0,0.0,0.0,0.0,0.0,2.395736,0.0034070017351526716,2.406464,0.0036142617448102917,1.631311,0.0009743910867819313,0.928526,0.003938036309295973,0.142566,0.008516540877805573,-0.010154,0.032630749380096476,0.178436,0.09008166009077541,1.67635,0.3234875462198764,61.181545,12.70643850483599,0.000408,5.045460005457038e-06,2.368943,0.0,-3.2e-05,0.0,1.0,0.0,2.376554,0.0,-3.1e-05,0.0,1.0,0.0,0.600907,0.0,0.601234,0.0,0.107129,0.0,0.0,0.0,-0.433408,0.0,0.0349838,399.282,0.0,20.1542,151.863,0.0,30.796,-10.0257,0.0,1.23961,3.48009,0.0,0.705722,-3.67876,-13.7792,-0.190364,-0.315764,423.296,7.86869,15.8196,412.454,416.412,0.0,1.0,294.072,7.66714,7.72638,0.0,1.0,306.988,306.28,97667.3,1.10771,1010.08,0.0260724,0.22551,0.00529917,749.03,5053.03,0.0047839,14.8234,4304.0,275.987,3.06709,3.26288,0.410821,4.49683,-4.75614e-14,0.0267577,4.49691,10.4004,163.645,46.5165,,,0.625512,2.79655,-52.5786,-0.101372,2.62923,0.570506,0.0,63.9378,-9.70281,21.9478,54.6531,83.3494,116.899,175.136,-0.416299,1.0411,377.81,1.0775,96.8673,1.40136,-21.8117,1.37052,2.21982,1.40136,800000099.0,800000099.0,800000099.0,800000099.0,800000099.0,800000099.0,800000199.0,800000199.0,80000.0,80000.0,80.0,80.0,8.0,1.0,1.0,1.0,1.0,8.0,2.61825,2.44363,0.531218,1.0622,0.00503311,1043.88,0.337667,-0.0218117,2.21982,32.9221,15.6437,39.5725,854.815,138.889,0.312027,0.0330297,0.0629875,599.286,308.614,307.267,97664.3,14.8234,313.059,313.764,144.665,0.61784,2.00296,77.8581,65.068,74.4157,99.9863,0.0,1.3104,0.001016,2205000.0,1.016,1,-10.216064000000001,0.7304356176753581,10.756135617675358,2.0623448407058147
2024-01-25 09:30:00,Nit-S,summer,morning,Mid,0.055303,0.042534786846062836,2.923104,0.001052490495602263,0.054276,0.040691954746485216,2.163692,1.6478794623457462,1.722512,0.07800402478522073,1.647244,0.08287725827340488,5.563328,0.38138455562485285,3.892044,0.4250689945649999,16.896154,0.8537010745391064,17.657465,0.8032576121665447,57.028492,3.9000324876417043,0.441786,0.0,0.0,0.0,0.0,0.0,0.0,0.0,68.777206,28.4204897021974,116.978287,71.09892296052607,0.256538,0.1889173575892556,0.5,0.0,0.8,0.0,186.816391,125.76245021548162,29.66,6.9196212564946995,27.3,6.823528217376502,35.5,3.143120795218235,34.73,1.2544231077803578,97.55,0.032802438933720805,156.9,0.13540064007727476,156.8,1.534742106457427,0.0,1.024483609759896,1637.0,258.5053319888522,4.079,0.025953484030729047,,,,,,,,,,,,,,,,,,,,,,,,,,,-0.01,0.05197114584074512,0.0,0.0011445523142259598,0.0,0.0018147543451754935,0.005,0.006855654600401044,0.021,1.1359033218838066,-0.129,1.8311015291348538,-9.466,5.459677902587295,1.0,0.0,150.0,0.0,2.0,0.0,55537.0,0.0,55537.0,0.0,55537.0,0.0,0.0,0.0,,,0.0,0.0,0.0,0.0,0.0,0.0,0.0,0.0,2.41362,0.009897078106188449,2.424763,0.010108333064028715,1.63154,0.0010924616652313419,0.929304,0.0038734040154193255,0.180322,0.024166930371687677,0.000241,0.03449421959183886,0.271874,0.11462250961565099,1.509181,0.2214175442722942,68.777206,28.4204897021974,0.000403,5.999999999999999e-06,2.368943,0.0,-3.2e-05,0.0,1.0,0.0,2.376554,0.0,-3.1e-05,0.0,1.0,0.0,0.600907,0.0,0.601234,0.0,0.107129,0.0,0.0,0.0,-0.0359058,0.0,0.00852887,194.564,0.0,16.1597,78.9411,0.0,7.87847,-4.4964,0.0,1.10697,1.80253,0.0,0.179896,2.6381,-9.85592,0.289348,-0.225049,270.923,10.5623,15.4367,397.24,402.85,0.0,1.0,601.82,15.4869,15.7305,0.0,1.0,303.19,302.602,97765.0,1.11897,1014.28,0.0257334,0.116804,0.0108448,1514.48,4099.77,0.00969175,36.9407,2585.28,286.331,0.96428,-0.431003,0.144733,1.06516,9.93434e-14,0.0175506,1.0653,4.17025,240.051,335.935,,,0.179131,0.730519,-2.53895,-2.09929,2.46468,0.957007,0.0,,,,,,,,-0.0340692,1.05391,190.346,1.04711,55.6928,1.12738,-12.4702,1.11929,1.27168,1.12738,800000099.0,800000099.0,800000099.0,800000099.0,800000099.0,800011099.0,800000199.0,800000199.0,80000.0,80000.0,81.0,81.0,0.0,0.0,0.0,29.0,21.0,5.0,0.462883,0.869827,0.128328,0.531546,0.00308308,103.628,0.167714,-0.0124702,1.27168,28.526,16.4939,34.1607,631.72,117.43,0.333788,0.0418859,0.0838593,163.611,302.312,301.904,97756.3,36.9407,298.981,299.796,34.5957,0.92454,1.50691,-4.76485,-2.66068,-0.177455,-0.41431,0.0,1.215725,0.001016,2183400.0,1.016,1,-4.207052,0.7791159963154612,5.275515996315462,1.9528912016455426
2024-01-25 09:30:00,Nit-S,summer,morning,Old,0.055369,0.03853515631074218,2.922828,0.0008645176882708913,0.05434,0.03694631453871053,2.455531,1.4359206444624646,1.697326,0.0760468719061255,1.661321,0.0711588565728587,5.805867,0.6785561050126953,4.078254,0.7029871286979775,17.02688,0.7330173159455933,17.403786,0.7821590093881439,59.504322,6.947317171814591,0.441786,0.0,0.0,0.0,0.0,0.0,0.0,0.0,65.824982,24.927697089127435,106.240868,80.37818999002613,0.187172,0.2135903861908115,0.5,0.0,0.8,0.0,144.920761,102.06995796856627,28.59,6.427090010261253,28.05,6.301496462481489,35.52,2.985095029196445,35.5,2.11761359396216,97.56,0.029439202887765015,156.8,0.1069267662156404,156.7,6.524717107532958,0.0,4.184793901735185,1654.0,399.6503972223723,4.078,0.035074112010616665,,,,,,,,,,,,,,,,,,,,,,,,,,,-0.01,0.04960846701924985,0.0,0.0012909944487358056,0.0,0.0020992061991778384,0.002,0.003559026084010437,-0.014,1.5071350890569388,-0.244,1.523223367292751,-7.853999999999999,2.4890820931955346,1.0,0.0,150.0,0.0,2.0,0.0,55537.0,0.0,55537.0,0.0,55537.0,0.0,0.0,0.0,,,0.0,0.0,0.0,0.0,0.0,0.0,0.0,0.0,2.414667,0.009174548413046697,2.423281,0.009403110078231537,1.631253,0.0008962593616433647,0.928978,0.016112473153636855,0.180182,0.022613989445915996,0.006204,0.03350494686122235,0.277234,0.11250807161270696,1.524183,0.34233698244577176,65.824982,24.927697089127435,0.000398,1.803256313820454e-05,2.368943,0.0,-3.2e-05,0.0,1.0,0.0,2.376554,0.0,-3.1e-05,0.0,1.0,0.0,0.600907,0.0,0.601234,0.0,0.107129,0.0,0.0,0.0,-0.0359058,0.0,0.00852887,194.564,0.0,16.1597,78.9411,0.0,7.87847,-4.4964,0.0,1.10697,1.80253,0.0,0.179896,2.6381,-9.85592,0.289348,-0.225049,270.923,10.5623,15.4367,397.24,402.85,0.0,1.0,601.82,15.4869,15.7305,0.0,1.0,303.19,302.602,97765.0,1.11897,1014.28,0.0257334,0.116804,0.0108448,1514.48,4099.77,0.00969175,36.9407,2585.28,286.331,0.96428,-0.431003,0.144733,1.06516,9.93434e-14,0.0175506,1.0653,4.17025,240.051,335.935,,,0.179131,0.730519,-2.53895,-2.09929,2.46468,0.957007,0.0,,,,,,,,-0.0340692,1.05391,190.346,1.04711,55.6928,1.12738,-12.4702,1.11929,1.27168,1.12738,800000099.0,800000099.0,800000099.0,800000099.0,800000099.0,800011099.0,800000199.0,800000199.0,80000.0,80000.0,81.0,81.0,0.0,0.0,0.0,29.0,21.0,5.0,0.462883,0.869827,0.128328,0.531546,0.00308308,103.628,0.167714,-0.0124702,1.27168,28.526,16.4939,34.1607,631.72,117.43,0.333788,0.0418859,0.0838593,163.611,302.312,301.904,97756.3,36.9407,298.981,299.796,34.5957,0.92454,1.50691,-4.76485,-2.66068,-0.177455,-0.41431,0.0,1.215725,0.001016,2183400.0,1.016,1,-4.207052,0.7791159963154612,5.275515996315462,1.9528912016455426
2024-01-25 09:30:00,Nit-S,summer,morning,Yng,0.101237,0.0391760229674138,2.923141,0.0009357482745555383,0.097849,0.03693773172822969,3.518271,1.565522267091268,1.72084,0.07492599384365876,1.611982,0.06495475138081384,5.317593,0.6519835776855193,3.526399,0.6229880686401627,16.524633,0.6670204855702269,17.640953,0.7658304642336778,54.499443,6.677501423352717,0.441786,0.0,0.0,0.0,0.0,0.0,0.0,0.0,87.23867,42.92643836026553,122.722504,70.14165707789003,0.242709,0.12532350500009962,0.5,0.0,0.8,0.0,147.015717,72.3506882009208,29.58,5.576297218286222,27.72,5.90544852939498,35.53,3.302811529591117,33.91,2.2512476540798456,97.55,0.03617089069035007,156.9,0.12069244660154105,157.0,0.6397395303298788,0.0,0.4405299838452164,1543.0,255.11453636879787,4.081,0.029039226344147965,,,,,,,,,,,,,,,,,,,,,,,,,,,-0.01,0.04873397172404481,0.0,0.0014583095236151572,0.001,0.0023094010767585036,0.004,0.005696977756280566,-0.631,1.0323886751929559,-1.603,1.7670967036356557,-10.084,7.576610180167792,1.0,0.0,150.0,0.0,2.0,0.0,55537.0,0.0,55537.0,0.0,55537.0,0.0,0.0,0.0,,,0.0,0.0,0.0,0.0,0.0,0.0,0.0,0.0,2.414212,0.00869989425567947,2.424697,0.00830897764108219,1.631578,0.000971864316661558,0.929697,0.001610027946962401,0.180178,0.025683718491033694,-0.01966,0.03571773373045945,0.264221,0.11731340578839801,1.428876,0.21847236808021434,87.23867,42.92643836026553,0.000399,7.3364387364260776e-06,2.368943,0.0,-3.2e-05,0.0,1.0,0.0,2.376554,0.0,-3.1e-05,0.0,1.0,0.0,0.600907,0.0,0.601234,0.0,0.107129,0.0,0.0,0.0,-0.0359058,0.0,0.00852887,194.564,0.0,16.1597,78.9411,0.0,7.87847,-4.4964,0.0,1.10697,1.80253,0.0,0.179896,2.6381,-9.85592,0.289348,-0.225049,270.923,10.5623,15.4367,397.24,402.85,0.0,1.0,601.82,15.4869,15.7305,0.0,1.0,303.19,302.602,97765.0,1.11897,1014.28,0.0257334,0.116804,0.0108448,1514.48,4099.77,0.00969175,36.9407,2585.28,286.331,0.96428,-0.431003,0.144733,1.06516,9.93434e-14,0.0175506,1.0653,4.17025,240.051,335.935,,,0.179131,0.730519,-2.53895,-2.09929,2.46468,0.957007,0.0,,,,,,,,-0.0340692,1.05391,190.346,1.04711,55.6928,1.12738,-12.4702,1.11929,1.27168,1.12738,800000099.0,800000099.0,800000099.0,800000099.0,800000099.0,800011099.0,800000199.0,800000199.0,80000.0,80000.0,81.0,81.0,0.0,0.0,0.0,29.0,21.0,5.0,0.462883,0.869827,0.128328,0.531546,0.00308308,103.628,0.167714,-0.0124702,1.27168,28.526,16.4939,34.1607,631.72,117.43,0.333788,0.0418859,0.0838593,163.611,302.312,301.904,97756.3,36.9407,298.981,299.796,34.5957,0.92454,1.50691,-4.76485,-2.66068,-0.177455,-0.41431,0.0,1.215725,0.001016,2183400.0,1.016,1,-4.207052,0.7791159963154612,5.275515996315462,1.9528912016455426
2024-01-25 12:30:00,Nit-S,summer,noon,Mid,0.010296,0.012661651119950088,2.923501,0.000813663378390232,0.01026,0.012477434719391108,0.932759,0.8133264283191425,1.14861,0.1588790599048744,1.135482,0.15160824446070428,8.135869,0.9739136758066445,6.783476,0.9688390398371858,11.64839,1.5555781137200906,11.784517,1.6301042909802448,83.466423,9.995302344675222,0.441786,0.0,0.0,0.0,0.0,0.0,0.0,0.0,70.909027,18.526147657007712,78.145264,57.87058509943124,0.0926,0.19852777149409098,0.5,0.0,0.8,0.0,81.715836,134.28104883085524,14.82,2.482357750204431,14.65,2.3467812708757774,40.68,0.6763771137464644,41.75,2.3054119660775005,97.47,0.008426149773177452,156.9,0.10999999999999598,156.6,1.6830032679706786,0.2,1.0932825191443731,2170.0,354.05284445498626,3.976,0.023423634787681114,,,,,,,,,,,,,,,,,,,,,,,,,,,-0.06,0.014352700094407325,0.0,0.0008602325267042627,0.001,0.0014433756729740645,0.002,0.0011547005383792516,-0.207,0.7989321268626851,-0.448,1.5943251268169865,-12.292,14.422788877328824,1.0,0.0,150.0,0.0,2.0,0.0,55537.0,0.0,55537.0,0.0,55537.0,0.0,0.0,0.0,,,0.0,0.0,0.0,0.0,0.0,0.0,0.0,0.0,2.394459,0.0036844512404605803,2.402589,0.0038923600325938743,1.631951,0.0008449945325267081,0.928664,0.004235155742905691,0.147779,0.0038006943852406873,0.018208,0.03244047117038633,0.398663,0.06646551527233253,1.965798,0.3032222557013969,70.909027,18.526147657007712,0.000407,5.5491741127246454e-06,2.368943,0.0,-3.2e-05,0.0,1.0,0.0,2.376554,0.0,-3.1e-05,0.0,1.0,0.0,0.600907,0.0,0.601234,0.0,0.107129,0.0,0.0,0.0,-0.258718,0.0,0.0231413,371.029,0.0,20.961,135.955,1.0,15.8246,-8.35401,0.0,1.32632,3.1167,1.0,0.362772,2.40725,-7.11002,0.169032,-0.162994,-219.519,-5.7523,15.5787,406.487,410.102,0.0,1.0,408.225,10.6516,10.7662,0.0,1.0,307.319,306.66,97713.1,1.10561,1011.72,0.0260924,0.201962,0.00735621,1041.08,5161.55,0.00665355,20.1699,4120.47,280.718,0.591302,3.56038,0.029404,3.60926,7.48222e-14,-0.014091,3.60929,8.9141,129.731,80.4763,,,0.483741,1.88017,-26.1922,-0.203496,2.72906,0.685696,0.0,61.2738,-9.29854,21.0333,52.376,79.8767,112.028,167.839,-0.249316,1.03771,355.436,1.06541,91.2717,1.26266,-21.307,1.2424,2.09236,1.26266,800000099.0,800000099.0,800000099.0,800000099.0,800000099.0,800000099.0,800000199.0,800000199.0,80000.0,80000.0,80.0,80.0,3.0,3.0,0.0,5.0,3.0,16.0,1.88194,1.52389,0.354527,1.26243,0.00608459,462.59,0.317758,-0.021307,2.09236,33.5733,14.0246,39.9155,1057.07,179.386,0.293725,0.0432753,0.0792703,680.899,307.274,306.014,97710.6,20.1699,305.753,308.617,109.048,0.5628,1.00349,47.9309,41.3438,49.3568,85.1045,0.0,0.783145,0.001016,2194200.0,1.016,1,-8.184978000000001,0.7367908213029861,9.090800821302986,1.9462709476432476
2024-01-25 12:30:00,Nit-S,summer,noon,Old,0.006819,0.01019223750589961,2.923584,0.0008084694902510058,0.006803,0.01004433815025493,0.504496,0.7001086893719385,1.110801,0.17240754593517663,1.097119,0.1651534706780333,8.23052,1.031593464832509,7.14254,0.9481738408813136,11.257088,1.694085109666796,11.397476,1.7685319347847528,84.44677,10.582873298840909,0.441786,0.0,0.0,0.0,0.0,0.0,0.0,0.0,55.704475,14.216659002703521,68.531509,38.56006473296232,0.273197,0.18360525224740532,0.5,0.0,0.8,0.0,209.173416,133.97145768416738,14.11,2.5364345053637805,13.91,2.4510098599012884,40.81,0.6002241248067253,41.97,2.332053672910066,97.48,0.009609023536925264,156.9,0.11547005383792652,156.6,3.4020679985365807,0.3,2.1695852138139218,2035.0,168.3773836752827,3.975,0.02435686077200171,,,,,,,,,,,,,,,,,,,,,,,,,,,-0.06,0.013844373104863467,0.0,0.0009092121131323905,0.0,0.0012013880860626733,0.0005,0.0007071067811865475,-0.009,1.3767223297867053,-0.104,1.3360396039539146,-11.025500000000001,0.2001112190757932,1.0,0.0,150.0,0.0,2.0,0.0,55537.0,0.0,55537.0,0.0,55537.0,0.0,0.0,0.0,,,0.0,0.0,0.0,0.0,0.0,0.0,0.0,0.0,2.393281,0.003823984026291685,2.401385,0.003974791043564444,1.632038,0.0008398748418663383,0.928615,0.00847081867786891,0.147041,0.003340591453620126,0.001858,0.0364478095035902,0.402389,0.06659235185872822,1.850331,0.14425855014893676,55.704475,14.216659002703521,0.000406,3.7269290307168494e-06,2.368943,0.0,-3.2e-05,0.0,1.0,0.0,2.376554,0.0,-3.1e-05,0.0,1.0,0.0,0.600907,0.0,0.601234,0.0,0.107129,0.0,0.0,0.0,-0.258718,0.0,0.0231413,371.029,0.0,20.961,135.955,1.0,15.8246,-8.35401,0.0,1.32632,3.1167,1.0,0.362772,2.40725,-7.11002,0.169032,-0.162994,-219.519,-5.7523,15.5787,406.487,410.102,0.0,1.0,408.225,10.6516,10.7662,0.0,1.0,307.319,306.66,97713.1,1.10561,1011.72,0.0260924,0.201962,0.00735621,1041.08,5161.55,0.00665355,20.1699,4120.47,280.718,0.591302,3.56038,0.029404,3.60926,7.48222e-14,-0.014091,3.60929,8.9141,129.731,80.4763,,,0.483741,1.88017,-26.1922,-0.203496,2.72906,0.685696,0.0,61.2738,-9.29854,21.0333,52.376,79.8767,112.028,167.839,-0.249316,1.03771,355.436,1.06541,91.2717,1.26266,-21.307,1.2424,2.09236,1.26266,800000099.0,800000099.0,800000099.0,800000099.0,800000099.0,800000099.0,800000199.0,800000199.0,80000.0,80000.0,80.0,80.0,3.0,3.0,0.0,5.0,3.0,16.0,1.88194,1.52389,0.354527,1.26243,0.00608459,462.59,0.317758,-0.021307,2.09236,33.5733,14.0246,39.9155,1057.07,179.386,0.293725,0.0432753,0.0792703,680.899,307.274,306.014,97710.6,20.1699,305.753,308.617,109.048,0.5628,1.00349,47.9309,41.3438,49.3568,85.1045,0.0,0.783145,0.001016,2194200.0,1.016,1,-8.184978000000001,0.7367908213029861,9.090800821302986,1.9462709476432476
2024-01-25 12:30:00,Nit-S,summer,noon,Yng,0.015324,0.01900088774215563,2.923236,0.0007528594999513074,0.015244,0.018606867737746727,1.239912,1.1152693088269279,1.05509,0.17456560918297567,1.020037,0.1603725574826525,7.616667,0.8116017499689263,6.385403,0.8974372702127096,10.465566,1.6452238942690047,10.825215,1.7907789149756472,78.144302,8.331043831773387,0.441786,0.0,0.0,0.0,0.0,0.0,0.0,0.0,64.058662,8.406548079836261,76.147202,26.11177085858482,0.108097,0.1379840197064863,0.5,0.0,0.8,0.0,91.469948,108.17775138681027,13.92,2.860088460170422,13.48,2.6239008492446234,40.54,0.7665033159310713,40.51,1.959795737655669,97.47,0.008660254037848682,156.9,0.10376254944181111,156.6,0.16960738977612194,0.2,0.13316656236958785,2016.0,329.82779345187595,3.978,0.022735214975891295,,,,,,,,,,,,,,,,,,,,,,,,,,,-0.07,0.015000000000000001,0.0,0.0010923979738782625,0.0,0.00116619037896906,0.0005,0.0017078251276599332,-0.206,0.7731630380025505,-0.778,1.2619226825232466,-5.608,10.21065830394887,1.0,0.0,150.0,0.0,2.0,0.0,55537.0,0.0,55537.0,0.0,55537.0,0.0,0.0,0.0,,,0.0,0.0,0.0,0.0,0.0,0.0,0.0,0.0,2.392651,0.004124295075929108,2.401196,0.004486331715332642,1.631676,0.000781553534101602,0.928846,0.00040332709223822144,0.148553,0.0043509245657292915,0.000172,0.02487504228351515,0.394496,0.06693328204919181,1.833472,0.28252721630638233,64.058662,8.406548079836261,0.000406,5.4323107422164295e-06,2.368943,0.0,-3.2e-05,0.0,1.0,0.0,2.376554,0.0,-3.1e-05,0.0,1.0,0.0,0.600907,0.0,0.601234,0.0,0.107129,0.0,0.0,0.0,-0.258718,0.0,0.0231413,371.029,0.0,20.961,135.955,1.0,15.8246,-8.35401,0.0,1.32632,3.1167,1.0,0.362772,2.40725,-7.11002,0.169032,-0.162994,-219.519,-5.7523,15.5787,406.487,410.102,0.0,1.0,408.225,10.6516,10.7662,0.0,1.0,307.319,306.66,97713.1,1.10561,1011.72,0.0260924,0.201962,0.00735621,1041.08,5161.55,0.00665355,20.1699,4120.47,280.718,0.591302,3.56038,0.029404,3.60926,7.48222e-14,-0.014091,3.60929,8.9141,129.731,80.4763,,,0.483741,1.88017,-26.1922,-0.203496,2.72906,0.685696,0.0,61.2738,-9.29854,21.0333,52.376,79.8767,112.028,167.839,-0.249316,1.03771,355.436,1.06541,91.2717,1.26266,-21.307,1.2424,2.09236,1.26266,800000099.0,800000099.0,800000099.0,800000099.0,800000099.0,800000099.0,800000199.0,800000199.0,80000.0,80000.0,80.0,80.0,3.0,3.0,0.0,5.0,3.0,16.0,1.88194,1.52389,0.354527,1.26243,0.00608459,462.59,0.317758,-0.021307,2.09236,33.5733,14.0246,39.9155,1057.07,179.386,0.293725,0.0432753,0.0792703,680.899,307.274,306.014,97710.6,20.1699,305.753,308.617,109.048,0.5628,1.00349,47.9309,41.3438,49.3568,85.1045,0.0,0.783145,0.001016,2194200.0,1.016,1,-8.184978000000001,0.7367908213029861,9.090800821302986,1.9462709476432476
2024-01-25 15:30:00,Rep-S,summer,afternoon,Mid,0.000955,0.0038629351629730128,2.923573,0.0008221848575594712,0.000955,0.00386163936560627,0.067287,0.28611239382080833,1.283872,0.0689315801277614,1.2839,0.06991141665572223,8.039782,0.5901161530577317,6.893826,0.581367816810084,13.17898,0.7196556916108399,13.178692,0.7094456528652614,82.50457,6.058949362247643,0.441786,0.0,0.0,0.0,0.0,0.0,0.0,0.0,35.65979,12.092493314970312,37.069916,12.826819758391332,0.064836,0.04805761202255059,0.5,0.0,0.8,0.0,33.392845,32.10627499875712,17.39,1.5683563583148652,17.29,1.547351823815988,39.91,1.076030513817644,41.53,1.4216284090202127,97.42,0.024494897427836667,156.9,0.10535653752852146,156.3,2.017572799182236,0.4,1.292903708711519,1657.0,325.1700426956127,3.906,0.020215258263664503,,,,,,,,,,,,,,,,,,,,,,,,,,,-0.06,0.04317406628984581,0.0,0.0012909944487358056,0.0,0.0014352700094407325,,,-0.02,0.49421613018327654,0.012,0.9213537811286172,,,1.0,0.0,150.0,0.0,2.0,0.0,55537.0,0.0,55537.0,0.0,55537.0,0.0,0.0,0.0,,,0.0,0.0,0.0,0.0,0.0,0.0,0.0,0.0,2.398576,0.00243606954813129,2.406623,0.0024599301358646125,1.632027,0.0008535442773127878,0.928076,0.005028986840308915,0.152195,0.006111230718112353,0.012026,0.021229730608512205,0.270182,0.08342510954099291,1.526541,0.27855197012257277,35.65979,12.092493314970312,0.000406,5.080354318352213e-06,2.368943,0.0,-3.2e-05,0.0,1.0,0.0,2.376554,0.0,-3.1e-05,0.0,1.0,0.0,0.600907,0.0,0.601234,0.0,0.107129,0.0,0.0,0.0,-0.433408,0.0,0.0349838,399.282,0.0,20.1542,151.863,0.0,30.796,-10.0257,0.0,1.23961,3.48009,0.0,0.705722,-3.67876,-13.7792,-0.190364,-0.315764,423.296,7.86869,15.8196,412.454,416.412,0.0,1.0,294.072,7.66714,7.72638,0.0,1.0,306.988,306.28,97667.3,1.10771,1010.08,0.0260724,0.22551,0.00529917,749.03,5053.03,0.0047839,14.8234,4304.0,275.987,3.06709,3.26288,0.410821,4.49683,-4.75614e-14,0.0267577,4.49691,10.4004,163.645,46.5165,,,0.625512,2.79655,-52.5786,-0.101372,2.62923,0.570506,0.0,63.9378,-9.70281,21.9478,54.6531,83.3494,116.899,175.136,-0.416299,1.0411,377.81,1.0775,96.8673,1.40136,-21.8117,1.37052,2.21982,1.40136,800000099.0,800000099.0,800000099.0,800000099.0,800000099.0,800000099.0,800000199.0,800000199.0,80000.0,80000.0,80.0,80.0,8.0,1.0,1.0,1.0,1.0,8.0,2.61825,2.44363,0.531218,1.0622,0.00503311,1043.88,0.337667,-0.0218117,2.21982,32.9221,15.6437,39.5725,854.815,138.889,0.312027,0.0330297,0.0629875,599.286,308.614,307.267,97664.3,14.8234,313.059,313.764,144.665,0.61784,2.00296,77.8581,65.068,74.4157,99.9863,0.0,1.3104,0.001016,2205000.0,1.016,1,-10.216064000000001,0.7304356176753581,10.756135617675358,2.0623448407058147
2024-01-25 15:30:00,Rep-S,summer,afternoon,Old,-0.000378,0.005378689353054949,2.923293,0.0006334086016676926,-0.000378,0.005361687267704697,-0.02771,0.34904725067460424,1.31028,0.06672406346409064,1.305016,0.06838904783947507,7.801363,0.7637207304175218,6.544157,0.7763771322894312,13.395388,0.7033573833513329,13.448693,0.6863903300333116,80.052155,7.828937081347959,0.441786,0.0,0.0,0.0,0.0,0.0,0.0,0.0,44.655205,15.057680098274183,47.382473,30.221971906416034,0.130416,0.12326337203737099,0.5,0.0,0.8,0.0,72.623184,67.30803801778889,17.73,1.622889193177812,17.62,1.608347806497917,39.94,1.0303758214036913,40.96,1.810128908853364,97.43,0.023288051299617044,156.9,0.08124038404635255,156.4,1.2159084395353679,0.3,0.7883949940649463,1799.0,289.1200039199409,3.89,0.023171678115032554,,,,,,,,,,,,,,,,,,,,,,,,,,,-0.06,0.042031734043061646,0.0,0.0013012814197295422,0.0,0.0014910846164230029,,,-0.07,0.47517758785531966,-0.013,0.6946291888482661,,,1.0,0.0,150.0,0.0,2.0,0.0,55537.0,0.0,55537.0,0.0,55537.0,0.0,0.0,0.0,,,0.0,0.0,0.0,0.0,0.0,0.0,0.0,0.0,2.399069,0.002493158522169433,2.407135,0.0024906825757878975,1.631736,0.0006578055361072207,0.92823,0.0030477708181554557,0.152033,0.005852716285338528,0.014622,0.018404777946953523,0.276142,0.08193398836557392,1.648137,0.24770409535926133,44.655205,15.057680098274183,0.000406,4.744470465710567e-06,2.368943,0.0,-3.2e-05,0.0,1.0,0.0,2.376554,0.0,-3.1e-05,0.0,1.0,0.0,0.600907,0.0,0.601234,0.0,0.107129,0.0,0.0,0.0,-0.433408,0.0,0.0349838,399.282,0.0,20.1542,151.863,0.0,30.796,-10.0257,0.0,1.23961,3.48009,0.0,0.705722,-3.67876,-13.7792,-0.190364,-0.315764,423.296,7.86869,15.8196,412.454,416.412,0.0,1.0,294.072,7.66714,7.72638,0.0,1.0,306.988,306.28,97667.3,1.10771,1010.08,0.0260724,0.22551,0.00529917,749.03,5053.03,0.0047839,14.8234,4304.0,275.987,3.06709,3.26288,0.410821,4.49683,-4.75614e-14,0.0267577,4.49691,10.4004,163.645,46.5165,,,0.625512,2.79655,-52.5786,-0.101372,2.62923,0.570506,0.0,63.9378,-9.70281,21.9478,54.6531,83.3494,116.899,175.136,-0.416299,1.0411,377.81,1.0775,96.8673,1.40136,-21.8117,1.37052,2.21982,1.40136,800000099.0,800000099.0,800000099.0,800000099.0,800000099.0,800000099.0,800000199.0,800000199.0,80000.0,80000.0,80.0,80.0,8.0,1.0,1.0,1.0,1.0,8.0,2.61825,2.44363,0.531218,1.0622,0.00503311,1043.88,0.337667,-0.0218117,2.21982,32.9221,15.6437,39.5725,854.815,138.889,0.312027,0.0330297,0.0629875,599.286,308.614,307.267,97664.3,14.8234,313.059,313.764,144.665,0.61784,2.00296,77.8581,65.068,74.4157,99.9863,0.0,1.3104,0.001016,2205000.0,1.016,1,-10.216064000000001,0.7304356176753581,10.756135617675358,2.0623448407058147
2024-01-25 15:30:00,Rep-S,summer,afternoon,Yng,0.004672,0.01454406908422353,2.923503,0.0009439132057557414,0.004664,0.014338259514552898,0.278893,0.9178272673859844,1.268418,0.09203843574067307,1.250823,0.07721682992662071,7.488821,0.5253394267679485,6.298967,0.580413846449979,12.838625,0.7944839267514229,13.016494,0.946504347130162,76.895561,5.38869878528401,0.441786,0.0,0.0,0.0,0.0,0.0,0.0,0.0,44.321178,11.481685387036883,49.278618,14.389093175691434,0.06284,0.07683719890116159,0.5,0.0,0.8,0.0,37.31356,47.065483541057326,17.54,2.00679113678197,16.97,1.780741886592964,39.91,1.141455503585952,40.19,1.301025621064657,97.4,0.024344746182011122,156.9,0.11902380714237798,156.3,1.3478130434151538,0.4,0.8681781691181444,1760.0,358.627536589147,3.894,0.025011863851647047,,,,,,,,,,,,,,,,,,,,,,,,,,,-0.06,0.045563142999578074,0.0,0.000912870929175277,-0.001,0.0015524174696260025,,,-0.047,0.9370944758489758,-0.194,1.019811350201595,,,1.0,0.0,150.0,0.0,2.0,0.0,55537.0,0.0,55537.0,0.0,55537.0,0.0,0.0,0.0,,,0.0,0.0,0.0,0.0,0.0,0.0,0.0,0.0,2.398091,0.0028152542235706478,2.406843,0.003141090700696368,1.631954,0.0009784376798413887,0.927901,0.0033942836259413093,0.152215,0.0064641387263372554,0.002424,0.010859136229154383,0.264471,0.08492276008330552,1.614969,0.3071639979537424,44.321178,11.481685387036883,0.000408,3.910669166949987e-06,2.368943,0.0,-3.2e-05,0.0,1.0,0.0,2.376554,0.0,-3.1e-05,0.0,1.0,0.0,0.600907,0.0,0.601234,0.0,0.107129,0.0,0.0,0.0,-0.433408,0.0,0.0349838,399.282,0.0,20.1542,151.863,0.0,30.796,-10.0257,0.0,1.23961,3.48009,0.0,0.705722,-3.67876,-13.7792,-0.190364,-0.315764,423.296,7.86869,15.8196,412.454,416.412,0.0,1.0,294.072,7.66714,7.72638,0.0,1.0,306.988,306.28,97667.3,1.10771,1010.08,0.0260724,0.22551,0.00529917,749.03,5053.03,0.0047839,14.8234,4304.0,275.987,3.06709,3.26288,0.410821,4.49683,-4.75614e-14,0.0267577,4.49691,10.4004,163.645,46.5165,,,0.625512,2.79655,-52.5786,-0.101372,2.62923,0.570506,0.0,63.9378,-9.70281,21.9478,54.6531,83.3494,116.899,175.136,-0.416299,1.0411,377.81,1.0775,96.8673,1.40136,-21.8117,1.37052,2.21982,1.40136,800000099.0,800000099.0,800000099.0,800000099.0,800000099.0,800000099.0,800000199.0,800000199.0,80000.0,80000.0,80.0,80.0,8.0,1.0,1.0,1.0,1.0,8.0,2.61825,2.44363,0.531218,1.0622,0.00503311,1043.88,0.337667,-0.0218117,2.21982,32.9221,15.6437,39.5725,854.815,138.889,0.312027,0.0330297,0.0629875,599.286,308.614,307.267,97664.3,14.8234,313.059,313.764,144.665,0.61784,2.00296,77.8581,65.068,74.4157,99.9863,0.0,1.3104,0.001016,2205000.0,1.016,1,-10.216064000000001,0.7304356176753581,10.756135617675358,2.0623448407058147
2024-01-25 09:30:00,Rep-S,summer,morning,Mid,0.003988,0.00859500472231788,2.922712,0.0009403829503629275,0.003982,0.008516978466177624,0.177468,0.395567955391599,1.689216,0.069485388880373,1.682265,0.06655783735814529,6.404012,0.6933413156836562,4.809803,0.6745442517893397,17.245331,0.6836777275612809,17.320459,0.713984711255925,65.642456,7.09837098975904,0.441786,0.0,0.0,0.0,0.0,0.0,0.0,0.0,42.406082,15.577762990936202,45.863628,23.42903604711931,0.129087,0.10776334094706479,0.5,0.0,0.8,0.0,75.783569,52.97359265295538,29.14,4.449877826038221,28.91,4.337082660037734,35.89,2.2813506233515857,37.29,1.9196216641133574,97.55,0.028183919765231536,156.8,0.1293573860795504,156.7,5.652604119636659,0.1,3.61022621636558,1482.0,299.85514836333886,4.068,0.024420141959729434,,,,,,,,,,,,,,,,,,,,,,,,,,,-0.01,0.05283622494715785,0.0,0.0012884098726725127,0.0,0.0017301252363147973,,,-0.019,0.3821360490715316,0.049,1.1721059650617487,,,1.0,0.0,150.0,0.0,2.0,0.0,55537.0,0.0,55537.0,0.0,55537.0,0.0,0.0,0.0,,,0.0,0.0,0.0,0.0,0.0,0.0,0.0,0.0,2.4158,0.006364448813002935,2.423977,0.0066048435023096045,1.631132,0.0009755985718179683,0.928995,0.013746273834873689,0.177637,0.016707594604151336,0.01021,0.029412399326757873,0.310473,0.09518972682756614,1.376517,0.256831245115997,42.406082,15.577762990936202,0.000401,6.157651067303723e-06,2.368943,0.0,-3.2e-05,0.0,1.0,0.0,2.376554,0.0,-3.1e-05,0.0,1.0,0.0,0.600907,0.0,0.601234,0.0,0.107129,0.0,0.0,0.0,-0.0359058,0.0,0.00852887,194.564,0.0,16.1597,78.9411,0.0,7.87847,-4.4964,0.0,1.10697,1.80253,0.0,0.179896,2.6381,-9.85592,0.289348,-0.225049,270.923,10.5623,15.4367,397.24,402.85,0.0,1.0,601.82,15.4869,15.7305,0.0,1.0,303.19,302.602,97765.0,1.11897,1014.28,0.0257334,0.116804,0.0108448,1514.48,4099.77,0.00969175,36.9407,2585.28,286.331,0.96428,-0.431003,0.144733,1.06516,9.93434e-14,0.0175506,1.0653,4.17025,240.051,335.935,,,0.179131,0.730519,-2.53895,-2.09929,2.46468,0.957007,0.0,,,,,,,,-0.0340692,1.05391,190.346,1.04711,55.6928,1.12738,-12.4702,1.11929,1.27168,1.12738,800000099.0,800000099.0,800000099.0,800000099.0,800000099.0,800011099.0,800000199.0,800000199.0,80000.0,80000.0,81.0,81.0,0.0,0.0,0.0,29.0,21.0,5.0,0.462883,0.869827,0.128328,0.531546,0.00308308,103.628,0.167714,-0.0124702,1.27168,28.526,16.4939,34.1607,631.72,117.43,0.333788,0.0418859,0.0838593,163.611,302.312,301.904,97756.3,36.9407,298.981,299.796,34.5957,0.92454,1.50691,-4.76485,-2.66068,-0.177455,-0.41431,0.0,1.215725,0.001016,2183400.0,1.016,1,-4.207052,0.7791159963154612,5.275515996315462,1.9528912016455426
2024-01-25 09:30:00,Rep-S,summer,morning,Old,0.001894,0.012675758629762559,2.922904,0.0009722887945461256,0.001893,0.012565350159996868,0.11742,0.6553352931525459,1.685527,0.07537614893081232,1.656545,0.08065485575126062,6.649934,0.5649578876696714,5.068393,0.5753865341147406,16.982061,0.8303651510702997,17.27895,0.7760733253965585,68.16478,5.7802462101515175,0.441786,0.0,0.0,0.0,0.0,0.0,0.0,0.0,43.13028,10.39875815455628,49.049019,14.429103201774566,0.0848,0.08593639019744004,0.5,0.0,0.8,0.0,51.311043,60.12083522872962,28.26,4.49248602297956,28.1,4.585723316264658,36.16,2.0659103723701677,37.98,1.554637363931965,97.55,0.03174376579214939,156.9,0.11430952132988251,156.7,6.519782716215835,0.1,4.177706707433318,1691.0,338.61390008877873,4.066,0.027333008128146874,,,,,,,,,,,,,,,,,,,,,,,,,,,-0.01,0.05283622494715785,0.0,0.001451436070471816,0.0,0.0014177446878757827,,,0.001,0.2898876621497829,-0.052,0.5297585236061175,,,1.0,0.0,150.0,0.0,2.0,0.0,55537.0,0.0,55537.0,0.0,55537.0,0.0,0.0,0.0,,,0.0,0.0,0.0,0.0,0.0,0.0,0.0,0.0,2.414615,0.0066833824250901105,2.422702,0.006643363483708161,1.631332,0.0010095875395426778,0.92898,0.01603989288721504,0.175779,0.014862931595976165,0.034396,0.02499716145718683,0.315586,0.09305436596531444,1.55532,0.29003929754101127,43.13028,10.39875815455628,0.000402,6.819824044650996e-06,2.368943,0.0,-3.2e-05,0.0,1.0,0.0,2.376554,0.0,-3.1e-05,0.0,1.0,0.0,0.600907,0.0,0.601234,0.0,0.107129,0.0,0.0,0.0,-0.0359058,0.0,0.00852887,194.564,0.0,16.1597,78.9411,0.0,7.87847,-4.4964,0.0,1.10697,1.80253,0.0,0.179896,2.6381,-9.85592,0.289348,-0.225049,270.923,10.5623,15.4367,397.24,402.85,0.0,1.0,601.82,15.4869,15.7305,0.0,1.0,303.19,302.602,97765.0,1.11897,1014.28,0.0257334,0.116804,0.0108448,1514.48,4099.77,0.00969175,36.9407,2585.28,286.331,0.96428,-0.431003,0.144733,1.06516,9.93434e-14,0.0175506,1.0653,4.17025,240.051,335.935,,,0.179131,0.730519,-2.53895,-2.09929,2.46468,0.957007,0.0,,,,,,,,-0.0340692,1.05391,190.346,1.04711,55.6928,1.12738,-12.4702,1.11929,1.27168,1.12738,800000099.0,800000099.0,800000099.0,800000099.0,800000099.0,800011099.0,800000199.0,800000199.0,80000.0,80000.0,81.0,81.0,0.0,0.0,0.0,29.0,21.0,5.0,0.462883,0.869827,0.128328,0.531546,0.00308308,103.628,0.167714,-0.0124702,1.27168,28.526,16.4939,34.1607,631.72,117.43,0.333788,0.0418859,0.0838593,163.611,302.312,301.904,97756.3,36.9407,298.981,299.796,34.5957,0.92454,1.50691,-4.76485,-2.66068,-0.177455,-0.41431,0.0,1.215725,0.001016,2183400.0,1.016,1,-4.207052,0.7791159963154612,5.275515996315462,1.9528912016455426
2024-01-25 09:30:00,Rep-S,summer,morning,Yng,0.004731,0.020439343478367074,2.923052,0.0008760198494706759,0.004723,0.020070924466584327,0.223649,1.0044366407890246,1.706782,0.08938899364086549,1.665796,0.0815288936284145,6.596279,0.6501479318515725,5.079246,0.6750431101275115,17.088202,0.8362984130776195,17.509048,0.9173082748000924,67.608894,6.650502048025287,0.441786,0.0,0.0,0.0,0.0,0.0,0.0,0.0,40.782452,12.923509543862503,47.764778,14.533490108632282,0.096506,0.07195445249619142,0.5,0.0,0.8,0.0,49.773056,49.07502846922828,29.69,5.097409472794326,29.46,4.954966128373966,35.6,2.5225200362600373,37.83,1.84026021710699,97.56,0.03348133808557724,156.9,0.1186029791643881,156.6,3.466881403605651,0.2,2.2032778611272192,1438.0,372.1640543272999,4.07,0.029521065924748575,,,,,,,,,,,,,,,,,,,,,,,,,,,-0.01,0.05283622494715785,0.0,0.0013844373104863457,0.001,0.002111081871142535,,,0.007,0.3354684138136803,-0.035,0.7896283556205412,,,1.0,0.0,150.0,0.0,2.0,0.0,55537.0,0.0,55537.0,0.0,55537.0,0.0,0.0,0.0,,,0.0,0.0,0.0,0.0,0.0,0.0,0.0,0.0,2.416592,0.007263567004119317,2.424794,0.007539268913053874,1.631485,0.000909436525181086,0.928823,0.008568397680235602,0.179688,0.018801188276453863,0.035354,0.020542059464019994,0.303844,0.09755013617408914,1.338501,0.31874772210032076,40.782452,12.923509543862503,0.000401,2.7959673340962585e-05,2.368943,0.0,-3.2e-05,0.0,1.0,0.0,2.376554,0.0,-3.1e-05,0.0,1.0,0.0,0.600907,0.0,0.601234,0.0,0.107129,0.0,0.0,0.0,-0.0359058,0.0,0.00852887,194.564,0.0,16.1597,78.9411,0.0,7.87847,-4.4964,0.0,1.10697,1.80253,0.0,0.179896,2.6381,-9.85592,0.289348,-0.225049,270.923,10.5623,15.4367,397.24,402.85,0.0,1.0,601.82,15.4869,15.7305,0.0,1.0,303.19,302.602,97765.0,1.11897,1014.28,0.0257334,0.116804,0.0108448,1514.48,4099.77,0.00969175,36.9407,2585.28,286.331,0.96428,-0.431003,0.144733,1.06516,9.93434e-14,0.0175506,1.0653,4.17025,240.051,335.935,,,0.179131,0.730519,-2.53895,-2.09929,2.46468,0.957007,0.0,,,,,,,,-0.0340692,1.05391,190.346,1.04711,55.6928,1.12738,-12.4702,1.11929,1.27168,1.12738,800000099.0,800000099.0,800000099.0,800000099.0,800000099.0,800011099.0,800000199.0,800000199.0,80000.0,80000.0,81.0,81.0,0.0,0.0,0.0,29.0,21.0,5.0,0.462883,0.869827,0.128328,0.531546,0.00308308,103.628,0.167714,-0.0124702,1.27168,28.526,16.4939,34.1607,631.72,117.43,0.333788,0.0418859,0.0838593,163.611,302.312,301.904,97756.3,36.9407,298.981,299.796,34.5957,0.92454,1.50691,-4.76485,-2.66068,-0.177455,-0.41431,0.0,1.215725,0.001016,2183400.0,1.016,1,-4.207052,0.7791159963154612,5.275515996315462,1.9528912016455426
2024-01-25 12:30:00,Rep-S,summer,noon,Mid,0.002471,0.007373557825545729,2.923172,0.0010689334060953047,0.002469,0.007301426303127356,0.19998,0.5546401418330117,1.084388,0.1158736589363174,1.071319,0.11842485151352318,8.381444,0.5663497385918792,7.224267,0.6149104526137038,10.989601,1.2172615067267107,11.123672,1.191185802444949,85.991089,5.800799183899374,0.441786,0.0,0.0,0.0,0.0,0.0,0.0,0.0,40.098309,12.216474561832474,47.91391,13.043832961943245,0.067555,0.0773939226942271,0.5,0.0,0.8,0.0,57.887615,62.580050933976594,13.52,2.443963106650072,13.39,2.479476960973826,41.3,1.2565258983933951,42.32,1.2640961197630496,97.48,0.02567748689675733,156.9,0.1374772708486729,156.3,2.0235859260234097,0.4,1.3006408676751113,2126.0,121.97939716744516,3.989,0.03330625566866765,,,,,,,,,,,,,,,,,,,,,,,,,,,-0.06,0.012688577540449521,0.0,0.0007023769168568492,0.0,0.0013127579111676811,,,-0.039,2.2732147940746823,-0.209,1.7121189357051105,,,1.0,0.0,150.0,0.0,2.0,0.0,55537.0,0.0,55537.0,0.0,55537.0,0.0,0.0,0.0,,,0.0,0.0,0.0,0.0,0.0,0.0,0.0,0.0,2.392411,0.003912341711388049,2.400485,0.003877829546709402,1.63161,0.0011097685464395754,0.928078,0.00503739538749937,0.14431,0.007264922364347746,0.014971,0.022013040561827586,0.364741,0.10041248842814988,1.928406,0.1044751399202541,40.098309,12.216474561832474,0.00041,4.497406660139447e-06,2.368943,0.0,-3.2e-05,0.0,1.0,0.0,2.376554,0.0,-3.1e-05,0.0,1.0,0.0,0.600907,0.0,0.601234,0.0,0.107129,0.0,0.0,0.0,-0.258718,0.0,0.0231413,371.029,0.0,20.961,135.955,1.0,15.8246,-8.35401,0.0,1.32632,3.1167,1.0,0.362772,2.40725,-7.11002,0.169032,-0.162994,-219.519,-5.7523,15.5787,406.487,410.102,0.0,1.0,408.225,10.6516,10.7662,0.0,1.0,307.319,306.66,97713.1,1.10561,1011.72,0.0260924,0.201962,0.00735621,1041.08,5161.55,0.00665355,20.1699,4120.47,280.718,0.591302,3.56038,0.029404,3.60926,7.48222e-14,-0.014091,3.60929,8.9141,129.731,80.4763,,,0.483741,1.88017,-26.1922,-0.203496,2.72906,0.685696,0.0,61.2738,-9.29854,21.0333,52.376,79.8767,112.028,167.839,-0.249316,1.03771,355.436,1.06541,91.2717,1.26266,-21.307,1.2424,2.09236,1.26266,800000099.0,800000099.0,800000099.0,800000099.0,800000099.0,800000099.0,800000199.0,800000199.0,80000.0,80000.0,80.0,80.0,3.0,3.0,0.0,5.0,3.0,16.0,1.88194,1.52389,0.354527,1.26243,0.00608459,462.59,0.317758,-0.021307,2.09236,33.5733,14.0246,39.9155,1057.07,179.386,0.293725,0.0432753,0.0792703,680.899,307.274,306.014,97710.6,20.1699,305.753,308.617,109.048,0.5628,1.00349,47.9309,41.3438,49.3568,85.1045,0.0,0.783145,0.001016,2194200.0,1.016,1,-8.184978000000001,0.7367908213029861,9.090800821302986,1.9462709476432476
2024-01-25 12:30:00,Rep-S,summer,noon,Old,0.001123,0.006260887966042303,2.923589,0.000723575927828942,0.001122,0.006227785493790442,0.101231,0.5300608433192143,1.126757,0.10446334141062763,1.116814,0.0990299763775259,8.634062,0.7408462496822625,7.494385,0.7524412241289461,11.456643,1.018480118526581,11.558263,1.0741120856557027,88.584236,7.595459471932922,0.441786,0.0,0.0,0.0,0.0,0.0,0.0,0.0,42.843819,10.723428009626664,51.70977,12.476518378697754,0.082194,0.07807848926620783,0.5,0.0,0.8,0.0,66.983116,67.50268490716522,13.92,2.049582315172209,13.75,2.0252829431958395,41.42,1.1989402264778113,42.88,1.5988716854915739,97.47,0.025832795693322672,156.9,0.0907377172587682,156.5,4.126770327184851,0.3,2.6210494081569697,2129.0,383.7361376432161,3.986,0.03274787524914123,,,,,,,,,,,,,,,,,,,,,,,,,,,-0.06,0.015779733838059504,0.0,0.0005537749241945383,0.0,0.000812403840463596,-0.001,0.002516611478423583,-0.064,1.90613391624688,-0.1,1.8312145222956995,-3.52,6.455383980316999,1.0,0.0,150.0,0.0,2.0,0.0,55537.0,0.0,55537.0,0.0,55537.0,0.0,0.0,0.0,,,0.0,0.0,0.0,0.0,0.0,0.0,0.0,0.0,2.392959,0.0032116644454242534,2.401119,0.003261978117645973,1.632043,0.0007517069619651044,0.928403,0.010212541696691677,0.143659,0.006879105895148475,0.020233,0.023123066259833857,0.372375,0.09877234711010974,1.930785,0.32860371262014576,42.843819,10.723428009626664,0.000407,6.441273166075173e-06,2.368943,0.0,-3.2e-05,0.0,1.0,0.0,2.376554,0.0,-3.1e-05,0.0,1.0,0.0,0.600907,0.0,0.601234,0.0,0.107129,0.0,0.0,0.0,-0.258718,0.0,0.0231413,371.029,0.0,20.961,135.955,1.0,15.8246,-8.35401,0.0,1.32632,3.1167,1.0,0.362772,2.40725,-7.11002,0.169032,-0.162994,-219.519,-5.7523,15.5787,406.487,410.102,0.0,1.0,408.225,10.6516,10.7662,0.0,1.0,307.319,306.66,97713.1,1.10561,1011.72,0.0260924,0.201962,0.00735621,1041.08,5161.55,0.00665355,20.1699,4120.47,280.718,0.591302,3.56038,0.029404,3.60926,7.48222e-14,-0.014091,3.60929,8.9141,129.731,80.4763,,,0.483741,1.88017,-26.1922,-0.203496,2.72906,0.685696,0.0,61.2738,-9.29854,21.0333,52.376,79.8767,112.028,167.839,-0.249316,1.03771,355.436,1.06541,91.2717,1.26266,-21.307,1.2424,2.09236,1.26266,800000099.0,800000099.0,800000099.0,800000099.0,800000099.0,800000099.0,800000199.0,800000199.0,80000.0,80000.0,80.0,80.0,3.0,3.0,0.0,5.0,3.0,16.0,1.88194,1.52389,0.354527,1.26243,0.00608459,462.59,0.317758,-0.021307,2.09236,33.5733,14.0246,39.9155,1057.07,179.386,0.293725,0.0432753,0.0792703,680.899,307.274,306.014,97710.6,20.1699,305.753,308.617,109.048,0.5628,1.00349,47.9309,41.3438,49.3568,85.1045,0.0,0.783145,0.001016,2194200.0,1.016,1,-8.184978000000001,0.7367908213029861,9.090800821302986,1.9462709476432476
2024-01-25 12:30:00,Rep-S,summer,noon,Yng,0.002827,0.027233746289729095,2.923554,0.0008293846875846912,0.002824,0.02644185933370294,0.219592,1.906993822280496,1.165961,0.12533518949733674,1.118292,0.1360746306614866,8.495781,0.4639089182517655,7.249661,0.48942563202856487,11.472987,1.398294992191413,11.961488,1.2882836715510286,87.18853,4.75336907234889,0.441786,0.0,0.0,0.0,0.0,0.0,0.0,0.0,42.526604,9.798324284141904,45.630814,10.648075627189606,0.049509,0.05021555445111936,0.5,0.0,0.8,0.0,42.115562,41.46786689620611,14.37,2.915153969632935,14.13,3.026722484801011,41.22,1.386695712836816,42.57,1.0373221935991401,97.47,0.0198158185969356,156.9,0.10614455552059406,156.4,1.7055986241395307,0.4,1.0785329542175952,2028.0,262.1108353349781,3.991,0.028854924478616956,,,,,,,,,,,,,,,,,,,,,,,,,,,-0.07,0.0050000000000000105,0.0,0.0008621678104251708,0.0,0.0012871156384205217,,,-0.059,0.2995140508668444,-0.016,0.6053926411842153,,,1.0,0.0,150.0,0.0,2.0,0.0,55537.0,0.0,55537.0,0.0,55537.0,0.0,0.0,0.0,,,0.0,0.0,0.0,0.0,0.0,0.0,0.0,0.0,2.393641,0.004717725817948278,2.401809,0.004555662081410341,1.632007,0.0008614764980349896,0.928177,0.004264941724885181,0.144752,0.008106983748184844,0.027662,0.02030045329748411,0.355521,0.10348453687793167,1.844301,0.2245509817576922,42.526604,9.798324284141904,0.000406,2.4768393838384686e-05,2.368943,0.0,-3.2e-05,0.0,1.0,0.0,2.376554,0.0,-3.1e-05,0.0,1.0,0.0,0.600907,0.0,0.601234,0.0,0.107129,0.0,0.0,0.0,-0.258718,0.0,0.0231413,371.029,0.0,20.961,135.955,1.0,15.8246,-8.35401,0.0,1.32632,3.1167,1.0,0.362772,2.40725,-7.11002,0.169032,-0.162994,-219.519,-5.7523,15.5787,406.487,410.102,0.0,1.0,408.225,10.6516,10.7662,0.0,1.0,307.319,306.66,97713.1,1.10561,1011.72,0.0260924,0.201962,0.00735621,1041.08,5161.55,0.00665355,20.1699,4120.47,280.718,0.591302,3.56038,0.029404,3.60926,7.48222e-14,-0.014091,3.60929,8.9141,129.731,80.4763,,,0.483741,1.88017,-26.1922,-0.203496,2.72906,0.685696,0.0,61.2738,-9.29854,21.0333,52.376,79.8767,112.028,167.839,-0.249316,1.03771,355.436,1.06541,91.2717,1.26266,-21.307,1.2424,2.09236,1.26266,800000099.0,800000099.0,800000099.0,800000099.0,800000099.0,800000099.0,800000199.0,800000199.0,80000.0,80000.0,80.0,80.0,3.0,3.0,0.0,5.0,3.0,16.0,1.88194,1.52389,0.354527,1.26243,0.00608459,462.59,0.317758,-0.021307,2.09236,33.5733,14.0246,39.9155,1057.07,179.386,0.293725,0.0432753,0.0792703,680.899,307.274,306.014,97710.6,20.1699,305.753,308.617,109.048,0.5628,1.00349,47.9309,41.3438,49.3568,85.1045,0.0,0.783145,0.001016,2194200.0,1.016,1,-8.184978000000001,0.7367908213029861,9.090800821302986,1.9462709476432476
