timestamp,measurement_type,species,specimen,leaf_age,season,daytime,filename,Obs,FTime,EBal,Photo,Cond,Ci,FCnt,DCnt,Fo,Fm,Fo_1,Fm_1,Fs,Fv_Fm,Fv_Fm_1,PhiPS2,Adark,RedAbs,BlueAbs,Blue,LeafAbs,PhiCO2,qP,qN,NPQ,ParIn_Fs,PS2_1,ETR,Trmmol,VpdL,CTleaf,Area,BLC_1,StmRat,BLCond,Tair,Tleaf,TBlk,CO2R,CO2S,H2OR,H2OS,RH_R,RH_S,Flow,PARi,PARo,Press,CsMch,HsMch,CsMchSD,HsMchSD,CrMchSD,HrMchSD,StableF,BLCslope,BLCoffst,f_parin,f_parout,alphaK,Status,Tau,qc_Tau,rand_err_Tau,H,qc_H,rand_err_H,LE,qc_LE,rand_err_LE,co2_flux,qc_co2_flux,rand_err_co2_flux,h2o_flux,qc_h2o_flux,rand_err_h2o_flux,H_strg,LE_strg,co2_strg,h2o_strg,co2_v-adv,h2o_v-adv,co2_molar_density,co2_mole_fraction,co2_mixing_ratio,co2_time_lag,co2_def_timelag,h2o_molar_density,h2o_mole_fraction,h2o_mixing_ratio,h2o_time_lag,h2o_def_timelag,sonic_temperature,air_temperature,air_pressure,air_density,air_heat_capacity,air_molar_volume,ET,water_vapor_density,e,es,specific_humidity,RH,VPD,Tdew,u_unrot,v_unrot,w_unrot,u_rot,v_rot,w_rot,wind_speed,max_wind_speed,wind_dir,yaw,pitch,roll,u*,TKE,L,(z-d)/L,bowen_ratio,T*,model,x_peak,x_offset,x_10%,x_30%,x_50%,x_70%,x_90%,un_Tau,Tau_scf,un_H,H_scf,un_LE,LE_scf,un_co2_flux,co2_scf,un_h2o_flux,h2o_scf,spikes_hf,amplitude_resolution_hf,drop_out_hf,absolute_limits_hf,skewness_kurtosis_hf,skewness_kurtosis_sf,discontinuities_hf,discontinuities_sf,timelag_hf,timelag_sf,attack_angle_hf,non_steady_wind_hf,u_spikes,v_spikes,w_spikes,ts_spikes,co2_spikes,h2o_spikes,u_var,v_var,w_var,ts_var,co2_var,h2o_var,w/ts_cov,w/co2_cov,w/h2o_cov,fast_t_mean,DRM_V_BATTERY_1_1_1,TCNR_C_1_1_1,SWIN_1_1_1,SWOUT_1_1_1,NDVI_1_1_1,PRI_1_1_1,PRI_1_1_2,NETRAD_1_1_1,TA_1_2_1,TA_1_1_1,PA_1_1_1,RH_1_1_1,TS_1_1_1,TS_1_1_2,G_1_1_1,SWC_1_1_1,SWC_1_1_2,SHP_1_1_1,SHP_1_1_2,SHP_1_1_3,SHP_1_1_4,P_1_1_1,SWC,P_cum,time_since_last_event_s,P_cum_mm,day_night,nee,reco,gpp_umol_m2_s1,WUE.g_kg
2023-08-16 13:11:00,ACi,Nit-S,1,Yng,winter,noon,Erin_Nitida1_ACi_16_08_23,1,201.0,0,7.04,0.0691,242.0,0,0,0.0,0.0,0.0,0.0,0.0,0.0,0.0,0.0,-1,0.87,0.92,10,0.875,0.006,0.0,0.0,0.0,0.0,0.5,0.0,1.32,1.83,24.74,2,4.64,1,9.29,21.08,24.74,19.99,420.21,416.42,12.75,13.4,49.53,52.05,399.7,1501,72,97.43,5.89,-0.407,0.0279,0.00686,0.0385,0.00542,0.8,-1.36,7.36,1.0,0.0,0.16,111115,,,,,,,,,,,,,,,,,,,,,,,,,,,,,,,,,,,,,,,,,,,,,,,,,,,,,,,,,,,,,,,,,,,,,,,,,,,,,,,,,,,,,,,,,,,,,,,,,,,,,,,,,,,,,,,,,,,,,,,,,,,,,,,,,,,,,,,,,,,,
2023-08-16 13:13:00,ACi,Nit-S,1,Yng,winter,noon,Erin_Nitida1_ACi_16_08_23,2,312.0,0,4.77,0.0686,178.0,0,0,0.0,0.0,0.0,0.0,0.0,0.0,0.0,0.0,-1,0.87,0.92,10,0.875,0.004,0.0,0.0,0.0,0.0,0.5,0.0,1.31,1.83,24.7,2,4.64,1,9.29,21.06,24.7,19.99,299.85,297.27,12.609,13.255,49.05,51.57,399.7,1501,75,97.43,3.95,-0.404,0.0365,0.00188,0.0282,0.00177,1.0,-1.36,7.36,1.0,0.0,0.16,111115,,,,,,,,,,,,,,,,,,,,,,,,,,,,,,,,,,,,,,,,,,,,,,,,,,,,,,,,,,,,,,,,,,,,,,,,,,,,,,,,,,,,,,,,,,,,,,,,,,,,,,,,,,,,,,,,,,,,,,,,,,,,,,,,,,,,,,,,,,,,
2023-08-16 13:15:00,ACi,Nit-S,1,Yng,winter,noon,Erin_Nitida1_ACi_16_08_23,3,450.0,0,3.91,0.0677,149.0,0,0,0.0,0.0,0.0,0.0,0.0,0.0,0.0,0.0,-1,0.87,0.92,10,0.875,0.004,0.0,0.0,0.0,0.0,0.5,0.0,1.3,1.84,24.72,2,4.64,1,9.29,21.05,24.72,19.99,250.01,247.9,12.56,13.202,48.88,51.38,399.7,1501,77,97.43,3.18,-0.406,0.0704,0.00248,0.101,0.000534,1.0,-1.36,7.36,1.0,0.0,0.16,111115,,,,,,,,,,,,,,,,,,,,,,,,,,,,,,,,,,,,,,,,,,,,,,,,,,,,,,,,,,,,,,,,,,,,,,,,,,,,,,,,,,,,,,,,,,,,,,,,,,,,,,,,,,,,,,,,,,,,,,,,,,,,,,,,,,,,,,,,,,,,
2023-08-16 13:17:00,ACi,Nit-S,1,Yng,winter,noon,Erin_Nitida1_ACi_16_08_23,4,552.0,0,1.54,0.0674,108.0,0,0,0.0,0.0,0.0,0.0,0.0,0.0,0.0,0.0,-1,0.87,0.92,10,0.875,0.002,0.0,0.0,0.0,0.0,0.5,0.0,1.3,1.86,24.79,2,4.64,1,9.29,21.07,24.79,19.99,150.17,149.3,12.536,13.18,48.71,51.21,399.7,1500,77,97.42,1.69,-0.405,0.0368,0.00131,0.0534,0.00112,1.0,-1.36,7.36,1.0,0.0,0.16,111115,,,,,,,,,,,,,,,,,,,,,,,,,,,,,,,,,,,,,,,,,,,,,,,,,,,,,,,,,,,,,,,,,,,,,,,,,,,,,,,,,,,,,,,,,,,,,,,,,,,,,,,,,,,,,,,,,,,,,,,,,,,,,,,,,,,,,,,,,,,,
2023-08-16 13:18:00,ACi,Nit-S,1,Yng,winter,noon,Erin_Nitida1_ACi_16_08_23,5,648.0,0,0.503,0.068,85.0,0,0,0.0,0.0,0.0,0.0,0.0,0.0,0.0,0.0,-1,0.87,0.92,10,0.875,0.001,0.0,0.0,0.0,0.0,0.5,0.0,1.32,1.86,24.79,2,4.64,1,9.29,21.07,24.79,19.99,100.06,99.75,12.485,13.136,48.52,51.05,399.7,1500,78,97.43,0.948,-0.401,0.0275,0.000727,0.0172,0.00144,1.0,-1.36,7.36,1.0,0.0,0.16,111115,,,,,,,,,,,,,,,,,,,,,,,,,,,,,,,,,,,,,,,,,,,,,,,,,,,,,,,,,,,,,,,,,,,,,,,,,,,,,,,,,,,,,,,,,,,,,,,,,,,,,,,,,,,,,,,,,,,,,,,,,,,,,,,,,,,,,,,,,,,,
2023-08-16 13:21:00,ACi,Nit-S,1,Yng,winter,noon,Erin_Nitida1_ACi_16_08_23,6,789.0,0,-0.319,0.0689,67.5,0,0,0.0,0.0,0.0,0.0,0.0,0.0,0.0,0.0,-1,0.87,0.92,10,0.875,0.001,0.0,0.0,0.0,0.0,0.5,0.0,1.34,1.87,24.76,2,4.64,1,9.29,21.05,24.76,19.99,61.95,62.07,12.367,13.029,48.14,50.71,399.7,1501,80,97.43,0.361,-0.394,0.04,0.00329,0.0523,0.00313,1.0,-1.36,7.36,1.0,0.0,0.16,111135,,,,,,,,,,,,,,,,,,,,,,,,,,,,,,,,,,,,,,,,,,,,,,,,,,,,,,,,,,,,,,,,,,,,,,,,,,,,,,,,,,,,,,,,,,,,,,,,,,,,,,,,,,,,,,,,,,,,,,,,,,,,,,,,,,,,,,,,,,,,
2023-08-16 13:23:00,ACi,Nit-S,1,Yng,winter,noon,Erin_Nitida1_ACi_16_08_23,7,930.0,0,20.6,0.0688,483.0,0,0,0.0,0.0,0.0,0.0,0.0,0.0,0.0,0.0,-1,0.87,0.92,10,0.875,0.016,0.0,0.0,0.0,0.0,0.5,0.0,1.32,1.85,24.59,2,4.64,1,9.29,21.01,24.59,19.99,998.63,987.67,12.218,12.872,47.64,50.2,399.7,1501,81,97.42,15.1,-0.388,0.28,0.00305,0.273,0.00327,0.2,-1.36,7.36,1.0,0.0,0.16,111115,,,,,,,,,,,,,,,,,,,,,,,,,,,,,,,,,,,,,,,,,,,,,,,,,,,,,,,,,,,,,,,,,,,,,,,,,,,,,,,,,,,,,,,,,,,,,,,,,,,,,,,,,,,,,,,,,,,,,,,,,,,,,,,,,,,,,,,,,,,,
2023-08-16 13:25:00,ACi,Nit-S,1,Yng,winter,noon,Erin_Nitida1_ACi_16_08_23,8,1071.0,0,12.9,0.0677,419.0,0,0,0.0,0.0,0.0,0.0,0.0,0.0,0.0,0.0,-1,0.87,0.92,10,0.875,0.011,0.0,0.0,0.0,0.0,0.5,0.0,1.31,1.86,24.61,2,4.64,1,9.29,21.02,24.61,19.99,749.74,742.82,12.118,12.767,47.24,49.77,399.7,1501,80,97.42,11.2,-0.385,0.0524,0.00472,0.0999,0.00363,0.2,-1.36,7.36,1.0,0.0,0.16,111115,,,,,,,,,,,,,,,,,,,,,,,,,,,,,,,,,,,,,,,,,,,,,,,,,,,,,,,,,,,,,,,,,,,,,,,,,,,,,,,,,,,,,,,,,,,,,,,,,,,,,,,,,,,,,,,,,,,,,,,,,,,,,,,,,,,,,,,,,,,,
2023-08-16 13:28:00,ACi,Nit-S,1,Yng,winter,noon,Erin_Nitida1_ACi_16_08_23,9,1210.0,0,8.39,0.0691,287.0,0,0,0.0,0.0,0.0,0.0,0.0,0.0,0.0,0.0,-1,0.87,0.92,10,0.875,0.007,0.0,0.0,0.0,0.0,0.5,0.0,1.35,1.87,24.54,2,4.64,1,9.29,20.97,24.54,19.99,499.64,495.11,11.873,12.539,46.42,49.03,399.7,1502,81,97.42,7.1,-0.375,0.0663,0.00402,0.0578,0.00485,1.0,-1.36,7.36,1.0,0.0,0.16,111115,,,,,,,,,,,,,,,,,,,,,,,,,,,,,,,,,,,,,,,,,,,,,,,,,,,,,,,,,,,,,,,,,,,,,,,,,,,,,,,,,,,,,,,,,,,,,,,,,,,,,,,,,,,,,,,,,,,,,,,,,,,,,,,,,,,,,,,,,,,,
2023-08-16 13:30:00,ACi,Nit-S,1,Yng,winter,noon,Erin_Nitida1_ACi_16_08_23,10,1339.0,0,7.13,0.0669,234.0,0,0,0.0,0.0,0.0,0.0,0.0,0.0,0.0,0.0,-1,0.87,0.92,10,0.875,0.006,0.0,0.0,0.0,0.0,0.5,0.0,1.32,1.89,24.57,2,4.64,1,9.29,21.0,24.57,19.99,419.92,416.08,11.726,12.378,45.78,48.33,399.7,1502,84,97.42,5.89,-0.369,0.012,0.0024,0.0188,0.00132,1.0,-1.36,7.36,1.0,0.0,0.16,111115,-0.700591,0.0,0.0419217,165.406,0.0,7.39937,266.608,0.0,8.10534,-22.6279,0.0,0.969053,6.01931,0.0,0.182998,0.0873612,-1.01754,-0.372151,-0.0229735,-1075.45,-20.5279,15.9525,395.381,398.643,0.0,1.0,304.498,7.54696,7.60435,0.0,1.0,292.291,290.954,97599.3,1.1653,1009.58,0.0247849,0.390051,0.00548706,736.776,2032.46,0.00470869,36.2504,1295.69,275.755,5.68461,1.81646,0.622917,5.99991,1.89599e-13,-0.0674157,6.00029,13.567,192.716,17.6991,,,0.775377,4.3757,-241.52,-0.0220685,0.620409,0.181326,0.0,66.8109,-10.1388,22.934,57.1089,87.0947,122.152,183.005,-0.667877,1.04898,160.347,1.09875,153.889,1.67704,-20.1363,1.62477,3.47441,1.67704,800000099.0,800000099.0,800000099.0,800000099.0,800000099.0,800000099.0,800000199.0,801000199.0,80000.0,80000.0,80.0,81.0,3.0,6.0,2.0,2.0,4.0,4.0,3.69758,4.32802,0.725817,0.172514,0.00371361,119.257,0.136296,-0.0201363,3.47441,17.9004,12.807,21.7318,661.019,104.105,0.359546,0.0319862,0.0679002,391.574,291.578,290.932,97627.5,36.2504,287.644,288.43,60.0505,5.19471,4.96852,40.5635,24.4813,28.5966,42.9988,0.0,5.081614999999999,0.004318,217800.0,4.318,1.0,-23.000051,2.529466542904182,25.15736654290418,2.788782226972097
2023-07-25 13:37:00,ACi,Nit-S,1,Yng,winter,noon,Erin_Nitida1_ACi_25_07_23,1,162.0,0,11.6,0.0868,193.0,0,0,0.0,0.0,0.0,0.0,0.0,0.0,0.0,0.0,-1,0.87,0.92,10,0.875,0.01,0.0,0.0,0.0,0.0,0.5,0.0,1.18,1.32,23.78,2,4.64,1,9.29,20.75,23.78,20.0,419.87,413.85,16.167,16.749,64.42,66.75,399.8,1500,103,97.92,5.94,-0.575,0.0492,0.00246,0.0511,0.00294,1.0,-1.36,7.36,1.0,0.0,0.16,111115,,,,,,,,,,,,,,,,,,,,,,,,,,,,,,,,,,,,,,,,,,,,,,,,,,,,,,,,,,,,,,,,,,,,,,,,,,,,,,,,,,,,,,,,,,,,,,,,,,,,,,,,,,,,,,,,,,,,,,,,,,,,,,,,,,,,,,,,,,,,
2023-07-25 13:39:00,ACi,Nit-S,1,Yng,winter,noon,Erin_Nitida1_ACi_25_07_23,2,287.0,0,7.88,0.0936,155.0,0,0,0.0,0.0,0.0,0.0,0.0,0.0,0.0,0.0,-1,0.87,0.92,10,0.875,0.007,0.0,0.0,0.0,0.0,0.5,0.0,1.3,1.34,23.95,2,4.64,1,9.29,20.79,23.95,20.0,300.11,295.97,16.194,16.831,64.36,66.89,399.8,1500,104,97.91,4.14,-0.573,0.0204,0.000602,0.0224,0.00112,1.0,-1.36,7.36,1.0,0.0,0.16,111115,,,,,,,,,,,,,,,,,,,,,,,,,,,,,,,,,,,,,,,,,,,,,,,,,,,,,,,,,,,,,,,,,,,,,,,,,,,,,,,,,,,,,,,,,,,,,,,,,,,,,,,,,,,,,,,,,,,,,,,,,,,,,,,,,,,,,,,,,,,,
2023-07-25 13:41:00,ACi,Nit-S,1,Yng,winter,noon,Erin_Nitida1_ACi_25_07_23,3,372.0,0,5.99,0.0936,139.0,0,0,0.0,0.0,0.0,0.0,0.0,0.0,0.0,0.0,-1,0.87,0.92,10,0.875,0.005,0.0,0.0,0.0,0.0,0.5,0.0,1.31,1.35,24.03,2,4.64,1,9.29,20.82,24.03,20.0,249.85,246.69,16.197,16.841,64.25,66.81,399.7,1499,105,97.91,3.35,-0.573,0.0423,0.000929,0.0301,0.00108,1.0,-1.36,7.36,1.0,0.0,0.16,111115,,,,,,,,,,,,,,,,,,,,,,,,,,,,,,,,,,,,,,,,,,,,,,,,,,,,,,,,,,,,,,,,,,,,,,,,,,,,,,,,,,,,,,,,,,,,,,,,,,,,,,,,,,,,,,,,,,,,,,,,,,,,,,,,,,,,,,,,,,,,
2023-07-25 13:42:00,ACi,Nit-S,1,Yng,winter,noon,Erin_Nitida1_ACi_25_07_23,4,475.0,0,2.97,0.0934,94.1,0,0,0.0,0.0,0.0,0.0,0.0,0.0,0.0,0.0,-1,0.87,0.92,10,0.875,0.003,0.0,0.0,0.0,0.0,0.5,0.0,1.33,1.38,24.16,2,4.64,1,9.29,20.85,24.16,19.99,149.82,148.23,16.182,16.837,64.08,66.67,399.7,1499,105,97.91,1.79,-0.573,0.0248,0.000574,0.0185,0.000682,1.0,-1.36,7.36,1.0,0.0,0.16,111115,,,,,,,,,,,,,,,,,,,,,,,,,,,,,,,,,,,,,,,,,,,,,,,,,,,,,,,,,,,,,,,,,,,,,,,,,,,,,,,,,,,,,,,,,,,,,,,,,,,,,,,,,,,,,,,,,,,,,,,,,,,,,,,,,,,,,,,,,,,,
2023-07-25 13:44:00,ACi,Nit-S,1,Yng,winter,noon,Erin_Nitida1_ACi_25_07_23,5,575.0,0,1.15,0.0928,77.5,0,0,0.0,0.0,0.0,0.0,0.0,0.0,0.0,0.0,-1,0.87,0.92,10,0.875,0.002,0.0,0.0,0.0,0.0,0.5,0.0,1.32,1.38,24.17,2,4.64,1,9.29,20.87,24.17,20.0,100.18,99.54,16.195,16.846,64.05,66.63,399.7,1498,106,97.91,1.03,-0.575,0.05,0.00201,0.0469,0.0021,1.0,-1.36,7.36,1.0,0.0,0.16,111115,,,,,,,,,,,,,,,,,,,,,,,,,,,,,,,,,,,,,,,,,,,,,,,,,,,,,,,,,,,,,,,,,,,,,,,,,,,,,,,,,,,,,,,,,,,,,,,,,,,,,,,,,,,,,,,,,,,,,,,,,,,,,,,,,,,,,,,,,,,,
2023-07-25 13:46:00,ACi,Nit-S,1,Yng,winter,noon,Erin_Nitida1_ACi_25_07_23,6,716.0,0,-0.391,0.0908,60.5,0,0,0.0,0.0,0.0,0.0,0.0,0.0,0.0,0.0,-1,0.87,0.92,10,0.875,0.0,0.0,0.0,0.0,0.0,0.5,0.0,1.32,1.4,24.35,2,4.64,1,9.29,20.93,24.35,20.0,54.7,54.86,16.283,16.931,64.13,66.68,399.7,1499,107,97.9,0.335,-0.577,0.0609,0.00265,0.0556,0.00276,1.0,-1.36,7.36,1.0,0.0,0.16,111135,,,,,,,,,,,,,,,,,,,,,,,,,,,,,,,,,,,,,,,,,,,,,,,,,,,,,,,,,,,,,,,,,,,,,,,,,,,,,,,,,,,,,,,,,,,,,,,,,,,,,,,,,,,,,,,,,,,,,,,,,,,,,,,,,,,,,,,,,,,,
2023-07-25 13:49:00,ACi,Nit-S,1,Yng,winter,noon,Erin_Nitida1_ACi_25_07_23,7,857.0,0,50.7,0.0892,38.3,0,0,0.0,0.0,0.0,0.0,0.0,0.0,0.0,0.0,-1,0.87,0.92,10,0.875,0.039,0.0,0.0,0.0,0.0,0.5,0.0,1.29,1.4,24.38,2,4.64,1,9.29,20.96,24.38,19.99,992.96,966.95,16.383,17.019,64.42,66.93,399.7,1500,109,97.9,15.1,-0.57,0.608,0.00151,0.636,0.00172,0.2,-1.36,7.36,1.0,0.0,0.16,111115,,,,,,,,,,,,,,,,,,,,,,,,,,,,,,,,,,,,,,,,,,,,,,,,,,,,,,,,,,,,,,,,,,,,,,,,,,,,,,,,,,,,,,,,,,,,,,,,,,,,,,,,,,,,,,,,,,,,,,,,,,,,,,,,,,,,,,,,,,,,
2023-07-25 13:51:00,ACi,Nit-S,1,Yng,winter,noon,Erin_Nitida1_ACi_25_07_23,8,998.0,0,19.1,0.0885,379.0,0,0,0.0,0.0,0.0,0.0,0.0,0.0,0.0,0.0,-1,0.87,0.92,10,0.875,0.015,0.0,0.0,0.0,0.0,0.5,0.0,1.28,1.4,24.42,2,4.64,1,9.29,20.98,24.42,19.99,749.97,739.96,16.433,17.065,64.54,67.02,399.7,1499,110,97.89,11.3,-0.57,0.0558,0.00177,0.043,0.00158,1.0,-1.36,7.36,1.0,0.0,0.16,111115,,,,,,,,,,,,,,,,,,,,,,,,,,,,,,,,,,,,,,,,,,,,,,,,,,,,,,,,,,,,,,,,,,,,,,,,,,,,,,,,,,,,,,,,,,,,,,,,,,,,,,,,,,,,,,,,,,,,,,,,,,,,,,,,,,,,,,,,,,,,
2023-07-25 13:53:00,ACi,Nit-S,1,Yng,winter,noon,Erin_Nitida1_ACi_25_07_23,9,1132.0,0,13.3,0.0888,242.0,0,0,0.0,0.0,0.0,0.0,0.0,0.0,0.0,0.0,-1,0.87,0.92,10,0.875,0.011,0.0,0.0,0.0,0.0,0.5,0.0,1.3,1.41,24.47,2,4.64,1,9.29,20.99,24.47,20.0,499.99,493.0,16.411,17.05,64.42,66.92,399.7,1499,111,97.89,7.3,-0.567,0.0409,0.001,0.022,0.000669,1.0,-1.36,7.36,1.0,0.0,0.16,111115,,,,,,,,,,,,,,,,,,,,,,,,,,,,,,,,,,,,,,,,,,,,,,,,,,,,,,,,,,,,,,,,,,,,,,,,,,,,,,,,,,,,,,,,,,,,,,,,,,,,,,,,,,,,,,,,,,,,,,,,,,,,,,,,,,,,,,,,,,,,
2023-07-25 13:56:00,ACi,Nit-S,1,Yng,winter,noon,Erin_Nitida1_ACi_25_07_23,10,1273.0,0,11.0,0.0868,202.0,0,0,0.0,0.0,0.0,0.0,0.0,0.0,0.0,0.0,-1,0.87,0.92,10,0.875,0.009,0.0,0.0,0.0,0.0,0.5,0.0,1.28,1.42,24.48,2,4.64,1,9.29,20.97,24.48,19.99,419.84,414.06,16.374,17.002,64.33,66.8,399.7,1499,113,97.88,6.02,-0.565,0.0239,0.00137,0.029,0.00122,0.8,-1.36,7.36,1.0,0.0,0.16,111115,,,,,,,,,,,,,,,,,,,,,,,,,,,,,,,,,,,,,,,,,,,,,,,,,,,,,,,,,,,,,,,,,,,,,,,,,,,,,,,,,,,,,,,,,,,,,,,,,,,,,,,,,,,,,,,,,,,,,,,,,,,,,,,,,,,,,,,,,,,,
2023-06-26 09:49:00,ACi,Nit-S,1,Yng,winter,morning,Erin_Nitida1_ACi_26_06_23,1,302.5,0,6.44,0.0632,246.0,0,0,0.0,0.0,0.0,0.0,0.0,0.0,0.0,0.0,-1,0.87,0.92,10,0.875,0.006,0.0,0.0,0.0,0.0,0.5,0.0,0.792,1.22,18.76,2,4.64,1,9.29,19.03,18.76,20.04,419.95,416.57,9.365,9.757,41.52,43.26,399.8,1499,126,97.94,6.37,-0.349,0.095,0.00088,0.0837,0.000991,1.0,-1.36,7.36,1.0,0.0,0.16,111115,,,,,,,,,,,,,,,,,,,,,,,,,,,,,,,,,,,,,,,,,,,,,,,,,,,,,,,,,,,,,,,,,,,,,,,,,,,,,,,,,,,,,,,,,,,,,,,,,,,,,,,,,,,,,,,,,,,,,,,,,,,,,,,,,,,,,,,,,,,,
2023-06-26 09:51:00,ACi,Nit-S,1,Yng,winter,morning,Erin_Nitida1_ACi_26_06_23,2,443.5,0,5.59,0.0612,196.0,0,0,0.0,0.0,0.0,0.0,0.0,0.0,0.0,0.0,-1,0.87,0.92,10,0.875,0.005,0.0,0.0,0.0,0.0,0.5,0.0,0.775,1.23,18.82,2,4.64,1,9.29,19.04,18.82,20.03,350.95,348.02,9.35,9.734,41.43,43.13,399.9,1499,121,97.94,5.2,-0.347,0.119,0.00105,0.102,0.000468,0.5,-1.36,7.36,1.0,0.0,0.16,111115,,,,,,,,,,,,,,,,,,,,,,,,,,,,,,,,,,,,,,,,,,,,,,,,,,,,,,,,,,,,,,,,,,,,,,,,,,,,,,,,,,,,,,,,,,,,,,,,,,,,,,,,,,,,,,,,,,,,,,,,,,,,,,,,,,,,,,,,,,,,
2023-06-26 09:53:00,ACi,Nit-S,1,Yng,winter,morning,Erin_Nitida1_ACi_26_06_23,3,584.5,0,2.34,0.0563,178.0,0,0,0.0,0.0,0.0,0.0,0.0,0.0,0.0,0.0,-1,0.87,0.92,10,0.875,0.003,0.0,0.0,0.0,0.0,0.5,0.0,0.717,1.23,18.83,2,4.64,1,9.29,19.03,18.83,20.03,250.53,249.28,9.332,9.687,41.37,42.95,399.9,1499,129,97.94,3.6,-0.345,0.0545,0.00144,0.046,0.00103,0.2,-1.36,7.36,1.0,0.0,0.16,111115,,,,,,,,,,,,,,,,,,,,,,,,,,,,,,,,,,,,,,,,,,,,,,,,,,,,,,,,,,,,,,,,,,,,,,,,,,,,,,,,,,,,,,,,,,,,,,,,,,,,,,,,,,,,,,,,,,,,,,,,,,,,,,,,,,,,,,,,,,,,
2023-06-26 09:56:00,ACi,Nit-S,1,Yng,winter,morning,Erin_Nitida1_ACi_26_06_23,4,725.5,0,0.788,0.052,122.0,0,0,0.0,0.0,0.0,0.0,0.0,0.0,0.0,0.0,-1,0.87,0.92,10,0.875,0.001,0.0,0.0,0.0,0.0,0.5,0.0,0.668,1.25,18.9,2,4.64,1,9.29,19.04,18.9,20.03,149.39,148.94,9.32,9.651,41.29,42.76,399.8,1499,136,97.98,2.05,-0.343,0.0913,0.000714,0.103,0.000616,0.5,-1.36,7.36,1.0,0.0,0.16,111115,,,,,,,,,,,,,,,,,,,,,,,,,,,,,,,,,,,,,,,,,,,,,,,,,,,,,,,,,,,,,,,,,,,,,,,,,,,,,,,,,,,,,,,,,,,,,,,,,,,,,,,,,,,,,,,,,,,,,,,,,,,,,,,,,,,,,,,,,,,,
2023-06-26 09:58:00,ACi,Nit-S,1,Yng,winter,morning,Erin_Nitida1_ACi_26_06_23,5,866.5,0,0.366,0.0477,84.9,0,0,0.0,0.0,0.0,0.0,0.0,0.0,0.0,0.0,-1,0.87,0.92,10,0.875,0.001,0.0,0.0,0.0,0.0,0.5,0.0,0.616,1.25,18.92,2,4.64,1,9.29,19.03,18.92,20.03,99.35,99.14,9.312,9.617,41.3,42.65,399.9,1499,132,97.96,1.31,-0.341,0.0784,0.00124,0.0918,0.000394,0.5,-1.36,7.36,1.0,0.0,0.16,111115,,,,,,,,,,,,,,,,,,,,,,,,,,,,,,,,,,,,,,,,,,,,,,,,,,,,,,,,,,,,,,,,,,,,,,,,,,,,,,,,,,,,,,,,,,,,,,,,,,,,,,,,,,,,,,,,,,,,,,,,,,,,,,,,,,,,,,,,,,,,
2023-06-26 10:00:00,ACi,Nit-S,1,Yng,winter,morning,Erin_Nitida1_ACi_26_06_23,6,1007.5,0,-0.25,0.0441,64.2,0,0,0.0,0.0,0.0,0.0,0.0,0.0,0.0,0.0,-1,0.87,0.92,10,0.875,0.001,0.0,0.0,0.0,0.0,0.5,0.0,0.573,1.26,18.95,2,4.64,1,9.29,19.04,18.95,20.03,56.28,56.39,9.316,9.599,41.29,42.55,399.9,1499,140,97.96,0.626,-0.34,0.0691,0.000701,0.0851,0.00108,0.5,-1.36,7.36,1.0,0.0,0.16,111135,-0.693532,1.0,0.110787,-56.9502,1.0,6.57036,52.8222,1.0,6.73151,-4.27167,1.0,0.314144,1.18756,1.0,0.151339,0.298039,0.330801,-0.0294554,0.00743712,-112.036,-3.09857,16.0941,390.851,394.87,0.0,1.0,445.113,10.8097,10.9278,0.0,1.0,288.244,286.559,98102.7,1.1878,1011.28,0.0242853,0.0769537,0.00802093,1060.75,1533.67,0.00675274,69.1638,472.926,280.992,-1.74387,-6.63612,-0.138505,6.84511,2.57007e-14,-0.00696132,6.84511,22.7689,316.492,255.086,,,0.764118,11.4151,674.129,0.0079065,-1.07815,-0.0620468,0.0,41.5803,-6.30997,14.2732,35.5422,54.2041,76.022,113.895,-0.65802,1.05397,-47.8624,1.12234,50.5531,1.09838,-1.94912,1.06364,1.13654,1.09838,800000099.0,800100099.0,800000099.0,800100099.0,800000099.0,800000099.0,800000199.0,811010199.0,80000.0,80000.0,80.0,81.0,13.0,12.0,0.0,64.0,149.0,29.0,8.44792,12.0863,2.29595,0.024799,0.000500846,14.8305,-0.0398454,-0.00194912,1.13654,13.4842,12.8051,12.8946,65.5964,1.00328,0.393702,0.0253562,0.0582865,-22.536,286.444,286.485,98103.1,69.1638,284.203,284.216,-6.46491,9.61193,10.779,-9.07668,-10.0782,-7.27041,-11.5691,0.0,10.195464999999999,0.004064,172800.0,4.064,1.0,-4.3011254,1.036656002990615,5.308326002990615,2.9826266969207427
2023-06-26 10:03:00,ACi,Nit-S,1,Yng,winter,morning,Erin_Nitida1_ACi_26_06_23,7,1148.5,0,14.4,0.0412,417.0,0,0,0.0,0.0,0.0,0.0,0.0,0.0,0.0,0.0,-1,0.87,0.92,10,0.875,0.012,0.0,0.0,0.0,0.0,0.5,0.0,0.533,1.25,18.94,2,4.64,1,9.29,19.04,18.94,20.03,999.76,992.31,9.35,9.615,41.45,42.62,399.9,1499,139,97.98,15.8,-0.334,0.107,0.000761,0.148,0.00142,0.2,-1.36,7.36,1.0,0.0,0.16,111115,,,,,,,,,,,,,,,,,,,,,,,,,,,,,,,,,,,,,,,,,,,,,,,,,,,,,,,,,,,,,,,,,,,,,,,,,,,,,,,,,,,,,,,,,,,,,,,,,,,,,,,,,,,,,,,,,,,,,,,,,,,,,,,,,,,,,,,,,,,,
2023-06-26 10:05:00,ACi,Nit-S,1,Yng,winter,morning,Erin_Nitida1_ACi_26_06_23,8,1289.5,0,10.2,0.0386,312.0,0,0,0.0,0.0,0.0,0.0,0.0,0.0,0.0,0.0,-1,0.87,0.92,10,0.875,0.009,0.0,0.0,0.0,0.0,0.5,0.0,0.502,1.26,18.99,2,4.64,1,9.29,19.05,18.99,20.03,750.57,745.3,9.4,9.648,41.62,42.72,399.8,1499,149,97.96,11.6,-0.336,0.0667,0.000462,0.0723,0.00062,0.2,-1.36,7.36,1.0,0.0,0.16,111115,,,,,,,,,,,,,,,,,,,,,,,,,,,,,,,,,,,,,,,,,,,,,,,,,,,,,,,,,,,,,,,,,,,,,,,,,,,,,,,,,,,,,,,,,,,,,,,,,,,,,,,,,,,,,,,,,,,,,,,,,,,,,,,,,,,,,,,,,,,,
2023-06-26 10:07:00,ACi,Nit-S,1,Yng,winter,morning,Erin_Nitida1_ACi_26_06_23,9,1405.5,0,5.27,0.0366,258.0,0,0,0.0,0.0,0.0,0.0,0.0,0.0,0.0,0.0,-1,0.87,0.92,10,0.875,0.005,0.0,0.0,0.0,0.0,0.5,0.0,0.477,1.26,19.02,2,4.64,1,9.29,19.06,19.02,20.04,499.86,497.11,9.425,9.662,41.7,42.74,399.9,1499,199,97.95,7.43,-0.337,0.0683,0.000841,0.0906,0.0007,1.0,-1.36,7.36,1.0,0.0,0.16,111115,,,,,,,,,,,,,,,,,,,,,,,,,,,,,,,,,,,,,,,,,,,,,,,,,,,,,,,,,,,,,,,,,,,,,,,,,,,,,,,,,,,,,,,,,,,,,,,,,,,,,,,,,,,,,,,,,,,,,,,,,,,,,,,,,,,,,,,,,,,,
2023-06-26 10:09:00,ACi,Nit-S,1,Yng,winter,morning,Erin_Nitida1_ACi_26_06_23,10,1546.5,0,3.09,0.0342,265.0,0,0,0.0,0.0,0.0,0.0,0.0,0.0,0.0,0.0,-1,0.87,0.92,10,0.875,0.003,0.0,0.0,0.0,0.0,0.5,0.0,0.447,1.27,19.06,2,4.64,1,9.29,19.07,19.06,20.03,418.23,416.6,9.457,9.679,41.83,42.81,399.9,1498,137,97.95,6.07,-0.338,0.0724,0.000433,0.107,0.000701,0.2,-1.36,7.36,1.0,0.0,0.16,111115,,,,,,,,,,,,,,,,,,,,,,,,,,,,,,,,,,,,,,,,,,,,,,,,,,,,,,,,,,,,,,,,,,,,,,,,,,,,,,,,,,,,,,,,,,,,,,,,,,,,,,,,,,,,,,,,,,,,,,,,,,,,,,,,,,,,,,,,,,,,
2023-06-16 11:46:00,ACi,Nit-S,2,Yng,winter,morning,Erin_Nitida2_ACi_16_06_23,1,228.0,0,3.89,0.0138,-41.1,0,0,0.0,0.0,0.0,0.0,0.0,0.0,0.0,0.0,-1,0.87,0.92,10,0.875,0.004,0.0,0.0,0.0,0.0,0.5,0.0,0.357,2.49,22.12,2,4.64,1,9.29,19.89,22.12,20.01,419.77,417.74,1.723,1.901,7.22,7.96,399.9,1501,583,97.63,4.62,0.125,0.0411,0.00138,0.065,0.00194,1.0,-1.36,7.36,1.0,0.0,0.16,111115,,,,,,,,,,,,,,,,,,,,,,,,,,,,,,,,,,,,,,,,,,,,,,,,,,,,,,,,,,,,,,,,,,,,,,,,,,,,,,,,,,,,,,,,,,,,,,,,,,,,,,,,,,,,,,,,,,,,,,,,,,,,,,,,,,,,,,,,,,,,
2023-06-16 11:48:00,ACi,Nit-S,2,Yng,winter,morning,Erin_Nitida2_ACi_16_06_23,2,318.0,0,3.66,0.0141,-72.1,0,0,0.0,0.0,0.0,0.0,0.0,0.0,0.0,0.0,-1,0.87,0.92,10,0.875,0.004,0.0,0.0,0.0,0.0,0.5,0.0,0.366,2.49,22.17,2,4.64,1,9.29,19.96,22.17,20.01,350.33,348.44,1.765,1.948,7.36,8.12,399.8,1501,743,97.62,3.86,0.125,0.0373,0.0027,0.0128,0.00207,1.0,-1.36,7.36,1.0,0.0,0.16,111115,,,,,,,,,,,,,,,,,,,,,,,,,,,,,,,,,,,,,,,,,,,,,,,,,,,,,,,,,,,,,,,,,,,,,,,,,,,,,,,,,,,,,,,,,,,,,,,,,,,,,,,,,,,,,,,,,,,,,,,,,,,,,,,,,,,,,,,,,,,,
2023-06-16 11:50:00,ACi,Nit-S,2,Yng,winter,morning,Erin_Nitida2_ACi_16_06_23,3,417.0,0,2.28,0.0156,8.77,0,0,0.0,0.0,0.0,0.0,0.0,0.0,0.0,0.0,-1,0.87,0.92,10,0.875,0.003,0.0,0.0,0.0,0.0,0.5,0.0,0.405,2.5,22.27,2,4.64,1,9.29,19.99,22.27,20.01,249.94,248.75,1.798,2.0,7.49,8.33,399.8,1500,452,97.63,2.58,0.122,0.029,0.00204,0.0271,0.00221,1.0,-1.36,7.36,1.0,0.0,0.16,111115,,,,,,,,,,,,,,,,,,,,,,,,,,,,,,,,,,,,,,,,,,,,,,,,,,,,,,,,,,,,,,,,,,,,,,,,,,,,,,,,,,,,,,,,,,,,,,,,,,,,,,,,,,,,,,,,,,,,,,,,,,,,,,,,,,,,,,,,,,,,
2023-06-16 11:51:00,ACi,Nit-S,2,Yng,winter,morning,Erin_Nitida2_ACi_16_06_23,4,512.0,0,0.862,0.0167,62.6,0,0,0.0,0.0,0.0,0.0,0.0,0.0,0.0,0.0,-1,0.87,0.92,10,0.875,0.001,0.0,0.0,0.0,0.0,0.5,0.0,0.433,2.49,22.21,2,4.64,1,9.29,19.95,22.21,20.01,149.89,149.42,1.828,2.044,7.63,8.53,399.8,1501,467,97.63,1.21,0.119,0.0257,0.00264,0.0364,0.00221,1.0,-1.36,7.36,1.0,0.0,0.16,111115,,,,,,,,,,,,,,,,,,,,,,,,,,,,,,,,,,,,,,,,,,,,,,,,,,,,,,,,,,,,,,,,,,,,,,,,,,,,,,,,,,,,,,,,,,,,,,,,,,,,,,,,,,,,,,,,,,,,,,,,,,,,,,,,,,,,,,,,,,,,
2023-06-16 11:53:00,ACi,Nit-S,2,Yng,winter,morning,Erin_Nitida2_ACi_16_06_23,5,622.0,0,0.565,0.0185,47.7,0,0,0.0,0.0,0.0,0.0,0.0,0.0,0.0,0.0,-1,0.87,0.92,10,0.875,0.001,0.0,0.0,0.0,0.0,0.5,0.0,0.474,2.47,22.16,2,4.64,1,9.29,19.96,22.16,20.01,100.01,99.7,1.871,2.108,7.81,8.79,399.8,1501,299,97.63,0.605,0.118,0.0366,0.000394,0.0186,0.000294,1.0,-1.36,7.36,1.0,0.0,0.16,111115,,,,,,,,,,,,,,,,,,,,,,,,,,,,,,,,,,,,,,,,,,,,,,,,,,,,,,,,,,,,,,,,,,,,,,,,,,,,,,,,,,,,,,,,,,,,,,,,,,,,,,,,,,,,,,,,,,,,,,,,,,,,,,,,,,,,,,,,,,,,
2023-06-16 11:55:00,ACi,Nit-S,2,Yng,winter,morning,Erin_Nitida2_ACi_16_06_23,6,720.5,0,-0.706,0.0196,106.0,0,0,0.0,0.0,0.0,0.0,0.0,0.0,0.0,0.0,-1,0.87,0.92,10,0.875,0.0,0.0,0.0,0.0,0.0,0.5,0.0,0.497,2.45,22.01,2,4.64,1,9.29,19.88,22.01,20.01,50.64,50.98,1.869,2.118,7.84,8.88,399.8,1502,703,97.64,-0.203,0.115,0.068,0.00134,0.0673,0.00174,1.0,-1.36,7.36,1.0,0.0,0.16,111135,,,,,,,,,,,,,,,,,,,,,,,,,,,,,,,,,,,,,,,,,,,,,,,,,,,,,,,,,,,,,,,,,,,,,,,,,,,,,,,,,,,,,,,,,,,,,,,,,,,,,,,,,,,,,,,,,,,,,,,,,,,,,,,,,,,,,,,,,,,,
2023-06-16 11:57:00,ACi,Nit-S,2,Yng,winter,morning,Erin_Nitida2_ACi_16_06_23,7,861.0,0,18.3,0.0211,-415.0,0,0,0.0,0.0,0.0,0.0,0.0,0.0,0.0,0.0,-1,0.87,0.92,10,0.875,0.015,0.0,0.0,0.0,0.0,0.5,0.0,0.531,2.42,21.89,2,4.64,1,9.29,19.89,21.89,20.01,999.95,990.51,1.903,2.168,7.98,9.09,399.8,1499,608,97.63,12.7,0.117,0.041,0.00149,0.0828,0.00224,0.2,-1.36,7.36,1.0,0.0,0.16,111115,,,,,,,,,,,,,,,,,,,,,,,,,,,,,,,,,,,,,,,,,,,,,,,,,,,,,,,,,,,,,,,,,,,,,,,,,,,,,,,,,,,,,,,,,,,,,,,,,,,,,,,,,,,,,,,,,,,,,,,,,,,,,,,,,,,,,,,,,,,,
2023-06-16 11:59:00,ACi,Nit-S,2,Yng,winter,morning,Erin_Nitida2_ACi_16_06_23,8,997.0,0,13.0,0.0224,-196.0,0,0,0.0,0.0,0.0,0.0,0.0,0.0,0.0,0.0,-1,0.87,0.92,10,0.875,0.011,0.0,0.0,0.0,0.0,0.5,0.0,0.562,2.42,21.88,2,4.64,1,9.29,19.87,21.88,20.01,749.69,743.0,1.924,2.204,8.07,9.24,399.8,1499,319,97.63,8.92,0.114,0.0413,0.000391,0.0384,0.000412,1.0,-1.36,7.36,1.0,0.0,0.16,111115,,,,,,,,,,,,,,,,,,,,,,,,,,,,,,,,,,,,,,,,,,,,,,,,,,,,,,,,,,,,,,,,,,,,,,,,,,,,,,,,,,,,,,,,,,,,,,,,,,,,,,,,,,,,,,,,,,,,,,,,,,,,,,,,,,,,,,,,,,,,
2023-06-16 12:02:00,ACi,Nit-S,2,Yng,winter,noon,Erin_Nitida2_ACi_16_06_23,9,1129.0,0,9.18,0.0227,-159.0,0,0,0.0,0.0,0.0,0.0,0.0,0.0,0.0,0.0,-1,0.87,0.92,10,0.875,0.008,0.0,0.0,0.0,0.0,0.5,0.0,0.565,2.4,21.78,2,4.64,1,9.29,19.88,21.78,20.01,500.01,495.28,1.957,2.239,8.21,9.39,399.8,1499,650,97.65,5.5,0.112,0.0272,0.00227,0.0548,0.00251,1.0,-1.36,7.36,1.0,0.0,0.16,111115,,,,,,,,,,,,,,,,,,,,,,,,,,,,,,,,,,,,,,,,,,,,,,,,,,,,,,,,,,,,,,,,,,,,,,,,,,,,,,,,,,,,,,,,,,,,,,,,,,,,,,,,,,,,,,,,,,,,,,,,,,,,,,,,,,,,,,,,,,,,
2023-06-16 12:03:00,ACi,Nit-S,2,Yng,winter,noon,Erin_Nitida2_ACi_16_06_23,10,1237.0,0,7.96,0.0228,-148.0,0,0,0.0,0.0,0.0,0.0,0.0,0.0,0.0,0.0,-1,0.87,0.92,10,0.875,0.007,0.0,0.0,0.0,0.0,0.5,0.0,0.571,2.41,21.87,2,4.64,1,9.29,19.89,21.87,20.01,419.97,415.87,1.982,2.267,8.3,9.5,399.8,1499,318,97.63,4.32,0.11,0.0593,0.000552,0.0612,0.000253,1.0,-1.36,7.36,1.0,0.0,0.16,111115,,,,,,,,,,,,,,,,,,,,,,,,,,,,,,,,,,,,,,,,,,,,,,,,,,,,,,,,,,,,,,,,,,,,,,,,,,,,,,,,,,,,,,,,,,,,,,,,,,,,,,,,,,,,,,,,,,,,,,,,,,,,,,,,,,,,,,,,,,,,
2023-06-16 11:25:00,ACi,Nit-S,2,Yng,winter,morning,Erin_Nitida2_ACi_16_06_23_(2),1,149.5,0,4.06,0.0127,-101.0,0,0,0.0,0.0,0.0,0.0,0.0,0.0,0.0,0.0,-1,0.87,0.92,10,0.875,0.004,0.0,0.0,0.0,0.0,0.5,0.0,0.325,2.47,21.75,2,4.64,1,9.29,19.77,21.75,20.03,419.98,417.89,1.347,1.509,5.68,6.37,399.9,1500,1072,97.62,5.17,0.127,0.0479,0.00195,0.0443,0.00202,1.0,-1.36,7.36,1.0,0.0,0.16,111115,,,,,,,,,,,,,,,,,,,,,,,,,,,,,,,,,,,,,,,,,,,,,,,,,,,,,,,,,,,,,,,,,,,,,,,,,,,,,,,,,,,,,,,,,,,,,,,,,,,,,,,,,,,,,,,,,,,,,,,,,,,,,,,,,,,,,,,,,,,,
2023-06-16 11:27:00,ACi,Nit-S,2,Yng,winter,morning,Erin_Nitida2_ACi_16_06_23_(2),2,252.5,0,2.68,0.0121,-12.8,0,0,0.0,0.0,0.0,0.0,0.0,0.0,0.0,0.0,-1,0.87,0.92,10,0.875,0.003,0.0,0.0,0.0,0.0,0.5,0.0,0.312,2.49,21.92,2,4.64,1,9.29,19.81,21.92,20.02,349.99,348.6,1.416,1.572,5.96,6.62,399.8,1499,1163,97.62,4.19,0.128,0.0202,0.00235,0.0258,0.00235,1.0,-1.36,7.36,1.0,0.0,0.16,111115,,,,,,,,,,,,,,,,,,,,,,,,,,,,,,,,,,,,,,,,,,,,,,,,,,,,,,,,,,,,,,,,,,,,,,,,,,,,,,,,,,,,,,,,,,,,,,,,,,,,,,,,,,,,,,,,,,,,,,,,,,,,,,,,,,,,,,,,,,,,
2023-06-16 11:28:00,ACi,Nit-S,2,Yng,winter,morning,Erin_Nitida2_ACi_16_06_23_(2),3,341.5,0,1.11,0.0114,87.0,0,0,0.0,0.0,0.0,0.0,0.0,0.0,0.0,0.0,-1,0.87,0.92,10,0.875,0.002,0.0,0.0,0.0,0.0,0.5,0.0,0.299,2.51,22.13,2,4.64,1,9.29,19.9,22.13,20.02,249.89,249.3,1.493,1.643,6.25,6.88,399.8,1501,1161,97.62,2.84,0.127,0.0798,0.00295,0.066,0.00309,1.0,-1.36,7.36,1.0,0.0,0.16,111115,,,,,,,,,,,,,,,,,,,,,,,,,,,,,,,,,,,,,,,,,,,,,,,,,,,,,,,,,,,,,,,,,,,,,,,,,,,,,,,,,,,,,,,,,,,,,,,,,,,,,,,,,,,,,,,,,,,,,,,,,,,,,,,,,,,,,,,,,,,,
2023-06-16 11:30:00,ACi,Nit-S,2,Yng,winter,morning,Erin_Nitida2_ACi_16_06_23_(2),4,425.5,0,-0.268,0.0113,181.0,0,0,0.0,0.0,0.0,0.0,0.0,0.0,0.0,0.0,-1,0.87,0.92,10,0.875,0.001,0.0,0.0,0.0,0.0,0.5,0.0,0.299,2.54,22.31,2,4.64,1,9.29,19.95,22.31,20.02,149.85,149.96,1.563,1.712,6.52,7.14,399.8,1500,473,97.62,1.51,0.126,0.0254,0.00105,0.0114,0.00109,1.0,-1.36,7.36,1.0,0.0,0.16,111115,-0.640207,1.0,0.0581079,86.9234,0.0,6.11439,201.778,0.0,9.53045,-17.0807,0.0,0.985367,4.53584,0.0,0.214239,2.53519,2.4814,-0.0224025,0.0557805,123.143,3.40957,15.9345,387.922,391.694,0.0,1.0,441.193,10.7408,10.8574,0.0,1.0,287.838,286.432,97819.5,1.18493,1011.24,0.0243448,0.293923,0.0079503,1050.94,1521.0,0.0067095,69.095,470.067,280.856,2.21331,4.09301,0.266436,4.66068,-5.39382e-14,0.00772808,4.66069,14.4167,148.814,61.31,,,0.735044,6.17579,-392.336,-0.0135853,0.430787,0.0986906,0.0,60.5705,-9.19181,20.7919,51.7748,78.9598,110.742,165.912,-0.614488,1.04185,88.7397,1.07979,131.971,1.47487,-15.9003,1.43872,2.96663,1.47487,800000099.0,800000099.0,800000099.0,800000099.0,800000099.0,800000099.0,810000199.0,810010199.0,80000.0,80000.0,80.0,80.0,5.0,3.0,1.0,58.0,41.0,10.0,5.28963,6.22278,0.839179,0.0643454,0.00236211,98.6915,0.0740579,-0.0159003,2.96663,13.3981,13.0244,13.6363,464.065,66.2958,0.416409,0.0264712,0.0642361,116.412,285.855,285.798,97833.6,69.095,284.554,284.637,8.01062,10.8518,12.7721,-3.2268,-6.24449,-2.25132,-2.65791,0.0,11.81195,0.247898,27000.0,247.898,1.0,-17.1031025,2.4555186571371825,19.536218657137184,2.873940389595232
2023-06-16 11:31:00,ACi,Nit-S,2,Yng,winter,morning,Erin_Nitida2_ACi_16_06_23_(2),5,505.5,0,-0.452,0.0111,160.0,0,0,0.0,0.0,0.0,0.0,0.0,0.0,0.0,0.0,-1,0.87,0.92,10,0.875,0.0,0.0,0.0,0.0,0.0,0.5,0.0,0.292,2.53,22.3,2,4.64,1,9.29,19.9,22.3,20.02,100.05,100.26,1.597,1.742,6.68,7.29,399.9,1501,889,97.62,0.799,0.124,0.0536,0.00182,0.0256,0.00189,1.0,-1.36,7.36,1.0,0.0,0.16,111115,,,,,,,,,,,,,,,,,,,,,,,,,,,,,,,,,,,,,,,,,,,,,,,,,,,,,,,,,,,,,,,,,,,,,,,,,,,,,,,,,,,,,,,,,,,,,,,,,,,,,,,,,,,,,,,,,,,,,,,,,,,,,,,,,,,,,,,,,,,,
2023-06-16 11:33:00,ACi,Nit-S,2,Yng,winter,morning,Erin_Nitida2_ACi_16_06_23_(2),6,619.0,0,-0.637,0.011,140.0,0,0,0.0,0.0,0.0,0.0,0.0,0.0,0.0,0.0,-1,0.87,0.92,10,0.875,0.0,0.0,0.0,0.0,0.0,0.5,0.0,0.287,2.52,22.25,2,4.64,1,9.29,19.91,22.25,20.02,51.02,51.33,1.668,1.811,6.98,7.58,399.8,1501,1070,97.62,0.107,0.122,0.00711,0.00267,0.00853,0.00241,1.0,-1.36,7.36,1.0,0.0,0.16,111135,,,,,,,,,,,,,,,,,,,,,,,,,,,,,,,,,,,,,,,,,,,,,,,,,,,,,,,,,,,,,,,,,,,,,,,,,,,,,,,,,,,,,,,,,,,,,,,,,,,,,,,,,,,,,,,,,,,,,,,,,,,,,,,,,,,,,,,,,,,,
2023-06-16 11:35:00,ACi,Nit-S,2,Yng,winter,morning,Erin_Nitida2_ACi_16_06_23_(2),7,760.0,0,-0.733,0.0117,147.0,0,0,0.0,0.0,0.0,0.0,0.0,0.0,0.0,0.0,-1,0.87,0.92,10,0.875,0.0,0.0,0.0,0.0,0.0,0.5,0.0,0.31,2.54,22.49,2,4.64,1,9.29,20.04,22.49,20.02,50.99,51.35,1.789,1.944,7.43,8.07,399.8,1499,1233,97.61,0.281,0.123,0.0414,0.0036,0.032,0.00326,0.5,-1.36,7.36,1.0,0.0,0.16,111135,,,,,,,,,,,,,,,,,,,,,,,,,,,,,,,,,,,,,,,,,,,,,,,,,,,,,,,,,,,,,,,,,,,,,,,,,,,,,,,,,,,,,,,,,,,,,,,,,,,,,,,,,,,,,,,,,,,,,,,,,,,,,,,,,,,,,,,,,,,,
2023-06-16 11:37:00,ACi,Nit-S,2,Yng,winter,morning,Erin_Nitida2_ACi_16_06_23_(2),8,843.5,0,-1.5,0.0125,189.0,0,0,0.0,0.0,0.0,0.0,0.0,0.0,0.0,0.0,-1,0.87,0.92,10,0.875,-0.0,0.0,0.0,0.0,0.0,0.5,0.0,0.332,2.55,22.58,2,4.64,1,9.29,20.05,22.58,20.01,-0.27,0.48,1.849,2.015,7.67,8.36,399.8,1499,1061,97.61,-0.582,0.122,0.00831,0.00238,0.0162,0.00247,1.0,-1.36,7.36,1.0,0.0,0.16,111105,,,,,,,,,,,,,,,,,,,,,,,,,,,,,,,,,,,,,,,,,,,,,,,,,,,,,,,,,,,,,,,,,,,,,,,,,,,,,,,,,,,,,,,,,,,,,,,,,,,,,,,,,,,,,,,,,,,,,,,,,,,,,,,,,,,,,,,,,,,,
2023-06-16 11:40:00,ACi,Nit-S,2,Yng,winter,morning,Erin_Nitida2_ACi_16_06_23_(2),9,1039.0,0,6.61,0.0151,-212.0,0,0,0.0,0.0,0.0,0.0,0.0,0.0,0.0,0.0,-1,0.87,0.92,10,0.875,0.006,0.0,0.0,0.0,0.0,0.5,0.0,0.396,2.53,22.54,2,4.64,1,9.29,20.05,22.54,20.01,500.29,496.89,1.949,2.146,8.08,8.9,399.8,1499,537,97.62,6.36,0.121,0.0461,0.00191,0.0605,0.00196,1.0,-1.36,7.36,1.0,0.0,0.16,111115,,,,,,,,,,,,,,,,,,,,,,,,,,,,,,,,,,,,,,,,,,,,,,,,,,,,,,,,,,,,,,,,,,,,,,,,,,,,,,,,,,,,,,,,,,,,,,,,,,,,,,,,,,,,,,,,,,,,,,,,,,,,,,,,,,,,,,,,,,,,
2023-06-16 11:42:00,ACi,Nit-S,2,Yng,winter,morning,Erin_Nitida2_ACi_16_06_23_(2),10,1146.0,0,9.69,0.016,-330.0,0,0,0.0,0.0,0.0,0.0,0.0,0.0,0.0,0.0,-1,0.87,0.92,10,0.875,0.008,0.0,0.0,0.0,0.0,0.5,0.0,0.417,2.51,22.41,2,4.64,1,9.29,20.02,22.41,20.01,650.22,645.24,1.998,2.206,8.3,9.17,399.8,1500,819,97.61,8.35,0.117,0.0247,0.00193,0.041,0.00173,1.0,-1.36,7.36,1.0,0.0,0.16,111115,,,,,,,,,,,,,,,,,,,,,,,,,,,,,,,,,,,,,,,,,,,,,,,,,,,,,,,,,,,,,,,,,,,,,,,,,,,,,,,,,,,,,,,,,,,,,,,,,,,,,,,,,,,,,,,,,,,,,,,,,,,,,,,,,,,,,,,,,,,,
2023-08-16 11:04:00,ACi,Nit-S,2,Yng,winter,morning,Erin_Nitida2_ACi_16_08_23,1,181.5,0,13.1,0.107,208.0,0,0,0.0,0.0,0.0,0.0,0.0,0.0,0.0,0.0,-1,0.87,0.92,10,0.875,0.011,0.0,0.0,0.0,0.0,0.5,0.0,1.85,1.66,24.41,2,4.64,1,9.29,20.94,24.41,20.0,420.74,413.8,13.574,14.486,53.18,56.75,399.7,1500,1713,97.42,7.36,-0.492,0.0588,0.00191,0.0994,0.00144,0.5,-1.36,7.36,1.0,0.0,0.16,111115,,,,,,,,,,,,,,,,,,,,,,,,,,,,,,,,,,,,,,,,,,,,,,,,,,,,,,,,,,,,,,,,,,,,,,,,,,,,,,,,,,,,,,,,,,,,,,,,,,,,,,,,,,,,,,,,,,,,,,,,,,,,,,,,,,,,,,,,,,,,
2023-08-16 11:06:00,ACi,Nit-S,2,Yng,winter,morning,Erin_Nitida2_ACi_16_08_23,2,268.5,0,8.67,0.109,161.0,0,0,0.0,0.0,0.0,0.0,0.0,0.0,0.0,0.0,-1,0.87,0.92,10,0.875,0.007,0.0,0.0,0.0,0.0,0.5,0.0,1.87,1.66,24.42,2,4.64,1,9.29,20.95,24.42,20.0,300.54,295.93,13.611,14.532,53.28,56.89,399.7,1499,1719,97.42,5.2,-0.492,0.0282,0.00115,0.0423,0.0021,1.0,-1.36,7.36,1.0,0.0,0.16,111115,,,,,,,,,,,,,,,,,,,,,,,,,,,,,,,,,,,,,,,,,,,,,,,,,,,,,,,,,,,,,,,,,,,,,,,,,,,,,,,,,,,,,,,,,,,,,,,,,,,,,,,,,,,,,,,,,,,,,,,,,,,,,,,,,,,,,,,,,,,,
2023-08-16 11:07:00,ACi,Nit-S,2,Yng,winter,morning,Erin_Nitida2_ACi_16_08_23,3,358.5,0,6.93,0.112,141.0,0,0,0.0,0.0,0.0,0.0,0.0,0.0,0.0,0.0,-1,0.87,0.92,10,0.875,0.006,0.0,0.0,0.0,0.0,0.5,0.0,1.95,1.67,24.46,2,4.64,1,9.29,20.96,24.46,20.0,249.83,246.12,13.549,14.508,53.0,56.75,399.7,1498,1721,97.42,4.31,-0.486,0.0689,0.00352,0.0677,0.00297,1.0,-1.36,7.36,1.0,0.0,0.16,111115,,,,,,,,,,,,,,,,,,,,,,,,,,,,,,,,,,,,,,,,,,,,,,,,,,,,,,,,,,,,,,,,,,,,,,,,,,,,,,,,,,,,,,,,,,,,,,,,,,,,,,,,,,,,,,,,,,,,,,,,,,,,,,,,,,,,,,,,,,,,
2023-08-16 11:09:00,ACi,Nit-S,2,Yng,winter,morning,Erin_Nitida2_ACi_16_08_23,4,487.5,0,3.5,0.11,93.1,0,0,0.0,0.0,0.0,0.0,0.0,0.0,0.0,0.0,-1,0.87,0.92,10,0.875,0.003,0.0,0.0,0.0,0.0,0.5,0.0,1.9,1.67,24.48,2,4.64,1,9.29,20.96,24.48,20.0,150.0,148.11,13.596,14.531,53.21,56.87,399.7,1498,1720,97.42,2.57,-0.491,0.0438,0.0027,0.0691,0.0027,1.0,-1.36,7.36,1.0,0.0,0.16,111115,,,,,,,,,,,,,,,,,,,,,,,,,,,,,,,,,,,,,,,,,,,,,,,,,,,,,,,,,,,,,,,,,,,,,,,,,,,,,,,,,,,,,,,,,,,,,,,,,,,,,,,,,,,,,,,,,,,,,,,,,,,,,,,,,,,,,,,,,,,,
2023-08-16 11:12:00,ACi,Nit-S,2,Yng,winter,morning,Erin_Nitida2_ACi_16_08_23,5,629.5,0,1.56,0.11,73.5,0,0,0.0,0.0,0.0,0.0,0.0,0.0,0.0,0.0,-1,0.87,0.92,10,0.875,0.002,0.0,0.0,0.0,0.0,0.5,0.0,1.91,1.67,24.55,2,4.64,1,9.29,20.99,24.55,20.0,99.63,98.75,13.72,14.66,53.6,57.27,399.7,1500,1723,97.42,1.7,-0.496,0.0106,0.00338,0.033,0.00314,0.5,-1.36,7.36,1.0,0.0,0.16,111115,,,,,,,,,,,,,,,,,,,,,,,,,,,,,,,,,,,,,,,,,,,,,,,,,,,,,,,,,,,,,,,,,,,,,,,,,,,,,,,,,,,,,,,,,,,,,,,,,,,,,,,,,,,,,,,,,,,,,,,,,,,,,,,,,,,,,,,,,,,,
2023-08-16 11:14:00,ACi,Nit-S,2,Yng,winter,morning,Erin_Nitida2_ACi_16_08_23,6,771.5,0,-0.234,0.11,56.8,0,0,0.0,0.0,0.0,0.0,0.0,0.0,0.0,0.0,-1,0.87,0.92,10,0.875,0.001,0.0,0.0,0.0,0.0,0.5,0.0,1.9,1.67,24.62,2,4.64,1,9.29,20.99,24.62,20.0,54.84,54.91,13.824,14.761,53.98,57.64,399.7,1501,1727,97.43,0.875,-0.5,0.0328,0.00138,0.0355,0.00229,1.0,-1.36,7.36,1.0,0.0,0.16,111135,,,,,,,,,,,,,,,,,,,,,,,,,,,,,,,,,,,,,,,,,,,,,,,,,,,,,,,,,,,,,,,,,,,,,,,,,,,,,,,,,,,,,,,,,,,,,,,,,,,,,,,,,,,,,,,,,,,,,,,,,,,,,,,,,,,,,,,,,,,,
2023-08-16 11:17:00,ACi,Nit-S,2,Yng,winter,morning,Erin_Nitida2_ACi_16_08_23,7,913.5,0,40.6,0.111,367.0,0,0,0.0,0.0,0.0,0.0,0.0,0.0,0.0,0.0,-1,0.87,0.92,10,0.875,0.032,0.0,0.0,0.0,0.0,0.5,0.0,1.89,1.64,24.47,2,4.64,1,9.29,20.97,24.47,20.0,997.22,976.0,13.857,14.79,54.2,57.85,399.8,1501,1734,97.43,17.0,-0.494,0.118,0.0012,0.111,0.000939,0.2,-1.36,7.36,1.0,0.0,0.16,111115,,,,,,,,,,,,,,,,,,,,,,,,,,,,,,,,,,,,,,,,,,,,,,,,,,,,,,,,,,,,,,,,,,,,,,,,,,,,,,,,,,,,,,,,,,,,,,,,,,,,,,,,,,,,,,,,,,,,,,,,,,,,,,,,,,,,,,,,,,,,
2023-08-16 11:19:00,ACi,Nit-S,2,Yng,winter,morning,Erin_Nitida2_ACi_16_08_23,8,1055.5,0,23.1,0.109,381.0,0,0,0.0,0.0,0.0,0.0,0.0,0.0,0.0,0.0,-1,0.87,0.92,10,0.875,0.018,0.0,0.0,0.0,0.0,0.5,0.0,1.84,1.63,24.41,2,4.64,1,9.29,20.95,24.41,20.0,749.94,737.72,13.887,14.796,54.39,57.95,399.7,1501,1734,97.43,12.6,-0.497,0.0341,0.0012,0.0639,0.00114,1.0,-1.36,7.36,1.0,0.0,0.16,111115,,,,,,,,,,,,,,,,,,,,,,,,,,,,,,,,,,,,,,,,,,,,,,,,,,,,,,,,,,,,,,,,,,,,,,,,,,,,,,,,,,,,,,,,,,,,,,,,,,,,,,,,,,,,,,,,,,,,,,,,,,,,,,,,,,,,,,,,,,,,
2023-08-16 11:21:00,ACi,Nit-S,2,Yng,winter,morning,Erin_Nitida2_ACi_16_08_23,9,1179.5,0,16.3,0.11,242.0,0,0,0.0,0.0,0.0,0.0,0.0,0.0,0.0,0.0,-1,0.87,0.92,10,0.875,0.013,0.0,0.0,0.0,0.0,0.5,0.0,1.85,1.62,24.34,2,4.64,1,9.29,20.9,24.34,20.0,499.92,491.31,13.871,14.781,54.48,58.05,399.8,1502,1738,97.44,8.11,-0.494,0.0681,0.00655,0.0457,0.00478,1.0,-1.36,7.36,1.0,0.0,0.16,111115,,,,,,,,,,,,,,,,,,,,,,,,,,,,,,,,,,,,,,,,,,,,,,,,,,,,,,,,,,,,,,,,,,,,,,,,,,,,,,,,,,,,,,,,,,,,,,,,,,,,,,,,,,,,,,,,,,,,,,,,,,,,,,,,,,,,,,,,,,,,
2023-08-16 11:23:00,ACi,Nit-S,2,Yng,winter,morning,Erin_Nitida2_ACi_16_08_23,10,1287.5,0,13.9,0.109,200.0,0,0,0.0,0.0,0.0,0.0,0.0,0.0,0.0,0.0,-1,0.87,0.92,10,0.875,0.011,0.0,0.0,0.0,0.0,0.5,0.0,1.84,1.62,24.28,2,4.64,1,9.29,20.87,24.28,20.0,420.24,412.93,13.704,14.612,53.94,57.52,399.8,1499,1742,97.44,6.66,-0.487,0.0612,0.00331,0.0491,0.00334,1.0,-1.36,7.36,1.0,0.0,0.16,111115,,,,,,,,,,,,,,,,,,,,,,,,,,,,,,,,,,,,,,,,,,,,,,,,,,,,,,,,,,,,,,,,,,,,,,,,,,,,,,,,,,,,,,,,,,,,,,,,,,,,,,,,,,,,,,,,,,,,,,,,,,,,,,,,,,,,,,,,,,,,
2023-07-25 11:06:00,ACi,Nit-S,2,Yng,winter,morning,Erin_Nitida2_ACi_25_07_23,1,176.5,0,15.2,0.132,217.0,0,0,0.0,0.0,0.0,0.0,0.0,0.0,0.0,0.0,-1,0.87,0.92,10,0.875,0.012,0.0,0.0,0.0,0.0,0.5,0.0,2.01,1.48,23.15,2,4.64,1,9.29,20.69,23.15,20.0,420.36,412.33,12.893,13.882,51.63,55.6,399.8,1499,1494,98.08,6.71,-0.449,0.0242,0.00161,0.0562,0.00193,0.5,-1.36,7.36,1.0,0.0,0.16,111115,,,,,,,,,,,,,,,,,,,,,,,,,,,,,,,,,,,,,,,,,,,,,,,,,,,,,,,,,,,,,,,,,,,,,,,,,,,,,,,,,,,,,,,,,,,,,,,,,,,,,,,,,,,,,,,,,,,,,,,,,,,,,,,,,,,,,,,,,,,,
2023-07-25 11:08:00,ACi,Nit-S,2,Yng,winter,morning,Erin_Nitida2_ACi_25_07_23,2,318.5,0,9.81,0.129,165.0,0,0,0.0,0.0,0.0,0.0,0.0,0.0,0.0,0.0,-1,0.87,0.92,10,0.875,0.008,0.0,0.0,0.0,0.0,0.5,0.0,1.97,1.49,23.13,2,4.64,1,9.29,20.69,23.13,20.0,299.33,294.13,12.863,13.835,51.52,55.41,399.8,1498,1507,98.07,4.64,-0.449,0.0517,0.000414,0.0651,0.00151,0.8,-1.36,7.36,1.0,0.0,0.16,111115,,,,,,,,,,,,,,,,,,,,,,,,,,,,,,,,,,,,,,,,,,,,,,,,,,,,,,,,,,,,,,,,,,,,,,,,,,,,,,,,,,,,,,,,,,,,,,,,,,,,,,,,,,,,,,,,,,,,,,,,,,,,,,,,,,,,,,,,,,,,
2023-07-25 11:10:00,ACi,Nit-S,2,Yng,winter,morning,Erin_Nitida2_ACi_25_07_23,3,427.5,0,8.41,0.128,135.0,0,0,0.0,0.0,0.0,0.0,0.0,0.0,0.0,0.0,-1,0.87,0.92,10,0.875,0.007,0.0,0.0,0.0,0.0,0.5,0.0,1.96,1.49,23.16,2,4.64,1,9.29,20.7,23.16,20.0,249.97,245.52,12.89,13.858,51.61,55.48,399.8,1498,1516,98.07,3.8,-0.45,0.0542,0.00172,0.0433,0.0012,1.0,-1.36,7.36,1.0,0.0,0.16,111115,,,,,,,,,,,,,,,,,,,,,,,,,,,,,,,,,,,,,,,,,,,,,,,,,,,,,,,,,,,,,,,,,,,,,,,,,,,,,,,,,,,,,,,,,,,,,,,,,,,,,,,,,,,,,,,,,,,,,,,,,,,,,,,,,,,,,,,,,,,,
2023-07-25 11:12:00,ACi,Nit-S,2,Yng,winter,morning,Erin_Nitida2_ACi_25_07_23,4,541.5,0,4.06,0.127,93.2,0,0,0.0,0.0,0.0,0.0,0.0,0.0,0.0,0.0,-1,0.87,0.92,10,0.875,0.004,0.0,0.0,0.0,0.0,0.5,0.0,1.93,1.49,23.17,2,4.64,1,9.29,20.68,23.17,20.0,150.39,148.22,12.937,13.89,51.83,55.65,399.8,1498,1527,98.07,2.16,-0.454,0.0677,0.00204,0.0827,0.00259,1.0,-1.36,7.36,1.0,0.0,0.16,111115,,,,,,,,,,,,,,,,,,,,,,,,,,,,,,,,,,,,,,,,,,,,,,,,,,,,,,,,,,,,,,,,,,,,,,,,,,,,,,,,,,,,,,,,,,,,,,,,,,,,,,,,,,,,,,,,,,,,,,,,,,,,,,,,,,,,,,,,,,,,
2023-07-25 11:13:00,ACi,Nit-S,2,Yng,winter,morning,Erin_Nitida2_ACi_25_07_23,5,635.5,0,1.73,0.127,74.7,0,0,0.0,0.0,0.0,0.0,0.0,0.0,0.0,0.0,-1,0.87,0.92,10,0.875,0.002,0.0,0.0,0.0,0.0,0.5,0.0,1.93,1.48,23.16,2,4.64,1,9.29,20.68,23.16,20.0,99.82,98.86,12.973,13.928,51.98,55.8,399.8,1498,1543,98.07,1.33,-0.452,0.0544,0.00119,0.0588,0.000716,1.0,-1.36,7.36,1.0,0.0,0.16,111115,,,,,,,,,,,,,,,,,,,,,,,,,,,,,,,,,,,,,,,,,,,,,,,,,,,,,,,,,,,,,,,,,,,,,,,,,,,,,,,,,,,,,,,,,,,,,,,,,,,,,,,,,,,,,,,,,,,,,,,,,,,,,,,,,,,,,,,,,,,,
2023-07-25 11:16:00,ACi,Nit-S,2,Yng,winter,morning,Erin_Nitida2_ACi_25_07_23,6,777.5,0,-0.484,0.126,58.5,0,0,0.0,0.0,0.0,0.0,0.0,0.0,0.0,0.0,-1,0.87,0.92,10,0.875,0.0,0.0,0.0,0.0,0.0,0.5,0.0,1.93,1.49,23.2,2,4.64,1,9.29,20.71,23.2,20.0,53.5,53.69,12.985,13.935,51.94,55.74,399.8,1501,1552,98.06,0.565,-0.454,0.0566,0.0018,0.0686,0.0015,0.5,-1.36,7.36,1.0,0.0,0.16,111135,,,,,,,,,,,,,,,,,,,,,,,,,,,,,,,,,,,,,,,,,,,,,,,,,,,,,,,,,,,,,,,,,,,,,,,,,,,,,,,,,,,,,,,,,,,,,,,,,,,,,,,,,,,,,,,,,,,,,,,,,,,,,,,,,,,,,,,,,,,,
2023-07-25 11:18:00,ACi,Nit-S,2,Yng,winter,morning,Erin_Nitida2_ACi_25_07_23,7,919.5,0,35.0,0.124,504.0,0,0,0.0,0.0,0.0,0.0,0.0,0.0,0.0,0.0,-1,0.87,0.92,10,0.875,0.027,0.0,0.0,0.0,0.0,0.5,0.0,1.89,1.49,23.23,2,4.64,1,9.29,20.74,23.23,20.0,997.78,979.34,13.066,14.0,52.17,55.9,399.8,1500,1564,98.06,16.2,-0.45,0.0955,0.00107,0.128,0.00123,0.2,-1.36,7.36,1.0,0.0,0.16,111115,,,,,,,,,,,,,,,,,,,,,,,,,,,,,,,,,,,,,,,,,,,,,,,,,,,,,,,,,,,,,,,,,,,,,,,,,,,,,,,,,,,,,,,,,,,,,,,,,,,,,,,,,,,,,,,,,,,,,,,,,,,,,,,,,,,,,,,,,,,,
2023-07-25 11:20:00,ACi,Nit-S,2,Yng,winter,morning,Erin_Nitida2_ACi_25_07_23,8,1061.5,0,25.6,0.12,378.0,0,0,0.0,0.0,0.0,0.0,0.0,0.0,0.0,0.0,-1,0.87,0.92,10,0.875,0.02,0.0,0.0,0.0,0.0,0.5,0.0,1.85,1.49,23.3,2,4.64,1,9.29,20.75,23.3,20.0,750.23,736.72,13.167,14.078,52.52,56.15,399.8,1500,1575,98.06,11.9,-0.453,0.0219,0.000478,0.0219,0.000781,0.2,-1.36,7.36,1.0,0.0,0.16,111115,,,,,,,,,,,,,,,,,,,,,,,,,,,,,,,,,,,,,,,,,,,,,,,,,,,,,,,,,,,,,,,,,,,,,,,,,,,,,,,,,,,,,,,,,,,,,,,,,,,,,,,,,,,,,,,,,,,,,,,,,,,,,,,,,,,,,,,,,,,,
2023-07-25 11:23:00,ACi,Nit-S,2,Yng,winter,morning,Erin_Nitida2_ACi_25_07_23,9,1191.5,0,17.6,0.117,238.0,0,0,0.0,0.0,0.0,0.0,0.0,0.0,0.0,0.0,-1,0.87,0.92,10,0.875,0.014,0.0,0.0,0.0,0.0,0.5,0.0,1.79,1.49,23.34,2,4.64,1,9.29,20.75,23.34,20.0,499.95,490.7,13.246,14.13,52.83,56.35,399.8,1500,1585,98.05,7.73,-0.457,0.0276,0.00181,0.0205,0.00147,1.0,-1.36,7.36,1.0,0.0,0.16,111115,,,,,,,,,,,,,,,,,,,,,,,,,,,,,,,,,,,,,,,,,,,,,,,,,,,,,,,,,,,,,,,,,,,,,,,,,,,,,,,,,,,,,,,,,,,,,,,,,,,,,,,,,,,,,,,,,,,,,,,,,,,,,,,,,,,,,,,,,,,,
2023-07-25 11:24:00,ACi,Nit-S,2,Yng,winter,morning,Erin_Nitida2_ACi_25_07_23,10,1297.5,0,14.9,0.114,194.0,0,0,0.0,0.0,0.0,0.0,0.0,0.0,0.0,0.0,-1,0.87,0.92,10,0.875,0.012,0.0,0.0,0.0,0.0,0.5,0.0,1.76,1.5,23.41,2,4.64,1,9.29,20.78,23.41,20.0,420.14,412.35,13.314,14.181,53.03,56.48,399.8,1499,1593,98.05,6.41,-0.459,0.0423,0.00172,0.037,0.00204,1.0,-1.36,7.36,1.0,0.0,0.16,111115,,,,,,,,,,,,,,,,,,,,,,,,,,,,,,,,,,,,,,,,,,,,,,,,,,,,,,,,,,,,,,,,,,,,,,,,,,,,,,,,,,,,,,,,,,,,,,,,,,,,,,,,,,,,,,,,,,,,,,,,,,,,,,,,,,,,,,,,,,,,
2023-06-26 11:56:00,ACi,Nit-S,2,Yng,winter,morning,Erin_Nitida2_ACi_26_06_23,1,178.0,0,12.7,0.0996,200.0,0,0,0.0,0.0,0.0,0.0,0.0,0.0,0.0,0.0,-1,0.87,0.92,10,0.875,0.01,0.0,0.0,0.0,0.0,0.5,0.0,1.35,1.32,21.92,2,4.64,1,9.29,20.02,21.92,20.01,419.51,412.87,12.853,13.522,53.53,56.32,399.8,1501,1385,97.87,6.0,-0.464,0.17,0.00175,0.147,0.00235,0.5,-1.36,7.36,1.0,0.0,0.16,111115,,,,,,,,,,,,,,,,,,,,,,,,,,,,,,,,,,,,,,,,,,,,,,,,,,,,,,,,,,,,,,,,,,,,,,,,,,,,,,,,,,,,,,,,,,,,,,,,,,,,,,,,,,,,,,,,,,,,,,,,,,,,,,,,,,,,,,,,,,,,
2023-06-26 11:59:00,ACi,Nit-S,2,Yng,winter,morning,Erin_Nitida2_ACi_26_06_23,2,319.0,0,10.3,0.0977,169.0,0,0,0.0,0.0,0.0,0.0,0.0,0.0,0.0,0.0,-1,0.87,0.92,10,0.875,0.009,0.0,0.0,0.0,0.0,0.5,0.0,1.32,1.31,21.84,2,4.64,1,9.29,19.98,21.84,20.01,350.42,345.02,12.813,13.465,53.51,56.23,399.8,1501,1388,97.87,4.84,-0.463,0.214,0.000789,0.22,0.000382,0.5,-1.36,7.36,1.0,0.0,0.16,111115,,,,,,,,,,,,,,,,,,,,,,,,,,,,,,,,,,,,,,,,,,,,,,,,,,,,,,,,,,,,,,,,,,,,,,,,,,,,,,,,,,,,,,,,,,,,,,,,,,,,,,,,,,,,,,,,,,,,,,,,,,,,,,,,,,,,,,,,,,,,
2023-06-26 12:01:00,ACi,Nit-S,2,Yng,winter,noon,Erin_Nitida2_ACi_26_06_23,3,450.0,0,6.78,0.0946,126.0,0,0,0.0,0.0,0.0,0.0,0.0,0.0,0.0,0.0,-1,0.87,0.92,10,0.875,0.006,0.0,0.0,0.0,0.0,0.5,0.0,1.27,1.3,21.73,2,4.64,1,9.29,19.93,21.73,20.02,249.7,246.15,12.79,13.415,53.57,56.19,399.8,1502,1389,97.87,3.29,-0.464,0.0699,0.00143,0.0537,0.000859,1.0,-1.36,7.36,1.0,0.0,0.16,111115,,,,,,,,,,,,,,,,,,,,,,,,,,,,,,,,,,,,,,,,,,,,,,,,,,,,,,,,,,,,,,,,,,,,,,,,,,,,,,,,,,,,,,,,,,,,,,,,,,,,,,,,,,,,,,,,,,,,,,,,,,,,,,,,,,,,,,,,,,,,
2023-06-26 12:03:00,ACi,Nit-S,2,Yng,winter,noon,Erin_Nitida2_ACi_26_06_23,4,555.0,0,3.32,0.0894,85.8,0,0,0.0,0.0,0.0,0.0,0.0,0.0,0.0,0.0,-1,0.87,0.92,10,0.875,0.003,0.0,0.0,0.0,0.0,0.5,0.0,1.21,1.31,21.79,2,4.64,1,9.29,19.95,21.79,20.01,150.08,148.32,12.815,13.411,53.59,56.09,399.8,1501,1398,97.85,1.81,-0.463,0.0753,0.00147,0.0993,0.000738,1.0,-1.36,7.36,1.0,0.0,0.16,111115,,,,,,,,,,,,,,,,,,,,,,,,,,,,,,,,,,,,,,,,,,,,,,,,,,,,,,,,,,,,,,,,,,,,,,,,,,,,,,,,,,,,,,,,,,,,,,,,,,,,,,,,,,,,,,,,,,,,,,,,,,,,,,,,,,,,,,,,,,,,
2023-06-26 12:05:00,ACi,Nit-S,2,Yng,winter,noon,Erin_Nitida2_ACi_26_06_23,5,696.0,0,0.421,0.0844,89.6,0,0,0.0,0.0,0.0,0.0,0.0,0.0,0.0,0.0,-1,0.87,0.92,10,0.875,0.001,0.0,0.0,0.0,0.0,0.5,0.0,1.14,1.31,21.77,2,4.64,1,9.29,19.9,21.77,20.02,100.01,99.75,12.766,13.33,53.56,55.92,399.8,1502,1403,97.87,1.06,-0.458,0.0619,0.00294,0.0576,0.002,0.8,-1.36,7.36,1.0,0.0,0.16,111115,,,,,,,,,,,,,,,,,,,,,,,,,,,,,,,,,,,,,,,,,,,,,,,,,,,,,,,,,,,,,,,,,,,,,,,,,,,,,,,,,,,,,,,,,,,,,,,,,,,,,,,,,,,,,,,,,,,,,,,,,,,,,,,,,,,,,,,,,,,,
2023-06-26 12:07:00,ACi,Nit-S,2,Yng,winter,noon,Erin_Nitida2_ACi_26_06_23,6,837.0,0,-0.103,0.0776,58.4,0,0,0.0,0.0,0.0,0.0,0.0,0.0,0.0,0.0,-1,0.87,0.92,10,0.875,0.001,0.0,0.0,0.0,0.0,0.5,0.0,1.06,1.32,21.78,2,4.64,1,9.29,19.94,21.78,20.02,57.55,57.58,12.708,13.232,53.17,55.37,399.8,1502,1415,97.85,0.281,-0.459,0.0536,0.00218,0.0366,0.00268,0.5,-1.36,7.36,1.0,0.0,0.16,111135,,,,,,,,,,,,,,,,,,,,,,,,,,,,,,,,,,,,,,,,,,,,,,,,,,,,,,,,,,,,,,,,,,,,,,,,,,,,,,,,,,,,,,,,,,,,,,,,,,,,,,,,,,,,,,,,,,,,,,,,,,,,,,,,,,,,,,,,,,,,
2023-06-26 12:10:00,ACi,Nit-S,2,Yng,winter,noon,Erin_Nitida2_ACi_26_06_23,7,978.0,0,24.6,0.0701,407.0,0,0,0.0,0.0,0.0,0.0,0.0,0.0,0.0,0.0,-1,0.87,0.92,10,0.875,0.019,0.0,0.0,0.0,0.0,0.5,0.0,0.963,1.33,21.82,2,4.64,1,9.29,19.97,21.82,20.02,999.41,986.64,12.792,13.267,53.44,55.43,399.8,1502,1515,97.84,15.2,-0.452,0.14,0.00123,0.121,0.00175,0.2,-1.36,7.36,1.0,0.0,0.16,111115,,,,,,,,,,,,,,,,,,,,,,,,,,,,,,,,,,,,,,,,,,,,,,,,,,,,,,,,,,,,,,,,,,,,,,,,,,,,,,,,,,,,,,,,,,,,,,,,,,,,,,,,,,,,,,,,,,,,,,,,,,,,,,,,,,,,,,,,,,,,
2023-06-26 12:11:00,ACi,Nit-S,2,Yng,winter,noon,Erin_Nitida2_ACi_26_06_23,8,1088.0,0,17.5,0.0654,299.0,0,0,0.0,0.0,0.0,0.0,0.0,0.0,0.0,0.0,-1,0.87,0.92,10,0.875,0.014,0.0,0.0,0.0,0.0,0.5,0.0,0.903,1.33,21.85,2,4.64,1,9.29,19.96,21.85,20.01,749.06,739.99,12.79,13.236,53.47,55.34,399.8,1501,1422,97.85,11.1,-0.452,0.0765,0.00126,0.0746,0.000893,1.0,-1.36,7.36,1.0,0.0,0.16,111115,,,,,,,,,,,,,,,,,,,,,,,,,,,,,,,,,,,,,,,,,,,,,,,,,,,,,,,,,,,,,,,,,,,,,,,,,,,,,,,,,,,,,,,,,,,,,,,,,,,,,,,,,,,,,,,,,,,,,,,,,,,,,,,,,,,,,,,,,,,,
2023-06-26 12:14:00,ACi,Nit-S,2,Yng,winter,noon,Erin_Nitida2_ACi_26_06_23,9,1229.0,0,10.6,0.0595,199.0,0,0,0.0,0.0,0.0,0.0,0.0,0.0,0.0,0.0,-1,0.87,0.92,10,0.875,0.009,0.0,0.0,0.0,0.0,0.5,0.0,0.831,1.35,21.92,2,4.64,1,9.29,19.98,21.92,20.01,499.86,494.34,12.801,13.211,53.44,55.16,399.8,1501,1445,97.83,7.03,-0.452,0.0917,0.00106,0.127,0.00074,0.2,-1.36,7.36,1.0,0.0,0.16,111115,,,,,,,,,,,,,,,,,,,,,,,,,,,,,,,,,,,,,,,,,,,,,,,,,,,,,,,,,,,,,,,,,,,,,,,,,,,,,,,,,,,,,,,,,,,,,,,,,,,,,,,,,,,,,,,,,,,,,,,,,,,,,,,,,,,,,,,,,,,,
2023-06-26 12:16:00,ACi,Nit-S,2,Yng,winter,noon,Erin_Nitida2_ACi_26_06_23,10,1367.0,0,8.4,0.0544,160.0,0,0,0.0,0.0,0.0,0.0,0.0,0.0,0.0,0.0,-1,0.87,0.92,10,0.875,0.007,0.0,0.0,0.0,0.0,0.5,0.0,0.769,1.36,22.02,2,4.64,1,9.29,20.0,22.02,20.01,419.98,415.62,12.828,13.208,53.5,55.09,399.8,1501,1414,97.85,5.78,-0.452,0.0149,0.000532,0.0235,0.000854,1.0,-1.36,7.36,1.0,0.0,0.16,111115,,,,,,,,,,,,,,,,,,,,,,,,,,,,,,,,,,,,,,,,,,,,,,,,,,,,,,,,,,,,,,,,,,,,,,,,,,,,,,,,,,,,,,,,,,,,,,,,,,,,,,,,,,,,,,,,,,,,,,,,,,,,,,,,,,,,,,,,,,,,
2023-06-16 09:38:00,ACi,Nit-S,3,Yng,winter,morning,Erin_Nitida3_ACi_01_06_23,1,590.0,0,9.49,0.0453,70.4,0,0,0.0,0.0,0.0,0.0,0.0,0.0,0.0,0.0,-1,0.87,0.92,10,0.875,0.008,0.0,0.0,0.0,0.0,0.5,0.0,0.999,2.14,18.94,2,4.64,1,9.29,18.96,18.94,20.05,420.33,415.37,0.112,0.611,0.5,2.71,399.9,1500,157,97.66,5.9,0.111,0.167,0.00051,0.177,0.000508,0.5,-1.36,7.36,1.0,0.0,0.16,111115,,,,,,,,,,,,,,,,,,,,,,,,,,,,,,,,,,,,,,,,,,,,,,,,,,,,,,,,,,,,,,,,,,,,,,,,,,,,,,,,,,,,,,,,,,,,,,,,,,,,,,,,,,,,,,,,,,,,,,,,,,,,,,,,,,,,,,,,,,,,
2023-06-16 09:41:00,ACi,Nit-S,3,Yng,winter,morning,Erin_Nitida3_ACi_01_06_23,2,752.0,0,6.86,0.0472,56.5,0,0,0.0,0.0,0.0,0.0,0.0,0.0,0.0,0.0,-1,0.87,0.92,10,0.875,0.006,0.0,0.0,0.0,0.0,0.5,0.0,1.04,2.13,18.88,2,4.64,1,9.29,18.95,18.88,20.05,299.99,296.41,0.061,0.579,0.27,2.57,399.9,1500,166,97.67,4.0,0.116,0.0221,0.00106,0.0314,0.000562,0.8,-1.36,7.36,1.0,0.0,0.16,111115,,,,,,,,,,,,,,,,,,,,,,,,,,,,,,,,,,,,,,,,,,,,,,,,,,,,,,,,,,,,,,,,,,,,,,,,,,,,,,,,,,,,,,,,,,,,,,,,,,,,,,,,,,,,,,,,,,,,,,,,,,,,,,,,,,,,,,,,,,,,
2023-06-16 09:44:00,ACi,Nit-S,3,Yng,winter,morning,Erin_Nitida3_ACi_01_06_23,3,933.0,0,5.65,0.0484,54.2,0,0,0.0,0.0,0.0,0.0,0.0,0.0,0.0,0.0,-1,0.87,0.92,10,0.875,0.005,0.0,0.0,0.0,0.0,0.5,0.0,1.06,2.13,18.8,2,4.64,1,9.29,18.92,18.8,20.04,250.06,247.1,0.009,0.539,0.04,2.4,399.9,1501,191,97.66,3.2,0.118,0.0385,0.000859,0.0392,0.000595,0.8,-1.36,7.36,1.0,0.0,0.16,111115,,,,,,,,,,,,,,,,,,,,,,,,,,,,,,,,,,,,,,,,,,,,,,,,,,,,,,,,,,,,,,,,,,,,,,,,,,,,,,,,,,,,,,,,,,,,,,,,,,,,,,,,,,,,,,,,,,,,,,,,,,,,,,,,,,,,,,,,,,,,
2023-06-16 09:46:00,ACi,Nit-S,3,Yng,winter,morning,Erin_Nitida3_ACi_01_06_23,4,1039.0,0,4.07,0.0494,60.7,0,0,0.0,0.0,0.0,0.0,0.0,0.0,0.0,0.0,-1,0.87,0.92,10,0.875,0.004,0.0,0.0,0.0,0.0,0.5,0.0,1.08,2.13,18.82,2,4.64,1,9.29,18.94,18.82,20.04,199.93,197.79,-0.009,0.533,-0.04,2.37,399.9,1501,195,97.67,2.48,0.121,0.0386,0.00039,0.0685,0.000679,0.5,-1.36,7.36,1.0,0.0,0.16,111115,,,,,,,,,,,,,,,,,,,,,,,,,,,,,,,,,,,,,,,,,,,,,,,,,,,,,,,,,,,,,,,,,,,,,,,,,,,,,,,,,,,,,,,,,,,,,,,,,,,,,,,,,,,,,,,,,,,,,,,,,,,,,,,,,,,,,,,,,,,,
2023-06-16 09:49:00,ACi,Nit-S,3,Yng,winter,morning,Erin_Nitida3_ACi_01_06_23,5,1253.5,0,3.07,0.0506,47.6,0,0,0.0,0.0,0.0,0.0,0.0,0.0,0.0,0.0,-1,0.87,0.92,10,0.875,0.003,0.0,0.0,0.0,0.0,0.5,0.0,1.11,2.13,18.8,2,4.64,1,9.29,18.94,18.8,20.04,150.11,148.49,-0.043,0.511,-0.19,2.27,399.9,1501,207,97.68,1.74,0.123,0.0389,0.000709,0.0326,0.000363,0.8,-1.36,7.36,1.0,0.0,0.16,111115,,,,,,,,,,,,,,,,,,,,,,,,,,,,,,,,,,,,,,,,,,,,,,,,,,,,,,,,,,,,,,,,,,,,,,,,,,,,,,,,,,,,,,,,,,,,,,,,,,,,,,,,,,,,,,,,,,,,,,,,,,,,,,,,,,,,,,,,,,,,
2023-06-16 09:52:00,ACi,Nit-S,3,Yng,winter,morning,Erin_Nitida3_ACi_01_06_23,6,1396.5,0,1.61,0.0504,45.5,0,0,0.0,0.0,0.0,0.0,0.0,0.0,0.0,0.0,-1,0.87,0.92,10,0.875,0.002,0.0,0.0,0.0,0.0,0.5,0.0,1.11,2.13,18.81,2,4.64,1,9.29,18.93,18.81,20.04,100.21,99.35,-0.059,0.494,-0.26,2.2,399.9,1501,209,97.66,1.06,0.124,0.0405,0.000772,0.0288,0.000492,0.8,-1.36,7.36,1.0,0.0,0.16,111115,,,,,,,,,,,,,,,,,,,,,,,,,,,,,,,,,,,,,,,,,,,,,,,,,,,,,,,,,,,,,,,,,,,,,,,,,,,,,,,,,,,,,,,,,,,,,,,,,,,,,,,,,,,,,,,,,,,,,,,,,,,,,,,,,,,,,,,,,,,,
2023-06-16 10:12:00,ACi,Nit-S,3,Yng,winter,morning,Erin_Nitida3_ACi_16_06_23,1,908.5,0,15.2,0.0573,537.0,0,0,0.0,0.0,0.0,0.0,0.0,0.0,0.0,0.0,-1,0.87,0.92,10,0.875,0.012,0.0,0.0,0.0,0.0,0.5,0.0,1.25,2.12,18.85,2,4.64,1,9.29,19.02,18.85,20.04,1000.1,991.86,0.004,0.63,0.02,2.79,399.9,1501,151,97.67,12.9,0.13,0.347,0.0204,0.344,0.0204,0.8,-1.36,7.36,1.0,0.0,0.16,111115,,,,,,,,,,,,,,,,,,,,,,,,,,,,,,,,,,,,,,,,,,,,,,,,,,,,,,,,,,,,,,,,,,,,,,,,,,,,,,,,,,,,,,,,,,,,,,,,,,,,,,,,,,,,,,,,,,,,,,,,,,,,,,,,,,,,,,,,,,,,
2023-06-16 10:15:00,ACi,Nit-S,3,Yng,winter,morning,Erin_Nitida3_ACi_16_06_23,2,1083.0,0,13.7,0.0562,330.0,0,0,0.0,0.0,0.0,0.0,0.0,0.0,0.0,0.0,-1,0.87,0.92,10,0.875,0.011,0.0,0.0,0.0,0.0,0.5,0.0,1.23,2.12,18.86,2,4.64,1,9.29,19.02,18.86,20.04,750.04,742.71,0.023,0.637,0.1,2.82,399.9,1501,160,97.67,9.1,0.129,0.371,0.000452,0.414,0.000809,0.5,-1.36,7.36,1.0,0.0,0.16,111115,,,,,,,,,,,,,,,,,,,,,,,,,,,,,,,,,,,,,,,,,,,,,,,,,,,,,,,,,,,,,,,,,,,,,,,,,,,,,,,,,,,,,,,,,,,,,,,,,,,,,,,,,,,,,,,,,,,,,,,,,,,,,,,,,,,,,,,,,,,,
2023-06-16 10:15:00,ACi,Nit-S,3,Yng,winter,morning,Erin_Nitida3_ACi_16_06_23,3,1083.5,0,13.8,0.0561,329.0,0,0,0.0,0.0,0.0,0.0,0.0,0.0,0.0,0.0,-1,0.87,0.92,10,0.875,0.011,0.0,0.0,0.0,0.0,0.5,0.0,1.23,2.12,18.86,2,4.64,1,9.29,19.02,18.86,20.04,750.06,742.7,0.024,0.637,0.1,2.82,399.9,1501,160,97.67,9.1,0.129,0.371,0.000452,0.414,0.000809,0.5,-1.36,7.36,1.0,0.0,0.16,111115,,,,,,,,,,,,,,,,,,,,,,,,,,,,,,,,,,,,,,,,,,,,,,,,,,,,,,,,,,,,,,,,,,,,,,,,,,,,,,,,,,,,,,,,,,,,,,,,,,,,,,,,,,,,,,,,,,,,,,,,,,,,,,,,,,,,,,,,,,,,
2023-06-16 10:19:00,ACi,Nit-S,3,Yng,winter,morning,Erin_Nitida3_ACi_16_06_23,4,1351.0,0,10.2,0.0546,182.0,0,0,0.0,0.0,0.0,0.0,0.0,0.0,0.0,0.0,-1,0.87,0.92,10,0.875,0.009,0.0,0.0,0.0,0.0,0.5,0.0,1.19,2.12,18.86,2,4.64,1,9.29,19.0,18.86,20.04,500.13,494.72,0.034,0.631,0.15,2.79,400.0,1501,204,97.67,5.57,0.128,0.0722,0.000393,0.051,0.00053,0.8,-1.36,7.36,1.0,0.0,0.16,111115,,,,,,,,,,,,,,,,,,,,,,,,,,,,,,,,,,,,,,,,,,,,,,,,,,,,,,,,,,,,,,,,,,,,,,,,,,,,,,,,,,,,,,,,,,,,,,,,,,,,,,,,,,,,,,,,,,,,,,,,,,,,,,,,,,,,,,,,,,,,
2023-06-16 10:22:00,ACi,Nit-S,3,Yng,winter,morning,Erin_Nitida3_ACi_16_06_23,5,1520.5,0,8.33,0.0538,157.0,0,0,0.0,0.0,0.0,0.0,0.0,0.0,0.0,0.0,-1,0.87,0.92,10,0.875,0.007,0.0,0.0,0.0,0.0,0.5,0.0,1.18,2.13,18.9,2,4.64,1,9.29,19.03,18.9,20.04,419.97,415.56,0.041,0.631,0.18,2.79,400.0,1501,167,97.67,4.49,0.129,0.0317,0.000814,0.0234,0.000506,0.8,-1.36,7.36,1.0,0.0,0.16,111115,,,,,,,,,,,,,,,,,,,,,,,,,,,,,,,,,,,,,,,,,,,,,,,,,,,,,,,,,,,,,,,,,,,,,,,,,,,,,,,,,,,,,,,,,,,,,,,,,,,,,,,,,,,,,,,,,,,,,,,,,,,,,,,,,,,,,,,,,,,,
2023-06-16 10:26:00,ACi,Nit-S,3,Yng,winter,morning,Erin_Nitida3_ACi_16_06_23,6,1763.5,0,5.56,0.0529,120.0,0,0,0.0,0.0,0.0,0.0,0.0,0.0,0.0,0.0,-1,0.87,0.92,10,0.875,0.005,0.0,0.0,0.0,0.0,0.5,0.0,1.17,2.15,19.02,2,4.64,1,9.29,19.05,19.02,20.03,299.58,296.62,0.053,0.637,0.23,2.81,399.9,1501,141,97.67,2.94,0.129,0.029,0.000526,0.0161,0.000277,0.5,-1.36,7.36,1.0,0.0,0.16,111115,,,,,,,,,,,,,,,,,,,,,,,,,,,,,,,,,,,,,,,,,,,,,,,,,,,,,,,,,,,,,,,,,,,,,,,,,,,,,,,,,,,,,,,,,,,,,,,,,,,,,,,,,,,,,,,,,,,,,,,,,,,,,,,,,,,,,,,,,,,,
2023-06-16 10:30:00,ACi,Nit-S,3,Yng,winter,morning,Erin_Nitida3_ACi_16_06_23,7,2008.0,0,4.79,0.0533,97.1,0,0,0.0,0.0,0.0,0.0,0.0,0.0,0.0,0.0,-1,0.87,0.92,10,0.875,0.004,0.0,0.0,0.0,0.0,0.5,0.0,1.18,2.15,19.08,2,4.64,1,9.29,19.07,19.08,20.03,250.06,247.52,0.086,0.676,0.38,2.98,400.0,1501,183,97.66,2.35,0.131,0.0128,0.000478,0.0142,0.000625,0.5,-1.36,7.36,1.0,0.0,0.16,111115,-0.650256,0.0,0.0587507,-47.2568,0.0,3.24652,107.058,0.0,6.45568,-4.76447,0.0,0.229213,2.4044,0.0,0.144987,1.23541,0.0231377,-0.0144923,0.000519647,558.379,15.0781,16.0163,388.501,392.038,0.0,1.0,432.492,10.4908,10.602,0.0,1.0,286.973,285.481,97849.4,1.18936,1011.07,0.0242566,0.155805,0.00779351,1026.79,1429.14,0.00655272,71.8467,402.351,280.515,2.31343,3.33355,0.324428,4.07045,7.01469e-14,0.0348632,4.0706,12.4908,154.215,54.9793,,,0.739412,3.95166,734.71,0.00725457,-0.441414,-0.0531474,0.0,66.1824,-10.0434,22.7183,56.5717,86.2755,121.003,181.284,-0.62842,1.03475,-39.4834,1.07293,78.3637,1.38566,-2.57182,1.35859,1.75996,1.38566,800000099.0,800000099.0,800000099.0,800000099.0,800000099.0,800000099.0,800010199.0,800010199.0,80000.0,80000.0,80.0,81.0,6.0,0.0,4.0,7.0,63.0,1.0,4.30455,2.91361,0.685125,0.0188123,0.000206681,48.2116,-0.0328335,-0.00257182,1.75996,12.4042,12.4903,11.943,119.67,9.54151,0.434786,0.0224603,0.0569908,30.9177,285.114,285.173,97856.5,71.8467,284.399,284.438,-2.02341,10.9324,12.864,-6.29535,-8.87586,-4.49768,-6.76285,0.0,11.8982,0.247898,23400.0,247.898,1.0,-4.7789623,2.419764712608341,7.184234712608341,1.993746518441706
2023-06-16 10:35:00,ACi,Nit-S,3,Yng,winter,morning,Erin_Nitida3_ACi_16_06_23,8,2299.0,0,3.68,0.0537,82.9,0,0,0.0,0.0,0.0,0.0,0.0,0.0,0.0,0.0,-1,0.87,0.92,10,0.875,0.004,0.0,0.0,0.0,0.0,0.5,0.0,1.19,2.15,19.14,2,4.64,1,9.29,19.09,19.14,20.03,200.01,198.05,0.136,0.731,0.6,3.22,399.9,1501,258,97.65,1.72,0.129,0.039,0.000765,0.0337,0.000567,0.8,-1.36,7.36,1.0,0.0,0.16,111115,,,,,,,,,,,,,,,,,,,,,,,,,,,,,,,,,,,,,,,,,,,,,,,,,,,,,,,,,,,,,,,,,,,,,,,,,,,,,,,,,,,,,,,,,,,,,,,,,,,,,,,,,,,,,,,,,,,,,,,,,,,,,,,,,,,,,,,,,,,,
2023-06-16 10:40:00,ACi,Nit-S,3,Yng,winter,morning,Erin_Nitida3_ACi_16_06_23,9,2586.0,0,2.77,0.0551,63.8,0,0,0.0,0.0,0.0,0.0,0.0,0.0,0.0,0.0,-1,0.87,0.92,10,0.875,0.003,0.0,0.0,0.0,0.0,0.5,0.0,1.22,2.15,19.17,2,4.64,1,9.29,19.11,19.17,20.03,149.98,148.5,0.188,0.798,0.83,3.51,399.9,1501,183,97.66,1.21,0.128,0.0406,0.00112,0.0337,0.00101,0.5,-1.36,7.36,1.0,0.0,0.16,111115,,,,,,,,,,,,,,,,,,,,,,,,,,,,,,,,,,,,,,,,,,,,,,,,,,,,,,,,,,,,,,,,,,,,,,,,,,,,,,,,,,,,,,,,,,,,,,,,,,,,,,,,,,,,,,,,,,,,,,,,,,,,,,,,,,,,,,,,,,,,
2023-06-16 10:42:00,ACi,Nit-S,3,Yng,winter,morning,Erin_Nitida3_ACi_16_06_23,10,2700.0,0,1.01,0.0553,67.3,0,0,0.0,0.0,0.0,0.0,0.0,0.0,0.0,0.0,-1,0.87,0.92,10,0.875,0.002,0.0,0.0,0.0,0.0,0.5,0.0,1.23,2.15,19.19,2,4.64,1,9.29,19.11,19.19,20.03,100.14,99.57,0.211,0.823,0.93,3.62,400.0,1501,217,97.65,0.578,0.127,0.0237,0.00053,0.0389,0.000621,0.8,-1.36,7.36,1.0,0.0,0.16,111115,,,,,,,,,,,,,,,,,,,,,,,,,,,,,,,,,,,,,,,,,,,,,,,,,,,,,,,,,,,,,,,,,,,,,,,,,,,,,,,,,,,,,,,,,,,,,,,,,,,,,,,,,,,,,,,,,,,,,,,,,,,,,,,,,,,,,,,,,,,,
2023-06-16 10:45:00,ACi,Nit-S,3,Yng,winter,morning,Erin_Nitida3_ACi_16_06_23,11,2913.5,0,-0.273,0.0564,56.6,0,0,0.0,0.0,0.0,0.0,0.0,0.0,0.0,0.0,-1,0.87,0.92,10,0.875,0.001,0.0,0.0,0.0,0.0,0.5,0.0,1.25,2.14,19.17,2,4.64,1,9.29,19.12,19.17,20.04,50.62,50.73,0.252,0.875,1.11,3.85,399.9,1501,246,97.66,-0.0762,0.125,0.0128,0.00115,0.0138,0.000833,0.8,-1.36,7.36,1.0,0.0,0.16,111135,,,,,,,,,,,,,,,,,,,,,,,,,,,,,,,,,,,,,,,,,,,,,,,,,,,,,,,,,,,,,,,,,,,,,,,,,,,,,,,,,,,,,,,,,,,,,,,,,,,,,,,,,,,,,,,,,,,,,,,,,,,,,,,,,,,,,,,,,,,,
2023-08-16 10:17:00,ACi,Nit-S,3,Yng,winter,morning,Erin_Nitida3_ACi_16_08_23,1,322.5,0,10.7,0.107,245.0,0,0,0.0,0.0,0.0,0.0,0.0,0.0,0.0,0.0,-1,0.87,0.92,10,0.875,0.009,0.0,0.0,0.0,0.0,0.5,0.0,1.7,1.53,23.09,2,4.64,1,9.29,20.51,23.09,20.03,420.26,414.56,12.606,13.443,50.71,54.08,399.9,1499,123,97.44,8.84,-0.534,0.0499,0.00416,0.0605,0.0044,1.0,-1.36,7.36,1.0,0.0,0.16,111115,,,,,,,,,,,,,,,,,,,,,,,,,,,,,,,,,,,,,,,,,,,,,,,,,,,,,,,,,,,,,,,,,,,,,,,,,,,,,,,,,,,,,,,,,,,,,,,,,,,,,,,,,,,,,,,,,,,,,,,,,,,,,,,,,,,,,,,,,,,,
2023-08-16 10:19:00,ACi,Nit-S,3,Yng,winter,morning,Erin_Nitida3_ACi_16_08_23,2,464.5,0,6.53,0.116,198.0,0,0,0.0,0.0,0.0,0.0,0.0,0.0,0.0,0.0,-1,0.87,0.92,10,0.875,0.006,0.0,0.0,0.0,0.0,0.5,0.0,1.86,1.55,23.35,2,4.64,1,9.29,20.59,23.35,20.03,299.68,296.14,12.684,13.602,50.78,54.46,399.9,1500,129,97.44,6.8,-0.522,0.0244,0.000686,0.0206,0.00221,0.8,-1.36,7.36,1.0,0.0,0.16,111115,,,,,,,,,,,,,,,,,,,,,,,,,,,,,,,,,,,,,,,,,,,,,,,,,,,,,,,,,,,,,,,,,,,,,,,,,,,,,,,,,,,,,,,,,,,,,,,,,,,,,,,,,,,,,,,,,,,,,,,,,,,,,,,,,,,,,,,,,,,,
2023-08-16 10:21:00,ACi,Nit-S,3,Yng,winter,morning,Erin_Nitida3_ACi_16_08_23,3,578.5,0,6.29,0.117,155.0,0,0,0.0,0.0,0.0,0.0,0.0,0.0,0.0,0.0,-1,0.87,0.92,10,0.875,0.006,0.0,0.0,0.0,0.0,0.5,0.0,1.91,1.58,23.51,2,4.64,1,9.29,20.63,23.51,20.03,250.11,246.73,12.707,13.65,50.75,54.52,399.9,1500,138,97.44,5.55,-0.524,0.031,0.00246,0.0398,0.00277,1.0,-1.36,7.36,1.0,0.0,0.16,111115,,,,,,,,,,,,,,,,,,,,,,,,,,,,,,,,,,,,,,,,,,,,,,,,,,,,,,,,,,,,,,,,,,,,,,,,,,,,,,,,,,,,,,,,,,,,,,,,,,,,,,,,,,,,,,,,,,,,,,,,,,,,,,,,,,,,,,,,,,,,
2023-08-16 10:23:00,ACi,Nit-S,3,Yng,winter,morning,Erin_Nitida3_ACi_16_08_23,4,714.5,0,3.03,0.118,104.0,0,0,0.0,0.0,0.0,0.0,0.0,0.0,0.0,0.0,-1,0.87,0.92,10,0.875,0.003,0.0,0.0,0.0,0.0,0.5,0.0,1.96,1.6,23.65,2,4.64,1,9.29,20.66,23.65,20.03,150.05,148.38,12.759,13.725,50.87,54.72,399.8,1500,195,97.45,3.59,-0.52,0.0534,0.000695,0.0459,0.000795,1.0,-1.36,7.36,1.0,0.0,0.16,111115,,,,,,,,,,,,,,,,,,,,,,,,,,,,,,,,,,,,,,,,,,,,,,,,,,,,,,,,,,,,,,,,,,,,,,,,,,,,,,,,,,,,,,,,,,,,,,,,,,,,,,,,,,,,,,,,,,,,,,,,,,,,,,,,,,,,,,,,,,,,
2023-08-16 10:25:00,ACi,Nit-S,3,Yng,winter,morning,Erin_Nitida3_ACi_16_08_23,5,811.5,0,0.978,0.119,83.9,0,0,0.0,0.0,0.0,0.0,0.0,0.0,0.0,0.0,-1,0.87,0.92,10,0.875,0.002,0.0,0.0,0.0,0.0,0.5,0.0,1.98,1.6,23.67,2,4.64,1,9.29,20.67,23.67,20.03,100.15,99.56,12.763,13.738,50.86,54.74,399.8,1500,222,97.45,2.68,-0.517,0.0909,0.000685,0.0694,0.000909,1.0,-1.36,7.36,1.0,0.0,0.16,111115,,,,,,,,,,,,,,,,,,,,,,,,,,,,,,,,,,,,,,,,,,,,,,,,,,,,,,,,,,,,,,,,,,,,,,,,,,,,,,,,,,,,,,,,,,,,,,,,,,,,,,,,,,,,,,,,,,,,,,,,,,,,,,,,,,,,,,,,,,,,
2023-08-16 10:27:00,ACi,Nit-S,3,Yng,winter,morning,Erin_Nitida3_ACi_16_08_23,6,953.5,0,-0.4,0.121,60.6,0,0,0.0,0.0,0.0,0.0,0.0,0.0,0.0,0.0,-1,0.87,0.92,10,0.875,0.0,0.0,0.0,0.0,0.0,0.5,0.0,2.0,1.6,23.69,2,4.64,1,9.29,20.69,23.69,20.02,56.69,56.83,12.768,13.756,50.82,54.75,399.8,1499,210,97.44,1.81,-0.513,0.0739,0.00154,0.0726,0.00158,0.2,-1.36,7.36,1.0,0.0,0.16,111135,,,,,,,,,,,,,,,,,,,,,,,,,,,,,,,,,,,,,,,,,,,,,,,,,,,,,,,,,,,,,,,,,,,,,,,,,,,,,,,,,,,,,,,,,,,,,,,,,,,,,,,,,,,,,,,,,,,,,,,,,,,,,,,,,,,,,,,,,,,,
2023-08-16 10:30:00,ACi,Nit-S,3,Yng,winter,morning,Erin_Nitida3_ACi_16_08_23,7,1095.5,0,25.0,0.122,634.0,0,0,0.0,0.0,0.0,0.0,0.0,0.0,0.0,0.0,-1,0.87,0.92,10,0.875,0.02,0.0,0.0,0.0,0.0,0.5,0.0,2.03,1.6,23.74,2,4.64,1,9.29,20.73,23.74,20.02,999.47,985.97,12.791,13.793,50.76,54.74,399.8,1499,231,97.44,19.3,-0.5,0.106,0.00123,0.125,0.000906,0.2,-1.36,7.36,1.0,0.0,0.16,111115,-0.188213,0.0,0.0247655,70.2127,0.0,6.13345,190.117,0.0,13.7907,-13.4518,0.0,1.25521,4.29436,0.0,0.311504,6.38391,-5.27155,-0.0815841,-0.119074,-36.8118,-0.871177,16.0098,397.239,400.258,0.0,1.0,378.883,9.40096,9.49017,0.0,1.0,292.534,291.443,97655.5,1.1632,1010.61,0.0248123,0.278275,0.00682747,918.301,2095.91,0.00586956,43.814,1177.61,278.893,2.18854,1.52797,0.271754,2.68295,-1.01104e-13,-0.00229933,2.68296,8.30256,175.343,34.7144,,,0.402251,2.03628,-79.4989,-0.0670449,0.369314,0.148484,0.0,56.2981,-8.54345,19.3253,48.1228,73.3902,102.931,154.209,-0.181615,1.03633,76.1288,1.05396,151.259,1.22235,-15.2766,1.20701,3.41665,1.22235,800000099.0,800000099.0,800000099.0,800000099.0,800000099.0,800000099.0,800000199.0,800000199.0,80000.0,80000.0,80.0,81.0,4.0,6.0,0.0,5.0,19.0,6.0,1.44363,2.32556,0.303355,0.081804,0.004566,323.507,0.0647609,-0.0152766,3.41665,17.7811,13.8233,20.8396,495.337,81.8731,0.354399,0.0387306,0.0812544,198.26,290.329,289.814,97645.8,43.814,283.967,284.513,18.1911,5.47461,5.2467,-4.17189,-6.40324,-1.56634,-1.66392,0.0,5.3606549999999995,0.004318,207000.0,4.318,1.0,-13.533384100000001,2.645124626762535,16.096924626762537,2.5011488542368676
2023-08-16 10:32:00,ACi,Nit-S,3,Yng,winter,morning,Erin_Nitida3_ACi_16_08_23,8,1237.5,0,18.3,0.123,483.0,0,0,0.0,0.0,0.0,0.0,0.0,0.0,0.0,0.0,-1,0.87,0.92,10,0.875,0.015,0.0,0.0,0.0,0.0,0.5,0.0,2.04,1.6,23.73,2,4.64,1,9.29,20.74,23.73,20.02,750.38,740.46,12.814,13.821,50.83,54.82,399.8,1499,286,97.45,14.5,-0.499,0.0908,0.00127,0.1,0.000626,0.2,-1.36,7.36,1.0,0.0,0.16,111115,,,,,,,,,,,,,,,,,,,,,,,,,,,,,,,,,,,,,,,,,,,,,,,,,,,,,,,,,,,,,,,,,,,,,,,,,,,,,,,,,,,,,,,,,,,,,,,,,,,,,,,,,,,,,,,,,,,,,,,,,,,,,,,,,,,,,,,,,,,,
2023-08-16 10:34:00,ACi,Nit-S,3,Yng,winter,morning,Erin_Nitida3_ACi_16_08_23,9,1378.5,0,13.4,0.122,306.0,0,0,0.0,0.0,0.0,0.0,0.0,0.0,0.0,0.0,-1,0.87,0.92,10,0.875,0.011,0.0,0.0,0.0,0.0,0.5,0.0,2.03,1.6,23.73,2,4.64,1,9.29,20.73,23.73,20.02,500.29,493.11,12.821,13.821,50.91,54.88,399.8,1499,478,97.45,9.64,-0.498,0.0433,0.000461,0.0376,0.00062,0.5,-1.36,7.36,1.0,0.0,0.16,111115,,,,,,,,,,,,,,,,,,,,,,,,,,,,,,,,,,,,,,,,,,,,,,,,,,,,,,,,,,,,,,,,,,,,,,,,,,,,,,,,,,,,,,,,,,,,,,,,,,,,,,,,,,,,,,,,,,,,,,,,,,,,,,,,,,,,,,,,,,,,
2023-08-16 10:37:00,ACi,Nit-S,3,Yng,winter,morning,Erin_Nitida3_ACi_16_08_23,10,1520.5,0,11.5,0.119,249.0,0,0,0.0,0.0,0.0,0.0,0.0,0.0,0.0,0.0,-1,0.87,0.92,10,0.875,0.009,0.0,0.0,0.0,0.0,0.5,0.0,1.98,1.6,23.76,2,4.64,1,9.29,20.73,23.76,20.02,419.94,413.8,12.873,13.849,51.11,54.98,399.8,1499,541,97.45,8.05,-0.498,0.0401,0.0005,0.0393,0.00145,0.5,-1.36,7.36,1.0,0.0,0.16,111115,,,,,,,,,,,,,,,,,,,,,,,,,,,,,,,,,,,,,,,,,,,,,,,,,,,,,,,,,,,,,,,,,,,,,,,,,,,,,,,,,,,,,,,,,,,,,,,,,,,,,,,,,,,,,,,,,,,,,,,,,,,,,,,,,,,,,,,,,,,,
2023-07-25 10:15:00,ACi,Nit-S,3,Yng,winter,morning,Erin_Nitida3_ACi_25_07_23,1,269.5,0,14.2,0.161,262.0,0,0,0.0,0.0,0.0,0.0,0.0,0.0,0.0,0.0,-1,0.87,0.92,10,0.875,0.012,0.0,0.0,0.0,0.0,0.5,0.0,2.21,1.35,20.78,2,4.64,1,9.29,19.81,20.78,20.03,420.0,412.45,10.283,11.377,43.52,48.15,399.9,1500,1209,98.13,7.36,-0.418,0.0294,0.00109,0.0254,0.000563,1.0,-1.36,7.36,1.0,0.0,0.16,111115,,,,,,,,,,,,,,,,,,,,,,,,,,,,,,,,,,,,,,,,,,,,,,,,,,,,,,,,,,,,,,,,,,,,,,,,,,,,,,,,,,,,,,,,,,,,,,,,,,,,,,,,,,,,,,,,,,,,,,,,,,,,,,,,,,,,,,,,,,,,
2023-07-25 10:17:00,ACi,Nit-S,3,Yng,winter,morning,Erin_Nitida3_ACi_25_07_23,2,371.5,0,10.1,0.162,188.0,0,0,0.0,0.0,0.0,0.0,0.0,0.0,0.0,0.0,-1,0.87,0.92,10,0.875,0.008,0.0,0.0,0.0,0.0,0.5,0.0,2.24,1.36,20.83,2,4.64,1,9.29,19.81,20.83,20.03,299.9,294.5,10.249,11.357,43.38,48.07,399.9,1501,1190,98.13,5.19,-0.415,0.0339,0.00122,0.0362,0.000547,1.0,-1.36,7.36,1.0,0.0,0.16,111115,,,,,,,,,,,,,,,,,,,,,,,,,,,,,,,,,,,,,,,,,,,,,,,,,,,,,,,,,,,,,,,,,,,,,,,,,,,,,,,,,,,,,,,,,,,,,,,,,,,,,,,,,,,,,,,,,,,,,,,,,,,,,,,,,,,,,,,,,,,,
2023-07-25 10:19:00,ACi,Nit-S,3,Yng,winter,morning,Erin_Nitida3_ACi_25_07_23,3,474.5,0,8.04,0.161,160.0,0,0,0.0,0.0,0.0,0.0,0.0,0.0,0.0,0.0,-1,0.87,0.92,10,0.875,0.007,0.0,0.0,0.0,0.0,0.5,0.0,2.24,1.36,20.88,2,4.64,1,9.29,19.82,20.88,20.03,250.05,245.75,10.244,11.352,43.32,48.01,399.9,1500,1167,98.13,4.28,-0.412,0.0111,0.000731,0.0128,0.000566,1.0,-1.36,7.36,1.0,0.0,0.16,111115,,,,,,,,,,,,,,,,,,,,,,,,,,,,,,,,,,,,,,,,,,,,,,,,,,,,,,,,,,,,,,,,,,,,,,,,,,,,,,,,,,,,,,,,,,,,,,,,,,,,,,,,,,,,,,,,,,,,,,,,,,,,,,,,,,,,,,,,,,,,
2023-07-25 10:21:00,ACi,Nit-S,3,Yng,winter,morning,Erin_Nitida3_ACi_25_07_23,4,573.5,0,4.09,0.159,103.0,0,0,0.0,0.0,0.0,0.0,0.0,0.0,0.0,0.0,-1,0.87,0.92,10,0.875,0.004,0.0,0.0,0.0,0.0,0.5,0.0,2.23,1.38,20.98,2,4.64,1,9.29,19.85,20.98,20.03,150.16,147.95,10.26,11.364,43.31,47.97,399.9,1500,1143,98.13,2.56,-0.411,0.0316,0.000814,0.0401,0.000709,1.0,-1.36,7.36,1.0,0.0,0.16,111115,,,,,,,,,,,,,,,,,,,,,,,,,,,,,,,,,,,,,,,,,,,,,,,,,,,,,,,,,,,,,,,,,,,,,,,,,,,,,,,,,,,,,,,,,,,,,,,,,,,,,,,,,,,,,,,,,,,,,,,,,,,,,,,,,,,,,,,,,,,,
2023-07-25 10:22:00,ACi,Nit-S,3,Yng,winter,morning,Erin_Nitida3_ACi_25_07_23,5,676.5,0,2.03,0.156,75.5,0,0,0.0,0.0,0.0,0.0,0.0,0.0,0.0,0.0,-1,0.87,0.92,10,0.875,0.002,0.0,0.0,0.0,0.0,0.5,0.0,2.22,1.4,21.12,2,4.64,1,9.29,19.89,21.12,20.03,99.83,98.71,10.283,11.381,43.28,47.9,399.9,1499,1111,98.13,1.69,-0.408,0.109,0.000681,0.0994,0.000579,1.0,-1.36,7.36,1.0,0.0,0.16,111115,,,,,,,,,,,,,,,,,,,,,,,,,,,,,,,,,,,,,,,,,,,,,,,,,,,,,,,,,,,,,,,,,,,,,,,,,,,,,,,,,,,,,,,,,,,,,,,,,,,,,,,,,,,,,,,,,,,,,,,,,,,,,,,,,,,,,,,,,,,,
2023-07-25 10:25:00,ACi,Nit-S,3,Yng,winter,morning,Erin_Nitida3_ACi_25_07_23,6,818.5,0,-0.0972,0.148,54.2,0,0,0.0,0.0,0.0,0.0,0.0,0.0,0.0,0.0,-1,0.87,0.92,10,0.875,0.001,0.0,0.0,0.0,0.0,0.5,0.0,2.16,1.42,21.28,2,4.64,1,9.29,19.92,21.28,20.02,54.42,54.41,10.308,11.375,43.33,47.81,399.9,1499,1065,98.12,0.918,-0.405,0.132,0.000829,0.119,0.000699,0.5,-1.36,7.36,1.0,0.0,0.16,111135,,,,,,,,,,,,,,,,,,,,,,,,,,,,,,,,,,,,,,,,,,,,,,,,,,,,,,,,,,,,,,,,,,,,,,,,,,,,,,,,,,,,,,,,,,,,,,,,,,,,,,,,,,,,,,,,,,,,,,,,,,,,,,,,,,,,,,,,,,,,
2023-07-25 10:27:00,ACi,Nit-S,3,Yng,winter,morning,Erin_Nitida3_ACi_25_07_23,7,960.5,0,24.9,0.14,678.0,0,0,0.0,0.0,0.0,0.0,0.0,0.0,0.0,0.0,-1,0.87,0.92,10,0.875,0.02,0.0,0.0,0.0,0.0,0.5,0.0,2.07,1.44,21.4,2,4.64,1,9.29,19.98,21.4,20.02,999.48,986.01,10.352,11.374,43.35,47.63,399.9,1501,1012,98.12,16.8,-0.395,0.0577,0.00153,0.0321,0.000947,0.2,-1.36,7.36,1.0,0.0,0.16,111115,,,,,,,,,,,,,,,,,,,,,,,,,,,,,,,,,,,,,,,,,,,,,,,,,,,,,,,,,,,,,,,,,,,,,,,,,,,,,,,,,,,,,,,,,,,,,,,,,,,,,,,,,,,,,,,,,,,,,,,,,,,,,,,,,,,,,,,,,,,,
2023-07-25 10:29:00,ACi,Nit-S,3,Yng,winter,morning,Erin_Nitida3_ACi_25_07_23,8,1099.5,0,19.2,0.131,488.0,0,0,0.0,0.0,0.0,0.0,0.0,0.0,0.0,0.0,-1,0.87,0.92,10,0.875,0.015,0.0,0.0,0.0,0.0,0.5,0.0,1.98,1.47,21.6,2,4.64,1,9.29,20.02,21.6,20.02,750.05,739.73,10.396,11.375,43.4,47.49,399.9,1500,955,98.12,12.5,-0.391,0.0698,0.000687,0.0925,0.000735,1.0,-1.36,7.36,1.0,0.0,0.16,111115,,,,,,,,,,,,,,,,,,,,,,,,,,,,,,,,,,,,,,,,,,,,,,,,,,,,,,,,,,,,,,,,,,,,,,,,,,,,,,,,,,,,,,,,,,,,,,,,,,,,,,,,,,,,,,,,,,,,,,,,,,,,,,,,,,,,,,,,,,,,
2023-07-25 10:31:00,ACi,Nit-S,3,Yng,winter,morning,Erin_Nitida3_ACi_25_07_23,9,1213.5,0,14.6,0.124,292.0,0,0,0.0,0.0,0.0,0.0,0.0,0.0,0.0,0.0,-1,0.87,0.92,10,0.875,0.012,0.0,0.0,0.0,0.0,0.5,0.0,1.9,1.5,21.74,2,4.64,1,9.29,20.05,21.74,20.02,499.93,492.15,10.432,11.373,43.47,47.39,399.9,1500,905,98.12,8.17,-0.387,0.0649,0.000742,0.079,0.000661,1.0,-1.36,7.36,1.0,0.0,0.16,111115,,,,,,,,,,,,,,,,,,,,,,,,,,,,,,,,,,,,,,,,,,,,,,,,,,,,,,,,,,,,,,,,,,,,,,,,,,,,,,,,,,,,,,,,,,,,,,,,,,,,,,,,,,,,,,,,,,,,,,,,,,,,,,,,,,,,,,,,,,,,
2023-07-25 10:34:00,ACi,Nit-S,3,Yng,winter,morning,Erin_Nitida3_ACi_25_07_23,10,1355.5,0,12.6,0.115,230.0,0,0,0.0,0.0,0.0,0.0,0.0,0.0,0.0,0.0,-1,0.87,0.92,10,0.875,0.01,0.0,0.0,0.0,0.0,0.5,0.0,1.8,1.52,21.93,2,4.64,1,9.29,20.1,21.93,20.02,420.31,413.66,10.503,11.395,43.63,47.34,399.9,1499,835,98.11,6.86,-0.385,0.0968,0.00133,0.1,0.000455,0.2,-1.36,7.36,1.0,0.0,0.16,111115,,,,,,,,,,,,,,,,,,,,,,,,,,,,,,,,,,,,,,,,,,,,,,,,,,,,,,,,,,,,,,,,,,,,,,,,,,,,,,,,,,,,,,,,,,,,,,,,,,,,,,,,,,,,,,,,,,,,,,,,,,,,,,,,,,,,,,,,,,,,
2023-06-26 13:07:00,ACi,Nit-S,3,Yng,winter,noon,Erin_Nitida3_ACi_26_06_23,1,178.0,0,13.6,0.165,272.0,0,0,0.0,0.0,0.0,0.0,0.0,0.0,0.0,0.0,-1,0.87,0.92,10,0.875,0.011,0.0,0.0,0.0,0.0,0.5,0.0,2.07,1.22,21.68,2,4.64,1,9.29,20.12,21.68,20.01,419.98,412.77,13.078,14.101,54.06,58.29,399.8,1500,1139,97.72,5.53,-0.491,0.0831,0.00212,0.107,0.00196,0.2,-1.36,7.36,1.0,0.0,0.16,111115,,,,,,,,,,,,,,,,,,,,,,,,,,,,,,,,,,,,,,,,,,,,,,,,,,,,,,,,,,,,,,,,,,,,,,,,,,,,,,,,,,,,,,,,,,,,,,,,,,,,,,,,,,,,,,,,,,,,,,,,,,,,,,,,,,,,,,,,,,,,
2023-06-26 13:10:00,ACi,Nit-S,3,Yng,winter,noon,Erin_Nitida3_ACi_26_06_23,2,320.0,0,12.0,0.166,220.0,0,0,0.0,0.0,0.0,0.0,0.0,0.0,0.0,0.0,-1,0.87,0.92,10,0.875,0.01,0.0,0.0,0.0,0.0,0.5,0.0,2.11,1.24,21.72,2,4.64,1,9.29,20.12,21.72,20.01,349.47,343.11,12.962,14.004,53.59,57.9,399.9,1500,1148,97.78,4.44,-0.488,0.0823,0.00292,0.0602,0.00238,0.2,-1.36,7.36,1.0,0.0,0.16,111115,,,,,,,,,,,,,,,,,,,,,,,,,,,,,,,,,,,,,,,,,,,,,,,,,,,,,,,,,,,,,,,,,,,,,,,,,,,,,,,,,,,,,,,,,,,,,,,,,,,,,,,,,,,,,,,,,,,,,,,,,,,,,,,,,,,,,,,,,,,,
2023-06-26 13:12:00,ACi,Nit-S,3,Yng,winter,noon,Erin_Nitida3_ACi_26_06_23,3,437.0,0,8.12,0.162,160.0,0,0,0.0,0.0,0.0,0.0,0.0,0.0,0.0,0.0,-1,0.87,0.92,10,0.875,0.007,0.0,0.0,0.0,0.0,0.5,0.0,2.09,1.25,21.76,2,4.64,1,9.29,20.11,21.76,20.01,250.23,245.91,12.888,13.919,53.3,57.56,399.8,1500,1164,97.74,2.98,-0.485,0.0461,0.00132,0.0641,0.000823,1.0,-1.36,7.36,1.0,0.0,0.16,111115,,,,,,,,,,,,,,,,,,,,,,,,,,,,,,,,,,,,,,,,,,,,,,,,,,,,,,,,,,,,,,,,,,,,,,,,,,,,,,,,,,,,,,,,,,,,,,,,,,,,,,,,,,,,,,,,,,,,,,,,,,,,,,,,,,,,,,,,,,,,
2023-06-26 13:13:00,ACi,Nit-S,3,Yng,winter,noon,Erin_Nitida3_ACi_26_06_23,4,526.0,0,3.81,0.16,107.0,0,0,0.0,0.0,0.0,0.0,0.0,0.0,0.0,0.0,-1,0.87,0.92,10,0.875,0.004,0.0,0.0,0.0,0.0,0.5,0.0,2.07,1.26,21.81,2,4.64,1,9.29,20.13,21.81,20.01,150.29,148.23,12.884,13.907,53.24,57.47,399.8,1500,1177,97.75,1.58,-0.484,0.134,0.00358,0.108,0.00231,1.0,-1.36,7.36,1.0,0.0,0.16,111115,,,,,,,,,,,,,,,,,,,,,,,,,,,,,,,,,,,,,,,,,,,,,,,,,,,,,,,,,,,,,,,,,,,,,,,,,,,,,,,,,,,,,,,,,,,,,,,,,,,,,,,,,,,,,,,,,,,,,,,,,,,,,,,,,,,,,,,,,,,,
2023-06-26 13:15:00,ACi,Nit-S,3,Yng,winter,noon,Erin_Nitida3_ACi_26_06_23,5,668.0,0,1.85,0.154,78.4,0,0,0.0,0.0,0.0,0.0,0.0,0.0,0.0,0.0,-1,0.87,0.92,10,0.875,0.002,0.0,0.0,0.0,0.0,0.5,0.0,2.0,1.27,21.81,2,4.64,1,9.29,20.09,21.81,20.01,100.86,99.84,12.881,13.867,53.35,57.43,399.8,1500,1155,97.73,0.746,-0.486,0.195,0.00181,0.202,0.00101,0.2,-1.36,7.36,1.0,0.0,0.16,111115,,,,,,,,,,,,,,,,,,,,,,,,,,,,,,,,,,,,,,,,,,,,,,,,,,,,,,,,,,,,,,,,,,,,,,,,,,,,,,,,,,,,,,,,,,,,,,,,,,,,,,,,,,,,,,,,,,,,,,,,,,,,,,,,,,,,,,,,,,,,
2023-06-26 13:18:00,ACi,Nit-S,3,Yng,winter,noon,Erin_Nitida3_ACi_26_06_23,6,810.0,0,-0.313,0.147,59.6,0,0,0.0,0.0,0.0,0.0,0.0,0.0,0.0,0.0,-1,0.87,0.92,10,0.875,0.001,0.0,0.0,0.0,0.0,0.5,0.0,1.91,1.27,21.77,2,4.64,1,9.29,20.05,21.77,20.01,57.32,57.42,12.831,13.775,53.26,57.19,399.8,1500,1145,97.73,0.108,-0.486,0.0482,0.00193,0.0408,0.00146,0.5,-1.36,7.36,1.0,0.0,0.16,111135,,,,,,,,,,,,,,,,,,,,,,,,,,,,,,,,,,,,,,,,,,,,,,,,,,,,,,,,,,,,,,,,,,,,,,,,,,,,,,,,,,,,,,,,,,,,,,,,,,,,,,,,,,,,,,,,,,,,,,,,,,,,,,,,,,,,,,,,,,,,
2023-06-26 13:20:00,ACi,Nit-S,3,Yng,winter,noon,Erin_Nitida3_ACi_26_06_23,7,952.0,0,20.1,0.136,732.0,0,0,0.0,0.0,0.0,0.0,0.0,0.0,0.0,0.0,-1,0.87,0.92,10,0.875,0.016,0.0,0.0,0.0,0.0,0.5,0.0,1.8,1.28,21.8,2,4.64,1,9.29,20.08,21.8,20.01,1000.39,989.45,12.796,13.685,53.03,56.72,399.8,1500,1133,97.72,14.8,-0.473,0.255,0.00327,0.239,0.00323,0.2,-1.36,7.36,1.0,0.0,0.16,111115,,,,,,,,,,,,,,,,,,,,,,,,,,,,,,,,,,,,,,,,,,,,,,,,,,,,,,,,,,,,,,,,,,,,,,,,,,,,,,,,,,,,,,,,,,,,,,,,,,,,,,,,,,,,,,,,,,,,,,,,,,,,,,,,,,,,,,,,,,,,
2023-06-26 13:22:00,ACi,Nit-S,3,Yng,winter,noon,Erin_Nitida3_ACi_26_06_23,8,1093.5,0,18.5,0.121,479.0,0,0,0.0,0.0,0.0,0.0,0.0,0.0,0.0,0.0,-1,0.87,0.92,10,0.875,0.015,0.0,0.0,0.0,0.0,0.5,0.0,1.64,1.32,21.98,2,4.64,1,9.29,20.14,21.98,20.01,751.28,741.41,12.803,13.612,52.87,56.21,399.8,1499,1135,97.73,11.0,-0.467,0.0495,0.00141,0.0677,0.00169,0.5,-1.36,7.36,1.0,0.0,0.16,111115,,,,,,,,,,,,,,,,,,,,,,,,,,,,,,,,,,,,,,,,,,,,,,,,,,,,,,,,,,,,,,,,,,,,,,,,,,,,,,,,,,,,,,,,,,,,,,,,,,,,,,,,,,,,,,,,,,,,,,,,,,,,,,,,,,,,,,,,,,,,
2023-06-26 13:25:00,ACi,Nit-S,3,Yng,winter,noon,Erin_Nitida3_ACi_26_06_23,9,1234.5,0,12.9,0.107,289.0,0,0,0.0,0.0,0.0,0.0,0.0,0.0,0.0,0.0,-1,0.87,0.92,10,0.875,0.011,0.0,0.0,0.0,0.0,0.5,0.0,1.48,1.34,22.11,2,4.64,1,9.29,20.13,22.11,20.01,499.49,492.66,12.886,13.618,53.22,56.24,399.8,1499,1128,97.71,6.89,-0.467,0.0404,0.00139,0.0131,0.000937,0.2,-1.36,7.36,1.0,0.0,0.16,111115,,,,,,,,,,,,,,,,,,,,,,,,,,,,,,,,,,,,,,,,,,,,,,,,,,,,,,,,,,,,,,,,,,,,,,,,,,,,,,,,,,,,,,,,,,,,,,,,,,,,,,,,,,,,,,,,,,,,,,,,,,,,,,,,,,,,,,,,,,,,
2023-06-26 13:26:00,ACi,Nit-S,3,Yng,winter,noon,Erin_Nitida3_ACi_26_06_23,10,1333.5,0,12.0,0.101,215.0,0,0,0.0,0.0,0.0,0.0,0.0,0.0,0.0,0.0,-1,0.87,0.92,10,0.875,0.01,0.0,0.0,0.0,0.0,0.5,0.0,1.4,1.34,22.13,2,4.64,1,9.29,20.13,22.13,20.01,420.58,414.3,12.944,13.634,53.47,56.32,399.8,1500,1134,97.71,5.67,-0.469,0.123,0.000762,0.123,0.000663,1.0,-1.36,7.36,1.0,0.0,0.16,111115,,,,,,,,,,,,,,,,,,,,,,,,,,,,,,,,,,,,,,,,,,,,,,,,,,,,,,,,,,,,,,,,,,,,,,,,,,,,,,,,,,,,,,,,,,,,,,,,,,,,,,,,,,,,,,,,,,,,,,,,,,,,,,,,,,,,,,,,,,,,
2023-06-16 12:52:00,ACi,Nit-S,4,Yng,winter,noon,Erin_Nitida4_ACi_16_06_23,1,152.5,0,12.3,0.0691,118.0,0,0,0.0,0.0,0.0,0.0,0.0,0.0,0.0,0.0,-1,0.87,0.92,10,0.875,0.01,0.0,0.0,0.0,0.0,0.5,0.0,1.52,2.13,20.89,2,4.64,1,9.29,19.84,20.89,20.01,420.11,413.66,2.831,3.589,11.88,15.06,399.8,1499,420,97.51,4.05,0.0618,0.0787,0.00118,0.0882,0.000923,1.0,-1.36,7.36,1.0,0.0,0.16,111115,,,,,,,,,,,,,,,,,,,,,,,,,,,,,,,,,,,,,,,,,,,,,,,,,,,,,,,,,,,,,,,,,,,,,,,,,,,,,,,,,,,,,,,,,,,,,,,,,,,,,,,,,,,,,,,,,,,,,,,,,,,,,,,,,,,,,,,,,,,,
2023-06-16 12:53:00,ACi,Nit-S,4,Yng,winter,noon,Erin_Nitida4_ACi_16_06_23,2,248.5,0,10.1,0.0697,103.0,0,0,0.0,0.0,0.0,0.0,0.0,0.0,0.0,0.0,-1,0.87,0.92,10,0.875,0.008,0.0,0.0,0.0,0.0,0.5,0.0,1.53,2.13,20.86,2,4.64,1,9.29,19.79,20.86,20.01,350.15,344.81,2.782,3.546,11.72,14.93,399.8,1499,340,97.52,3.14,0.0627,0.0147,0.00191,0.0207,0.00213,1.0,-1.36,7.36,1.0,0.0,0.16,111115,,,,,,,,,,,,,,,,,,,,,,,,,,,,,,,,,,,,,,,,,,,,,,,,,,,,,,,,,,,,,,,,,,,,,,,,,,,,,,,,,,,,,,,,,,,,,,,,,,,,,,,,,,,,,,,,,,,,,,,,,,,,,,,,,,,,,,,,,,,,
2023-06-16 12:56:00,ACi,Nit-S,4,Yng,winter,noon,Erin_Nitida4_ACi_16_06_23,3,389.5,0,7.22,0.0658,63.8,0,0,0.0,0.0,0.0,0.0,0.0,0.0,0.0,0.0,-1,0.87,0.92,10,0.875,0.006,0.0,0.0,0.0,0.0,0.5,0.0,1.44,2.12,20.74,2,4.64,1,9.29,19.69,20.74,20.01,249.87,246.08,2.709,3.428,11.47,14.52,399.8,1500,379,97.5,1.83,0.0636,0.591,0.0042,0.661,0.00483,0.2,-1.36,7.36,1.0,0.0,0.16,111115,,,,,,,,,,,,,,,,,,,,,,,,,,,,,,,,,,,,,,,,,,,,,,,,,,,,,,,,,,,,,,,,,,,,,,,,,,,,,,,,,,,,,,,,,,,,,,,,,,,,,,,,,,,,,,,,,,,,,,,,,,,,,,,,,,,,,,,,,,,,
2023-06-16 12:57:00,ACi,Nit-S,4,Yng,winter,noon,Erin_Nitida4_ACi_16_06_23,4,491.0,0,3.14,0.0619,62.9,0,0,0.0,0.0,0.0,0.0,0.0,0.0,0.0,0.0,-1,0.87,0.92,10,0.875,0.003,0.0,0.0,0.0,0.0,0.5,0.0,1.37,2.14,20.78,2,4.64,1,9.29,19.72,20.78,20.02,149.91,148.24,2.672,3.353,11.29,14.17,399.8,1499,1469,97.48,0.895,0.0664,0.0254,0.000237,0.0175,0.000383,1.0,-1.36,7.36,1.0,0.0,0.16,111115,,,,,,,,,,,,,,,,,,,,,,,,,,,,,,,,,,,,,,,,,,,,,,,,,,,,,,,,,,,,,,,,,,,,,,,,,,,,,,,,,,,,,,,,,,,,,,,,,,,,,,,,,,,,,,,,,,,,,,,,,,,,,,,,,,,,,,,,,,,,
2023-06-16 12:59:00,ACi,Nit-S,4,Yng,winter,noon,Erin_Nitida4_ACi_16_06_23,5,579.0,0,1.37,0.0589,59.1,0,0,0.0,0.0,0.0,0.0,0.0,0.0,0.0,0.0,-1,0.87,0.92,10,0.875,0.002,0.0,0.0,0.0,0.0,0.5,0.0,1.33,2.19,21.15,2,4.64,1,9.29,19.85,21.15,20.02,100.09,99.34,2.695,3.36,11.3,14.09,399.8,1500,1258,97.48,0.336,0.0698,0.0184,0.00137,0.0205,0.00114,1.0,-1.36,7.36,1.0,0.0,0.16,111115,,,,,,,,,,,,,,,,,,,,,,,,,,,,,,,,,,,,,,,,,,,,,,,,,,,,,,,,,,,,,,,,,,,,,,,,,,,,,,,,,,,,,,,,,,,,,,,,,,,,,,,,,,,,,,,,,,,,,,,,,,,,,,,,,,,,,,,,,,,,
2023-06-16 13:00:00,ACi,Nit-S,4,Yng,winter,noon,Erin_Nitida4_ACi_16_06_23,6,680.0,0,-0.248,0.0554,55.3,0,0,0.0,0.0,0.0,0.0,0.0,0.0,0.0,0.0,-1,0.87,0.92,10,0.875,0.001,0.0,0.0,0.0,0.0,0.5,0.0,1.29,2.25,21.5,2,4.64,1,9.29,19.94,21.5,20.02,50.0,50.09,2.717,3.359,11.33,14.01,399.8,1498,1426,97.5,-0.366,0.0714,0.0182,0.00125,0.0183,0.0014,1.0,-1.36,7.36,1.0,0.0,0.16,111135,-0.988659,1.0,0.0813001,113.297,0.0,8.20362,218.023,0.0,14.2218,-20.826,0.0,1.43217,4.9049,0.0,0.319952,0.438748,1.65791,0.0948735,0.0372984,459.021,13.1461,15.8551,387.531,391.508,0.0,1.0,454.08,11.0986,11.2232,0.0,1.0,288.741,287.258,97711.5,1.18006,1011.46,0.024442,0.317838,0.00818253,1084.75,1604.89,0.00693398,67.5906,520.133,281.321,4.15442,2.9916,0.549372,5.14731,-2.04335e-13,0.028951,5.14739,20.312,173.447,35.518,,,0.915315,7.30658,-580.819,-0.0091767,0.519655,0.103704,0.0,67.4688,-10.2386,23.1599,57.6713,87.9524,123.354,184.807,-0.946742,1.04427,113.085,1.08665,139.487,1.49787,-19.1336,1.46163,3.13808,1.49787,800000099.0,800000099.0,800000099.0,800100099.0,800000099.0,800010099.0,800000199.0,811010199.0,80000.0,80000.0,80.0,81.0,22.0,22.0,3.0,20.0,19.0,9.0,6.74166,6.88008,0.991418,0.0836604,0.00335761,157.739,0.0947446,-0.0191336,3.13808,14.0582,13.1886,17.2007,440.689,61.2255,0.414108,0.0267405,0.0645328,331.92,287.64,287.147,97790.8,67.5906,285.635,286.031,61.2738,10.6629,12.4682,26.3171,17.2716,15.1838,40.6302,0.0,11.56555,0.247898,32400.0,247.898,1.0,-20.731126500000002,2.5080499419635354,23.334049941963535,3.174352296127552
2023-06-16 13:03:00,ACi,Nit-S,4,Yng,winter,noon,Erin_Nitida4_ACi_16_06_23,7,821.0,0,17.6,0.0512,412.0,0,0,0.0,0.0,0.0,0.0,0.0,0.0,0.0,0.0,-1,0.87,0.92,10,0.875,0.014,0.0,0.0,0.0,0.0,0.5,0.0,1.22,2.31,21.92,2,4.64,1,9.29,20.1,21.92,20.01,1000.72,991.31,2.8,3.41,11.56,14.08,399.8,1498,1713,97.48,12.5,0.0809,0.0628,0.000653,0.0901,0.000687,0.2,-1.36,7.36,1.0,0.0,0.16,111115,,,,,,,,,,,,,,,,,,,,,,,,,,,,,,,,,,,,,,,,,,,,,,,,,,,,,,,,,,,,,,,,,,,,,,,,,,,,,,,,,,,,,,,,,,,,,,,,,,,,,,,,,,,,,,,,,,,,,,,,,,,,,,,,,,,,,,,,,,,,
2023-06-16 13:05:00,ACi,Nit-S,4,Yng,winter,noon,Erin_Nitida4_ACi_16_06_23,8,962.0,0,17.0,0.0466,139.0,0,0,0.0,0.0,0.0,0.0,0.0,0.0,0.0,0.0,-1,0.87,0.92,10,0.875,0.014,0.0,0.0,0.0,0.0,0.5,0.0,1.12,2.33,22.02,2,4.64,1,9.29,20.07,22.02,20.01,750.25,741.35,2.818,3.378,11.66,13.98,399.8,1499,1365,97.51,8.81,0.0794,0.0589,0.000466,0.0414,0.000681,1.0,-1.36,7.36,1.0,0.0,0.16,111115,,,,,,,,,,,,,,,,,,,,,,,,,,,,,,,,,,,,,,,,,,,,,,,,,,,,,,,,,,,,,,,,,,,,,,,,,,,,,,,,,,,,,,,,,,,,,,,,,,,,,,,,,,,,,,,,,,,,,,,,,,,,,,,,,,,,,,,,,,,,
2023-06-16 13:07:00,ACi,Nit-S,4,Yng,winter,noon,Erin_Nitida4_ACi_16_06_23,9,1084.0,0,12.2,0.043,29.1,0,0,0.0,0.0,0.0,0.0,0.0,0.0,0.0,0.0,-1,0.87,0.92,10,0.875,0.01,0.0,0.0,0.0,0.0,0.5,0.0,1.05,2.34,22.09,2,4.64,1,9.29,20.08,22.09,20.01,500.31,493.95,2.839,3.36,11.74,13.89,399.8,1498,1705,97.48,5.43,0.0815,0.0692,0.000475,0.0516,0.000685,1.0,-1.36,7.36,1.0,0.0,0.16,111115,,,,,,,,,,,,,,,,,,,,,,,,,,,,,,,,,,,,,,,,,,,,,,,,,,,,,,,,,,,,,,,,,,,,,,,,,,,,,,,,,,,,,,,,,,,,,,,,,,,,,,,,,,,,,,,,,,,,,,,,,,,,,,,,,,,,,,,,,,,,
2023-06-16 13:09:00,ACi,Nit-S,4,Yng,winter,noon,Erin_Nitida4_ACi_16_06_23,10,1188.0,0,10.0,0.0408,13.0,0,0,0.0,0.0,0.0,0.0,0.0,0.0,0.0,0.0,-1,0.87,0.92,10,0.875,0.008,0.0,0.0,0.0,0.0,0.5,0.0,0.999,2.36,22.17,2,4.64,1,9.29,20.09,22.17,20.01,420.32,415.1,2.835,3.333,11.71,13.77,399.8,1500,733,97.48,4.43,0.0813,0.0749,0.000632,0.0878,0.000749,1.0,-1.36,7.36,1.0,0.0,0.16,111115,,,,,,,,,,,,,,,,,,,,,,,,,,,,,,,,,,,,,,,,,,,,,,,,,,,,,,,,,,,,,,,,,,,,,,,,,,,,,,,,,,,,,,,,,,,,,,,,,,,,,,,,,,,,,,,,,,,,,,,,,,,,,,,,,,,,,,,,,,,,
2023-08-16 11:58:00,ACi,Nit-S,4,Yng,winter,morning,Erin_Nitida4_ACi_16_08_23,1,606.0,0,13.9,0.139,241.0,0,0,0.0,0.0,0.0,0.0,0.0,0.0,0.0,0.0,-1,0.87,0.92,10,0.875,0.011,0.0,0.0,0.0,0.0,0.5,0.0,2.36,1.64,24.48,2,4.64,1,9.29,21.04,24.48,19.99,420.04,412.58,13.624,14.787,53.07,57.6,399.7,1500,1826,97.47,6.27,-0.486,0.0423,0.000919,0.0279,0.000589,1.0,-1.36,7.36,1.0,0.0,0.16,111115,,,,,,,,,,,,,,,,,,,,,,,,,,,,,,,,,,,,,,,,,,,,,,,,,,,,,,,,,,,,,,,,,,,,,,,,,,,,,,,,,,,,,,,,,,,,,,,,,,,,,,,,,,,,,,,,,,,,,,,,,,,,,,,,,,,,,,,,,,,,
2023-08-16 12:00:00,ACi,Nit-S,4,Yng,winter,morning,Erin_Nitida4_ACi_16_08_23,2,721.0,0,9.13,0.133,177.0,0,0,0.0,0.0,0.0,0.0,0.0,0.0,0.0,0.0,-1,0.87,0.92,10,0.875,0.008,0.0,0.0,0.0,0.0,0.5,0.0,2.27,1.65,24.52,2,4.64,1,9.29,21.04,24.52,20.0,299.79,294.89,13.675,14.794,53.27,57.63,399.7,1500,1841,97.46,4.24,-0.487,0.0336,0.0007,0.038,0.000823,1.0,-1.36,7.36,1.0,0.0,0.16,111115,-0.418162,1.0,0.0406581,161.076,0.0,9.60505,286.531,0.0,13.7253,-22.1256,0.0,1.52948,6.4725,0.0,0.310044,-0.956795,-2.07596,0.0473142,-0.0468943,-752.122,-13.6819,16.076,398.99,402.002,0.0,1.0,292.44,7.25804,7.31111,0.0,1.0,292.674,291.493,97646.2,1.16383,1009.43,0.024819,0.419418,0.00526976,708.911,2102.57,0.00452794,33.7164,1393.66,275.214,3.63692,3.03366,0.408241,4.75339,9.02331e-14,-0.0467854,4.75362,12.8985,171.792,39.6569,,,0.599414,3.72671,-114.617,-0.0465025,0.562159,0.228737,0.0,61.8415,-9.38468,21.2282,52.8611,80.6166,113.066,169.393,-0.401192,1.0423,161.386,1.08109,195.978,1.42037,-23.2199,1.38976,4.42699,1.42037,800000099.0,800000099.0,800000099.0,800000099.0,800000099.0,800000099.0,800000199.0,800000199.0,80000.0,80000.0,80.0,80.0,4.0,4.0,2.0,0.0,6.0,2.0,3.40517,3.51863,0.529603,0.206799,0.00661213,270.464,0.137372,-0.0232199,4.42699,18.3426,12.8347,22.9233,646.202,103.938,0.361062,0.0341726,0.072792,336.133,292.322,291.738,97626.7,33.7164,285.653,286.455,61.7987,5.34649,5.11247,17.739,13.8603,19.7008,41.3939,0.0,5.229480000000001,0.004318,212400.0,4.318,1.0,-22.0782858,2.5894300153465863,24.715030015346585,2.5479147762355536
2023-08-16 12:01:00,ACi,Nit-S,4,Yng,winter,noon,Erin_Nitida4_ACi_16_08_23,3,818.0,0,6.96,0.128,152.0,0,0,0.0,0.0,0.0,0.0,0.0,0.0,0.0,0.0,-1,0.87,0.92,10,0.875,0.006,0.0,0.0,0.0,0.0,0.5,0.0,2.19,1.66,24.58,2,4.64,1,9.29,21.03,24.58,19.99,249.64,245.88,13.721,14.801,53.47,57.68,399.7,1501,1848,97.46,3.38,-0.487,0.0368,0.000636,0.0774,0.000547,1.0,-1.36,7.36,1.0,0.0,0.16,111115,,,,,,,,,,,,,,,,,,,,,,,,,,,,,,,,,,,,,,,,,,,,,,,,,,,,,,,,,,,,,,,,,,,,,,,,,,,,,,,,,,,,,,,,,,,,,,,,,,,,,,,,,,,,,,,,,,,,,,,,,,,,,,,,,,,,,,,,,,,,
2023-08-16 12:03:00,ACi,Nit-S,4,Yng,winter,noon,Erin_Nitida4_ACi_16_08_23,4,921.0,0,3.14,0.123,103.0,0,0,0.0,0.0,0.0,0.0,0.0,0.0,0.0,0.0,-1,0.87,0.92,10,0.875,0.003,0.0,0.0,0.0,0.0,0.5,0.0,2.1,1.65,24.53,2,4.64,1,9.29,20.99,24.53,19.99,150.02,148.29,13.75,14.784,53.71,57.75,399.8,1502,1854,97.46,1.81,-0.488,0.05,0.000753,0.0438,0.00104,1.0,-1.36,7.36,1.0,0.0,0.16,111115,,,,,,,,,,,,,,,,,,,,,,,,,,,,,,,,,,,,,,,,,,,,,,,,,,,,,,,,,,,,,,,,,,,,,,,,,,,,,,,,,,,,,,,,,,,,,,,,,,,,,,,,,,,,,,,,,,,,,,,,,,,,,,,,,,,,,,,,,,,,
2023-08-16 12:05:00,ACi,Nit-S,4,Yng,winter,noon,Erin_Nitida4_ACi_16_08_23,5,1063.0,0,1.36,0.118,78.0,0,0,0.0,0.0,0.0,0.0,0.0,0.0,0.0,0.0,-1,0.87,0.92,10,0.875,0.002,0.0,0.0,0.0,0.0,0.5,0.0,2.03,1.66,24.59,2,4.64,1,9.29,21.01,24.59,20.0,99.91,99.13,13.782,14.783,53.8,57.71,399.7,1501,1856,97.47,1.01,-0.484,0.0413,0.000411,0.0258,0.000687,0.5,-1.36,7.36,1.0,0.0,0.16,111115,,,,,,,,,,,,,,,,,,,,,,,,,,,,,,,,,,,,,,,,,,,,,,,,,,,,,,,,,,,,,,,,,,,,,,,,,,,,,,,,,,,,,,,,,,,,,,,,,,,,,,,,,,,,,,,,,,,,,,,,,,,,,,,,,,,,,,,,,,,,
2023-08-16 12:08:00,ACi,Nit-S,4,Yng,winter,noon,Erin_Nitida4_ACi_16_08_23,6,1205.0,0,-0.488,0.115,60.6,0,0,0.0,0.0,0.0,0.0,0.0,0.0,0.0,0.0,-1,0.87,0.92,10,0.875,0.0,0.0,0.0,0.0,0.0,0.5,0.0,1.98,1.66,24.61,2,4.64,1,9.29,21.01,24.61,20.0,55.19,55.38,13.821,14.799,53.94,57.76,399.8,1501,1859,97.46,0.255,-0.487,0.032,0.00117,0.0241,0.000813,0.5,-1.36,7.36,1.0,0.0,0.16,111135,,,,,,,,,,,,,,,,,,,,,,,,,,,,,,,,,,,,,,,,,,,,,,,,,,,,,,,,,,,,,,,,,,,,,,,,,,,,,,,,,,,,,,,,,,,,,,,,,,,,,,,,,,,,,,,,,,,,,,,,,,,,,,,,,,,,,,,,,,,,
2023-08-16 12:10:00,ACi,Nit-S,4,Yng,winter,noon,Erin_Nitida4_ACi_16_08_23,7,1347.0,0,43.1,0.114,343.0,0,0,0.0,0.0,0.0,0.0,0.0,0.0,0.0,0.0,-1,0.87,0.92,10,0.875,0.034,0.0,0.0,0.0,0.0,0.5,0.0,1.98,1.68,24.69,2,4.64,1,9.29,21.05,24.69,19.99,995.3,972.79,13.863,14.839,53.99,57.78,399.7,1501,1870,97.47,15.4,-0.484,0.485,0.000543,0.562,0.00103,0.2,-1.36,7.36,1.0,0.0,0.16,111115,,,,,,,,,,,,,,,,,,,,,,,,,,,,,,,,,,,,,,,,,,,,,,,,,,,,,,,,,,,,,,,,,,,,,,,,,,,,,,,,,,,,,,,,,,,,,,,,,,,,,,,,,,,,,,,,,,,,,,,,,,,,,,,,,,,,,,,,,,,,
2023-08-16 12:12:00,ACi,Nit-S,4,Yng,winter,noon,Erin_Nitida4_ACi_16_08_23,8,1489.0,0,19.2,0.112,444.0,0,0,0.0,0.0,0.0,0.0,0.0,0.0,0.0,0.0,-1,0.87,0.92,10,0.875,0.015,0.0,0.0,0.0,0.0,0.5,0.0,1.94,1.67,24.66,2,4.64,1,9.29,21.02,24.66,19.99,749.74,739.4,13.876,14.831,54.12,57.84,399.7,1501,1871,97.46,11.4,-0.482,0.0211,0.00164,0.044,0.000649,1.0,-1.36,7.36,1.0,0.0,0.16,111115,,,,,,,,,,,,,,,,,,,,,,,,,,,,,,,,,,,,,,,,,,,,,,,,,,,,,,,,,,,,,,,,,,,,,,,,,,,,,,,,,,,,,,,,,,,,,,,,,,,,,,,,,,,,,,,,,,,,,,,,,,,,,,,,,,,,,,,,,,,,
2023-08-16 12:15:00,ACi,Nit-S,4,Yng,winter,noon,Erin_Nitida4_ACi_16_08_23,9,1631.0,0,13.9,0.106,270.0,0,0,0.0,0.0,0.0,0.0,0.0,0.0,0.0,0.0,-1,0.87,0.92,10,0.875,0.011,0.0,0.0,0.0,0.0,0.5,0.0,1.83,1.67,24.62,2,4.64,1,9.29,20.98,24.62,19.99,500.09,492.7,13.888,14.79,54.28,57.81,399.7,1501,1874,97.45,7.23,-0.483,0.0699,0.000569,0.0664,0.000605,1.0,-1.36,7.36,1.0,0.0,0.16,111115,,,,,,,,,,,,,,,,,,,,,,,,,,,,,,,,,,,,,,,,,,,,,,,,,,,,,,,,,,,,,,,,,,,,,,,,,,,,,,,,,,,,,,,,,,,,,,,,,,,,,,,,,,,,,,,,,,,,,,,,,,,,,,,,,,,,,,,,,,,,
2023-08-16 12:17:00,ACi,Nit-S,4,Yng,winter,noon,Erin_Nitida4_ACi_16_08_23,10,1736.0,0,10.9,0.102,232.0,0,0,0.0,0.0,0.0,0.0,0.0,0.0,0.0,0.0,-1,0.87,0.92,10,0.875,0.009,0.0,0.0,0.0,0.0,0.5,0.0,1.76,1.67,24.62,2,4.64,1,9.29,20.97,24.62,19.99,419.72,413.91,13.906,14.774,54.39,57.79,399.8,1502,1898,97.46,5.92,-0.483,0.0352,0.000729,0.0194,0.00123,1.0,-1.36,7.36,1.0,0.0,0.16,111115,,,,,,,,,,,,,,,,,,,,,,,,,,,,,,,,,,,,,,,,,,,,,,,,,,,,,,,,,,,,,,,,,,,,,,,,,,,,,,,,,,,,,,,,,,,,,,,,,,,,,,,,,,,,,,,,,,,,,,,,,,,,,,,,,,,,,,,,,,,,
2023-07-25 12:25:00,ACi,Nit-S,4,Yng,winter,noon,Erin_Nitida4_ACi_25_07_23,1,171.5,0,11.7,0.111,236.0,0,0,0.0,0.0,0.0,0.0,0.0,0.0,0.0,0.0,-1,0.87,0.92,10,0.875,0.01,0.0,0.0,0.0,0.0,0.5,0.0,1.55,1.35,23.88,2,4.64,1,9.29,20.8,23.88,20.0,420.11,413.93,15.776,16.54,62.67,65.71,399.8,1501,400,97.95,6.15,-0.543,0.032,0.00908,0.0427,0.00775,0.2,-1.36,7.36,1.0,0.0,0.16,111115,,,,,,,,,,,,,,,,,,,,,,,,,,,,,,,,,,,,,,,,,,,,,,,,,,,,,,,,,,,,,,,,,,,,,,,,,,,,,,,,,,,,,,,,,,,,,,,,,,,,,,,,,,,,,,,,,,,,,,,,,,,,,,,,,,,,,,,,,,,,
2023-07-25 12:27:00,ACi,Nit-S,4,Yng,winter,noon,Erin_Nitida4_ACi_25_07_23,2,268.5,0,7.48,0.115,185.0,0,0,0.0,0.0,0.0,0.0,0.0,0.0,0.0,0.0,-1,0.87,0.92,10,0.875,0.006,0.0,0.0,0.0,0.0,0.5,0.0,1.63,1.38,23.88,2,4.64,1,9.29,20.79,23.88,20.0,299.97,295.98,15.473,16.278,61.52,64.71,399.8,1501,406,97.95,4.19,-0.535,0.0667,0.00578,0.0325,0.00623,1.0,-1.36,7.36,1.0,0.0,0.16,111115,,,,,,,,,,,,,,,,,,,,,,,,,,,,,,,,,,,,,,,,,,,,,,,,,,,,,,,,,,,,,,,,,,,,,,,,,,,,,,,,,,,,,,,,,,,,,,,,,,,,,,,,,,,,,,,,,,,,,,,,,,,,,,,,,,,,,,,,,,,,
2023-07-25 12:29:00,ACi,Nit-S,4,Yng,winter,noon,Erin_Nitida4_ACi_25_07_23,3,410.0,0,5.73,0.114,161.0,0,0,0.0,0.0,0.0,0.0,0.0,0.0,0.0,0.0,-1,0.87,0.92,10,0.875,0.005,0.0,0.0,0.0,0.0,0.5,0.0,1.64,1.39,23.82,2,4.64,1,9.29,20.76,23.82,20.0,249.59,246.52,15.205,16.014,60.54,63.76,399.8,1501,415,97.94,3.33,-0.526,0.0341,0.00359,0.0377,0.00385,0.2,-1.36,7.36,1.0,0.0,0.16,111115,,,,,,,,,,,,,,,,,,,,,,,,,,,,,,,,,,,,,,,,,,,,,,,,,,,,,,,,,,,,,,,,,,,,,,,,,,,,,,,,,,,,,,,,,,,,,,,,,,,,,,,,,,,,,,,,,,,,,,,,,,,,,,,,,,,,,,,,,,,,
2023-07-25 12:31:00,ACi,Nit-S,4,Yng,winter,noon,Erin_Nitida4_ACi_25_07_23,4,550.0,0,2.81,0.113,105.0,0,0,0.0,0.0,0.0,0.0,0.0,0.0,0.0,0.0,-1,0.87,0.92,10,0.875,0.003,0.0,0.0,0.0,0.0,0.5,0.0,1.63,1.4,23.78,2,4.64,1,9.29,20.74,23.78,20.0,149.76,148.24,15.061,15.864,60.06,63.26,399.8,1501,424,97.93,1.75,-0.522,0.0289,0.00192,0.0449,0.00174,1.0,-1.36,7.36,1.0,0.0,0.16,111115,,,,,,,,,,,,,,,,,,,,,,,,,,,,,,,,,,,,,,,,,,,,,,,,,,,,,,,,,,,,,,,,,,,,,,,,,,,,,,,,,,,,,,,,,,,,,,,,,,,,,,,,,,,,,,,,,,,,,,,,,,,,,,,,,,,,,,,,,,,,
2023-07-25 12:33:00,ACi,Nit-S,4,Yng,winter,noon,Erin_Nitida4_ACi_25_07_23,5,656.0,0,1.16,0.112,80.5,0,0,0.0,0.0,0.0,0.0,0.0,0.0,0.0,0.0,-1,0.87,0.92,10,0.875,0.002,0.0,0.0,0.0,0.0,0.5,0.0,1.65,1.43,23.89,2,4.64,1,9.29,20.75,23.89,19.99,100.03,99.37,15.012,15.822,59.8,63.02,399.8,1501,431,97.93,0.978,-0.52,0.0336,0.000722,0.0329,0.00045,1.0,-1.36,7.36,1.0,0.0,0.16,111115,,,,,,,,,,,,,,,,,,,,,,,,,,,,,,,,,,,,,,,,,,,,,,,,,,,,,,,,,,,,,,,,,,,,,,,,,,,,,,,,,,,,,,,,,,,,,,,,,,,,,,,,,,,,,,,,,,,,,,,,,,,,,,,,,,,,,,,,,,,,
2023-07-25 12:35:00,ACi,Nit-S,4,Yng,winter,noon,Erin_Nitida4_ACi_25_07_23,6,798.0,0,-0.424,0.111,58.9,0,0,0.0,0.0,0.0,0.0,0.0,0.0,0.0,0.0,-1,0.87,0.92,10,0.875,0.0,0.0,0.0,0.0,0.0,0.5,0.0,1.65,1.44,23.97,2,4.64,1,9.29,20.77,23.97,19.99,53.89,54.06,14.994,15.807,59.66,62.9,399.8,1500,432,97.93,0.284,-0.52,0.0173,0.000829,0.0232,0.00223,0.5,-1.36,7.36,1.0,0.0,0.16,111135,,,,,,,,,,,,,,,,,,,,,,,,,,,,,,,,,,,,,,,,,,,,,,,,,,,,,,,,,,,,,,,,,,,,,,,,,,,,,,,,,,,,,,,,,,,,,,,,,,,,,,,,,,,,,,,,,,,,,,,,,,,,,,,,,,,,,,,,,,,,
2023-07-25 12:38:00,ACi,Nit-S,4,Yng,winter,noon,Erin_Nitida4_ACi_25_07_23,7,940.0,0,43.3,0.112,333.0,0,0,0.0,0.0,0.0,0.0,0.0,0.0,0.0,0.0,-1,0.87,0.92,10,0.875,0.034,0.0,0.0,0.0,0.0,0.5,0.0,1.65,1.43,23.91,2,4.64,1,9.29,20.78,23.91,19.99,995.3,972.83,15.023,15.837,59.75,62.98,399.8,1500,442,97.93,15.4,-0.514,0.406,0.000743,0.437,0.000993,0.2,-1.36,7.36,1.0,0.0,0.16,111115,,,,,,,,,,,,,,,,,,,,,,,,,,,,,,,,,,,,,,,,,,,,,,,,,,,,,,,,,,,,,,,,,,,,,,,,,,,,,,,,,,,,,,,,,,,,,,,,,,,,,,,,,,,,,,,,,,,,,,,,,,,,,,,,,,,,,,,,,,,,
2023-07-25 12:40:00,ACi,Nit-S,4,Yng,winter,noon,Erin_Nitida4_ACi_25_07_23,8,1082.0,0,18.2,0.113,465.0,0,0,0.0,0.0,0.0,0.0,0.0,0.0,0.0,0.0,-1,0.87,0.92,10,0.875,0.015,0.0,0.0,0.0,0.0,0.5,0.0,1.67,1.43,23.91,2,4.64,1,9.29,20.77,23.91,19.99,749.99,740.24,14.966,15.79,59.55,62.83,399.7,1501,450,97.93,11.4,-0.51,0.0363,0.00228,0.0272,0.00212,0.5,-1.36,7.36,1.0,0.0,0.16,111115,,,,,,,,,,,,,,,,,,,,,,,,,,,,,,,,,,,,,,,,,,,,,,,,,,,,,,,,,,,,,,,,,,,,,,,,,,,,,,,,,,,,,,,,,,,,,,,,,,,,,,,,,,,,,,,,,,,,,,,,,,,,,,,,,,,,,,,,,,,,
2023-07-25 12:42:00,ACi,Nit-S,4,Yng,winter,noon,Erin_Nitida4_ACi_25_07_23,9,1211.0,0,13.3,0.112,292.0,0,0,0.0,0.0,0.0,0.0,0.0,0.0,0.0,0.0,-1,0.87,0.92,10,0.875,0.011,0.0,0.0,0.0,0.0,0.5,0.0,1.65,1.43,23.87,2,4.64,1,9.29,20.76,23.87,19.99,500.1,493.05,14.892,15.707,59.3,62.54,399.8,1501,458,97.93,7.27,-0.51,0.019,0.00214,0.0099,0.00156,1.0,-1.36,7.36,1.0,0.0,0.16,111115,,,,,,,,,,,,,,,,,,,,,,,,,,,,,,,,,,,,,,,,,,,,,,,,,,,,,,,,,,,,,,,,,,,,,,,,,,,,,,,,,,,,,,,,,,,,,,,,,,,,,,,,,,,,,,,,,,,,,,,,,,,,,,,,,,,,,,,,,,,,
2023-07-25 12:44:00,ACi,Nit-S,4,Yng,winter,noon,Erin_Nitida4_ACi_25_07_23,10,1323.0,0,11.2,0.11,241.0,0,0,0.0,0.0,0.0,0.0,0.0,0.0,0.0,0.0,-1,0.87,0.92,10,0.875,0.009,0.0,0.0,0.0,0.0,0.5,0.0,1.63,1.44,23.88,2,4.64,1,9.29,20.76,23.88,20.0,419.85,413.9,14.851,15.654,59.12,62.32,399.8,1501,465,97.92,5.95,-0.509,0.0174,0.00175,0.0235,0.00118,1.0,-1.36,7.36,1.0,0.0,0.16,111115,,,,,,,,,,,,,,,,,,,,,,,,,,,,,,,,,,,,,,,,,,,,,,,,,,,,,,,,,,,,,,,,,,,,,,,,,,,,,,,,,,,,,,,,,,,,,,,,,,,,,,,,,,,,,,,,,,,,,,,,,,,,,,,,,,,,,,,,,,,,
2023-06-26 11:03:00,ACi,Nit-S,4,Yng,winter,morning,Erin_Nitida4_ACi_26_06_23,1,160.5,0,13.9,0.147,253.0,0,0,0.0,0.0,0.0,0.0,0.0,0.0,0.0,0.0,-1,0.87,0.92,10,0.875,0.011,0.0,0.0,0.0,0.0,0.5,0.0,1.67,1.1,20.9,2,4.64,1,9.29,19.72,20.9,20.02,419.86,412.54,13.251,14.073,56.27,59.76,399.8,1500,328,97.91,6.01,-0.527,0.0612,0.0085,0.0673,0.00842,1.0,-1.36,7.36,1.0,0.0,0.16,111115,,,,,,,,,,,,,,,,,,,,,,,,,,,,,,,,,,,,,,,,,,,,,,,,,,,,,,,,,,,,,,,,,,,,,,,,,,,,,,,,,,,,,,,,,,,,,,,,,,,,,,,,,,,,,,,,,,,,,,,,,,,,,,,,,,,,,,,,,,,,
2023-06-26 11:06:00,ACi,Nit-S,4,Yng,winter,morning,Erin_Nitida4_ACi_26_06_23,2,302.5,0,11.7,0.162,222.0,0,0,0.0,0.0,0.0,0.0,0.0,0.0,0.0,0.0,-1,0.87,0.92,10,0.875,0.01,0.0,0.0,0.0,0.0,0.5,0.0,1.79,1.08,20.95,2,4.64,1,9.29,19.74,20.95,20.02,349.83,343.69,13.472,14.357,57.15,60.9,399.9,1499,859,97.93,4.87,-0.533,0.0961,0.000782,0.0849,0.00117,0.5,-1.36,7.36,1.0,0.0,0.16,111115,,,,,,,,,,,,,,,,,,,,,,,,,,,,,,,,,,,,,,,,,,,,,,,,,,,,,,,,,,,,,,,,,,,,,,,,,,,,,,,,,,,,,,,,,,,,,,,,,,,,,,,,,,,,,,,,,,,,,,,,,,,,,,,,,,,,,,,,,,,,
2023-06-26 11:08:00,ACi,Nit-S,4,Yng,winter,morning,Erin_Nitida4_ACi_26_06_23,3,434.5,0,8.25,0.168,162.0,0,0,0.0,0.0,0.0,0.0,0.0,0.0,0.0,0.0,-1,0.87,0.92,10,0.875,0.007,0.0,0.0,0.0,0.0,0.5,0.0,1.9,1.1,21.05,2,4.64,1,9.29,19.77,21.05,20.02,250.1,245.74,13.363,14.298,56.56,60.52,399.8,1499,872,97.93,3.37,-0.53,0.101,0.00234,0.128,0.00192,1.0,-1.36,7.36,1.0,0.0,0.16,111115,,,,,,,,,,,,,,,,,,,,,,,,,,,,,,,,,,,,,,,,,,,,,,,,,,,,,,,,,,,,,,,,,,,,,,,,,,,,,,,,,,,,,,,,,,,,,,,,,,,,,,,,,,,,,,,,,,,,,,,,,,,,,,,,,,,,,,,,,,,,
2023-06-26 11:10:00,ACi,Nit-S,4,Yng,winter,morning,Erin_Nitida4_ACi_26_06_23,4,551.5,0,3.78,0.17,109.0,0,0,0.0,0.0,0.0,0.0,0.0,0.0,0.0,0.0,-1,0.87,0.92,10,0.875,0.004,0.0,0.0,0.0,0.0,0.5,0.0,1.93,1.11,21.13,2,4.64,1,9.29,19.8,21.13,20.02,149.96,147.93,13.392,14.345,56.6,60.62,399.9,1499,940,97.92,1.86,-0.53,0.0736,0.00134,0.0654,0.000497,1.0,-1.36,7.36,1.0,0.0,0.16,111115,,,,,,,,,,,,,,,,,,,,,,,,,,,,,,,,,,,,,,,,,,,,,,,,,,,,,,,,,,,,,,,,,,,,,,,,,,,,,,,,,,,,,,,,,,,,,,,,,,,,,,,,,,,,,,,,,,,,,,,,,,,,,,,,,,,,,,,,,,,,
2023-06-26 11:12:00,ACi,Nit-S,4,Yng,winter,morning,Erin_Nitida4_ACi_26_06_23,5,675.5,0,1.45,0.171,83.3,0,0,0.0,0.0,0.0,0.0,0.0,0.0,0.0,0.0,-1,0.87,0.92,10,0.875,0.002,0.0,0.0,0.0,0.0,0.5,0.0,1.95,1.12,21.13,2,4.64,1,9.29,19.79,21.13,20.02,99.57,98.75,13.342,14.306,56.38,60.45,399.9,1499,995,97.9,1.1,-0.528,0.0574,0.00459,0.0525,0.00424,1.0,-1.36,7.36,1.0,0.0,0.16,111115,,,,,,,,,,,,,,,,,,,,,,,,,,,,,,,,,,,,,,,,,,,,,,,,,,,,,,,,,,,,,,,,,,,,,,,,,,,,,,,,,,,,,,,,,,,,,,,,,,,,,,,,,,,,,,,,,,,,,,,,,,,,,,,,,,,,,,,,,,,,
2023-06-26 11:14:00,ACi,Nit-S,4,Yng,winter,morning,Erin_Nitida4_ACi_26_06_23,6,817.5,0,-0.135,0.167,55.8,0,0,0.0,0.0,0.0,0.0,0.0,0.0,0.0,0.0,-1,0.87,0.92,10,0.875,0.001,0.0,0.0,0.0,0.0,0.5,0.0,1.93,1.13,21.19,2,4.64,1,9.29,19.8,21.19,20.02,55.48,55.49,13.314,14.266,56.25,60.27,399.9,1499,900,97.92,0.398,-0.524,0.0602,0.00114,0.0579,0.00123,0.5,-1.36,7.36,1.0,0.0,0.16,111135,,,,,,,,,,,,,,,,,,,,,,,,,,,,,,,,,,,,,,,,,,,,,,,,,,,,,,,,,,,,,,,,,,,,,,,,,,,,,,,,,,,,,,,,,,,,,,,,,,,,,,,,,,,,,,,,,,,,,,,,,,,,,,,,,,,,,,,,,,,,
2023-06-26 11:17:00,ACi,Nit-S,4,Yng,winter,morning,Erin_Nitida4_ACi_26_06_23,7,959.5,0,22.0,0.155,740.0,0,0,0.0,0.0,0.0,0.0,0.0,0.0,0.0,0.0,-1,0.87,0.92,10,0.875,0.018,0.0,0.0,0.0,0.0,0.5,0.0,1.79,1.13,21.14,2,4.64,1,9.29,19.77,21.14,20.02,998.76,986.85,13.324,14.206,56.4,60.13,399.8,1499,978,97.92,15.3,-0.517,0.23,0.00132,0.278,0.00061,0.2,-1.36,7.36,1.0,0.0,0.16,111115,,,,,,,,,,,,,,,,,,,,,,,,,,,,,,,,,,,,,,,,,,,,,,,,,,,,,,,,,,,,,,,,,,,,,,,,,,,,,,,,,,,,,,,,,,,,,,,,,,,,,,,,,,,,,,,,,,,,,,,,,,,,,,,,,,,,,,,,,,,,
2023-06-26 11:19:00,ACi,Nit-S,4,Yng,winter,morning,Erin_Nitida4_ACi_26_06_23,8,1100.5,0,17.9,0.139,521.0,0,0,0.0,0.0,0.0,0.0,0.0,0.0,0.0,0.0,-1,0.87,0.92,10,0.875,0.014,0.0,0.0,0.0,0.0,0.5,0.0,1.61,1.12,21.08,2,4.64,1,9.29,19.73,21.08,20.02,750.38,740.82,13.379,14.171,56.77,60.13,399.8,1500,958,97.91,11.3,-0.518,0.0384,0.00367,0.0644,0.00363,1.0,-1.36,7.36,1.0,0.0,0.16,111115,,,,,,,,,,,,,,,,,,,,,,,,,,,,,,,,,,,,,,,,,,,,,,,,,,,,,,,,,,,,,,,,,,,,,,,,,,,,,,,,,,,,,,,,,,,,,,,,,,,,,,,,,,,,,,,,,,,,,,,,,,,,,,,,,,,,,,,,,,,,
2023-06-26 11:21:00,ACi,Nit-S,4,Yng,winter,morning,Erin_Nitida4_ACi_26_06_23,9,1242.0,0,16.1,0.124,275.0,0,0,0.0,0.0,0.0,0.0,0.0,0.0,0.0,0.0,-1,0.87,0.92,10,0.875,0.013,0.0,0.0,0.0,0.0,0.5,0.0,1.43,1.12,21.2,2,4.64,1,9.29,19.75,21.2,20.02,500.58,492.19,13.618,14.324,57.69,60.68,399.9,1499,848,97.9,7.21,-0.526,0.0424,0.00463,0.0604,0.00534,0.2,-1.36,7.36,1.0,0.0,0.16,111115,,,,,,,,,,,,,,,,,,,,,,,,,,,,,,,,,,,,,,,,,,,,,,,,,,,,,,,,,,,,,,,,,,,,,,,,,,,,,,,,,,,,,,,,,,,,,,,,,,,,,,,,,,,,,,,,,,,,,,,,,,,,,,,,,,,,,,,,,,,,
2023-06-26 11:24:00,ACi,Nit-S,4,Yng,winter,morning,Erin_Nitida4_ACi_26_06_23,10,1382.5,0,12.2,0.11,228.0,0,0,0.0,0.0,0.0,0.0,0.0,0.0,0.0,0.0,-1,0.87,0.92,10,0.875,0.01,0.0,0.0,0.0,0.0,0.5,0.0,1.28,1.13,21.34,2,4.64,1,9.29,19.78,21.34,20.02,419.54,413.19,13.877,14.506,58.7,61.36,399.9,1499,817,97.9,5.97,-0.536,0.0829,0.0055,0.077,0.00532,0.2,-1.36,7.36,1.0,0.0,0.16,111115,,,,,,,,,,,,,,,,,,,,,,,,,,,,,,,,,,,,,,,,,,,,,,,,,,,,,,,,,,,,,,,,,,,,,,,,,,,,,,,,,,,,,,,,,,,,,,,,,,,,,,,,,,,,,,,,,,,,,,,,,,,,,,,,,,,,,,,,,,,,
2023-06-16 13:46:00,ACi,Nit-S,5,Yng,winter,noon,Erin_Nitida5_ACi_01_06_23,1,121.5,0,10.8,0.0524,73.1,0,0,0.0,0.0,0.0,0.0,0.0,0.0,0.0,0.0,-1,0.87,0.92,10,0.875,0.009,0.0,0.0,0.0,0.0,0.5,0.0,1.16,2.14,20.63,2,4.64,1,9.29,19.69,20.63,20.02,419.93,414.27,2.539,3.117,10.75,13.2,399.8,1501,357,97.43,4.1,0.0718,0.0336,0.000848,0.0222,0.00119,1.0,-1.36,7.36,1.0,0.0,0.16,111115,,,,,,,,,,,,,,,,,,,,,,,,,,,,,,,,,,,,,,,,,,,,,,,,,,,,,,,,,,,,,,,,,,,,,,,,,,,,,,,,,,,,,,,,,,,,,,,,,,,,,,,,,,,,,,,,,,,,,,,,,,,,,,,,,,,,,,,,,,,,
2023-06-16 13:48:00,ACi,Nit-S,5,Yng,winter,noon,Erin_Nitida5_ACi_01_06_23,2,235.5,0,9.32,0.0547,63.6,0,0,0.0,0.0,0.0,0.0,0.0,0.0,0.0,0.0,-1,0.87,0.92,10,0.875,0.008,0.0,0.0,0.0,0.0,0.5,0.0,1.22,2.16,20.82,2,4.64,1,9.29,19.69,20.82,20.01,349.85,344.98,2.512,3.122,10.63,13.22,399.8,1501,372,97.44,3.21,0.0705,0.0512,0.00073,0.032,0.000765,1.0,-1.36,7.36,1.0,0.0,0.16,111115,,,,,,,,,,,,,,,,,,,,,,,,,,,,,,,,,,,,,,,,,,,,,,,,,,,,,,,,,,,,,,,,,,,,,,,,,,,,,,,,,,,,,,,,,,,,,,,,,,,,,,,,,,,,,,,,,,,,,,,,,,,,,,,,,,,,,,,,,,,,
2023-06-16 13:50:00,ACi,Nit-S,5,Yng,winter,noon,Erin_Nitida5_ACi_01_06_23,3,367.5,0,6.42,0.056,56.7,0,0,0.0,0.0,0.0,0.0,0.0,0.0,0.0,0.0,-1,0.87,0.92,10,0.875,0.006,0.0,0.0,0.0,0.0,0.5,0.0,1.25,2.16,20.77,2,4.64,1,9.29,19.65,20.77,20.01,249.86,246.5,2.458,3.083,10.43,13.08,399.8,1502,202,97.41,2.02,0.0713,0.00986,0.000758,0.0183,0.00083,1.0,-1.36,7.36,1.0,0.0,0.16,111115,,,,,,,,,,,,,,,,,,,,,,,,,,,,,,,,,,,,,,,,,,,,,,,,,,,,,,,,,,,,,,,,,,,,,,,,,,,,,,,,,,,,,,,,,,,,,,,,,,,,,,,,,,,,,,,,,,,,,,,,,,,,,,,,,,,,,,,,,,,,
2023-06-16 13:52:00,ACi,Nit-S,5,Yng,winter,noon,Erin_Nitida5_ACi_01_06_23,4,460.5,0,2.82,0.0565,64.0,0,0,0.0,0.0,0.0,0.0,0.0,0.0,0.0,0.0,-1,0.87,0.92,10,0.875,0.003,0.0,0.0,0.0,0.0,0.5,0.0,1.26,2.15,20.71,2,4.64,1,9.29,19.64,20.71,20.01,149.8,148.29,2.436,3.064,10.34,13.01,399.8,1502,347,97.43,0.862,0.0698,0.0758,0.00089,0.103,0.000286,1.0,-1.36,7.36,1.0,0.0,0.16,111115,,,,,,,,,,,,,,,,,,,,,,,,,,,,,,,,,,,,,,,,,,,,,,,,,,,,,,,,,,,,,,,,,,,,,,,,,,,,,,,,,,,,,,,,,,,,,,,,,,,,,,,,,,,,,,,,,,,,,,,,,,,,,,,,,,,,,,,,,,,,
2023-06-16 13:53:00,ACi,Nit-S,5,Yng,winter,noon,Erin_Nitida5_ACi_01_06_23,5,559.5,0,1.32,0.0572,59.2,0,0,0.0,0.0,0.0,0.0,0.0,0.0,0.0,0.0,-1,0.87,0.92,10,0.875,0.002,0.0,0.0,0.0,0.0,0.5,0.0,1.27,2.15,20.66,2,4.64,1,9.29,19.62,20.66,20.01,99.93,99.2,2.419,3.053,10.29,12.98,399.8,1502,362,97.42,0.287,0.0692,0.0229,0.000485,0.0186,0.000425,1.0,-1.36,7.36,1.0,0.0,0.16,111115,,,,,,,,,,,,,,,,,,,,,,,,,,,,,,,,,,,,,,,,,,,,,,,,,,,,,,,,,,,,,,,,,,,,,,,,,,,,,,,,,,,,,,,,,,,,,,,,,,,,,,,,,,,,,,,,,,,,,,,,,,,,,,,,,,,,,,,,,,,,
2023-06-16 13:55:00,ACi,Nit-S,5,Yng,winter,noon,Erin_Nitida5_ACi_01_06_23,6,651.5,0,-0.432,0.0578,60.2,0,0,0.0,0.0,0.0,0.0,0.0,0.0,0.0,0.0,-1,0.87,0.92,10,0.875,0.0,0.0,0.0,0.0,0.0,0.5,0.0,1.28,2.15,20.66,2,4.64,1,9.29,19.62,20.66,20.02,49.93,50.11,2.408,3.049,10.23,12.95,399.8,1502,361,97.41,-0.361,0.0689,0.00951,0.000754,0.00902,0.000916,1.0,-1.36,7.36,1.0,0.0,0.16,111135,,,,,,,,,,,,,,,,,,,,,,,,,,,,,,,,,,,,,,,,,,,,,,,,,,,,,,,,,,,,,,,,,,,,,,,,,,,,,,,,,,,,,,,,,,,,,,,,,,,,,,,,,,,,,,,,,,,,,,,,,,,,,,,,,,,,,,,,,,,,
2023-06-16 13:57:00,ACi,Nit-S,5,Yng,winter,noon,Erin_Nitida5_ACi_01_06_23,7,792.5,0,2.66,0.0586,893.0,0,0,0.0,0.0,0.0,0.0,0.0,0.0,0.0,0.0,-1,0.87,0.92,10,0.875,0.003,0.0,0.0,0.0,0.0,0.5,0.0,1.31,2.15,20.73,2,4.64,1,9.29,19.67,20.73,20.02,1001.77,999.79,2.44,3.091,10.34,13.1,399.8,1501,405,97.42,12.2,0.0733,0.321,0.000633,0.354,0.000662,0.2,-1.36,7.36,1.0,0.0,0.16,111115,,,,,,,,,,,,,,,,,,,,,,,,,,,,,,,,,,,,,,,,,,,,,,,,,,,,,,,,,,,,,,,,,,,,,,,,,,,,,,,,,,,,,,,,,,,,,,,,,,,,,,,,,,,,,,,,,,,,,,,,,,,,,,,,,,,,,,,,,,,,
2023-06-16 13:59:00,ACi,Nit-S,5,Yng,winter,noon,Erin_Nitida5_ACi_01_06_23,8,926.5,0,14.8,0.0573,308.0,0,0,0.0,0.0,0.0,0.0,0.0,0.0,0.0,0.0,-1,0.87,0.92,10,0.875,0.012,0.0,0.0,0.0,0.0,0.5,0.0,1.28,2.16,20.74,2,4.64,1,9.29,19.69,20.74,20.02,750.04,742.17,2.45,3.087,10.37,13.07,399.8,1501,1309,97.42,8.63,0.0709,0.0271,0.00377,0.0313,0.00384,1.0,-1.36,7.36,1.0,0.0,0.16,111115,,,,,,,,,,,,,,,,,,,,,,,,,,,,,,,,,,,,,,,,,,,,,,,,,,,,,,,,,,,,,,,,,,,,,,,,,,,,,,,,,,,,,,,,,,,,,,,,,,,,,,,,,,,,,,,,,,,,,,,,,,,,,,,,,,,,,,,,,,,,
2023-06-16 14:01:00,ACi,Nit-S,5,Yng,winter,noon,Erin_Nitida5_ACi_01_06_23,9,1045.5,0,12.0,0.0569,142.0,0,0,0.0,0.0,0.0,0.0,0.0,0.0,0.0,0.0,-1,0.87,0.92,10,0.875,0.01,0.0,0.0,0.0,0.0,0.5,0.0,1.28,2.18,20.92,2,4.64,1,9.29,19.75,20.92,20.01,500.15,493.81,2.488,3.128,10.49,13.19,399.8,1500,336,97.42,5.27,0.0718,0.0198,0.000564,0.0242,0.000607,1.0,-1.36,7.36,1.0,0.0,0.16,111115,,,,,,,,,,,,,,,,,,,,,,,,,,,,,,,,,,,,,,,,,,,,,,,,,,,,,,,,,,,,,,,,,,,,,,,,,,,,,,,,,,,,,,,,,,,,,,,,,,,,,,,,,,,,,,,,,,,,,,,,,,,,,,,,,,,,,,,,,,,,
2023-06-16 14:03:00,ACi,Nit-S,5,Yng,winter,noon,Erin_Nitida5_ACi_01_06_23,10,1171.5,0,10.7,0.0538,86.6,0,0,0.0,0.0,0.0,0.0,0.0,0.0,0.0,0.0,-1,0.87,0.92,10,0.875,0.009,0.0,0.0,0.0,0.0,0.5,0.0,1.22,2.19,20.94,2,4.64,1,9.29,19.73,20.94,20.02,420.08,414.49,2.485,3.093,10.49,13.06,399.8,1501,312,97.41,4.24,0.0726,0.044,0.00137,0.0292,0.00127,1.0,-1.36,7.36,1.0,0.0,0.16,111115,,,,,,,,,,,,,,,,,,,,,,,,,,,,,,,,,,,,,,,,,,,,,,,,,,,,,,,,,,,,,,,,,,,,,,,,,,,,,,,,,,,,,,,,,,,,,,,,,,,,,,,,,,,,,,,,,,,,,,,,,,,,,,,,,,,,,,,,,,,,
2023-08-16 12:45:00,ACi,Nit-S,5,Yng,winter,noon,Erin_Nitida5_ACi_16_08_23,1,166.5,0,7.78,0.108,290.0,0,0,0.0,0.0,0.0,0.0,0.0,0.0,0.0,0.0,-1,0.87,0.92,10,0.875,0.007,0.0,0.0,0.0,0.0,0.5,0.0,1.83,1.63,23.63,2,4.64,1,9.29,20.96,23.63,20.0,420.03,415.75,12.447,13.349,48.71,52.24,399.7,1501,233,97.46,5.92,-0.425,0.197,0.00296,0.179,0.0028,0.5,-1.36,7.36,1.0,0.0,0.16,111115,,,,,,,,,,,,,,,,,,,,,,,,,,,,,,,,,,,,,,,,,,,,,,,,,,,,,,,,,,,,,,,,,,,,,,,,,,,,,,,,,,,,,,,,,,,,,,,,,,,,,,,,,,,,,,,,,,,,,,,,,,,,,,,,,,,,,,,,,,,,
2023-08-16 12:47:00,ACi,Nit-S,5,Yng,winter,noon,Erin_Nitida5_ACi_16_08_23,2,273.5,0,5.01,0.111,217.0,0,0,0.0,0.0,0.0,0.0,0.0,0.0,0.0,0.0,-1,0.87,0.92,10,0.875,0.005,0.0,0.0,0.0,0.0,0.5,0.0,1.91,1.66,23.83,2,4.64,1,9.29,21.01,23.83,20.0,299.88,297.08,12.458,13.401,48.62,52.3,399.8,1501,202,97.46,4.04,-0.424,0.0168,0.000881,0.0262,0.00153,1.0,-1.36,7.36,1.0,0.0,0.16,111115,,,,,,,,,,,,,,,,,,,,,,,,,,,,,,,,,,,,,,,,,,,,,,,,,,,,,,,,,,,,,,,,,,,,,,,,,,,,,,,,,,,,,,,,,,,,,,,,,,,,,,,,,,,,,,,,,,,,,,,,,,,,,,,,,,,,,,,,,,,,
2023-08-16 12:50:00,ACi,Nit-S,5,Yng,winter,noon,Erin_Nitida5_ACi_16_08_23,3,415.5,0,3.93,0.111,185.0,0,0,0.0,0.0,0.0,0.0,0.0,0.0,0.0,0.0,-1,0.87,0.92,10,0.875,0.004,0.0,0.0,0.0,0.0,0.5,0.0,1.93,1.67,23.9,2,4.64,1,9.29,21.05,23.9,20.0,249.87,247.67,12.462,13.414,48.52,52.23,399.8,1500,171,97.45,3.22,-0.425,0.0221,0.000821,0.0236,0.00118,1.0,-1.36,7.36,1.0,0.0,0.16,111115,,,,,,,,,,,,,,,,,,,,,,,,,,,,,,,,,,,,,,,,,,,,,,,,,,,,,,,,,,,,,,,,,,,,,,,,,,,,,,,,,,,,,,,,,,,,,,,,,,,,,,,,,,,,,,,,,,,,,,,,,,,,,,,,,,,,,,,,,,,,
2023-08-16 12:52:00,ACi,Nit-S,5,Yng,winter,noon,Erin_Nitida5_ACi_16_08_23,4,557.5,0,1.07,0.111,129.0,0,0,0.0,0.0,0.0,0.0,0.0,0.0,0.0,0.0,-1,0.87,0.92,10,0.875,0.002,0.0,0.0,0.0,0.0,0.5,0.0,1.93,1.68,23.98,2,4.64,1,9.29,21.05,23.98,19.99,149.7,149.02,12.486,13.437,48.59,52.29,399.7,1500,161,97.45,1.62,-0.422,0.0947,0.00183,0.0979,0.000861,0.2,-1.36,7.36,1.0,0.0,0.16,111115,,,,,,,,,,,,,,,,,,,,,,,,,,,,,,,,,,,,,,,,,,,,,,,,,,,,,,,,,,,,,,,,,,,,,,,,,,,,,,,,,,,,,,,,,,,,,,,,,,,,,,,,,,,,,,,,,,,,,,,,,,,,,,,,,,,,,,,,,,,,
2023-08-16 12:54:00,ACi,Nit-S,5,Yng,winter,noon,Erin_Nitida5_ACi_16_08_23,5,659.5,0,0.671,0.108,87.0,0,0,0.0,0.0,0.0,0.0,0.0,0.0,0.0,0.0,-1,0.87,0.92,10,0.875,0.001,0.0,0.0,0.0,0.0,0.5,0.0,1.9,1.69,24.02,2,4.64,1,9.29,21.06,24.02,19.99,100.1,99.67,12.507,13.444,48.65,52.29,399.7,1500,159,97.43,0.878,-0.425,0.014,0.000932,0.0182,0.00109,1.0,-1.36,7.36,1.0,0.0,0.16,111115,,,,,,,,,,,,,,,,,,,,,,,,,,,,,,,,,,,,,,,,,,,,,,,,,,,,,,,,,,,,,,,,,,,,,,,,,,,,,,,,,,,,,,,,,,,,,,,,,,,,,,,,,,,,,,,,,,,,,,,,,,,,,,,,,,,,,,,,,,,,
2023-08-16 12:56:00,ACi,Nit-S,5,Yng,winter,noon,Erin_Nitida5_ACi_16_08_23,6,801.5,0,-0.493,0.106,61.2,0,0,0.0,0.0,0.0,0.0,0.0,0.0,0.0,0.0,-1,0.87,0.92,10,0.875,0.0,0.0,0.0,0.0,0.0,0.5,0.0,1.83,1.67,23.94,2,4.64,1,9.29,21.02,23.94,19.99,55.09,55.28,12.532,13.437,48.88,52.41,399.8,1500,162,97.45,0.165,-0.424,0.0289,0.00202,0.0348,0.00106,0.5,-1.36,7.36,1.0,0.0,0.16,111135,,,,,,,,,,,,,,,,,,,,,,,,,,,,,,,,,,,,,,,,,,,,,,,,,,,,,,,,,,,,,,,,,,,,,,,,,,,,,,,,,,,,,,,,,,,,,,,,,,,,,,,,,,,,,,,,,,,,,,,,,,,,,,,,,,,,,,,,,,,,
2023-08-16 12:58:00,ACi,Nit-S,5,Yng,winter,noon,Erin_Nitida5_ACi_16_08_23,7,943.5,0,26.0,0.104,557.0,0,0,0.0,0.0,0.0,0.0,0.0,0.0,0.0,0.0,-1,0.87,0.92,10,0.875,0.021,0.0,0.0,0.0,0.0,0.5,0.0,1.81,1.68,23.97,2,4.64,1,9.29,21.04,23.97,19.99,996.92,983.0,12.572,13.467,48.95,52.43,399.7,1500,162,97.45,15.2,-0.42,0.387,0.00152,0.419,0.00112,0.2,-1.36,7.36,1.0,0.0,0.16,111115,,,,,,,,,,,,,,,,,,,,,,,,,,,,,,,,,,,,,,,,,,,,,,,,,,,,,,,,,,,,,,,,,,,,,,,,,,,,,,,,,,,,,,,,,,,,,,,,,,,,,,,,,,,,,,,,,,,,,,,,,,,,,,,,,,,,,,,,,,,,
2023-08-16 13:01:00,ACi,Nit-S,5,Yng,winter,noon,Erin_Nitida5_ACi_16_08_23,8,1081.5,0,10.9,0.101,550.0,0,0,0.0,0.0,0.0,0.0,0.0,0.0,0.0,0.0,-1,0.87,0.92,10,0.875,0.009,0.0,0.0,0.0,0.0,0.5,0.0,1.77,1.69,24.04,2,4.64,1,9.29,21.07,24.04,19.99,750.16,744.04,12.589,13.46,48.95,52.33,399.8,1500,155,97.45,11.3,-0.416,0.0458,0.000852,0.0413,0.000701,1.0,-1.36,7.36,1.0,0.0,0.16,111115,,,,,,,,,,,,,,,,,,,,,,,,,,,,,,,,,,,,,,,,,,,,,,,,,,,,,,,,,,,,,,,,,,,,,,,,,,,,,,,,,,,,,,,,,,,,,,,,,,,,,,,,,,,,,,,,,,,,,,,,,,,,,,,,,,,,,,,,,,,,
2023-08-16 13:03:00,ACi,Nit-S,5,Yng,winter,noon,Erin_Nitida5_ACi_16_08_23,9,1223.5,0,8.12,0.0895,337.0,0,0,0.0,0.0,0.0,0.0,0.0,0.0,0.0,0.0,-1,0.87,0.92,10,0.875,0.007,0.0,0.0,0.0,0.0,0.5,0.0,1.61,1.73,24.26,2,4.64,1,9.29,21.11,24.26,19.99,500.4,495.94,12.638,13.434,49.0,52.08,399.8,1499,155,97.43,7.27,-0.411,0.0697,0.000903,0.0881,0.000816,0.5,-1.36,7.36,1.0,0.0,0.16,111115,,,,,,,,,,,,,,,,,,,,,,,,,,,,,,,,,,,,,,,,,,,,,,,,,,,,,,,,,,,,,,,,,,,,,,,,,,,,,,,,,,,,,,,,,,,,,,,,,,,,,,,,,,,,,,,,,,,,,,,,,,,,,,,,,,,,,,,,,,,,
2023-08-16 13:05:00,ACi,Nit-S,5,Yng,winter,noon,Erin_Nitida5_ACi_16_08_23,10,1364.5,0,6.04,0.0744,275.0,0,0,0.0,0.0,0.0,0.0,0.0,0.0,0.0,0.0,-1,0.87,0.92,10,0.875,0.005,0.0,0.0,0.0,0.0,0.5,0.0,1.38,1.79,24.54,2,4.64,1,9.29,21.15,24.54,19.99,419.88,416.58,12.747,13.43,49.31,51.95,399.7,1499,145,97.44,6.09,-0.406,0.0152,0.00082,0.0335,0.000761,0.5,-1.36,7.36,1.0,0.0,0.16,111115,,,,,,,,,,,,,,,,,,,,,,,,,,,,,,,,,,,,,,,,,,,,,,,,,,,,,,,,,,,,,,,,,,,,,,,,,,,,,,,,,,,,,,,,,,,,,,,,,,,,,,,,,,,,,,,,,,,,,,,,,,,,,,,,,,,,,,,,,,,,
2023-07-25 14:00:00,ACi,Nit-S,5,Yng,winter,noon,Erin_Nitida5_ACi_25_07_23,1,119.5,0,11.8,0.118,245.0,0,0,0.0,0.0,0.0,0.0,0.0,0.0,0.0,0.0,-1,0.87,0.92,10,0.875,0.01,0.0,0.0,0.0,0.0,0.5,0.0,1.53,1.25,23.85,2,4.64,1,9.29,20.89,23.85,19.99,419.96,413.73,16.797,17.548,66.31,69.28,399.7,1501,468,97.87,6.13,-0.597,0.0229,0.0111,0.0235,0.0102,1.0,-1.36,7.36,1.0,0.0,0.16,111115,-0.0822554,1.0,0.0161704,166.634,0.0,16.7919,192.056,0.0,19.2247,-14.6295,0.0,2.28571,4.33155,0.0,0.433586,1.44785,10.5536,0.100175,0.238023,670.129,16.6917,16.1496,396.808,400.659,0.0,1.0,402.256,9.88374,9.98241,0.0,1.0,290.938,289.862,98080.6,1.17442,1010.83,0.0245708,0.280685,0.00724865,969.663,1896.87,0.00617213,51.1191,927.209,279.681,0.878886,1.18799,0.151684,1.48494,8.84571e-15,0.0414951,1.48552,3.9647,157.277,53.13,,,0.264649,0.508268,-9.56964,-0.55697,0.867636,0.530386,0.0,58.664,-8.90248,20.1374,50.1451,76.4744,107.256,160.69,-0.0788123,1.04369,170.221,1.04508,167.976,1.08063,-22.4871,1.0748,3.78849,1.08063,800000099.0,800000099.0,800000099.0,800000099.0,800000099.0,800000099.0,800000199.0,800000199.0,80000.0,80000.0,80.0,80.0,2.0,2.0,0.0,5.0,12.0,5.0,0.434071,0.464832,0.117633,0.412295,0.0103087,394.741,0.143387,-0.0224871,3.78849,16.4296,13.0098,21.2272,562.075,89.9116,0.378178,0.0302313,0.0669993,358.292,290.406,289.496,98105.1,51.1191,284.84,285.297,77.4776,9.63443,10.5731,48.1961,33.2527,29.6205,59.5036,0.0,10.103765,0.010414,144000.0,10.414,1.0,-14.529325,2.6224146406837856,17.251914640683786,2.6575957255624587
2023-07-25 14:02:00,ACi,Nit-S,5,Yng,winter,noon,Erin_Nitida5_ACi_25_07_23,2,217.5,0,8.03,0.125,187.0,0,0,0.0,0.0,0.0,0.0,0.0,0.0,0.0,0.0,-1,0.87,0.92,10,0.875,0.007,0.0,0.0,0.0,0.0,0.5,0.0,1.62,1.25,24.02,2,4.64,1,9.29,20.87,24.02,19.99,300.21,295.95,17.029,17.826,67.32,70.47,399.7,1500,460,97.86,4.22,-0.609,0.0602,0.0064,0.0821,0.00706,1.0,-1.36,7.36,1.0,0.0,0.16,111115,,,,,,,,,,,,,,,,,,,,,,,,,,,,,,,,,,,,,,,,,,,,,,,,,,,,,,,,,,,,,,,,,,,,,,,,,,,,,,,,,,,,,,,,,,,,,,,,,,,,,,,,,,,,,,,,,,,,,,,,,,,,,,,,,,,,,,,,,,,,
2023-07-25 14:04:00,ACi,Nit-S,5,Yng,winter,noon,Erin_Nitida5_ACi_25_07_23,3,326.5,0,6.7,0.12,153.0,0,0,0.0,0.0,0.0,0.0,0.0,0.0,0.0,0.0,-1,0.87,0.92,10,0.875,0.006,0.0,0.0,0.0,0.0,0.5,0.0,1.54,1.24,24.05,2,4.64,1,9.29,20.83,24.05,19.99,250.47,246.92,17.268,18.025,68.41,71.41,399.7,1500,455,97.85,3.35,-0.612,0.0242,0.0043,0.028,0.0054,1.0,-1.36,7.36,1.0,0.0,0.16,111115,,,,,,,,,,,,,,,,,,,,,,,,,,,,,,,,,,,,,,,,,,,,,,,,,,,,,,,,,,,,,,,,,,,,,,,,,,,,,,,,,,,,,,,,,,,,,,,,,,,,,,,,,,,,,,,,,,,,,,,,,,,,,,,,,,,,,,,,,,,,
2023-07-25 14:06:00,ACi,Nit-S,5,Yng,winter,noon,Erin_Nitida5_ACi_25_07_23,4,440.5,0,3.23,0.117,101.0,0,0,0.0,0.0,0.0,0.0,0.0,0.0,0.0,0.0,-1,0.87,0.92,10,0.875,0.003,0.0,0.0,0.0,0.0,0.5,0.0,1.48,1.22,24.07,2,4.64,1,9.29,20.84,24.07,19.99,150.13,148.41,17.509,18.236,69.32,72.2,399.7,1499,448,97.85,1.83,-0.618,0.0489,0.00634,0.055,0.00632,1.0,-1.36,7.36,1.0,0.0,0.16,111115,,,,,,,,,,,,,,,,,,,,,,,,,,,,,,,,,,,,,,,,,,,,,,,,,,,,,,,,,,,,,,,,,,,,,,,,,,,,,,,,,,,,,,,,,,,,,,,,,,,,,,,,,,,,,,,,,,,,,,,,,,,,,,,,,,,,,,,,,,,,
2023-07-25 14:07:00,ACi,Nit-S,5,Yng,winter,noon,Erin_Nitida5_ACi_25_07_23,5,540.0,0,1.43,0.111,76.8,0,0,0.0,0.0,0.0,0.0,0.0,0.0,0.0,0.0,-1,0.87,0.92,10,0.875,0.002,0.0,0.0,0.0,0.0,0.5,0.0,1.41,1.23,24.21,2,4.64,1,9.29,20.85,24.21,19.99,100.2,99.41,17.732,18.427,70.14,72.89,399.7,1499,441,97.85,1.1,-0.615,0.0179,0.00687,0.0218,0.00701,1.0,-1.36,7.36,1.0,0.0,0.16,111115,,,,,,,,,,,,,,,,,,,,,,,,,,,,,,,,,,,,,,,,,,,,,,,,,,,,,,,,,,,,,,,,,,,,,,,,,,,,,,,,,,,,,,,,,,,,,,,,,,,,,,,,,,,,,,,,,,,,,,,,,,,,,,,,,,,,,,,,,,,,
2023-07-25 14:10:00,ACi,Nit-S,5,Yng,winter,noon,Erin_Nitida5_ACi_25_07_23,6,681.0,0,-0.337,0.104,59.3,0,0,0.0,0.0,0.0,0.0,0.0,0.0,0.0,0.0,-1,0.87,0.92,10,0.875,0.001,0.0,0.0,0.0,0.0,0.5,0.0,1.32,1.22,24.28,2,4.64,1,9.29,20.84,24.28,19.99,55.06,55.19,17.987,18.633,71.19,73.75,399.7,1499,431,97.84,0.412,-0.608,0.0312,0.00418,0.0127,0.00527,1.0,-1.36,7.36,1.0,0.0,0.16,111135,,,,,,,,,,,,,,,,,,,,,,,,,,,,,,,,,,,,,,,,,,,,,,,,,,,,,,,,,,,,,,,,,,,,,,,,,,,,,,,,,,,,,,,,,,,,,,,,,,,,,,,,,,,,,,,,,,,,,,,,,,,,,,,,,,,,,,,,,,,,
2023-07-25 14:12:00,ACi,Nit-S,5,Yng,winter,noon,Erin_Nitida5_ACi_25_07_23,7,821.5,0,40.1,0.0964,289.0,0,0,0.0,0.0,0.0,0.0,0.0,0.0,0.0,0.0,-1,0.87,0.92,10,0.875,0.031,0.0,0.0,0.0,0.0,0.5,0.0,1.19,1.19,24.18,2,4.64,1,9.29,20.81,24.18,19.99,994.53,973.86,18.23,18.812,72.29,74.6,399.7,1500,423,97.84,15.5,-0.594,0.614,0.00451,0.679,0.00385,0.2,-1.36,7.36,1.0,0.0,0.16,111115,,,,,,,,,,,,,,,,,,,,,,,,,,,,,,,,,,,,,,,,,,,,,,,,,,,,,,,,,,,,,,,,,,,,,,,,,,,,,,,,,,,,,,,,,,,,,,,,,,,,,,,,,,,,,,,,,,,,,,,,,,,,,,,,,,,,,,,,,,,,
2023-07-25 14:14:00,ACi,Nit-S,5,Yng,winter,noon,Erin_Nitida5_ACi_25_07_23,8,962.5,0,16.9,0.09,426.0,0,0,0.0,0.0,0.0,0.0,0.0,0.0,0.0,0.0,-1,0.87,0.92,10,0.875,0.014,0.0,0.0,0.0,0.0,0.5,0.0,1.11,1.19,24.25,2,4.64,1,9.29,20.81,24.25,19.99,749.72,740.86,18.401,18.946,72.96,75.12,399.7,1500,410,97.83,11.7,-0.588,0.0603,0.00152,0.0758,0.00183,1.0,-1.36,7.36,1.0,0.0,0.16,111115,,,,,,,,,,,,,,,,,,,,,,,,,,,,,,,,,,,,,,,,,,,,,,,,,,,,,,,,,,,,,,,,,,,,,,,,,,,,,,,,,,,,,,,,,,,,,,,,,,,,,,,,,,,,,,,,,,,,,,,,,,,,,,,,,,,,,,,,,,,,
2023-07-25 14:17:00,ACi,Nit-S,5,Yng,winter,noon,Erin_Nitida5_ACi_25_07_23,9,1104.5,0,10.1,0.198,402.0,0,0,0.0,0.0,0.0,0.0,0.0,0.0,0.0,0.0,-1,0.87,0.92,10,0.875,0.008,0.0,0.0,0.0,0.0,0.5,0.0,2.8,1.38,24.27,2,4.64,1,9.29,20.8,24.27,19.99,500.54,494.82,15.656,17.031,62.12,67.58,399.7,1499,401,97.82,7.14,-0.541,0.119,0.0225,0.0775,0.0222,0.0,-1.36,7.36,1.0,0.0,0.16,111115,,,,,,,,,,,,,,,,,,,,,,,,,,,,,,,,,,,,,,,,,,,,,,,,,,,,,,,,,,,,,,,,,,,,,,,,,,,,,,,,,,,,,,,,,,,,,,,,,,,,,,,,,,,,,,,,,,,,,,,,,,,,,,,,,,,,,,,,,,,,
2023-07-25 14:19:00,ACi,Nit-S,5,Yng,winter,noon,Erin_Nitida5_ACi_25_07_23,10,1246.5,0,9.36,0.107,266.0,0,0,0.0,0.0,0.0,0.0,0.0,0.0,0.0,0.0,-1,0.87,0.92,10,0.875,0.008,0.0,0.0,0.0,0.0,0.5,0.0,1.61,1.45,24.37,2,4.64,1,9.29,20.86,24.37,19.99,419.99,414.97,15.741,16.531,62.23,65.35,399.8,1498,392,97.82,5.87,-0.54,0.0457,0.000844,0.0786,0.000515,0.2,-1.36,7.36,1.0,0.0,0.16,111115,,,,,,,,,,,,,,,,,,,,,,,,,,,,,,,,,,,,,,,,,,,,,,,,,,,,,,,,,,,,,,,,,,,,,,,,,,,,,,,,,,,,,,,,,,,,,,,,,,,,,,,,,,,,,,,,,,,,,,,,,,,,,,,,,,,,,,,,,,,,
2023-06-26 10:13:00,ACi,Nit-S,5,Yng,winter,morning,Erin_Nitida5_ACi_26_06_23,1,125.5,0,9.83,0.135,290.0,0,0,0.0,0.0,0.0,0.0,0.0,0.0,0.0,0.0,-1,0.87,0.92,10,0.875,0.008,0.0,0.0,0.0,0.0,0.5,0.0,1.67,1.2,19.07,2,4.64,1,9.29,19.14,19.07,20.03,419.89,414.63,9.49,10.315,41.8,45.43,399.9,1500,167,97.97,6.15,-0.376,0.119,0.00396,0.161,0.00474,1.0,-1.36,7.36,1.0,0.0,0.16,111115,,,,,,,,,,,,,,,,,,,,,,,,,,,,,,,,,,,,,,,,,,,,,,,,,,,,,,,,,,,,,,,,,,,,,,,,,,,,,,,,,,,,,,,,,,,,,,,,,,,,,,,,,,,,,,,,,,,,,,,,,,,,,,,,,,,,,,,,,,,,
2023-06-26 10:15:00,ACi,Nit-S,5,Yng,winter,morning,Erin_Nitida5_ACi_26_06_23,2,267.5,0,9.69,0.141,228.0,0,0,0.0,0.0,0.0,0.0,0.0,0.0,0.0,0.0,-1,0.87,0.92,10,0.875,0.008,0.0,0.0,0.0,0.0,0.5,0.0,1.75,1.22,19.37,2,4.64,1,9.29,19.25,19.37,20.04,350.41,345.26,9.722,10.59,42.53,46.32,399.9,1498,411,97.96,5.12,-0.39,0.0372,0.00827,0.0527,0.00826,0.8,-1.36,7.36,1.0,0.0,0.16,111115,,,,,,,,,,,,,,,,,,,,,,,,,,,,,,,,,,,,,,,,,,,,,,,,,,,,,,,,,,,,,,,,,,,,,,,,,,,,,,,,,,,,,,,,,,,,,,,,,,,,,,,,,,,,,,,,,,,,,,,,,,,,,,,,,,,,,,,,,,,,
2023-06-26 10:17:00,ACi,Nit-S,5,Yng,winter,morning,Erin_Nitida5_ACi_26_06_23,3,367.5,0,6.12,0.148,176.0,0,0,0.0,0.0,0.0,0.0,0.0,0.0,0.0,0.0,-1,0.87,0.92,10,0.875,0.005,0.0,0.0,0.0,0.0,0.5,0.0,1.87,1.23,19.56,2,4.64,1,9.29,19.28,19.56,20.03,250.32,247.03,9.807,10.731,42.82,46.85,399.9,1501,203,97.96,3.63,-0.392,0.178,0.00191,0.195,0.00191,1.0,-1.36,7.36,1.0,0.0,0.16,111115,,,,,,,,,,,,,,,,,,,,,,,,,,,,,,,,,,,,,,,,,,,,,,,,,,,,,,,,,,,,,,,,,,,,,,,,,,,,,,,,,,,,,,,,,,,,,,,,,,,,,,,,,,,,,,,,,,,,,,,,,,,,,,,,,,,,,,,,,,,,
2023-06-26 10:19:00,ACi,Nit-S,5,Yng,winter,morning,Erin_Nitida5_ACi_26_06_23,4,509.5,0,2.76,0.148,116.0,0,0,0.0,0.0,0.0,0.0,0.0,0.0,0.0,0.0,-1,0.87,0.92,10,0.875,0.003,0.0,0.0,0.0,0.0,0.5,0.0,1.87,1.24,19.75,2,4.64,1,9.29,19.37,19.75,20.04,150.74,149.22,10.04,10.967,43.56,47.58,399.9,1500,449,97.94,2.18,-0.405,0.0891,0.00628,0.0994,0.006,0.2,-1.36,7.36,1.0,0.0,0.16,111115,,,,,,,,,,,,,,,,,,,,,,,,,,,,,,,,,,,,,,,,,,,,,,,,,,,,,,,,,,,,,,,,,,,,,,,,,,,,,,,,,,,,,,,,,,,,,,,,,,,,,,,,,,,,,,,,,,,,,,,,,,,,,,,,,,,,,,,,,,,,
2023-06-26 10:21:00,ACi,Nit-S,5,Yng,winter,morning,Erin_Nitida5_ACi_26_06_23,5,623.5,0,1.49,0.152,81.2,0,0,0.0,0.0,0.0,0.0,0.0,0.0,0.0,0.0,-1,0.87,0.92,10,0.875,0.002,0.0,0.0,0.0,0.0,0.5,0.0,1.93,1.24,19.96,2,4.64,1,9.29,19.46,19.96,20.03,99.81,98.96,10.242,11.197,44.22,48.34,399.9,1499,433,97.95,1.39,-0.414,0.0977,0.00104,0.115,0.00132,1.0,-1.36,7.36,1.0,0.0,0.16,111115,,,,,,,,,,,,,,,,,,,,,,,,,,,,,,,,,,,,,,,,,,,,,,,,,,,,,,,,,,,,,,,,,,,,,,,,,,,,,,,,,,,,,,,,,,,,,,,,,,,,,,,,,,,,,,,,,,,,,,,,,,,,,,,,,,,,,,,,,,,,
2023-06-26 10:24:00,ACi,Nit-S,5,Yng,winter,morning,Erin_Nitida5_ACi_26_06_23,6,765.5,0,-0.277,0.159,57.5,0,0,0.0,0.0,0.0,0.0,0.0,0.0,0.0,0.0,-1,0.87,0.92,10,0.875,0.001,0.0,0.0,0.0,0.0,0.5,0.0,2.01,1.24,20.06,2,4.64,1,9.29,19.52,20.06,20.03,55.74,55.82,10.43,11.421,44.86,49.13,399.9,1500,280,97.95,0.79,-0.419,0.0364,0.00115,0.052,0.00148,0.5,-1.36,7.36,1.0,0.0,0.16,111135,,,,,,,,,,,,,,,,,,,,,,,,,,,,,,,,,,,,,,,,,,,,,,,,,,,,,,,,,,,,,,,,,,,,,,,,,,,,,,,,,,,,,,,,,,,,,,,,,,,,,,,,,,,,,,,,,,,,,,,,,,,,,,,,,,,,,,,,,,,,
2023-06-26 10:26:00,ACi,Nit-S,5,Yng,winter,morning,Erin_Nitida5_ACi_26_06_23,7,907.5,0,17.2,0.161,798.0,0,0,0.0,0.0,0.0,0.0,0.0,0.0,0.0,0.0,-1,0.87,0.92,10,0.875,0.014,0.0,0.0,0.0,0.0,0.5,0.0,2.0,1.22,19.97,2,4.64,1,9.29,19.48,19.97,20.03,999.66,990.06,10.497,11.486,45.25,49.52,399.9,1501,520,97.94,16.3,-0.415,0.0952,0.00674,0.108,0.00623,0.2,-1.36,7.36,1.0,0.0,0.16,111115,,,,,,,,,,,,,,,,,,,,,,,,,,,,,,,,,,,,,,,,,,,,,,,,,,,,,,,,,,,,,,,,,,,,,,,,,,,,,,,,,,,,,,,,,,,,,,,,,,,,,,,,,,,,,,,,,,,,,,,,,,,,,,,,,,,,,,,,,,,,
2023-06-26 10:28:00,ACi,Nit-S,5,Yng,winter,morning,Erin_Nitida5_ACi_26_06_23,8,1049.5,0,15.9,0.161,568.0,0,0,0.0,0.0,0.0,0.0,0.0,0.0,0.0,0.0,-1,0.87,0.92,10,0.875,0.013,0.0,0.0,0.0,0.0,0.5,0.0,2.0,1.22,20.12,2,4.64,1,9.29,19.56,20.12,20.03,749.74,741.04,10.733,11.724,46.04,50.29,399.9,1500,375,97.95,12.1,-0.426,0.0198,0.00557,0.032,0.00567,0.2,-1.36,7.36,1.0,0.0,0.16,111115,,,,,,,,,,,,,,,,,,,,,,,,,,,,,,,,,,,,,,,,,,,,,,,,,,,,,,,,,,,,,,,,,,,,,,,,,,,,,,,,,,,,,,,,,,,,,,,,,,,,,,,,,,,,,,,,,,,,,,,,,,,,,,,,,,,,,,,,,,,,
2023-06-26 10:30:00,ACi,Nit-S,5,Yng,winter,morning,Erin_Nitida5_ACi_26_06_23,9,1158.5,0,13.0,0.155,348.0,0,0,0.0,0.0,0.0,0.0,0.0,0.0,0.0,0.0,-1,0.87,0.92,10,0.875,0.011,0.0,0.0,0.0,0.0,0.5,0.0,1.94,1.22,20.29,2,4.64,1,9.29,19.61,20.29,20.03,499.82,492.84,10.951,11.91,46.82,50.92,399.9,1499,635,97.95,7.88,-0.435,0.176,0.00411,0.116,0.00335,1.0,-1.36,7.36,1.0,0.0,0.16,111115,,2.0,0.0962792,,2.0,6.36278,,2.0,6.83651,,2.0,0.835729,,2.0,0.153724,0.66593,1.43605,-0.0318748,0.0322907,-486.208,-13.7467,16.0766,390.62,394.745,0.0,1.0,454.539,11.0441,11.1674,0.0,1.0,288.376,286.726,98111.0,1.18711,1011.41,0.0242974,0.129292,0.00819079,1083.84,1550.39,0.00689978,69.9076,466.549,281.309,-2.20194,-7.03331,-0.225426,7.3683,-4.62587e-14,-0.0302432,7.36836,20.3322,319.154,252.417,,,0.594241,10.6866,-764.396,-0.00697282,0.266246,0.0331123,0.0,34.5759,-5.24703,11.8688,29.555,45.0732,63.2158,94.7089,-0.396471,1.05731,24.1388,1.11811,48.5196,1.78003,-7.6611,1.72358,1.091,1.78003,800000099.0,800100099.0,800000099.0,800100099.0,800000099.0,800000099.0,800000199.0,810000199.0,80000.0,80000.0,80.0,81.0,11.0,5.0,0.0,47.0,73.0,15.0,8.15103,11.027,2.1952,0.0316527,0.00097256,20.7804,0.0201046,-0.0076611,1.091,13.7302,13.1831,13.2911,245.561,34.6102,0.412021,0.0283665,0.0682804,-8.36917,286.538,286.56,98102.6,69.9076,284.258,284.297,-2.95483,9.55626,10.7493,-7.67228,-8.80965,-6.09201,-9.6528,0.0,10.15278,0.004064,174600.0,4.064,1.0,,0.963056613543874,,0.0
2023-06-26 10:33:00,ACi,Nit-S,5,Yng,winter,morning,Erin_Nitida5_ACi_26_06_23,10,1298.5,0,11.5,0.148,281.0,0,0,0.0,0.0,0.0,0.0,0.0,0.0,0.0,0.0,-1,0.87,0.92,10,0.875,0.01,0.0,0.0,0.0,0.0,0.5,0.0,1.84,1.22,20.39,2,4.64,1,9.29,19.63,20.39,20.03,420.15,414.03,11.189,12.1,47.76,51.65,399.8,1499,627,97.93,6.55,-0.443,0.0716,0.0044,0.0658,0.00452,1.0,-1.36,7.36,1.0,0.0,0.16,111115,,,,,,,,,,,,,,,,,,,,,,,,,,,,,,,,,,,,,,,,,,,,,,,,,,,,,,,,,,,,,,,,,,,,,,,,,,,,,,,,,,,,,,,,,,,,,,,,,,,,,,,,,,,,,,,,,,,,,,,,,,,,,,,,,,,,,,,,,,,,
2023-06-16 12:07:00,ACi,Rep-S,1,Yng,winter,noon,Erin_Reps1_ACi_16_06_23,1,117.0,0,9.79,0.061,146.0,0,0,0.0,0.0,0.0,0.0,0.0,0.0,0.0,0.0,-1,0.87,0.92,10,0.875,0.008,0.0,0.0,0.0,0.0,0.5,0.0,1.35,2.14,20.36,2,4.64,1,9.29,19.78,20.36,20.01,420.06,414.88,1.994,2.665,8.41,11.24,399.8,1501,329,97.63,4.37,0.0897,0.0909,0.00145,0.109,0.00218,1.0,-1.36,7.36,1.0,0.0,0.16,111115,,,,,,,,,,,,,,,,,,,,,,,,,,,,,,,,,,,,,,,,,,,,,,,,,,,,,,,,,,,,,,,,,,,,,,,,,,,,,,,,,,,,,,,,,,,,,,,,,,,,,,,,,,,,,,,,,,,,,,,,,,,,,,,,,,,,,,,,,,,,
2023-06-16 12:09:00,ACi,Rep-S,1,Yng,winter,noon,Erin_Reps1_ACi_16_06_23,2,225.5,0,7.28,0.0615,147.0,0,0,0.0,0.0,0.0,0.0,0.0,0.0,0.0,0.0,-1,0.87,0.92,10,0.875,0.006,0.0,0.0,0.0,0.0,0.5,0.0,1.36,2.14,20.4,2,4.64,1,9.29,19.8,20.4,20.02,350.2,346.32,2.016,2.695,8.5,11.35,399.8,1500,394,97.62,3.51,0.0893,0.046,0.00269,0.05,0.0032,1.0,-1.36,7.36,1.0,0.0,0.16,111115,,,,,,,,,,,,,,,,,,,,,,,,,,,,,,,,,,,,,,,,,,,,,,,,,,,,,,,,,,,,,,,,,,,,,,,,,,,,,,,,,,,,,,,,,,,,,,,,,,,,,,,,,,,,,,,,,,,,,,,,,,,,,,,,,,,,,,,,,,,,
2023-06-16 12:11:00,ACi,Rep-S,1,Yng,winter,noon,Erin_Reps1_ACi_16_06_23,3,361.5,0,4.82,0.0628,117.0,0,0,0.0,0.0,0.0,0.0,0.0,0.0,0.0,0.0,-1,0.87,0.92,10,0.875,0.004,0.0,0.0,0.0,0.0,0.5,0.0,1.41,2.17,20.67,2,4.64,1,9.29,19.89,20.67,20.01,250.05,247.47,2.104,2.806,8.82,11.75,399.8,1499,333,97.62,2.32,0.0865,0.0105,0.00317,0.0204,0.00264,1.0,-1.36,7.36,1.0,0.0,0.16,111115,,,,,,,,,,,,,,,,,,,,,,,,,,,,,,,,,,,,,,,,,,,,,,,,,,,,,,,,,,,,,,,,,,,,,,,,,,,,,,,,,,,,,,,,,,,,,,,,,,,,,,,,,,,,,,,,,,,,,,,,,,,,,,,,,,,,,,,,,,,,
2023-06-16 12:13:00,ACi,Rep-S,1,Yng,winter,noon,Erin_Reps1_ACi_16_06_23,4,470.5,0,2.34,0.0633,84.9,0,0,0.0,0.0,0.0,0.0,0.0,0.0,0.0,0.0,-1,0.87,0.92,10,0.875,0.003,0.0,0.0,0.0,0.0,0.5,0.0,1.42,2.18,20.76,2,4.64,1,9.29,19.92,20.76,20.01,149.75,148.47,2.173,2.882,9.08,12.05,399.8,1498,308,97.61,1.09,0.0848,0.0471,0.00136,0.0654,0.00161,1.0,-1.36,7.36,1.0,0.0,0.16,111115,,,,,,,,,,,,,,,,,,,,,,,,,,,,,,,,,,,,,,,,,,,,,,,,,,,,,,,,,,,,,,,,,,,,,,,,,,,,,,,,,,,,,,,,,,,,,,,,,,,,,,,,,,,,,,,,,,,,,,,,,,,,,,,,,,,,,,,,,,,,
2023-06-16 12:15:00,ACi,Rep-S,1,Yng,winter,noon,Erin_Reps1_ACi_16_06_23,5,570.5,0,1.21,0.0629,65.4,0,0,0.0,0.0,0.0,0.0,0.0,0.0,0.0,0.0,-1,0.87,0.92,10,0.875,0.002,0.0,0.0,0.0,0.0,0.5,0.0,1.41,2.17,20.77,2,4.64,1,9.29,19.92,20.77,20.01,99.94,99.26,2.23,2.934,9.32,12.27,399.8,1498,377,97.61,0.497,0.083,0.0139,0.00285,0.021,0.00337,1.0,-1.36,7.36,1.0,0.0,0.16,111115,,,,,,,,,,,,,,,,,,,,,,,,,,,,,,,,,,,,,,,,,,,,,,,,,,,,,,,,,,,,,,,,,,,,,,,,,,,,,,,,,,,,,,,,,,,,,,,,,,,,,,,,,,,,,,,,,,,,,,,,,,,,,,,,,,,,,,,,,,,,
2023-06-16 12:16:00,ACi,Rep-S,1,Yng,winter,noon,Erin_Reps1_ACi_16_06_23,6,656.5,0,-0.358,0.0629,58.4,0,0,0.0,0.0,0.0,0.0,0.0,0.0,0.0,0.0,-1,0.87,0.92,10,0.875,0.0,0.0,0.0,0.0,0.0,0.5,0.0,1.42,2.18,20.86,2,4.64,1,9.29,19.95,20.86,20.01,51.12,51.27,2.285,2.992,9.53,12.48,399.8,1501,397,97.6,-0.204,0.0801,0.0479,0.00223,0.0465,0.00261,1.0,-1.36,7.36,1.0,0.0,0.16,111135,,,,,,,,,,,,,,,,,,,,,,,,,,,,,,,,,,,,,,,,,,,,,,,,,,,,,,,,,,,,,,,,,,,,,,,,,,,,,,,,,,,,,,,,,,,,,,,,,,,,,,,,,,,,,,,,,,,,,,,,,,,,,,,,,,,,,,,,,,,,
2023-06-16 12:18:00,ACi,Rep-S,1,Yng,winter,noon,Erin_Reps1_ACi_16_06_23,7,797.5,0,16.7,0.0624,529.0,0,0,0.0,0.0,0.0,0.0,0.0,0.0,0.0,0.0,-1,0.87,0.92,10,0.875,0.014,0.0,0.0,0.0,0.0,0.5,0.0,1.41,2.19,20.94,2,4.64,1,9.29,19.97,20.94,20.01,997.12,988.05,2.383,3.085,9.93,12.85,399.8,1500,399,97.6,12.4,0.0822,0.445,0.00278,0.489,0.00265,0.2,-1.36,7.36,1.0,0.0,0.16,111115,,,,,,,,,,,,,,,,,,,,,,,,,,,,,,,,,,,,,,,,,,,,,,,,,,,,,,,,,,,,,,,,,,,,,,,,,,,,,,,,,,,,,,,,,,,,,,,,,,,,,,,,,,,,,,,,,,,,,,,,,,,,,,,,,,,,,,,,,,,,
2023-06-16 12:21:00,ACi,Rep-S,1,Yng,winter,noon,Erin_Reps1_ACi_16_06_23,8,938.5,0,12.2,0.0621,406.0,0,0,0.0,0.0,0.0,0.0,0.0,0.0,0.0,0.0,-1,0.87,0.92,10,0.875,0.01,0.0,0.0,0.0,0.0,0.5,0.0,1.4,2.18,20.95,2,4.64,1,9.29,19.97,20.95,20.01,750.15,743.52,2.453,3.15,10.22,13.13,399.8,1500,364,97.6,8.96,0.0807,0.039,0.00205,0.0253,0.00208,0.8,-1.36,7.36,1.0,0.0,0.16,111115,,,,,,,,,,,,,,,,,,,,,,,,,,,,,,,,,,,,,,,,,,,,,,,,,,,,,,,,,,,,,,,,,,,,,,,,,,,,,,,,,,,,,,,,,,,,,,,,,,,,,,,,,,,,,,,,,,,,,,,,,,,,,,,,,,,,,,,,,,,,
2023-06-16 12:23:00,ACi,Rep-S,1,Yng,winter,noon,Erin_Reps1_ACi_16_06_23,9,1079.5,0,9.65,0.0612,228.0,0,0,0.0,0.0,0.0,0.0,0.0,0.0,0.0,0.0,-1,0.87,0.92,10,0.875,0.008,0.0,0.0,0.0,0.0,0.5,0.0,1.38,2.19,21.05,2,4.64,1,9.29,20.03,21.05,20.01,500.11,494.94,2.572,3.261,10.68,13.53,399.8,1500,407,97.59,5.59,0.078,0.0207,0.00212,0.015,0.00216,0.2,-1.36,7.36,1.0,0.0,0.16,111115,,,,,,,,,,,,,,,,,,,,,,,,,,,,,,,,,,,,,,,,,,,,,,,,,,,,,,,,,,,,,,,,,,,,,,,,,,,,,,,,,,,,,,,,,,,,,,,,,,,,,,,,,,,,,,,,,,,,,,,,,,,,,,,,,,,,,,,,,,,,
2023-06-16 12:25:00,ACi,Rep-S,1,Yng,winter,noon,Erin_Reps1_ACi_16_06_23,10,1203.5,0,9.19,0.0603,160.0,0,0,0.0,0.0,0.0,0.0,0.0,0.0,0.0,0.0,-1,0.87,0.92,10,0.875,0.008,0.0,0.0,0.0,0.0,0.5,0.0,1.37,2.2,21.22,2,4.64,1,9.29,20.09,21.22,20.01,420.08,415.2,2.678,3.362,11.07,13.9,399.8,1499,370,97.58,4.61,0.0775,0.0569,0.00279,0.0189,0.00311,1.0,-1.36,7.36,1.0,0.0,0.16,111115,,,,,,,,,,,,,,,,,,,,,,,,,,,,,,,,,,,,,,,,,,,,,,,,,,,,,,,,,,,,,,,,,,,,,,,,,,,,,,,,,,,,,,,,,,,,,,,,,,,,,,,,,,,,,,,,,,,,,,,,,,,,,,,,,,,,,,,,,,,,
2023-08-16 11:27:00,ACi,Rep-S,1,Yng,winter,morning,Erin_Reps1_ACi_16_08_23,1,177.0,0,47.3,0.0734,-639.0,0,0,0.0,0.0,0.0,0.0,0.0,0.0,0.0,0.0,-1,0.87,0.92,10,0.875,0.037,0.0,0.0,0.0,0.0,0.5,0.0,1.16,1.51,23.42,2,4.64,1,9.29,20.89,23.42,20.0,420.22,396.31,13.569,14.14,53.35,55.59,399.7,1500,1214,97.45,-7.3,-1.51,77.9,1.62,86.6,0.572,1.0,-1.36,7.36,1.0,0.0,0.16,111115,,,,,,,,,,,,,,,,,,,,,,,,,,,,,,,,,,,,,,,,,,,,,,,,,,,,,,,,,,,,,,,,,,,,,,,,,,,,,,,,,,,,,,,,,,,,,,,,,,,,,,,,,,,,,,,,,,,,,,,,,,,,,,,,,,,,,,,,,,,,
2023-08-16 11:28:00,ACi,Rep-S,1,Yng,winter,morning,Erin_Reps1_ACi_16_08_23,2,271.0,0,13.5,0.223,188.0,0,0,0.0,0.0,0.0,0.0,0.0,0.0,0.0,0.0,-1,0.87,0.92,10,0.875,0.011,0.0,0.0,0.0,0.0,0.5,0.0,3.25,1.42,23.45,2,4.64,1,9.29,20.92,23.45,20.0,300.1,292.86,13.558,15.159,53.2,59.48,399.7,1500,1208,97.44,4.58,-0.519,0.0159,0.00136,0.0186,0.000561,1.0,-1.36,7.36,1.0,0.0,0.16,111115,,,,,,,,,,,,,,,,,,,,,,,,,,,,,,,,,,,,,,,,,,,,,,,,,,,,,,,,,,,,,,,,,,,,,,,,,,,,,,,,,,,,,,,,,,,,,,,,,,,,,,,,,,,,,,,,,,,,,,,,,,,,,,,,,,,,,,,,,,,,
2023-08-16 11:31:00,ACi,Rep-S,1,Yng,winter,morning,Erin_Reps1_ACi_16_08_23,3,412.0,0,10.9,0.226,160.0,0,0,0.0,0.0,0.0,0.0,0.0,0.0,0.0,0.0,-1,0.87,0.92,10,0.875,0.009,0.0,0.0,0.0,0.0,0.5,0.0,3.34,1.44,23.54,2,4.64,1,9.29,20.95,23.54,20.0,250.16,244.28,13.486,15.129,52.81,59.24,399.7,1499,1214,97.45,3.8,-0.515,0.0482,0.000518,0.0367,0.00051,1.0,-1.36,7.36,1.0,0.0,0.16,111115,,,,,,,,,,,,,,,,,,,,,,,,,,,,,,,,,,,,,,,,,,,,,,,,,,,,,,,,,,,,,,,,,,,,,,,,,,,,,,,,,,,,,,,,,,,,,,,,,,,,,,,,,,,,,,,,,,,,,,,,,,,,,,,,,,,,,,,,,,,,
2023-08-16 11:33:00,ACi,Rep-S,1,Yng,winter,morning,Erin_Reps1_ACi_16_08_23,4,545.0,0,5.3,0.228,106.0,0,0,0.0,0.0,0.0,0.0,0.0,0.0,0.0,0.0,-1,0.87,0.92,10,0.875,0.005,0.0,0.0,0.0,0.0,0.5,0.0,3.43,1.47,23.72,2,4.64,1,9.29,21.02,23.72,19.99,149.88,146.98,13.454,15.144,52.46,59.05,399.7,1501,1224,97.44,2.2,-0.515,0.0427,0.000783,0.0595,0.00145,1.0,-1.36,7.36,1.0,0.0,0.16,111115,,,,,,,,,,,,,,,,,,,,,,,,,,,,,,,,,,,,,,,,,,,,,,,,,,,,,,,,,,,,,,,,,,,,,,,,,,,,,,,,,,,,,,,,,,,,,,,,,,,,,,,,,,,,,,,,,,,,,,,,,,,,,,,,,,,,,,,,,,,,
2023-08-16 11:35:00,ACi,Rep-S,1,Yng,winter,morning,Erin_Reps1_ACi_16_08_23,5,665.0,0,2.77,0.228,76.5,0,0,0.0,0.0,0.0,0.0,0.0,0.0,0.0,0.0,-1,0.87,0.92,10,0.875,0.003,0.0,0.0,0.0,0.0,0.5,0.0,3.45,1.48,23.78,2,4.64,1,9.29,21.03,23.78,19.99,100.02,98.46,13.46,15.163,52.45,59.09,399.7,1501,1226,97.45,1.38,-0.516,0.0451,0.000605,0.0237,0.00102,1.0,-1.36,7.36,1.0,0.0,0.16,111115,,,,,,,,,,,,,,,,,,,,,,,,,,,,,,,,,,,,,,,,,,,,,,,,,,,,,,,,,,,,,,,,,,,,,,,,,,,,,,,,,,,,,,,,,,,,,,,,,,,,,,,,,,,,,,,,,,,,,,,,,,,,,,,,,,,,,,,,,,,,
2023-08-16 11:37:00,ACi,Rep-S,1,Yng,winter,morning,Erin_Reps1_ACi_16_08_23,6,807.0,0,0.131,0.229,52.9,0,0,0.0,0.0,0.0,0.0,0.0,0.0,0.0,0.0,-1,0.87,0.92,10,0.875,0.001,0.0,0.0,0.0,0.0,0.5,0.0,3.48,1.48,23.78,2,4.64,1,9.29,21.03,23.78,19.99,55.33,55.17,13.422,15.137,52.31,58.99,399.7,1501,1238,97.45,0.665,-0.512,0.0184,0.000878,0.024,0.00086,0.5,-1.36,7.36,1.0,0.0,0.16,111135,,,,,,,,,,,,,,,,,,,,,,,,,,,,,,,,,,,,,,,,,,,,,,,,,,,,,,,,,,,,,,,,,,,,,,,,,,,,,,,,,,,,,,,,,,,,,,,,,,,,,,,,,,,,,,,,,,,,,,,,,,,,,,,,,,,,,,,,,,,,
2023-08-16 11:40:00,ACi,Rep-S,1,Yng,winter,morning,Erin_Reps1_ACi_16_08_23,7,949.0,0,35.3,0.228,704.0,0,0,0.0,0.0,0.0,0.0,0.0,0.0,0.0,0.0,-1,0.87,0.92,10,0.875,0.028,0.0,0.0,0.0,0.0,0.5,0.0,3.47,1.48,23.79,2,4.64,1,9.29,21.06,23.79,19.99,997.36,978.02,13.405,15.114,52.14,58.78,399.7,1501,1242,97.44,16.6,-0.504,0.155,0.000505,0.134,0.00102,0.2,-1.36,7.36,1.0,0.0,0.16,111115,,,,,,,,,,,,,,,,,,,,,,,,,,,,,,,,,,,,,,,,,,,,,,,,,,,,,,,,,,,,,,,,,,,,,,,,,,,,,,,,,,,,,,,,,,,,,,,,,,,,,,,,,,,,,,,,,,,,,,,,,,,,,,,,,,,,,,,,,,,,
2023-08-16 11:42:00,ACi,Rep-S,1,Yng,winter,morning,Erin_Reps1_ACi_16_08_23,8,1087.0,0,28.0,0.225,515.0,0,0,0.0,0.0,0.0,0.0,0.0,0.0,0.0,0.0,-1,0.87,0.92,10,0.875,0.022,0.0,0.0,0.0,0.0,0.5,0.0,3.45,1.49,23.85,2,4.64,1,9.29,21.09,23.85,19.99,749.9,734.6,13.421,15.122,52.09,58.69,399.7,1500,1244,97.44,12.4,-0.502,0.0167,0.000825,0.0232,0.00142,1.0,-1.36,7.36,1.0,0.0,0.16,111115,,,,,,,,,,,,,,,,,,,,,,,,,,,,,,,,,,,,,,,,,,,,,,,,,,,,,,,,,,,,,,,,,,,,,,,,,,,,,,,,,,,,,,,,,,,,,,,,,,,,,,,,,,,,,,,,,,,,,,,,,,,,,,,,,,,,,,,,,,,,
2023-08-16 11:44:00,ACi,Rep-S,1,Yng,winter,morning,Erin_Reps1_ACi_16_08_23,9,1229.0,0,22.5,0.22,311.0,0,0,0.0,0.0,0.0,0.0,0.0,0.0,0.0,0.0,-1,0.87,0.92,10,0.875,0.018,0.0,0.0,0.0,0.0,0.5,0.0,3.39,1.51,23.88,2,4.64,1,9.29,21.08,23.88,19.99,500.05,487.96,13.392,15.064,52.04,58.53,399.7,1501,1244,97.45,8.06,-0.499,0.0495,0.00149,0.0344,0.00092,0.5,-1.36,7.36,1.0,0.0,0.16,111115,,,,,,,,,,,,,,,,,,,,,,,,,,,,,,,,,,,,,,,,,,,,,,,,,,,,,,,,,,,,,,,,,,,,,,,,,,,,,,,,,,,,,,,,,,,,,,,,,,,,,,,,,,,,,,,,,,,,,,,,,,,,,,,,,,,,,,,,,,,,
2023-08-16 11:46:00,ACi,Rep-S,1,Yng,winter,morning,Erin_Reps1_ACi_16_08_23,10,1345.0,0,19.5,0.215,254.0,0,0,0.0,0.0,0.0,0.0,0.0,0.0,0.0,0.0,-1,0.87,0.92,10,0.875,0.016,0.0,0.0,0.0,0.0,0.5,0.0,3.35,1.51,23.91,2,4.64,1,9.29,21.08,23.91,19.99,419.92,409.5,13.382,15.031,52.01,58.42,399.7,1501,1252,97.46,6.67,-0.496,0.0398,0.00181,0.0354,0.000283,1.0,-1.36,7.36,1.0,0.0,0.16,111115,,,,,,,,,,,,,,,,,,,,,,,,,,,,,,,,,,,,,,,,,,,,,,,,,,,,,,,,,,,,,,,,,,,,,,,,,,,,,,,,,,,,,,,,,,,,,,,,,,,,,,,,,,,,,,,,,,,,,,,,,,,,,,,,,,,,,,,,,,,,
2023-07-25 10:41:00,ACi,Rep-S,1,Yng,winter,morning,Erin_Reps1_ACi_25_07_23,1,230.5,0,16.3,0.207,275.0,0,0,0.0,0.0,0.0,0.0,0.0,0.0,0.0,0.0,-1,0.87,0.92,10,0.875,0.013,0.0,0.0,0.0,0.0,0.5,0.0,3.05,1.44,22.06,2,4.64,1,9.29,20.33,22.06,20.02,420.04,411.24,10.91,12.414,44.69,50.85,399.8,1499,1226,98.11,7.09,-0.425,0.0358,0.0092,0.0404,0.00965,1.0,-1.36,7.36,1.0,0.0,0.16,111115,,,,,,,,,,,,,,,,,,,,,,,,,,,,,,,,,,,,,,,,,,,,,,,,,,,,,,,,,,,,,,,,,,,,,,,,,,,,,,,,,,,,,,,,,,,,,,,,,,,,,,,,,,,,,,,,,,,,,,,,,,,,,,,,,,,,,,,,,,,,
2023-07-25 10:44:00,ACi,Rep-S,1,Yng,winter,morning,Erin_Reps1_ACi_25_07_23,2,372.5,0,11.7,0.211,197.0,0,0,0.0,0.0,0.0,0.0,0.0,0.0,0.0,0.0,-1,0.87,0.92,10,0.875,0.01,0.0,0.0,0.0,0.0,0.5,0.0,3.1,1.45,22.16,2,4.64,1,9.29,20.35,22.16,20.02,300.19,293.86,11.025,12.559,45.1,51.37,399.8,1499,1235,98.1,5.06,-0.422,0.0732,0.00212,0.0609,0.00212,1.0,-1.36,7.36,1.0,0.0,0.16,111115,,,,,,,,,,,,,,,,,,,,,,,,,,,,,,,,,,,,,,,,,,,,,,,,,,,,,,,,,,,,,,,,,,,,,,,,,,,,,,,,,,,,,,,,,,,,,,,,,,,,,,,,,,,,,,,,,,,,,,,,,,,,,,,,,,,,,,,,,,,,
2023-07-25 10:46:00,ACi,Rep-S,1,Yng,winter,morning,Erin_Reps1_ACi_25_07_23,3,514.5,0,9.25,0.196,163.0,0,0,0.0,0.0,0.0,0.0,0.0,0.0,0.0,0.0,-1,0.87,0.92,10,0.875,0.008,0.0,0.0,0.0,0.0,0.5,0.0,2.85,1.43,22.26,2,4.64,1,9.29,20.38,22.26,20.01,249.87,244.9,11.527,12.932,47.06,52.79,399.8,1498,1248,98.1,4.1,-0.448,0.109,0.0142,0.104,0.0135,0.2,-1.36,7.36,1.0,0.0,0.16,111115,,,,,,,,,,,,,,,,,,,,,,,,,,,,,,,,,,,,,,,,,,,,,,,,,,,,,,,,,,,,,,,,,,,,,,,,,,,,,,,,,,,,,,,,,,,,,,,,,,,,,,,,,,,,,,,,,,,,,,,,,,,,,,,,,,,,,,,,,,,,
2023-07-25 10:48:00,ACi,Rep-S,1,Yng,winter,morning,Erin_Reps1_ACi_25_07_23,4,626.5,0,4.96,0.209,106.0,0,0,0.0,0.0,0.0,0.0,0.0,0.0,0.0,0.0,-1,0.87,0.92,10,0.875,0.005,0.0,0.0,0.0,0.0,0.5,0.0,3.06,1.44,22.4,2,4.64,1,9.29,20.42,22.4,20.01,150.09,147.38,11.556,13.066,47.07,53.22,399.8,1500,1246,98.1,2.48,-0.445,0.0318,0.0123,0.0184,0.0116,1.0,-1.36,7.36,1.0,0.0,0.16,111115,,,,,,,,,,,,,,,,,,,,,,,,,,,,,,,,,,,,,,,,,,,,,,,,,,,,,,,,,,,,,,,,,,,,,,,,,,,,,,,,,,,,,,,,,,,,,,,,,,,,,,,,,,,,,,,,,,,,,,,,,,,,,,,,,,,,,,,,,,,,
2023-07-25 10:50:00,ACi,Rep-S,1,Yng,winter,morning,Erin_Reps1_ACi_25_07_23,5,750.5,0,2.38,0.191,76.5,0,0,0.0,0.0,0.0,0.0,0.0,0.0,0.0,0.0,-1,0.87,0.92,10,0.875,0.003,0.0,0.0,0.0,0.0,0.5,0.0,2.76,1.42,22.58,2,4.64,1,9.29,20.47,22.58,20.01,100.29,98.96,12.176,13.54,49.44,54.97,399.8,1499,1260,98.1,1.72,-0.47,0.0809,0.0139,0.0744,0.0136,1.0,-1.36,7.36,1.0,0.0,0.16,111115,,,,,,,,,,,,,,,,,,,,,,,,,,,,,,,,,,,,,,,,,,,,,,,,,,,,,,,,,,,,,,,,,,,,,,,,,,,,,,,,,,,,,,,,,,,,,,,,,,,,,,,,,,,,,,,,,,,,,,,,,,,,,,,,,,,,,,,,,,,,
2023-07-25 10:52:00,ACi,Rep-S,1,Yng,winter,morning,Erin_Reps1_ACi_25_07_23,6,892.5,0,-0.303,0.187,55.5,0,0,0.0,0.0,0.0,0.0,0.0,0.0,0.0,0.0,-1,0.87,0.92,10,0.875,0.001,0.0,0.0,0.0,0.0,0.5,0.0,2.67,1.4,22.81,2,4.64,1,9.29,20.54,22.81,20.01,54.1,54.18,12.809,14.126,51.79,57.12,399.8,1498,1265,98.1,0.945,-0.492,0.0694,0.0114,0.0774,0.0114,0.5,-1.36,7.36,1.0,0.0,0.16,111135,,,,,,,,,,,,,,,,,,,,,,,,,,,,,,,,,,,,,,,,,,,,,,,,,,,,,,,,,,,,,,,,,,,,,,,,,,,,,,,,,,,,,,,,,,,,,,,,,,,,,,,,,,,,,,,,,,,,,,,,,,,,,,,,,,,,,,,,,,,,
2023-07-25 10:55:00,ACi,Rep-S,1,Yng,winter,morning,Erin_Reps1_ACi_25_07_23,7,1034.5,0,23.9,0.205,776.0,0,0,0.0,0.0,0.0,0.0,0.0,0.0,0.0,0.0,-1,0.87,0.92,10,0.875,0.019,0.0,0.0,0.0,0.0,0.5,0.0,2.96,1.41,22.82,2,4.64,1,9.29,20.57,22.82,20.01,999.2,985.8,12.562,14.022,50.68,56.57,399.8,1498,1261,98.09,17.2,-0.465,0.105,0.00918,0.12,0.00814,0.2,-1.36,7.36,1.0,0.0,0.16,111115,,,,,,,,,,,,,,,,,,,,,,,,,,,,,,,,,,,,,,,,,,,,,,,,,,,,,,,,,,,,,,,,,,,,,,,,,,,,,,,,,,,,,,,,,,,,,,,,,,,,,,,,,,,,,,,,,,,,,,,,,,,,,,,,,,,,,,,,,,,,
2023-07-25 10:57:00,ACi,Rep-S,1,Yng,winter,morning,Erin_Reps1_ACi_25_07_23,8,1171.5,0,21.6,0.189,537.0,0,0,0.0,0.0,0.0,0.0,0.0,0.0,0.0,0.0,-1,0.87,0.92,10,0.875,0.017,0.0,0.0,0.0,0.0,0.5,0.0,2.75,1.42,22.82,2,4.64,1,9.29,20.57,22.82,20.01,750.22,738.37,12.568,13.925,50.71,56.18,399.8,1498,1271,98.09,12.7,-0.473,0.0595,0.0126,0.0515,0.0131,1.0,-1.36,7.36,1.0,0.0,0.16,111115,,,,,,,,,,,,,,,,,,,,,,,,,,,,,,,,,,,,,,,,,,,,,,,,,,,,,,,,,,,,,,,,,,,,,,,,,,,,,,,,,,,,,,,,,,,,,,,,,,,,,,,,,,,,,,,,,,,,,,,,,,,,,,,,,,,,,,,,,,,,
2023-07-25 10:59:00,ACi,Rep-S,1,Yng,winter,morning,Erin_Reps1_ACi_25_07_23,9,1313.5,0,17.5,0.182,325.0,0,0,0.0,0.0,0.0,0.0,0.0,0.0,0.0,0.0,-1,0.87,0.92,10,0.875,0.014,0.0,0.0,0.0,0.0,0.5,0.0,2.59,1.39,22.96,2,4.64,1,9.29,20.59,22.96,20.0,500.11,490.72,13.196,14.475,53.18,58.33,399.8,1501,1272,98.09,8.29,-0.496,0.028,0.0113,0.0469,0.0106,0.5,-1.36,7.36,1.0,0.0,0.16,111115,,,,,,,,,,,,,,,,,,,,,,,,,,,,,,,,,,,,,,,,,,,,,,,,,,,,,,,,,,,,,,,,,,,,,,,,,,,,,,,,,,,,,,,,,,,,,,,,,,,,,,,,,,,,,,,,,,,,,,,,,,,,,,,,,,,,,,,,,,,,
2023-07-25 11:01:00,ACi,Rep-S,1,Yng,winter,morning,Erin_Reps1_ACi_25_07_23,10,1431.5,0,15.8,0.179,260.0,0,0,0.0,0.0,0.0,0.0,0.0,0.0,0.0,0.0,-1,0.87,0.92,10,0.875,0.013,0.0,0.0,0.0,0.0,0.5,0.0,2.52,1.38,23.1,2,4.64,1,9.29,20.64,23.1,20.0,419.78,411.36,13.657,14.9,54.87,59.87,399.8,1500,1262,98.08,6.83,-0.505,0.0585,0.0125,0.0315,0.011,1.0,-1.36,7.36,1.0,0.0,0.16,111115,,,,,,,,,,,,,,,,,,,,,,,,,,,,,,,,,,,,,,,,,,,,,,,,,,,,,,,,,,,,,,,,,,,,,,,,,,,,,,,,,,,,,,,,,,,,,,,,,,,,,,,,,,,,,,,,,,,,,,,,,,,,,,,,,,,,,,,,,,,,
2023-06-26 12:19:00,ACi,Rep-S,1,Yng,winter,noon,Erin_Reps1_ACi_26_06_23,1,187.5,0,12.2,0.165,287.0,0,0,0.0,0.0,0.0,0.0,0.0,0.0,0.0,0.0,-1,0.87,0.92,10,0.875,0.01,0.0,0.0,0.0,0.0,0.5,0.0,2.02,1.19,21.39,2,4.64,1,9.29,20.09,21.39,20.01,420.35,413.86,12.93,13.924,53.62,57.75,399.8,1500,508,97.84,5.8,-0.49,0.114,0.00123,0.105,0.000943,1.0,-1.36,7.36,1.0,0.0,0.16,111115,,,,,,,,,,,,,,,,,,,,,,,,,,,,,,,,,,,,,,,,,,,,,,,,,,,,,,,,,,,,,,,,,,,,,,,,,,,,,,,,,,,,,,,,,,,,,,,,,,,,,,,,,,,,,,,,,,,,,,,,,,,,,,,,,,,,,,,,,,,,
2023-06-26 12:21:00,ACi,Rep-S,1,Yng,winter,noon,Erin_Reps1_ACi_26_06_23,2,297.5,0,10.3,0.168,239.0,0,0,0.0,0.0,0.0,0.0,0.0,0.0,0.0,0.0,-1,0.87,0.92,10,0.875,0.009,0.0,0.0,0.0,0.0,0.5,0.0,2.05,1.19,21.39,2,4.64,1,9.29,20.06,21.39,20.01,350.14,344.63,12.975,13.985,53.9,58.1,399.8,1500,394,97.84,4.62,-0.494,0.0974,0.00095,0.095,0.000656,1.0,-1.36,7.36,1.0,0.0,0.16,111115,,,,,,,,,,,,,,,,,,,,,,,,,,,,,,,,,,,,,,,,,,,,,,,,,,,,,,,,,,,,,,,,,,,,,,,,,,,,,,,,,,,,,,,,,,,,,,,,,,,,,,,,,,,,,,,,,,,,,,,,,,,,,,,,,,,,,,,,,,,,
2023-06-26 12:23:00,ACi,Rep-S,1,Yng,winter,noon,Erin_Reps1_ACi_26_06_23,3,399.5,0,6.85,0.169,176.0,0,0,0.0,0.0,0.0,0.0,0.0,0.0,0.0,0.0,-1,0.87,0.92,10,0.875,0.006,0.0,0.0,0.0,0.0,0.5,0.0,2.03,1.18,21.31,2,4.64,1,9.29,20.0,21.31,20.01,249.91,246.23,12.979,13.982,54.11,58.29,399.8,1500,301,97.84,2.96,-0.494,0.097,0.000509,0.109,0.0007,1.0,-1.36,7.36,1.0,0.0,0.16,111115,,,,,,,,,,,,,,,,,,,,,,,,,,,,,,,,,,,,,,,,,,,,,,,,,,,,,,,,,,,,,,,,,,,,,,,,,,,,,,,,,,,,,,,,,,,,,,,,,,,,,,,,,,,,,,,,,,,,,,,,,,,,,,,,,,,,,,,,,,,,
2023-06-26 12:25:00,ACi,Rep-S,1,Yng,winter,noon,Erin_Reps1_ACi_26_06_23,4,504.5,0,3.54,0.169,112.0,0,0,0.0,0.0,0.0,0.0,0.0,0.0,0.0,0.0,-1,0.87,0.92,10,0.875,0.003,0.0,0.0,0.0,0.0,0.5,0.0,2.03,1.17,21.31,2,4.64,1,9.29,20.0,21.31,20.01,150.04,148.12,12.992,13.996,54.16,58.34,399.8,1500,449,97.82,1.53,-0.497,0.0226,0.0017,0.0251,0.00038,1.0,-1.36,7.36,1.0,0.0,0.16,111115,,,,,,,,,,,,,,,,,,,,,,,,,,,,,,,,,,,,,,,,,,,,,,,,,,,,,,,,,,,,,,,,,,,,,,,,,,,,,,,,,,,,,,,,,,,,,,,,,,,,,,,,,,,,,,,,,,,,,,,,,,,,,,,,,,,,,,,,,,,,
2023-06-26 12:26:00,ACi,Rep-S,1,Yng,winter,noon,Erin_Reps1_ACi_26_06_23,5,598.5,0,1.3,0.169,85.2,0,0,0.0,0.0,0.0,0.0,0.0,0.0,0.0,0.0,-1,0.87,0.92,10,0.875,0.002,0.0,0.0,0.0,0.0,0.5,0.0,2.04,1.18,21.35,2,4.64,1,9.29,20.01,21.35,20.01,100.24,99.48,13.023,14.03,54.25,58.44,399.8,1500,445,97.83,0.77,-0.5,0.0251,0.000886,0.0235,0.000683,1.0,-1.36,7.36,1.0,0.0,0.16,111115,,,,,,,,,,,,,,,,,,,,,,,,,,,,,,,,,,,,,,,,,,,,,,,,,,,,,,,,,,,,,,,,,,,,,,,,,,,,,,,,,,,,,,,,,,,,,,,,,,,,,,,,,,,,,,,,,,,,,,,,,,,,,,,,,,,,,,,,,,,,
2023-06-26 12:28:00,ACi,Rep-S,1,Yng,winter,noon,Erin_Reps1_ACi_26_06_23,6,740.5,0,0.305,0.166,53.2,0,0,0.0,0.0,0.0,0.0,0.0,0.0,0.0,0.0,-1,0.87,0.92,10,0.875,0.001,0.0,0.0,0.0,0.0,0.5,0.0,2.02,1.19,21.44,2,4.64,1,9.29,20.0,21.44,20.01,57.52,57.31,13.063,14.06,54.44,58.6,399.8,1500,443,97.81,0.0887,-0.497,0.0584,0.00262,0.0449,0.00132,0.2,-1.36,7.36,1.0,0.0,0.16,111135,,,,,,,,,,,,,,,,,,,,,,,,,,,,,,,,,,,,,,,,,,,,,,,,,,,,,,,,,,,,,,,,,,,,,,,,,,,,,,,,,,,,,,,,,,,,,,,,,,,,,,,,,,,,,,,,,,,,,,,,,,,,,,,,,,,,,,,,,,,,
2023-06-26 12:31:00,ACi,Rep-S,1,Yng,winter,noon,Erin_Reps1_ACi_26_06_23,7,882.5,0,13.8,0.161,835.0,0,0,0.0,0.0,0.0,0.0,0.0,0.0,0.0,0.0,-1,0.87,0.92,10,0.875,0.011,0.0,0.0,0.0,0.0,0.5,0.0,1.95,1.18,21.32,2,4.64,1,9.29,19.95,21.32,20.02,1000.12,992.23,12.998,13.958,54.33,58.35,399.8,1501,412,97.82,14.9,-0.487,0.0757,0.00148,0.0658,0.00206,0.2,-1.36,7.36,1.0,0.0,0.16,111115,,,,,,,,,,,,,,,,,,,,,,,,,,,,,,,,,,,,,,,,,,,,,,,,,,,,,,,,,,,,,,,,,,,,,,,,,,,,,,,,,,,,,,,,,,,,,,,,,,,,,,,,,,,,,,,,,,,,,,,,,,,,,,,,,,,,,,,,,,,,
2023-06-26 12:33:00,ACi,Rep-S,1,Yng,winter,noon,Erin_Reps1_ACi_26_06_23,8,1001.5,0,14.0,0.155,582.0,0,0,0.0,0.0,0.0,0.0,0.0,0.0,0.0,0.0,-1,0.87,0.92,10,0.875,0.011,0.0,0.0,0.0,0.0,0.5,0.0,1.89,1.19,21.37,2,4.64,1,9.29,19.98,21.37,20.02,749.26,741.58,13.01,13.941,54.31,58.19,399.8,1501,457,97.82,10.8,-0.49,0.0476,0.00107,0.0886,0.00103,1.0,-1.36,7.36,1.0,0.0,0.16,111115,,,,,,,,,,,,,,,,,,,,,,,,,,,,,,,,,,,,,,,,,,,,,,,,,,,,,,,,,,,,,,,,,,,,,,,,,,,,,,,,,,,,,,,,,,,,,,,,,,,,,,,,,,,,,,,,,,,,,,,,,,,,,,,,,,,,,,,,,,,,
2023-06-26 12:35:00,ACi,Rep-S,1,Yng,winter,noon,Erin_Reps1_ACi_26_06_23,9,1104.5,0,11.9,0.151,356.0,0,0,0.0,0.0,0.0,0.0,0.0,0.0,0.0,0.0,-1,0.87,0.92,10,0.875,0.01,0.0,0.0,0.0,0.0,0.5,0.0,1.86,1.2,21.47,2,4.64,1,9.29,20.0,21.47,20.02,499.23,492.8,13.029,13.947,54.33,58.15,399.8,1500,487,97.81,6.77,-0.488,0.136,0.000856,0.13,0.00115,1.0,-1.36,7.36,1.0,0.0,0.16,111115,,,,,,,,,,,,,,,,,,,,,,,,,,,,,,,,,,,,,,,,,,,,,,,,,,,,,,,,,,,,,,,,,,,,,,,,,,,,,,,,,,,,,,,,,,,,,,,,,,,,,,,,,,,,,,,,,,,,,,,,,,,,,,,,,,,,,,,,,,,,
2023-06-26 12:37:00,ACi,Rep-S,1,Yng,winter,noon,Erin_Reps1_ACi_26_06_23,10,1239.5,0,11.1,0.148,285.0,0,0,0.0,0.0,0.0,0.0,0.0,0.0,0.0,0.0,-1,0.87,0.92,10,0.875,0.009,0.0,0.0,0.0,0.0,0.5,0.0,1.82,1.2,21.43,2,4.64,1,9.29,19.97,21.43,20.02,419.82,413.89,13.043,13.941,54.46,58.21,399.8,1501,487,97.79,5.55,-0.487,0.024,0.000724,0.04,0.00108,1.0,-1.36,7.36,1.0,0.0,0.16,111115,,,,,,,,,,,,,,,,,,,,,,,,,,,,,,,,,,,,,,,,,,,,,,,,,,,,,,,,,,,,,,,,,,,,,,,,,,,,,,,,,,,,,,,,,,,,,,,,,,,,,,,,,,,,,,,,,,,,,,,,,,,,,,,,,,,,,,,,,,,,
2023-08-16 12:21:00,ACi,Rep-S,2,Yng,winter,noon,Erin_Reps2_ACi_16_08_23,1,201.5,0,17.5,0.198,258.0,0,0,0.0,0.0,0.0,0.0,0.0,0.0,0.0,0.0,-1,0.87,0.92,10,0.875,0.014,0.0,0.0,0.0,0.0,0.5,0.0,3.07,1.51,23.63,2,4.64,1,9.29,20.91,23.63,19.99,420.12,410.74,13.084,14.595,51.36,57.29,399.7,1501,1124,97.46,6.0,-0.482,0.0531,0.000974,0.0477,0.000943,1.0,-1.36,7.36,1.0,0.0,0.16,111115,,,,,,,,,,,,,,,,,,,,,,,,,,,,,,,,,,,,,,,,,,,,,,,,,,,,,,,,,,,,,,,,,,,,,,,,,,,,,,,,,,,,,,,,,,,,,,,,,,,,,,,,,,,,,,,,,,,,,,,,,,,,,,,,,,,,,,,,,,,,
2023-08-16 12:23:00,ACi,Rep-S,2,Yng,winter,noon,Erin_Reps2_ACi_16_08_23,2,298.5,0,12.3,0.201,187.0,0,0,0.0,0.0,0.0,0.0,0.0,0.0,0.0,0.0,-1,0.87,0.92,10,0.875,0.01,0.0,0.0,0.0,0.0,0.5,0.0,3.11,1.51,23.62,2,4.64,1,9.29,20.91,23.62,20.0,300.0,293.37,13.046,14.578,51.21,57.22,399.7,1501,1024,97.46,4.07,-0.483,0.0365,0.000749,0.0379,0.00093,1.0,-1.36,7.36,1.0,0.0,0.16,111115,,,,,,,,,,,,,,,,,,,,,,,,,,,,,,,,,,,,,,,,,,,,,,,,,,,,,,,,,,,,,,,,,,,,,,,,,,,,,,,,,,,,,,,,,,,,,,,,,,,,,,,,,,,,,,,,,,,,,,,,,,,,,,,,,,,,,,,,,,,,
2023-08-16 12:25:00,ACi,Rep-S,2,Yng,winter,noon,Erin_Reps2_ACi_16_08_23,3,398.5,0,10.3,0.202,157.0,0,0,0.0,0.0,0.0,0.0,0.0,0.0,0.0,0.0,-1,0.87,0.92,10,0.875,0.009,0.0,0.0,0.0,0.0,0.5,0.0,3.14,1.51,23.62,2,4.64,1,9.29,20.9,23.62,19.99,250.07,244.56,12.983,14.53,51.01,57.09,399.7,1501,891,97.46,3.27,-0.479,0.0158,0.00145,0.0104,0.00159,1.0,-1.36,7.36,1.0,0.0,0.16,111115,,,,,,,,,,,,,,,,,,,,,,,,,,,,,,,,,,,,,,,,,,,,,,,,,,,,,,,,,,,,,,,,,,,,,,,,,,,,,,,,,,,,,,,,,,,,,,,,,,,,,,,,,,,,,,,,,,,,,,,,,,,,,,,,,,,,,,,,,,,,
2023-08-16 12:26:00,ACi,Rep-S,2,Yng,winter,noon,Erin_Reps2_ACi_16_08_23,4,502.5,0,5.43,0.203,101.0,0,0,0.0,0.0,0.0,0.0,0.0,0.0,0.0,0.0,-1,0.87,0.92,10,0.875,0.005,0.0,0.0,0.0,0.0,0.5,0.0,3.17,1.52,23.63,2,4.64,1,9.29,20.89,23.63,19.99,150.37,147.42,12.887,14.452,50.67,56.83,399.8,1501,780,97.45,1.74,-0.476,0.0371,0.00378,0.0322,0.00247,1.0,-1.36,7.36,1.0,0.0,0.16,111115,,,,,,,,,,,,,,,,,,,,,,,,,,,,,,,,,,,,,,,,,,,,,,,,,,,,,,,,,,,,,,,,,,,,,,,,,,,,,,,,,,,,,,,,,,,,,,,,,,,,,,,,,,,,,,,,,,,,,,,,,,,,,,,,,,,,,,,,,,,,
2023-08-16 12:28:00,ACi,Rep-S,2,Yng,winter,noon,Erin_Reps2_ACi_16_08_23,5,592.5,0,2.31,0.202,77.8,0,0,0.0,0.0,0.0,0.0,0.0,0.0,0.0,0.0,-1,0.87,0.92,10,0.875,0.003,0.0,0.0,0.0,0.0,0.5,0.0,3.18,1.53,23.65,2,4.64,1,9.29,20.9,23.65,20.0,100.01,98.7,12.814,14.38,50.35,56.5,399.7,1500,805,97.45,1.0,-0.477,0.0214,0.00071,0.0134,0.00114,1.0,-1.36,7.36,1.0,0.0,0.16,111115,,,,,,,,,,,,,,,,,,,,,,,,,,,,,,,,,,,,,,,,,,,,,,,,,,,,,,,,,,,,,,,,,,,,,,,,,,,,,,,,,,,,,,,,,,,,,,,,,,,,,,,,,,,,,,,,,,,,,,,,,,,,,,,,,,,,,,,,,,,,
2023-08-16 12:30:00,ACi,Rep-S,2,Yng,winter,noon,Erin_Reps2_ACi_16_08_23,6,734.5,0,-0.0508,0.204,53.7,0,0,0.0,0.0,0.0,0.0,0.0,0.0,0.0,0.0,-1,0.87,0.92,10,0.875,0.001,0.0,0.0,0.0,0.0,0.5,0.0,3.22,1.54,23.67,2,4.64,1,9.29,20.92,23.67,19.99,54.72,54.66,12.749,14.338,50.04,56.28,399.7,1500,652,97.46,0.255,-0.472,0.036,0.00161,0.0312,0.00133,1.0,-1.36,7.36,1.0,0.0,0.16,111135,-0.528411,0.0,0.0339671,168.384,0.0,8.62675,280.752,0.0,11.9074,-22.5065,0.0,1.3369,6.33982,0.0,0.268887,-1.37256,1.00167,-0.111034,0.0226192,-17.5329,-0.326977,16.0622,398.167,401.26,0.0,1.0,299.55,7.42556,7.48111,0.0,1.0,292.371,291.143,97646.6,1.16516,1009.52,0.0247891,0.41082,0.00539789,725.275,2056.85,0.00463274,35.2615,1331.57,275.534,4.92945,1.60743,0.599518,5.21937,5.45259e-14,-0.00109156,5.21937,12.2948,192.179,18.0203,,,0.67343,2.54761,-155.485,-0.0342798,0.59976,0.212573,0.0,67.3528,-10.221,23.12,57.5721,87.8011,123.142,184.49,-0.505825,1.04465,166.275,1.08767,180.721,1.50588,-22.4301,1.46807,4.08096,1.50588,800000099.0,800000099.0,800000099.0,800100099.0,800000099.0,800000099.0,800000199.0,800000199.0,80000.0,80000.0,80.0,80.0,2.0,9.0,5.0,0.0,1.0,2.0,2.48252,2.07395,0.538782,0.201381,0.0060091,249.359,0.14136,-0.0224301,4.08096,18.0308,12.8174,22.6732,667.294,106.563,0.363792,0.0330496,0.0708458,371.456,292.127,291.493,97646.2,35.2615,286.243,287.35,73.3133,5.3027,5.05475,28.5768,18.2025,22.16,45.0382,0.0,5.178725,0.004318,214200.0,4.318,1.0,-22.617534,2.5693368392578777,25.075836839257878,2.6392144313592047
2023-08-16 12:33:00,ACi,Rep-S,2,Yng,winter,noon,Erin_Reps2_ACi_16_08_23,7,876.5,0,36.8,0.203,661.0,0,0,0.0,0.0,0.0,0.0,0.0,0.0,0.0,0.0,-1,0.87,0.92,10,0.875,0.029,0.0,0.0,0.0,0.0,0.5,0.0,3.17,1.52,23.49,2,4.64,1,9.29,20.86,23.49,19.99,998.0,978.03,12.632,14.194,49.75,55.91,399.7,1501,395,97.46,15.3,-0.465,0.175,0.00203,0.192,0.00228,0.2,-1.36,7.36,1.0,0.0,0.16,111115,,,,,,,,,,,,,,,,,,,,,,,,,,,,,,,,,,,,,,,,,,,,,,,,,,,,,,,,,,,,,,,,,,,,,,,,,,,,,,,,,,,,,,,,,,,,,,,,,,,,,,,,,,,,,,,,,,,,,,,,,,,,,,,,,,,,,,,,,,,,
2023-08-16 12:35:00,ACi,Rep-S,2,Yng,winter,noon,Erin_Reps2_ACi_16_08_23,8,1018.5,0,28.0,0.2,491.0,0,0,0.0,0.0,0.0,0.0,0.0,0.0,0.0,0.0,-1,0.87,0.92,10,0.875,0.022,0.0,0.0,0.0,0.0,0.5,0.0,3.14,1.53,23.49,2,4.64,1,9.29,20.86,23.49,19.99,749.92,734.75,12.518,14.068,49.31,55.42,399.7,1501,364,97.46,11.3,-0.461,0.0356,0.00274,0.026,0.00293,0.5,-1.36,7.36,1.0,0.0,0.16,111115,,,,,,,,,,,,,,,,,,,,,,,,,,,,,,,,,,,,,,,,,,,,,,,,,,,,,,,,,,,,,,,,,,,,,,,,,,,,,,,,,,,,,,,,,,,,,,,,,,,,,,,,,,,,,,,,,,,,,,,,,,,,,,,,,,,,,,,,,,,,
2023-08-16 12:37:00,ACi,Rep-S,2,Yng,winter,noon,Erin_Reps2_ACi_16_08_23,9,1142.5,0,21.3,0.196,302.0,0,0,0.0,0.0,0.0,0.0,0.0,0.0,0.0,0.0,-1,0.87,0.92,10,0.875,0.017,0.0,0.0,0.0,0.0,0.5,0.0,3.11,1.55,23.52,2,4.64,1,9.29,20.85,23.52,19.99,500.06,488.66,12.446,13.982,49.03,55.09,399.7,1501,303,97.46,7.25,-0.459,0.0321,0.00188,0.0221,0.00125,1.0,-1.36,7.36,1.0,0.0,0.16,111115,,,,,,,,,,,,,,,,,,,,,,,,,,,,,,,,,,,,,,,,,,,,,,,,,,,,,,,,,,,,,,,,,,,,,,,,,,,,,,,,,,,,,,,,,,,,,,,,,,,,,,,,,,,,,,,,,,,,,,,,,,,,,,,,,,,,,,,,,,,,
2023-08-16 12:39:00,ACi,Rep-S,2,Yng,winter,noon,Erin_Reps2_ACi_16_08_23,10,1263.5,0,18.4,0.191,245.0,0,0,0.0,0.0,0.0,0.0,0.0,0.0,0.0,0.0,-1,0.87,0.92,10,0.875,0.015,0.0,0.0,0.0,0.0,0.5,0.0,3.07,1.56,23.56,2,4.64,1,9.29,20.85,23.56,19.99,419.91,410.09,12.392,13.906,48.83,54.8,399.8,1501,288,97.46,5.98,-0.456,0.0329,0.00131,0.0268,0.000457,1.0,-1.36,7.36,1.0,0.0,0.16,111115,,,,,,,,,,,,,,,,,,,,,,,,,,,,,,,,,,,,,,,,,,,,,,,,,,,,,,,,,,,,,,,,,,,,,,,,,,,,,,,,,,,,,,,,,,,,,,,,,,,,,,,,,,,,,,,,,,,,,,,,,,,,,,,,,,,,,,,,,,,,
2023-07-25 11:29:00,ACi,Rep-S,2,Yng,winter,morning,Erin_Reps2_ACi_25_07_23,1,176.0,0,15.9,0.204,276.0,0,0,0.0,0.0,0.0,0.0,0.0,0.0,0.0,0.0,-1,0.87,0.92,10,0.875,0.013,0.0,0.0,0.0,0.0,0.5,0.0,2.95,1.42,23.27,2,4.64,1,9.29,20.83,23.27,19.99,419.83,411.27,13.323,14.776,52.89,58.66,399.8,1500,786,98.05,6.33,-0.494,0.121,0.00178,0.0921,0.000322,0.8,-1.36,7.36,1.0,0.0,0.16,111115,,,,,,,,,,,,,,,,,,,,,,,,,,,,,,,,,,,,,,,,,,,,,,,,,,,,,,,,,,,,,,,,,,,,,,,,,,,,,,,,,,,,,,,,,,,,,,,,,,,,,,,,,,,,,,,,,,,,,,,,,,,,,,,,,,,,,,,,,,,,
2023-07-25 11:31:00,ACi,Rep-S,2,Yng,winter,morning,Erin_Reps2_ACi_25_07_23,2,280.0,0,11.6,0.205,196.0,0,0,0.0,0.0,0.0,0.0,0.0,0.0,0.0,0.0,-1,0.87,0.92,10,0.875,0.01,0.0,0.0,0.0,0.0,0.5,0.0,2.96,1.41,23.24,2,4.64,1,9.29,20.79,23.24,19.99,300.13,293.91,13.297,14.756,52.9,58.71,399.8,1500,766,98.05,4.31,-0.498,0.0382,0.00091,0.0493,0.000775,1.0,-1.36,7.36,1.0,0.0,0.16,111115,,,,,,,,,,,,,,,,,,,,,,,,,,,,,,,,,,,,,,,,,,,,,,,,,,,,,,,,,,,,,,,,,,,,,,,,,,,,,,,,,,,,,,,,,,,,,,,,,,,,,,,,,,,,,,,,,,,,,,,,,,,,,,,,,,,,,,,,,,,,
2023-07-25 11:33:00,ACi,Rep-S,2,Yng,winter,morning,Erin_Reps2_ACi_25_07_23,3,422.0,0,9.09,0.206,168.0,0,0,0.0,0.0,0.0,0.0,0.0,0.0,0.0,0.0,-1,0.87,0.92,10,0.875,0.008,0.0,0.0,0.0,0.0,0.5,0.0,2.96,1.41,23.2,2,4.64,1,9.29,20.77,23.2,20.0,249.78,244.87,13.283,14.742,52.93,58.74,399.8,1500,737,98.04,3.45,-0.499,0.0573,0.0008,0.0578,0.000333,0.2,-1.36,7.36,1.0,0.0,0.16,111115,,,,,,,,,,,,,,,,,,,,,,,,,,,,,,,,,,,,,,,,,,,,,,,,,,,,,,,,,,,,,,,,,,,,,,,,,,,,,,,,,,,,,,,,,,,,,,,,,,,,,,,,,,,,,,,,,,,,,,,,,,,,,,,,,,,,,,,,,,,,
2023-07-25 11:35:00,ACi,Rep-S,2,Yng,winter,morning,Erin_Reps2_ACi_25_07_23,4,523.0,0,4.45,0.206,109.0,0,0,0.0,0.0,0.0,0.0,0.0,0.0,0.0,0.0,-1,0.87,0.92,10,0.875,0.004,0.0,0.0,0.0,0.0,0.5,0.0,2.96,1.41,23.17,2,4.64,1,9.29,20.75,23.17,19.99,149.95,147.51,13.276,14.733,52.96,58.77,399.8,1500,705,98.04,1.91,-0.497,0.0274,0.000624,0.0217,0.001,1.0,-1.36,7.36,1.0,0.0,0.16,111115,,,,,,,,,,,,,,,,,,,,,,,,,,,,,,,,,,,,,,,,,,,,,,,,,,,,,,,,,,,,,,,,,,,,,,,,,,,,,,,,,,,,,,,,,,,,,,,,,,,,,,,,,,,,,,,,,,,,,,,,,,,,,,,,,,,,,,,,,,,,
2023-07-25 11:37:00,ACi,Rep-S,2,Yng,winter,morning,Erin_Reps2_ACi_25_07_23,5,665.0,0,2.1,0.203,79.9,0,0,0.0,0.0,0.0,0.0,0.0,0.0,0.0,0.0,-1,0.87,0.92,10,0.875,0.002,0.0,0.0,0.0,0.0,0.5,0.0,2.9,1.4,23.11,2,4.64,1,9.29,20.7,23.11,19.99,99.99,98.8,13.279,14.708,53.13,58.84,399.8,1501,691,98.04,1.11,-0.5,0.0651,0.000551,0.0757,0.00118,0.5,-1.36,7.36,1.0,0.0,0.16,111115,,,,,,,,,,,,,,,,,,,,,,,,,,,,,,,,,,,,,,,,,,,,,,,,,,,,,,,,,,,,,,,,,,,,,,,,,,,,,,,,,,,,,,,,,,,,,,,,,,,,,,,,,,,,,,,,,,,,,,,,,,,,,,,,,,,,,,,,,,,,
2023-07-25 11:40:00,ACi,Rep-S,2,Yng,winter,morning,Erin_Reps2_ACi_25_07_23,6,807.0,0,-0.117,0.202,53.3,0,0,0.0,0.0,0.0,0.0,0.0,0.0,0.0,0.0,-1,0.87,0.92,10,0.875,0.001,0.0,0.0,0.0,0.0,0.5,0.0,2.87,1.39,23.05,2,4.64,1,9.29,20.67,23.05,19.99,53.6,53.58,13.288,14.701,53.27,58.94,399.8,1501,643,98.03,0.329,-0.501,0.105,0.000652,0.104,0.000548,0.5,-1.36,7.36,1.0,0.0,0.16,111135,,,,,,,,,,,,,,,,,,,,,,,,,,,,,,,,,,,,,,,,,,,,,,,,,,,,,,,,,,,,,,,,,,,,,,,,,,,,,,,,,,,,,,,,,,,,,,,,,,,,,,,,,,,,,,,,,,,,,,,,,,,,,,,,,,,,,,,,,,,,
2023-07-25 11:42:00,ACi,Rep-S,2,Yng,winter,morning,Erin_Reps2_ACi_25_07_23,7,949.0,0,44.5,0.201,594.0,0,0,0.0,0.0,0.0,0.0,0.0,0.0,0.0,0.0,-1,0.87,0.92,10,0.875,0.035,0.0,0.0,0.0,0.0,0.5,0.0,2.81,1.37,22.93,2,4.64,1,9.29,20.64,22.93,19.99,996.12,972.48,13.301,14.686,53.41,58.97,399.8,1501,583,98.02,15.3,-0.499,0.378,0.000545,0.372,0.00137,0.2,-1.36,7.36,1.0,0.0,0.16,111115,,,,,,,,,,,,,,,,,,,,,,,,,,,,,,,,,,,,,,,,,,,,,,,,,,,,,,,,,,,,,,,,,,,,,,,,,,,,,,,,,,,,,,,,,,,,,,,,,,,,,,,,,,,,,,,,,,,,,,,,,,,,,,,,,,,,,,,,,,,,
2023-07-25 11:44:00,ACi,Rep-S,2,Yng,winter,morning,Erin_Reps2_ACi_25_07_23,8,1084.0,0,24.1,0.198,524.0,0,0,0.0,0.0,0.0,0.0,0.0,0.0,0.0,0.0,-1,0.87,0.92,10,0.875,0.019,0.0,0.0,0.0,0.0,0.5,0.0,2.75,1.36,22.91,2,4.64,1,9.29,20.61,22.91,19.99,749.98,736.92,13.341,14.699,53.67,59.13,399.8,1502,532,98.02,11.2,-0.502,0.0843,0.000464,0.0953,0.00165,1.0,-1.36,7.36,1.0,0.0,0.16,111115,,,,,,,,,,,,,,,,,,,,,,,,,,,,,,,,,,,,,,,,,,,,,,,,,,,,,,,,,,,,,,,,,,,,,,,,,,,,,,,,,,,,,,,,,,,,,,,,,,,,,,,,,,,,,,,,,,,,,,,,,,,,,,,,,,,,,,,,,,,,
2023-07-25 11:47:00,ACi,Rep-S,2,Yng,winter,morning,Erin_Reps2_ACi_25_07_23,9,1226.0,0,18.4,0.194,326.0,0,0,0.0,0.0,0.0,0.0,0.0,0.0,0.0,0.0,-1,0.87,0.92,10,0.875,0.015,0.0,0.0,0.0,0.0,0.5,0.0,2.7,1.36,22.92,2,4.64,1,9.29,20.63,22.92,20.0,499.85,489.97,13.415,14.746,53.9,59.24,399.8,1500,602,98.02,7.29,-0.507,0.0346,0.00104,0.0176,0.000514,0.2,-1.36,7.36,1.0,0.0,0.16,111115,,,,,,,,,,,,,,,,,,,,,,,,,,,,,,,,,,,,,,,,,,,,,,,,,,,,,,,,,,,,,,,,,,,,,,,,,,,,,,,,,,,,,,,,,,,,,,,,,,,,,,,,,,,,,,,,,,,,,,,,,,,,,,,,,,,,,,,,,,,,
2023-07-25 11:49:00,ACi,Rep-S,2,Yng,winter,morning,Erin_Reps2_ACi_25_07_23,10,1334.0,0,16.8,0.19,260.0,0,0,0.0,0.0,0.0,0.0,0.0,0.0,0.0,0.0,-1,0.87,0.92,10,0.875,0.014,0.0,0.0,0.0,0.0,0.5,0.0,2.64,1.36,22.91,2,4.64,1,9.29,20.61,22.91,20.0,420.28,411.34,13.422,14.725,54.0,59.24,399.8,1501,556,98.02,5.95,-0.503,0.122,0.0012,0.0936,0.00062,1.0,-1.36,7.36,1.0,0.0,0.16,111115,,,,,,,,,,,,,,,,,,,,,,,,,,,,,,,,,,,,,,,,,,,,,,,,,,,,,,,,,,,,,,,,,,,,,,,,,,,,,,,,,,,,,,,,,,,,,,,,,,,,,,,,,,,,,,,,,,,,,,,,,,,,,,,,,,,,,,,,,,,,
2023-06-26 12:41:00,ACi,Rep-S,2,Yng,winter,noon,Erin_Reps2_ACi_26_06_23,1,178.5,0,17.0,0.218,276.0,0,0,0.0,0.0,0.0,0.0,0.0,0.0,0.0,0.0,-1,0.87,0.92,10,0.875,0.014,0.0,0.0,0.0,0.0,0.5,0.0,2.56,1.15,21.32,2,4.64,1,9.29,20.02,21.32,20.02,419.34,410.3,13.012,14.272,54.16,59.41,399.8,1500,954,97.78,5.62,-0.504,0.0276,0.00155,0.0232,0.00233,0.2,-1.36,7.36,1.0,0.0,0.16,111115,,,,,,,,,,,,,,,,,,,,,,,,,,,,,,,,,,,,,,,,,,,,,,,,,,,,,,,,,,,,,,,,,,,,,,,,,,,,,,,,,,,,,,,,,,,,,,,,,,,,,,,,,,,,,,,,,,,,,,,,,,,,,,,,,,,,,,,,,,,,
2023-06-26 12:44:00,ACi,Rep-S,2,Yng,winter,noon,Erin_Reps2_ACi_26_06_23,2,320.5,0,13.4,0.221,238.0,0,0,0.0,0.0,0.0,0.0,0.0,0.0,0.0,0.0,-1,0.87,0.92,10,0.875,0.011,0.0,0.0,0.0,0.0,0.5,0.0,2.62,1.16,21.47,2,4.64,1,9.29,20.08,21.47,20.01,349.41,342.27,13.062,14.354,54.17,59.53,399.8,1499,899,97.79,4.59,-0.506,0.0252,0.000478,0.024,0.00149,0.8,-1.36,7.36,1.0,0.0,0.16,111115,,,,,,,,,,,,,,,,,,,,,,,,,,,,,,,,,,,,,,,,,,,,,,,,,,,,,,,,,,,,,,,,,,,,,,,,,,,,,,,,,,,,,,,,,,,,,,,,,,,,,,,,,,,,,,,,,,,,,,,,,,,,,,,,,,,,,,,,,,,,
2023-06-26 12:46:00,ACi,Rep-S,2,Yng,winter,noon,Erin_Reps2_ACi_26_06_23,3,462.5,0,10.3,0.222,165.0,0,0,0.0,0.0,0.0,0.0,0.0,0.0,0.0,0.0,-1,0.87,0.92,10,0.875,0.009,0.0,0.0,0.0,0.0,0.5,0.0,2.67,1.18,21.58,2,4.64,1,9.29,20.13,21.58,20.01,250.13,244.65,13.059,14.378,53.99,59.44,399.8,1499,897,97.79,3.11,-0.507,0.0183,0.000877,0.0526,0.00147,0.5,-1.36,7.36,1.0,0.0,0.16,111115,,,,,,,,,,,,,,,,,,,,,,,,,,,,,,,,,,,,,,,,,,,,,,,,,,,,,,,,,,,,,,,,,,,,,,,,,,,,,,,,,,,,,,,,,,,,,,,,,,,,,,,,,,,,,,,,,,,,,,,,,,,,,,,,,,,,,,,,,,,,
2023-06-26 12:48:00,ACi,Rep-S,2,Yng,winter,noon,Erin_Reps2_ACi_26_06_23,4,604.5,0,5.17,0.222,106.0,0,0,0.0,0.0,0.0,0.0,0.0,0.0,0.0,0.0,-1,0.87,0.92,10,0.875,0.005,0.0,0.0,0.0,0.0,0.5,0.0,2.69,1.19,21.62,2,4.64,1,9.29,20.13,21.62,20.01,149.2,146.41,13.068,14.392,54.0,59.48,399.8,1499,878,97.77,1.59,-0.506,0.0405,0.00133,0.0443,0.00148,0.2,-1.36,7.36,1.0,0.0,0.16,111115,,,,,,,,,,,,,,,,,,,,,,,,,,,,,,,,,,,,,,,,,,,,,,,,,,,,,,,,,,,,,,,,,,,,,,,,,,,,,,,,,,,,,,,,,,,,,,,,,,,,,,,,,,,,,,,,,,,,,,,,,,,,,,,,,,,,,,,,,,,,
2023-06-26 12:51:00,ACi,Rep-S,2,Yng,winter,noon,Erin_Reps2_ACi_26_06_23,5,746.5,0,-0.158,0.216,97.7,0,0,0.0,0.0,0.0,0.0,0.0,0.0,0.0,0.0,-1,0.87,0.92,10,0.875,0.001,0.0,0.0,0.0,0.0,0.5,0.0,2.62,1.19,21.66,2,4.64,1,9.29,20.12,21.66,20.01,98.46,98.41,13.112,14.406,54.21,59.56,399.8,1499,882,97.75,0.837,-0.507,0.159,0.00135,0.189,0.000721,0.2,-1.36,7.36,1.0,0.0,0.16,111115,,,,,,,,,,,,,,,,,,,,,,,,,,,,,,,,,,,,,,,,,,,,,,,,,,,,,,,,,,,,,,,,,,,,,,,,,,,,,,,,,,,,,,,,,,,,,,,,,,,,,,,,,,,,,,,,,,,,,,,,,,,,,,,,,,,,,,,,,,,,
2023-06-26 12:53:00,ACi,Rep-S,2,Yng,winter,noon,Erin_Reps2_ACi_26_06_23,6,888.5,0,-0.0571,0.209,56.4,0,0,0.0,0.0,0.0,0.0,0.0,0.0,0.0,0.0,-1,0.87,0.92,10,0.875,0.001,0.0,0.0,0.0,0.0,0.5,0.0,2.56,1.2,21.71,2,4.64,1,9.29,20.14,21.71,20.01,57.1,57.06,13.134,14.394,54.24,59.45,399.8,1499,876,97.78,0.228,-0.51,0.0346,0.000778,0.0227,0.000649,0.8,-1.36,7.36,1.0,0.0,0.16,111135,,,,,,,,,,,,,,,,,,,,,,,,,,,,,,,,,,,,,,,,,,,,,,,,,,,,,,,,,,,,,,,,,,,,,,,,,,,,,,,,,,,,,,,,,,,,,,,,,,,,,,,,,,,,,,,,,,,,,,,,,,,,,,,,,,,,,,,,,,,,
2023-06-26 12:56:00,ACi,Rep-S,2,Yng,winter,noon,Erin_Reps2_ACi_26_06_23,7,1030.5,0,20.9,0.201,800.0,0,0,0.0,0.0,0.0,0.0,0.0,0.0,0.0,0.0,-1,0.87,0.92,10,0.875,0.017,0.0,0.0,0.0,0.0,0.5,0.0,2.47,1.2,21.68,2,4.64,1,9.29,20.14,21.68,20.01,999.25,987.57,13.142,14.358,54.29,59.32,399.8,1499,844,97.76,15.2,-0.499,0.0756,0.000956,0.13,0.00125,0.2,-1.36,7.36,1.0,0.0,0.16,111115,,,,,,,,,,,,,,,,,,,,,,,,,,,,,,,,,,,,,,,,,,,,,,,,,,,,,,,,,,,,,,,,,,,,,,,,,,,,,,,,,,,,,,,,,,,,,,,,,,,,,,,,,,,,,,,,,,,,,,,,,,,,,,,,,,,,,,,,,,,,
2023-06-26 12:58:00,ACi,Rep-S,2,Yng,winter,noon,Erin_Reps2_ACi_26_06_23,8,1172.5,0,22.5,0.196,538.0,0,0,0.0,0.0,0.0,0.0,0.0,0.0,0.0,0.0,-1,0.87,0.92,10,0.875,0.018,0.0,0.0,0.0,0.0,0.5,0.0,2.44,1.22,21.79,2,4.64,1,9.29,20.18,21.79,20.01,750.04,737.86,13.167,14.37,54.23,59.19,399.8,1498,850,97.76,11.2,-0.498,0.127,0.000539,0.0903,0.000521,1.0,-1.36,7.36,1.0,0.0,0.16,111115,,,,,,,,,,,,,,,,,,,,,,,,,,,,,,,,,,,,,,,,,,,,,,,,,,,,,,,,,,,,,,,,,,,,,,,,,,,,,,,,,,,,,,,,,,,,,,,,,,,,,,,,,,,,,,,,,,,,,,,,,,,,,,,,,,,,,,,,,,,,
2023-06-26 13:00:00,ACi,Rep-S,2,Yng,winter,noon,Erin_Reps2_ACi_26_06_23,9,1314.5,0,18.2,0.191,326.0,0,0,0.0,0.0,0.0,0.0,0.0,0.0,0.0,0.0,-1,0.87,0.92,10,0.875,0.015,0.0,0.0,0.0,0.0,0.5,0.0,2.39,1.23,21.86,2,4.64,1,9.29,20.19,21.86,20.01,499.8,490.09,13.184,14.363,54.29,59.15,399.8,1499,814,97.75,7.07,-0.498,0.0818,0.000884,0.087,0.000652,0.2,-1.36,7.36,1.0,0.0,0.16,111115,,2.0,0.0982288,,2.0,11.0422,,2.0,11.8098,,2.0,1.31794,,2.0,0.265939,1.75028,1.54963,-0.0138693,0.0348952,1140.68,34.0233,15.9493,390.217,394.384,0.0,1.0,475.722,11.639,11.7761,0.0,1.0,289.879,288.238,97948.5,1.17866,1011.78,0.0244661,0.217893,0.00857251,1140.33,1709.84,0.00727311,66.6923,569.509,282.059,-2.49911,-5.81892,-0.183293,6.32288,-5.54932e-14,0.0715192,6.32329,21.3642,324.495,246.712,,,0.612119,10.9008,-175.457,-0.0303778,0.752585,0.153948,0.0,34.8855,-5.29401,11.9751,29.8196,45.4768,63.7818,95.5568,-0.420248,1.05088,109.128,1.10334,113.187,1.24289,-16.6804,1.22148,2.54879,1.24289,800000099.0,800100099.0,800000099.0,800100099.0,800000099.0,800000099.0,800000199.0,811000199.0,80000.0,80000.0,80.0,81.0,16.0,14.0,0.0,20.0,43.0,27.0,9.23716,10.2726,2.29189,0.0588776,0.00140872,38.9824,0.0915091,-0.0166804,2.54879,15.249,14.2517,17.5334,502.335,75.3937,0.412595,0.0292073,0.0702353,316.009,288.105,287.798,98011.4,66.6923,285.721,286.101,44.4031,9.31189,10.3909,22.8205,11.2447,12.6218,36.4701,0.0,9.851395,0.004064,183600.0,4.064,1.0,,0.5713324776497081,,0.0
2023-06-26 13:03:00,ACi,Rep-S,2,Yng,winter,noon,Erin_Reps2_ACi_26_06_23,10,1456.5,0,17.5,0.186,251.0,0,0,0.0,0.0,0.0,0.0,0.0,0.0,0.0,0.0,-1,0.87,0.92,10,0.875,0.014,0.0,0.0,0.0,0.0,0.5,0.0,2.32,1.22,21.79,2,4.64,1,9.29,20.15,21.79,20.01,420.03,410.82,13.203,14.345,54.49,59.21,399.8,1499,755,97.74,5.71,-0.498,0.101,0.00131,0.114,0.00111,0.8,-1.36,7.36,1.0,0.0,0.16,111115,,,,,,,,,,,,,,,,,,,,,,,,,,,,,,,,,,,,,,,,,,,,,,,,,,,,,,,,,,,,,,,,,,,,,,,,,,,,,,,,,,,,,,,,,,,,,,,,,,,,,,,,,,,,,,,,,,,,,,,,,,,,,,,,,,,,,,,,,,,,
2023-06-16 12:30:00,ACi,Rep-S,3,Yng,winter,noon,Erin_Reps3_ACi_16_06_23,1,175.0,0,14.4,0.0595,16.3,0,0,0.0,0.0,0.0,0.0,0.0,0.0,0.0,0.0,-1,0.87,0.92,10,0.875,0.012,0.0,0.0,0.0,0.0,0.5,0.0,1.39,2.26,21.81,2,4.64,1,9.29,20.23,21.81,20.01,419.75,412.29,2.974,3.669,12.19,15.04,399.8,1500,700,97.57,4.64,0.0721,0.0282,0.0043,0.0472,0.00491,1.0,-1.36,7.36,1.0,0.0,0.16,111115,-0.632546,0.0,0.0566571,146.911,0.0,8.62981,181.739,0.0,13.7455,-20.5834,0.0,1.41395,4.0882,0.0,0.309203,1.15109,0.430042,-0.125558,0.00967373,620.899,17.3769,15.8457,386.838,390.848,0.0,1.0,443.467,10.8263,10.9447,0.0,1.0,288.583,287.147,97790.8,1.1816,1011.3,0.0244128,0.264915,0.00799128,1058.99,1593.45,0.00676312,66.4591,534.456,280.968,2.96885,3.11707,0.411034,4.3239,1.12675e-13,0.0391841,4.32407,15.6024,165.239,46.1251,,,0.731664,5.35835,-228.906,-0.0232846,0.808359,0.168032,0.0,60.5644,-9.19088,20.7898,51.7695,78.9518,110.731,165.895,-0.60802,1.04034,144.631,1.0751,124.04,1.38125,-21.4244,1.35124,2.79025,1.38125,800000099.0,800000099.0,800000099.0,800100099.0,800000099.0,800000099.0,800000199.0,800000199.0,80000.0,80000.0,80.0,80.0,4.0,7.0,4.0,19.0,17.0,17.0,4.33531,5.54847,0.832903,0.112629,0.00426891,225.91,0.121035,-0.0214244,2.79025,13.9944,13.2402,16.7216,526.615,76.6749,0.414167,0.0273865,0.0661126,311.087,287.389,286.858,97806.0,66.4591,285.138,285.542,50.8611,10.7419,12.5784,19.8377,9.59936,10.0661,32.7058,0.0,11.66015,0.247898,30600.0,247.898,1.0,-20.708958000000003,2.4916331681572457,23.075033168157248,3.7662279717721923
2023-06-16 12:32:00,ACi,Rep-S,3,Yng,winter,noon,Erin_Reps3_ACi_16_06_23,2,268.0,0,12.1,0.0608,15.6,0,0,0.0,0.0,0.0,0.0,0.0,0.0,0.0,0.0,-1,0.87,0.92,10,0.875,0.01,0.0,0.0,0.0,0.0,0.5,0.0,1.42,2.26,21.79,2,4.64,1,9.29,20.17,21.79,20.01,350.04,343.72,2.979,3.687,12.25,15.17,399.8,1500,388,97.57,3.66,0.0713,0.0371,0.00092,0.0318,0.00142,1.0,-1.36,7.36,1.0,0.0,0.16,111115,,,,,,,,,,,,,,,,,,,,,,,,,,,,,,,,,,,,,,,,,,,,,,,,,,,,,,,,,,,,,,,,,,,,,,,,,,,,,,,,,,,,,,,,,,,,,,,,,,,,,,,,,,,,,,,,,,,,,,,,,,,,,,,,,,,,,,,,,,,,
2023-06-16 12:34:00,ACi,Rep-S,3,Yng,winter,noon,Erin_Reps3_ACi_16_06_23,3,370.0,0,8.23,0.0593,17.7,0,0,0.0,0.0,0.0,0.0,0.0,0.0,0.0,0.0,-1,0.87,0.92,10,0.875,0.007,0.0,0.0,0.0,0.0,0.5,0.0,1.38,2.25,21.77,2,4.64,1,9.29,20.18,21.77,20.01,250.15,245.87,3.052,3.74,12.55,15.38,399.8,1501,987,97.57,2.31,0.0679,0.0689,0.000752,0.0713,0.00121,1.0,-1.36,7.36,1.0,0.0,0.16,111115,,,,,,,,,,,,,,,,,,,,,,,,,,,,,,,,,,,,,,,,,,,,,,,,,,,,,,,,,,,,,,,,,,,,,,,,,,,,,,,,,,,,,,,,,,,,,,,,,,,,,,,,,,,,,,,,,,,,,,,,,,,,,,,,,,,,,,,,,,,,
2023-06-16 12:35:00,ACi,Rep-S,3,Yng,winter,noon,Erin_Reps3_ACi_16_06_23,4,473.0,0,4.36,0.0609,29.2,0,0,0.0,0.0,0.0,0.0,0.0,0.0,0.0,0.0,-1,0.87,0.92,10,0.875,0.004,0.0,0.0,0.0,0.0,0.5,0.0,1.42,2.26,21.84,2,4.64,1,9.29,20.19,21.84,20.01,149.92,147.63,3.06,3.769,12.57,15.49,399.8,1500,396,97.55,1.06,0.0674,0.0214,0.000964,0.0127,0.00136,1.0,-1.36,7.36,1.0,0.0,0.16,111115,,,,,,,,,,,,,,,,,,,,,,,,,,,,,,,,,,,,,,,,,,,,,,,,,,,,,,,,,,,,,,,,,,,,,,,,,,,,,,,,,,,,,,,,,,,,,,,,,,,,,,,,,,,,,,,,,,,,,,,,,,,,,,,,,,,,,,,,,,,,
2023-06-16 12:37:00,ACi,Rep-S,3,Yng,winter,noon,Erin_Reps3_ACi_16_06_23,5,568.0,0,2.13,0.06,39.4,0,0,0.0,0.0,0.0,0.0,0.0,0.0,0.0,0.0,-1,0.87,0.92,10,0.875,0.002,0.0,0.0,0.0,0.0,0.5,0.0,1.39,2.25,21.75,2,4.64,1,9.29,20.13,21.75,20.01,100.2,99.07,3.057,3.752,12.61,15.47,399.8,1501,622,97.56,0.408,0.0653,0.0501,0.000932,0.0439,0.000805,1.0,-1.36,7.36,1.0,0.0,0.16,111115,,,,,,,,,,,,,,,,,,,,,,,,,,,,,,,,,,,,,,,,,,,,,,,,,,,,,,,,,,,,,,,,,,,,,,,,,,,,,,,,,,,,,,,,,,,,,,,,,,,,,,,,,,,,,,,,,,,,,,,,,,,,,,,,,,,,,,,,,,,,
2023-06-16 12:38:00,ACi,Rep-S,3,Yng,winter,noon,Erin_Reps3_ACi_16_06_23,6,654.5,0,-0.0725,0.0601,50.9,0,0,0.0,0.0,0.0,0.0,0.0,0.0,0.0,0.0,-1,0.87,0.92,10,0.875,0.001,0.0,0.0,0.0,0.0,0.5,0.0,1.39,2.24,21.69,2,4.64,1,9.29,20.09,21.69,20.01,50.88,50.88,3.055,3.748,12.63,15.5,399.8,1501,426,97.54,-0.265,0.0659,0.0205,0.00157,0.0274,0.00176,1.0,-1.36,7.36,1.0,0.0,0.16,111135,,,,,,,,,,,,,,,,,,,,,,,,,,,,,,,,,,,,,,,,,,,,,,,,,,,,,,,,,,,,,,,,,,,,,,,,,,,,,,,,,,,,,,,,,,,,,,,,,,,,,,,,,,,,,,,,,,,,,,,,,,,,,,,,,,,,,,,,,,,,
2023-06-16 12:41:00,ACi,Rep-S,3,Yng,winter,noon,Erin_Reps3_ACi_16_06_23,7,795.5,0,22.9,0.0591,340.0,0,0,0.0,0.0,0.0,0.0,0.0,0.0,0.0,0.0,-1,0.87,0.92,10,0.875,0.018,0.0,0.0,0.0,0.0,0.5,0.0,1.35,2.21,21.51,2,4.64,1,9.29,20.07,21.51,20.01,998.87,986.76,3.068,3.742,12.7,15.48,399.8,1499,734,97.53,12.2,0.0687,0.191,0.0017,0.186,0.00177,0.2,-1.36,7.36,1.0,0.0,0.16,111115,,,,,,,,,,,,,,,,,,,,,,,,,,,,,,,,,,,,,,,,,,,,,,,,,,,,,,,,,,,,,,,,,,,,,,,,,,,,,,,,,,,,,,,,,,,,,,,,,,,,,,,,,,,,,,,,,,,,,,,,,,,,,,,,,,,,,,,,,,,,
2023-06-16 12:43:00,ACi,Rep-S,3,Yng,winter,noon,Erin_Reps3_ACi_16_06_23,8,936.5,0,17.3,0.0596,257.0,0,0,0.0,0.0,0.0,0.0,0.0,0.0,0.0,0.0,-1,0.87,0.92,10,0.875,0.014,0.0,0.0,0.0,0.0,0.5,0.0,1.36,2.21,21.47,2,4.64,1,9.29,20.03,21.47,20.01,750.17,741.03,3.036,3.714,12.59,15.41,399.9,1499,458,97.54,8.81,0.0689,0.0518,0.000604,0.0497,0.00113,0.8,-1.36,7.36,1.0,0.0,0.16,111115,,,,,,,,,,,,,,,,,,,,,,,,,,,,,,,,,,,,,,,,,,,,,,,,,,,,,,,,,,,,,,,,,,,,,,,,,,,,,,,,,,,,,,,,,,,,,,,,,,,,,,,,,,,,,,,,,,,,,,,,,,,,,,,,,,,,,,,,,,,,
2023-06-16 12:46:00,ACi,Rep-S,3,Yng,winter,noon,Erin_Reps3_ACi_16_06_23,9,1077.5,0,14.8,0.0597,83.5,0,0,0.0,0.0,0.0,0.0,0.0,0.0,0.0,0.0,-1,0.87,0.92,10,0.875,0.012,0.0,0.0,0.0,0.0,0.5,0.0,1.35,2.19,21.34,2,4.64,1,9.29,19.97,21.34,20.01,499.45,491.73,2.988,3.663,12.44,15.25,399.8,1500,446,97.54,5.31,0.0683,0.0687,0.0023,0.0828,0.00168,0.2,-1.36,7.36,1.0,0.0,0.16,111115,,,,,,,,,,,,,,,,,,,,,,,,,,,,,,,,,,,,,,,,,,,,,,,,,,,,,,,,,,,,,,,,,,,,,,,,,,,,,,,,,,,,,,,,,,,,,,,,,,,,,,,,,,,,,,,,,,,,,,,,,,,,,,,,,,,,,,,,,,,,
2023-06-16 12:47:00,ACi,Rep-S,3,Yng,winter,noon,Erin_Reps3_ACi_16_06_23,10,1185.5,0,13.9,0.0596,30.6,0,0,0.0,0.0,0.0,0.0,0.0,0.0,0.0,0.0,-1,0.87,0.92,10,0.875,0.011,0.0,0.0,0.0,0.0,0.5,0.0,1.35,2.19,21.32,2,4.64,1,9.29,19.98,21.32,20.01,420.05,412.84,2.958,3.63,12.31,15.11,399.8,1500,398,97.54,4.3,0.0701,0.0429,0.00204,0.0406,0.00174,1.0,-1.36,7.36,1.0,0.0,0.16,111115,,,,,,,,,,,,,,,,,,,,,,,,,,,,,,,,,,,,,,,,,,,,,,,,,,,,,,,,,,,,,,,,,,,,,,,,,,,,,,,,,,,,,,,,,,,,,,,,,,,,,,,,,,,,,,,,,,,,,,,,,,,,,,,,,,,,,,,,,,,,
2023-08-16 10:42:00,ACi,Rep-S,3,Yng,winter,morning,Erin_Reps3_ACi_16_08_23,1,193.5,0,18.4,0.183,238.0,0,0,0.0,0.0,0.0,0.0,0.0,0.0,0.0,0.0,-1,0.87,0.92,10,0.875,0.015,0.0,0.0,0.0,0.0,0.5,0.0,2.9,1.55,23.45,2,4.64,1,9.29,20.77,23.45,20.02,420.01,410.2,12.446,13.877,49.27,54.94,399.8,1500,759,97.45,7.84,-0.5,0.016,0.00598,0.0339,0.00572,0.2,-1.36,7.36,1.0,0.0,0.16,111115,,,,,,,,,,,,,,,,,,,,,,,,,,,,,,,,,,,,,,,,,,,,,,,,,,,,,,,,,,,,,,,,,,,,,,,,,,,,,,,,,,,,,,,,,,,,,,,,,,,,,,,,,,,,,,,,,,,,,,,,,,,,,,,,,,,,,,,,,,,,
2023-08-16 10:43:00,ACi,Rep-S,3,Yng,winter,morning,Erin_Reps3_ACi_16_08_23,2,296.5,0,13.4,0.182,167.0,0,0,0.0,0.0,0.0,0.0,0.0,0.0,0.0,0.0,-1,0.87,0.92,10,0.875,0.011,0.0,0.0,0.0,0.0,0.5,0.0,2.87,1.53,23.49,2,4.64,1,9.29,20.77,23.49,20.01,300.25,293.13,12.652,14.065,50.09,55.69,399.8,1499,837,97.44,5.61,-0.51,0.0787,0.00571,0.0893,0.00519,1.0,-1.36,7.36,1.0,0.0,0.16,111115,,,,,,,,,,,,,,,,,,,,,,,,,,,,,,,,,,,,,,,,,,,,,,,,,,,,,,,,,,,,,,,,,,,,,,,,,,,,,,,,,,,,,,,,,,,,,,,,,,,,,,,,,,,,,,,,,,,,,,,,,,,,,,,,,,,,,,,,,,,,
2023-08-16 10:46:00,ACi,Rep-S,3,Yng,winter,morning,Erin_Reps3_ACi_16_08_23,3,424.5,0,10.9,0.181,141.0,0,0,0.0,0.0,0.0,0.0,0.0,0.0,0.0,0.0,-1,0.87,0.92,10,0.875,0.009,0.0,0.0,0.0,0.0,0.5,0.0,2.85,1.53,23.58,2,4.64,1,9.29,20.79,23.58,20.01,250.0,244.17,12.885,14.288,50.95,56.5,399.8,1499,949,97.43,4.67,-0.516,0.0553,0.00411,0.04,0.00421,1.0,-1.36,7.36,1.0,0.0,0.16,111115,,,,,,,,,,,,,,,,,,,,,,,,,,,,,,,,,,,,,,,,,,,,,,,,,,,,,,,,,,,,,,,,,,,,,,,,,,,,,,,,,,,,,,,,,,,,,,,,,,,,,,,,,,,,,,,,,,,,,,,,,,,,,,,,,,,,,,,,,,,,
2023-08-16 10:47:00,ACi,Rep-S,3,Yng,winter,morning,Erin_Reps3_ACi_16_08_23,4,521.5,0,5.37,0.181,95.6,0,0,0.0,0.0,0.0,0.0,0.0,0.0,0.0,0.0,-1,0.87,0.92,10,0.875,0.005,0.0,0.0,0.0,0.0,0.5,0.0,2.82,1.52,23.59,2,4.64,1,9.29,20.78,23.59,20.01,149.91,147.02,13.034,14.425,51.57,57.07,399.8,1499,1014,97.44,2.86,-0.522,0.0416,0.00477,0.0384,0.0044,1.0,-1.36,7.36,1.0,0.0,0.16,111115,,,,,,,,,,,,,,,,,,,,,,,,,,,,,,,,,,,,,,,,,,,,,,,,,,,,,,,,,,,,,,,,,,,,,,,,,,,,,,,,,,,,,,,,,,,,,,,,,,,,,,,,,,,,,,,,,,,,,,,,,,,,,,,,,,,,,,,,,,,,
2023-08-16 10:49:00,ACi,Rep-S,3,Yng,winter,morning,Erin_Reps3_ACi_16_08_23,5,627.5,0,2.85,0.181,70.8,0,0,0.0,0.0,0.0,0.0,0.0,0.0,0.0,0.0,-1,0.87,0.92,10,0.875,0.003,0.0,0.0,0.0,0.0,0.5,0.0,2.8,1.5,23.6,2,4.64,1,9.29,20.78,23.6,20.01,100.17,98.6,13.192,14.571,52.2,57.65,399.8,1499,1084,97.43,2.04,-0.525,0.0237,0.00427,0.0145,0.00459,1.0,-1.36,7.36,1.0,0.0,0.16,111115,,,,,,,,,,,,,,,,,,,,,,,,,,,,,,,,,,,,,,,,,,,,,,,,,,,,,,,,,,,,,,,,,,,,,,,,,,,,,,,,,,,,,,,,,,,,,,,,,,,,,,,,,,,,,,,,,,,,,,,,,,,,,,,,,,,,,,,,,,,,
2023-08-16 10:51:00,ACi,Rep-S,3,Yng,winter,morning,Erin_Reps3_ACi_16_08_23,6,769.5,0,-0.112,0.18,55.3,0,0,0.0,0.0,0.0,0.0,0.0,0.0,0.0,0.0,-1,0.87,0.92,10,0.875,0.001,0.0,0.0,0.0,0.0,0.5,0.0,2.76,1.49,23.62,2,4.64,1,9.29,20.78,23.62,20.01,55.67,55.65,13.388,14.748,52.97,58.35,399.8,1499,1164,97.43,1.2,-0.534,0.0482,0.00354,0.0233,0.00394,0.5,-1.36,7.36,1.0,0.0,0.16,111135,,,,,,,,,,,,,,,,,,,,,,,,,,,,,,,,,,,,,,,,,,,,,,,,,,,,,,,,,,,,,,,,,,,,,,,,,,,,,,,,,,,,,,,,,,,,,,,,,,,,,,,,,,,,,,,,,,,,,,,,,,,,,,,,,,,,,,,,,,,,
2023-08-16 10:54:00,ACi,Rep-S,3,Yng,winter,morning,Erin_Reps3_ACi_16_08_23,7,911.5,0,35.1,0.185,649.0,0,0,0.0,0.0,0.0,0.0,0.0,0.0,0.0,0.0,-1,0.87,0.92,10,0.875,0.028,0.0,0.0,0.0,0.0,0.5,0.0,2.85,1.5,23.56,2,4.64,1,9.29,20.81,23.56,20.01,998.45,979.48,13.139,14.545,51.9,57.45,399.8,1499,1207,97.42,17.6,-0.514,0.18,0.00268,0.152,0.00271,0.2,-1.36,7.36,1.0,0.0,0.16,111115,,,,,,,,,,,,,,,,,,,,,,,,,,,,,,,,,,,,,,,,,,,,,,,,,,,,,,,,,,,,,,,,,,,,,,,,,,,,,,,,,,,,,,,,,,,,,,,,,,,,,,,,,,,,,,,,,,,,,,,,,,,,,,,,,,,,,,,,,,,,
2023-08-16 10:56:00,ACi,Rep-S,3,Yng,winter,morning,Erin_Reps3_ACi_16_08_23,8,1049.5,0,28.3,0.182,467.0,0,0,0.0,0.0,0.0,0.0,0.0,0.0,0.0,0.0,-1,0.87,0.92,10,0.875,0.022,0.0,0.0,0.0,0.0,0.5,0.0,2.81,1.5,23.62,2,4.64,1,9.29,20.82,23.62,20.01,749.95,734.78,13.282,14.669,52.41,57.88,399.8,1498,1272,97.42,13.2,-0.521,0.0323,0.00254,0.021,0.00303,1.0,-1.36,7.36,1.0,0.0,0.16,111115,,,,,,,,,,,,,,,,,,,,,,,,,,,,,,,,,,,,,,,,,,,,,,,,,,,,,,,,,,,,,,,,,,,,,,,,,,,,,,,,,,,,,,,,,,,,,,,,,,,,,,,,,,,,,,,,,,,,,,,,,,,,,,,,,,,,,,,,,,,,
2023-08-16 10:58:00,ACi,Rep-S,3,Yng,winter,morning,Erin_Reps3_ACi_16_08_23,9,1175.5,0,22.7,0.182,275.0,0,0,0.0,0.0,0.0,0.0,0.0,0.0,0.0,0.0,-1,0.87,0.92,10,0.875,0.018,0.0,0.0,0.0,0.0,0.5,0.0,2.82,1.51,23.75,2,4.64,1,9.29,20.86,23.75,20.01,500.18,488.14,13.412,14.804,52.79,58.26,399.8,1499,1298,97.41,8.74,-0.524,0.0501,0.00317,0.0349,0.00338,1.0,-1.36,7.36,1.0,0.0,0.16,111115,,,,,,,,,,,,,,,,,,,,,,,,,,,,,,,,,,,,,,,,,,,,,,,,,,,,,,,,,,,,,,,,,,,,,,,,,,,,,,,,,,,,,,,,,,,,,,,,,,,,,,,,,,,,,,,,,,,,,,,,,,,,,,,,,,,,,,,,,,,,
2023-08-16 11:00:00,ACi,Rep-S,3,Yng,winter,morning,Erin_Reps3_ACi_16_08_23,10,1305.5,0,19.7,0.18,224.0,0,0,0.0,0.0,0.0,0.0,0.0,0.0,0.0,0.0,-1,0.87,0.92,10,0.875,0.016,0.0,0.0,0.0,0.0,0.5,0.0,2.82,1.52,23.86,2,4.64,1,9.29,20.89,23.86,20.01,420.04,409.6,13.537,14.924,53.19,58.64,399.8,1496,1278,97.42,7.3,-0.526,0.0221,0.00388,0.0282,0.00395,1.0,-1.36,7.36,1.0,0.0,0.16,111115,-0.442477,0.0,0.036404,100.123,0.0,6.3541,265.467,0.0,12.2763,-17.5022,0.0,1.17444,5.99675,0.0,0.277315,0.247609,-9.413,0.0838426,-0.212634,-10.7777,-0.211946,16.0275,397.86,400.782,0.0,1.0,315.185,7.82402,7.88572,0.0,1.0,292.654,291.506,97632.2,1.16337,1009.74,0.0248236,0.38859,0.00567964,764.082,2104.24,0.00488207,36.3115,1340.16,276.268,3.66527,1.97507,0.457953,4.18865,5.22868e-14,-0.00067245,4.18865,11.463,181.352,28.2199,,,0.616719,2.85014,-200.829,-0.02654,0.377157,0.138204,0.0,65.4729,-9.93577,22.4747,55.9653,85.3506,119.705,179.34,-0.425552,1.03977,105.316,1.07323,191.741,1.3524,-18.5299,1.32622,4.33131,1.3524,800000099.0,800000099.0,800000099.0,800000099.0,800000099.0,800000099.0,800000199.0,800000199.0,80000.0,80000.0,80.0,80.0,9.0,4.0,2.0,2.0,3.0,1.0,2.3022,2.91081,0.487271,0.0924324,0.00392846,212.585,0.0896538,-0.0185299,4.33131,18.0266,14.0699,22.2825,558.552,90.7679,0.355363,0.0372393,0.0782954,249.135,291.956,291.443,97655.5,36.3115,284.25,285.144,37.7048,5.44903,5.20664,2.91516,1.23799,5.8986,11.9612,0.0,5.327835,0.004318,208800.0,4.318,1.0,-17.418357399999998,2.6276137440154494,20.129813744015447,2.23985010979924
2023-07-25 12:01:00,ACi,Rep-S,3,Yng,winter,noon,Erin_Reps3_ACi_25_07_23,1,106.5,0,15.5,0.126,205.0,0,0,0.0,0.0,0.0,0.0,0.0,0.0,0.0,0.0,-1,0.87,0.92,10,0.875,0.013,0.0,0.0,0.0,0.0,0.5,0.0,1.75,1.35,23.23,2,4.64,1,9.29,20.67,23.23,20.0,420.09,411.96,14.524,15.385,58.19,61.64,399.8,1499,93,97.99,6.02,-0.537,0.0437,0.00871,0.0529,0.00903,1.0,-1.36,7.36,1.0,0.0,0.16,111115,,,,,,,,,,,,,,,,,,,,,,,,,,,,,,,,,,,,,,,,,,,,,,,,,,,,,,,,,,,,,,,,,,,,,,,,,,,,,,,,,,,,,,,,,,,,,,,,,,,,,,,,,,,,,,,,,,,,,,,,,,,,,,,,,,,,,,,,,,,,
2023-07-25 12:03:00,ACi,Rep-S,3,Yng,winter,noon,Erin_Reps3_ACi_25_07_23,2,204.5,0,10.7,0.128,153.0,0,0,0.0,0.0,0.0,0.0,0.0,0.0,0.0,0.0,-1,0.87,0.92,10,0.875,0.009,0.0,0.0,0.0,0.0,0.5,0.0,1.77,1.34,23.36,2,4.64,1,9.29,20.71,23.36,20.0,299.78,294.15,14.852,15.722,59.34,62.81,399.8,1499,103,97.98,4.09,-0.552,0.06,0.00952,0.0321,0.00955,1.0,-1.36,7.36,1.0,0.0,0.16,111115,,,,,,,,,,,,,,,,,,,,,,,,,,,,,,,,,,,,,,,,,,,,,,,,,,,,,,,,,,,,,,,,,,,,,,,,,,,,,,,,,,,,,,,,,,,,,,,,,,,,,,,,,,,,,,,,,,,,,,,,,,,,,,,,,,,,,,,,,,,,
2023-07-25 12:05:00,ACi,Rep-S,3,Yng,winter,noon,Erin_Reps3_ACi_25_07_23,3,333.5,0,8.75,0.127,130.0,0,0,0.0,0.0,0.0,0.0,0.0,0.0,0.0,0.0,-1,0.87,0.92,10,0.875,0.007,0.0,0.0,0.0,0.0,0.5,0.0,1.75,1.33,23.51,2,4.64,1,9.29,20.76,23.51,20.0,249.63,245.04,15.224,16.084,60.64,64.06,399.8,1498,104,97.98,3.36,-0.56,0.0515,0.00701,0.0396,0.00587,1.0,-1.36,7.36,1.0,0.0,0.16,111115,,,,,,,,,,,,,,,,,,,,,,,,,,,,,,,,,,,,,,,,,,,,,,,,,,,,,,,,,,,,,,,,,,,,,,,,,,,,,,,,,,,,,,,,,,,,,,,,,,,,,,,,,,,,,,,,,,,,,,,,,,,,,,,,,,,,,,,,,,,,
2023-07-25 12:07:00,ACi,Rep-S,3,Yng,winter,noon,Erin_Reps3_ACi_25_07_23,4,434.5,0,4.42,0.126,88.4,0,0,0.0,0.0,0.0,0.0,0.0,0.0,0.0,0.0,-1,0.87,0.92,10,0.875,0.004,0.0,0.0,0.0,0.0,0.5,0.0,1.73,1.33,23.62,2,4.64,1,9.29,20.79,23.62,20.0,150.09,147.75,15.466,16.316,61.51,64.89,399.8,1501,86,97.98,1.89,-0.566,0.0228,0.00554,0.025,0.00548,1.0,-1.36,7.36,1.0,0.0,0.16,111115,,,,,,,,,,,,,,,,,,,,,,,,,,,,,,,,,,,,,,,,,,,,,,,,,,,,,,,,,,,,,,,,,,,,,,,,,,,,,,,,,,,,,,,,,,,,,,,,,,,,,,,,,,,,,,,,,,,,,,,,,,,,,,,,,,,,,,,,,,,,
2023-07-25 12:09:00,ACi,Rep-S,3,Yng,winter,noon,Erin_Reps3_ACi_25_07_23,5,540.5,0,1.66,0.125,75.2,0,0,0.0,0.0,0.0,0.0,0.0,0.0,0.0,0.0,-1,0.87,0.92,10,0.875,0.002,0.0,0.0,0.0,0.0,0.5,0.0,1.68,1.31,23.64,2,4.64,1,9.29,20.77,23.64,20.0,99.64,98.72,15.713,16.541,62.57,65.87,399.8,1501,104,97.97,1.13,-0.577,0.0649,0.00732,0.076,0.00622,1.0,-1.36,7.36,1.0,0.0,0.16,111115,,,,,,,,,,,,,,,,,,,,,,,,,,,,,,,,,,,,,,,,,,,,,,,,,,,,,,,,,,,,,,,,,,,,,,,,,,,,,,,,,,,,,,,,,,,,,,,,,,,,,,,,,,,,,,,,,,,,,,,,,,,,,,,,,,,,,,,,,,,,
2023-07-25 12:11:00,ACi,Rep-S,3,Yng,winter,noon,Erin_Reps3_ACi_25_07_23,6,682.5,0,-0.215,0.124,55.9,0,0,0.0,0.0,0.0,0.0,0.0,0.0,0.0,0.0,-1,0.87,0.92,10,0.875,0.001,0.0,0.0,0.0,0.0,0.5,0.0,1.64,1.29,23.65,2,4.64,1,9.29,20.78,23.65,20.0,54.23,54.3,16.002,16.81,63.68,66.9,399.9,1501,104,97.97,0.424,-0.582,0.0312,0.00342,0.0304,0.0038,1.0,-1.36,7.36,1.0,0.0,0.16,111135,,,,,,,,,,,,,,,,,,,,,,,,,,,,,,,,,,,,,,,,,,,,,,,,,,,,,,,,,,,,,,,,,,,,,,,,,,,,,,,,,,,,,,,,,,,,,,,,,,,,,,,,,,,,,,,,,,,,,,,,,,,,,,,,,,,,,,,,,,,,
2023-07-25 12:13:00,ACi,Rep-S,3,Yng,winter,noon,Erin_Reps3_ACi_25_07_23,7,824.5,0,52.4,0.124,270.0,0,0,0.0,0.0,0.0,0.0,0.0,0.0,0.0,0.0,-1,0.87,0.92,10,0.875,0.041,0.0,0.0,0.0,0.0,0.5,0.0,1.58,1.24,23.46,2,4.64,1,9.29,20.72,23.46,20.0,993.69,966.73,16.191,16.968,64.66,67.77,399.8,1502,104,97.96,15.3,-0.58,0.56,0.00408,0.635,0.00324,0.2,-1.36,7.36,1.0,0.0,0.16,111115,,,,,,,,,,,,,,,,,,,,,,,,,,,,,,,,,,,,,,,,,,,,,,,,,,,,,,,,,,,,,,,,,,,,,,,,,,,,,,,,,,,,,,,,,,,,,,,,,,,,,,,,,,,,,,,,,,,,,,,,,,,,,,,,,,,,,,,,,,,,
2023-07-25 12:16:00,ACi,Rep-S,3,Yng,winter,noon,Erin_Reps3_ACi_25_07_23,8,963.5,0,23.6,0.125,419.0,0,0,0.0,0.0,0.0,0.0,0.0,0.0,0.0,0.0,-1,0.87,0.92,10,0.875,0.019,0.0,0.0,0.0,0.0,0.5,0.0,1.58,1.23,23.53,2,4.64,1,9.29,20.74,23.53,20.0,750.16,737.77,16.367,17.145,65.26,68.36,399.8,1501,105,97.96,11.4,-0.587,0.0774,0.00401,0.0712,0.00568,1.0,-1.36,7.36,1.0,0.0,0.16,111115,,,,,,,,,,,,,,,,,,,,,,,,,,,,,,,,,,,,,,,,,,,,,,,,,,,,,,,,,,,,,,,,,,,,,,,,,,,,,,,,,,,,,,,,,,,,,,,,,,,,,,,,,,,,,,,,,,,,,,,,,,,,,,,,,,,,,,,,,,,,
2023-07-25 12:18:00,ACi,Rep-S,3,Yng,winter,noon,Erin_Reps3_ACi_25_07_23,9,1099.5,0,18.5,0.125,243.0,0,0,0.0,0.0,0.0,0.0,0.0,0.0,0.0,0.0,-1,0.87,0.92,10,0.875,0.015,0.0,0.0,0.0,0.0,0.5,0.0,1.59,1.24,23.66,2,4.64,1,9.29,20.79,23.66,20.0,500.02,490.35,16.545,17.329,65.78,68.9,399.8,1500,105,97.96,7.36,-0.59,0.0544,0.00322,0.0643,0.00399,1.0,-1.36,7.36,1.0,0.0,0.16,111115,,,,,,,,,,,,,,,,,,,,,,,,,,,,,,,,,,,,,,,,,,,,,,,,,,,,,,,,,,,,,,,,,,,,,,,,,,,,,,,,,,,,,,,,,,,,,,,,,,,,,,,,,,,,,,,,,,,,,,,,,,,,,,,,,,,,,,,,,,,,
2023-07-25 12:20:00,ACi,Rep-S,3,Yng,winter,noon,Erin_Reps3_ACi_25_07_23,10,1241.5,0,16.1,0.121,190.0,0,0,0.0,0.0,0.0,0.0,0.0,0.0,0.0,0.0,-1,0.87,0.92,10,0.875,0.013,0.0,0.0,0.0,0.0,0.5,0.0,1.54,1.24,23.74,2,4.64,1,9.29,20.78,23.74,20.0,419.97,411.58,16.731,17.49,66.56,69.58,399.8,1500,66,97.95,6.11,-0.595,0.0135,0.00401,0.0447,0.00367,1.0,-1.36,7.36,1.0,0.0,0.16,111115,,,,,,,,,,,,,,,,,,,,,,,,,,,,,,,,,,,,,,,,,,,,,,,,,,,,,,,,,,,,,,,,,,,,,,,,,,,,,,,,,,,,,,,,,,,,,,,,,,,,,,,,,,,,,,,,,,,,,,,,,,,,,,,,,,,,,,,,,,,,
2023-06-26 11:29:00,ACi,Rep-S,3,Yng,winter,morning,Erin_Reps3_ACi_26_06_23,1,225.0,0,5.69,0.171,356.0,0,0,0.0,0.0,0.0,0.0,0.0,0.0,0.0,0.0,-1,0.87,0.92,10,0.875,0.005,0.0,0.0,0.0,0.0,0.5,0.0,1.98,1.13,21.38,2,4.64,1,9.29,19.85,21.38,20.02,420.59,417.34,13.587,14.563,57.2,61.31,399.8,1498,205,97.88,6.15,-0.523,0.0869,0.00292,0.0866,0.00212,0.5,-1.36,7.36,1.0,0.0,0.16,111115,,,,,,,,,,,,,,,,,,,,,,,,,,,,,,,,,,,,,,,,,,,,,,,,,,,,,,,,,,,,,,,,,,,,,,,,,,,,,,,,,,,,,,,,,,,,,,,,,,,,,,,,,,,,,,,,,,,,,,,,,,,,,,,,,,,,,,,,,,,,
2023-06-26 11:31:00,ACi,Rep-S,3,Yng,winter,morning,Erin_Reps3_ACi_26_06_23,2,367.0,0,5.73,0.177,288.0,0,0,0.0,0.0,0.0,0.0,0.0,0.0,0.0,0.0,-1,0.87,0.92,10,0.875,0.005,0.0,0.0,0.0,0.0,0.5,0.0,2.08,1.15,21.43,2,4.64,1,9.29,19.89,21.43,20.02,350.31,347.09,13.406,14.432,56.31,60.62,399.8,1501,196,97.9,5.0,-0.518,0.0989,0.00289,0.121,0.00266,0.2,-1.36,7.36,1.0,0.0,0.16,111115,,,,,,,,,,,,,,,,,,,,,,,,,,,,,,,,,,,,,,,,,,,,,,,,,,,,,,,,,,,,,,,,,,,,,,,,,,,,,,,,,,,,,,,,,,,,,,,,,,,,,,,,,,,,,,,,,,,,,,,,,,,,,,,,,,,,,,,,,,,,
2023-06-26 11:34:00,ACi,Rep-S,3,Yng,winter,morning,Erin_Reps3_ACi_26_06_23,3,509.0,0,3.7,0.178,209.0,0,0,0.0,0.0,0.0,0.0,0.0,0.0,0.0,0.0,-1,0.87,0.92,10,0.875,0.004,0.0,0.0,0.0,0.0,0.5,0.0,2.14,1.18,21.53,2,4.64,1,9.29,19.94,21.53,20.02,249.42,247.3,13.261,14.315,55.54,59.95,399.8,1500,216,97.89,3.37,-0.512,0.0847,0.00238,0.0691,0.00163,0.2,-1.36,7.36,1.0,0.0,0.16,111115,,,,,,,,,,,,,,,,,,,,,,,,,,,,,,,,,,,,,,,,,,,,,,,,,,,,,,,,,,,,,,,,,,,,,,,,,,,,,,,,,,,,,,,,,,,,,,,,,,,,,,,,,,,,,,,,,,,,,,,,,,,,,,,,,,,,,,,,,,,,
2023-06-26 11:36:00,ACi,Rep-S,3,Yng,winter,morning,Erin_Reps3_ACi_26_06_23,4,651.0,0,2.54,0.176,122.0,0,0,0.0,0.0,0.0,0.0,0.0,0.0,0.0,0.0,-1,0.87,0.92,10,0.875,0.003,0.0,0.0,0.0,0.0,0.5,0.0,2.15,1.19,21.58,2,4.64,1,9.29,19.96,21.58,20.02,149.79,148.36,13.167,14.225,55.06,59.48,399.9,1500,191,97.91,1.88,-0.508,0.138,0.00245,0.183,0.00213,0.2,-1.36,7.36,1.0,0.0,0.16,111115,,,,,,,,,,,,,,,,,,,,,,,,,,,,,,,,,,,,,,,,,,,,,,,,,,,,,,,,,,,,,,,,,,,,,,,,,,,,,,,,,,,,,,,,,,,,,,,,,,,,,,,,,,,,,,,,,,,,,,,,,,,,,,,,,,,,,,,,,,,,
2023-06-26 11:38:00,ACi,Rep-S,3,Yng,winter,morning,Erin_Reps3_ACi_26_06_23,5,793.0,0,2.0,0.17,78.5,0,0,0.0,0.0,0.0,0.0,0.0,0.0,0.0,0.0,-1,0.87,0.92,10,0.875,0.002,0.0,0.0,0.0,0.0,0.5,0.0,2.1,1.21,21.59,2,4.64,1,9.29,19.93,21.59,20.02,100.51,99.4,13.075,14.112,54.76,59.1,399.8,1500,173,97.88,1.1,-0.503,0.111,0.00253,0.116,0.00141,0.2,-1.36,7.36,1.0,0.0,0.16,111115,,,,,,,,,,,,,,,,,,,,,,,,,,,,,,,,,,,,,,,,,,,,,,,,,,,,,,,,,,,,,,,,,,,,,,,,,,,,,,,,,,,,,,,,,,,,,,,,,,,,,,,,,,,,,,,,,,,,,,,,,,,,,,,,,,,,,,,,,,,,
2023-06-26 11:41:00,ACi,Rep-S,3,Yng,winter,morning,Erin_Reps3_ACi_26_06_23,6,935.0,0,0.629,0.166,48.5,0,0,0.0,0.0,0.0,0.0,0.0,0.0,0.0,0.0,-1,0.87,0.92,10,0.875,0.001,0.0,0.0,0.0,0.0,0.5,0.0,2.09,1.23,21.68,2,4.64,1,9.29,19.99,21.68,20.02,56.05,55.68,13.025,14.056,54.36,58.66,399.9,1499,208,97.89,0.447,-0.497,0.0633,0.0012,0.0562,0.00053,0.2,-1.36,7.36,1.0,0.0,0.16,111135,,,,,,,,,,,,,,,,,,,,,,,,,,,,,,,,,,,,,,,,,,,,,,,,,,,,,,,,,,,,,,,,,,,,,,,,,,,,,,,,,,,,,,,,,,,,,,,,,,,,,,,,,,,,,,,,,,,,,,,,,,,,,,,,,,,,,,,,,,,,
2023-06-26 11:43:00,ACi,Rep-S,3,Yng,winter,morning,Erin_Reps3_ACi_26_06_23,7,1077.0,0,18.6,0.161,784.0,0,0,0.0,0.0,0.0,0.0,0.0,0.0,0.0,0.0,-1,0.87,0.92,10,0.875,0.015,0.0,0.0,0.0,0.0,0.5,0.0,2.03,1.23,21.63,2,4.64,1,9.29,19.98,21.63,20.02,999.93,989.61,12.99,13.99,54.21,58.39,399.8,1500,185,97.85,15.5,-0.489,0.101,0.00161,0.053,0.00114,0.2,-1.36,7.36,1.0,0.0,0.16,111115,,,,,,,,,,,,,,,,,,,,,,,,,,,,,,,,,,,,,,,,,,,,,,,,,,,,,,,,,,,,,,,,,,,,,,,,,,,,,,,,,,,,,,,,,,,,,,,,,,,,,,,,,,,,,,,,,,,,,,,,,,,,,,,,,,,,,,,,,,,,
2023-06-26 11:45:00,ACi,Rep-S,3,Yng,winter,morning,Erin_Reps3_ACi_26_06_23,8,1219.0,0,17.3,0.157,549.0,0,0,0.0,0.0,0.0,0.0,0.0,0.0,0.0,0.0,-1,0.87,0.92,10,0.875,0.014,0.0,0.0,0.0,0.0,0.5,0.0,1.99,1.23,21.64,2,4.64,1,9.29,19.97,21.64,20.02,750.34,740.94,12.943,13.923,54.07,58.17,399.8,1500,175,97.87,11.5,-0.486,0.0695,0.000792,0.0876,0.000779,0.5,-1.36,7.36,1.0,0.0,0.16,111115,,,,,,,,,,,,,,,,,,,,,,,,,,,,,,,,,,,,,,,,,,,,,,,,,,,,,,,,,,,,,,,,,,,,,,,,,,,,,,,,,,,,,,,,,,,,,,,,,,,,,,,,,,,,,,,,,,,,,,,,,,,,,,,,,,,,,,,,,,,,
2023-06-26 11:48:00,ACi,Rep-S,3,Yng,winter,morning,Erin_Reps3_ACi_26_06_23,9,1361.0,0,14.8,0.153,327.0,0,0,0.0,0.0,0.0,0.0,0.0,0.0,0.0,0.0,-1,0.87,0.92,10,0.875,0.012,0.0,0.0,0.0,0.0,0.5,0.0,1.96,1.25,21.72,2,4.64,1,9.29,20.0,21.72,20.02,499.83,491.97,12.923,13.891,53.91,57.95,399.8,1499,188,97.88,7.37,-0.485,0.0484,0.000458,0.0554,0.000994,0.5,-1.36,7.36,1.0,0.0,0.16,111115,,,,,,,,,,,,,,,,,,,,,,,,,,,,,,,,,,,,,,,,,,,,,,,,,,,,,,,,,,,,,,,,,,,,,,,,,,,,,,,,,,,,,,,,,,,,,,,,,,,,,,,,,,,,,,,,,,,,,,,,,,,,,,,,,,,,,,,,,,,,
2023-06-26 11:50:00,ACi,Rep-S,3,Yng,winter,morning,Erin_Reps3_ACi_26_06_23,10,1498.0,0,13.7,0.15,257.0,0,0,0.0,0.0,0.0,0.0,0.0,0.0,0.0,0.0,-1,0.87,0.92,10,0.875,0.011,0.0,0.0,0.0,0.0,0.5,0.0,1.96,1.27,21.86,2,4.64,1,9.29,20.04,21.86,20.02,420.1,412.82,12.929,13.893,53.78,57.79,399.8,1499,183,97.88,6.1,-0.485,0.111,0.00149,0.105,0.000691,1.0,-1.36,7.36,1.0,0.0,0.16,111115,,,,,,,,,,,,,,,,,,,,,,,,,,,,,,,,,,,,,,,,,,,,,,,,,,,,,,,,,,,,,,,,,,,,,,,,,,,,,,,,,,,,,,,,,,,,,,,,,,,,,,,,,,,,,,,,,,,,,,,,,,,,,,,,,,,,,,,,,,,,
2023-06-16 13:21:00,ACi,Rep-S,4,Yng,winter,noon,Erin_Reps4_ACi_16_06_23,1,112.5,0,10.7,0.072,164.0,0,0,0.0,0.0,0.0,0.0,0.0,0.0,0.0,0.0,-1,0.87,0.92,10,0.875,0.009,0.0,0.0,0.0,0.0,0.5,0.0,1.57,2.11,20.75,2,4.64,1,9.29,19.8,20.75,20.02,419.99,414.3,2.77,3.553,11.65,14.94,399.9,1500,516,97.47,4.21,0.057,0.0259,0.000871,0.0207,0.00068,1.0,-1.36,7.36,1.0,0.0,0.16,111115,,,,,,,,,,,,,,,,,,,,,,,,,,,,,,,,,,,,,,,,,,,,,,,,,,,,,,,,,,,,,,,,,,,,,,,,,,,,,,,,,,,,,,,,,,,,,,,,,,,,,,,,,,,,,,,,,,,,,,,,,,,,,,,,,,,,,,,,,,,,
2023-06-16 13:23:00,ACi,Rep-S,4,Yng,winter,noon,Erin_Reps4_ACi_16_06_23,2,254.5,0,9.63,0.0738,126.0,0,0,0.0,0.0,0.0,0.0,0.0,0.0,0.0,0.0,-1,0.87,0.92,10,0.875,0.008,0.0,0.0,0.0,0.0,0.5,0.0,1.62,2.12,20.85,2,4.64,1,9.29,19.82,20.85,20.02,349.89,344.79,2.796,3.602,11.75,15.14,399.8,1499,498,97.47,3.32,0.0549,0.0139,0.000892,0.0164,0.000566,0.2,-1.36,7.36,1.0,0.0,0.16,111115,,,,,,,,,,,,,,,,,,,,,,,,,,,,,,,,,,,,,,,,,,,,,,,,,,,,,,,,,,,,,,,,,,,,,,,,,,,,,,,,,,,,,,,,,,,,,,,,,,,,,,,,,,,,,,,,,,,,,,,,,,,,,,,,,,,,,,,,,,,,
2023-06-16 13:25:00,ACi,Rep-S,4,Yng,winter,noon,Erin_Reps4_ACi_16_06_23,3,377.5,0,6.53,0.074,98.3,0,0,0.0,0.0,0.0,0.0,0.0,0.0,0.0,0.0,-1,0.87,0.92,10,0.875,0.006,0.0,0.0,0.0,0.0,0.5,0.0,1.61,2.11,20.78,2,4.64,1,9.29,19.78,20.78,20.02,249.96,246.49,2.79,3.595,11.75,15.14,399.8,1500,520,97.48,2.07,0.0546,0.0328,0.000955,0.027,0.000426,1.0,-1.36,7.36,1.0,0.0,0.16,111115,,,,,,,,,,,,,,,,,,,,,,,,,,,,,,,,,,,,,,,,,,,,,,,,,,,,,,,,,,,,,,,,,,,,,,,,,,,,,,,,,,,,,,,,,,,,,,,,,,,,,,,,,,,,,,,,,,,,,,,,,,,,,,,,,,,,,,,,,,,,
2023-06-16 13:27:00,ACi,Rep-S,4,Yng,winter,noon,Erin_Reps4_ACi_16_06_23,4,479.5,0,2.94,0.0741,80.2,0,0,0.0,0.0,0.0,0.0,0.0,0.0,0.0,0.0,-1,0.87,0.92,10,0.875,0.003,0.0,0.0,0.0,0.0,0.5,0.0,1.61,2.1,20.72,2,4.64,1,9.29,19.76,20.72,20.02,149.76,148.17,2.786,3.589,11.75,15.13,399.8,1500,447,97.47,0.936,0.0543,0.0935,0.00131,0.0917,0.00117,1.0,-1.36,7.36,1.0,0.0,0.16,111115,,,,,,,,,,,,,,,,,,,,,,,,,,,,,,,,,,,,,,,,,,,,,,,,,,,,,,,,,,,,,,,,,,,,,,,,,,,,,,,,,,,,,,,,,,,,,,,,,,,,,,,,,,,,,,,,,,,,,,,,,,,,,,,,,,,,,,,,,,,,
2023-06-16 13:29:00,ACi,Rep-S,4,Yng,winter,noon,Erin_Reps4_ACi_16_06_23,5,621.5,0,1.18,0.0742,71.0,0,0,0.0,0.0,0.0,0.0,0.0,0.0,0.0,0.0,-1,0.87,0.92,10,0.875,0.002,0.0,0.0,0.0,0.0,0.5,0.0,1.59,2.08,20.55,2,4.64,1,9.29,19.68,20.55,20.02,100.24,99.57,2.743,3.538,11.62,14.99,399.9,1501,383,97.47,0.303,0.0538,0.0834,0.00155,0.0915,0.00107,0.5,-1.36,7.36,1.0,0.0,0.16,111115,,,,,,,,,,,,,,,,,,,,,,,,,,,,,,,,,,,,,,,,,,,,,,,,,,,,,,,,,,,,,,,,,,,,,,,,,,,,,,,,,,,,,,,,,,,,,,,,,,,,,,,,,,,,,,,,,,,,,,,,,,,,,,,,,,,,,,,,,,,,
2023-06-16 13:31:00,ACi,Rep-S,4,Yng,winter,noon,Erin_Reps4_ACi_16_06_23,6,709.0,0,-0.273,0.0738,53.9,0,0,0.0,0.0,0.0,0.0,0.0,0.0,0.0,0.0,-1,0.87,0.92,10,0.875,0.001,0.0,0.0,0.0,0.0,0.5,0.0,1.58,2.08,20.51,2,4.64,1,9.29,19.68,20.51,20.02,49.66,49.75,2.726,3.515,11.55,14.89,399.8,1501,522,97.45,-0.354,0.0548,0.0112,0.00087,0.0209,0.000826,1.0,-1.36,7.36,1.0,0.0,0.16,111135,,,,,,,,,,,,,,,,,,,,,,,,,,,,,,,,,,,,,,,,,,,,,,,,,,,,,,,,,,,,,,,,,,,,,,,,,,,,,,,,,,,,,,,,,,,,,,,,,,,,,,,,,,,,,,,,,,,,,,,,,,,,,,,,,,,,,,,,,,,,
2023-06-16 13:33:00,ACi,Rep-S,4,Yng,winter,noon,Erin_Reps4_ACi_16_06_23,7,850.5,0,16.1,0.0731,608.0,0,0,0.0,0.0,0.0,0.0,0.0,0.0,0.0,0.0,-1,0.87,0.92,10,0.875,0.013,0.0,0.0,0.0,0.0,0.5,0.0,1.58,2.09,20.56,2,4.64,1,9.29,19.7,20.56,20.02,999.64,990.79,2.716,3.502,11.49,14.81,399.8,1501,807,97.43,12.0,0.0574,0.0765,0.000965,0.05,0.000719,0.2,-1.36,7.36,1.0,0.0,0.16,111115,,,,,,,,,,,,,,,,,,,,,,,,,,,,,,,,,,,,,,,,,,,,,,,,,,,,,,,,,,,,,,,,,,,,,,,,,,,,,,,,,,,,,,,,,,,,,,,,,,,,,,,,,,,,,,,,,,,,,,,,,,,,,,,,,,,,,,,,,,,,
2023-06-16 13:35:00,ACi,Rep-S,4,Yng,winter,noon,Erin_Reps4_ACi_16_06_23,8,992.0,0,12.3,0.0721,447.0,0,0,0.0,0.0,0.0,0.0,0.0,0.0,0.0,0.0,-1,0.87,0.92,10,0.875,0.01,0.0,0.0,0.0,0.0,0.5,0.0,1.55,2.08,20.47,2,4.64,1,9.29,19.66,20.47,20.02,749.61,742.88,2.692,3.463,11.42,14.69,399.9,1501,360,97.44,8.35,0.0572,0.0558,0.000438,0.0803,0.000917,0.2,-1.36,7.36,1.0,0.0,0.16,111115,,,,,,,,,,,,,,,,,,,,,,,,,,,,,,,,,,,,,,,,,,,,,,,,,,,,,,,,,,,,,,,,,,,,,,,,,,,,,,,,,,,,,,,,,,,,,,,,,,,,,,,,,,,,,,,,,,,,,,,,,,,,,,,,,,,,,,,,,,,,
2023-06-16 13:37:00,ACi,Rep-S,4,Yng,winter,noon,Erin_Reps4_ACi_16_06_23,9,1095.0,0,10.6,0.0714,243.0,0,0,0.0,0.0,0.0,0.0,0.0,0.0,0.0,0.0,-1,0.87,0.92,10,0.875,0.009,0.0,0.0,0.0,0.0,0.5,0.0,1.53,2.08,20.42,2,4.64,1,9.29,19.64,20.42,20.02,499.81,494.15,2.65,3.413,11.26,14.5,399.9,1502,358,97.44,5.02,0.0583,0.0666,0.00154,0.0358,0.00163,1.0,-1.36,7.36,1.0,0.0,0.16,111115,,,,,,,,,,,,,,,,,,,,,,,,,,,,,,,,,,,,,,,,,,,,,,,,,,,,,,,,,,,,,,,,,,,,,,,,,,,,,,,,,,,,,,,,,,,,,,,,,,,,,,,,,,,,,,,,,,,,,,,,,,,,,,,,,,,,,,,,,,,,
2023-06-16 13:39:00,ACi,Rep-S,4,Yng,winter,noon,Erin_Reps4_ACi_16_06_23,10,1197.0,0,9.52,0.07,185.0,0,0,0.0,0.0,0.0,0.0,0.0,0.0,0.0,0.0,-1,0.87,0.92,10,0.875,0.008,0.0,0.0,0.0,0.0,0.5,0.0,1.5,2.07,20.37,2,4.64,1,9.29,19.6,20.37,20.02,419.66,414.59,2.617,3.364,11.14,14.32,399.9,1499,412,97.45,3.93,0.059,0.0622,0.00127,0.0736,0.00087,1.0,-1.36,7.36,1.0,0.0,0.16,111115,,,,,,,,,,,,,,,,,,,,,,,,,,,,,,,,,,,,,,,,,,,,,,,,,,,,,,,,,,,,,,,,,,,,,,,,,,,,,,,,,,,,,,,,,,,,,,,,,,,,,,,,,,,,,,,,,,,,,,,,,,,,,,,,,,,,,,,,,,,,
2023-08-16 13:33:00,ACi,Rep-S,4,Yng,winter,noon,Erin_Reps4_ACi_16_08_23,1,111.5,0,13.6,0.157,262.0,0,0,0.0,0.0,0.0,0.0,0.0,0.0,0.0,0.0,-1,0.87,0.92,10,0.875,0.011,0.0,0.0,0.0,0.0,0.5,0.0,2.76,1.71,23.93,2,4.64,1,9.29,20.89,23.93,19.99,419.91,412.52,11.72,13.084,46.06,51.42,399.7,1500,1202,97.43,5.88,-0.416,0.0236,0.00199,0.0292,0.0028,1.0,-1.36,7.36,1.0,0.0,0.16,111115,,,,,,,,,,,,,,,,,,,,,,,,,,,,,,,,,,,,,,,,,,,,,,,,,,,,,,,,,,,,,,,,,,,,,,,,,,,,,,,,,,,,,,,,,,,,,,,,,,,,,,,,,,,,,,,,,,,,,,,,,,,,,,,,,,,,,,,,,,,,
2023-08-16 13:35:00,ACi,Rep-S,4,Yng,winter,noon,Erin_Reps4_ACi_16_08_23,2,233.5,0,9.67,0.159,189.0,0,0,0.0,0.0,0.0,0.0,0.0,0.0,0.0,0.0,-1,0.87,0.92,10,0.875,0.008,0.0,0.0,0.0,0.0,0.5,0.0,2.75,1.68,23.82,2,4.64,1,9.29,20.83,23.82,19.99,299.87,294.62,11.805,13.164,46.56,51.92,399.7,1501,1309,97.42,4.0,-0.425,0.0483,0.00278,0.0278,0.00217,1.0,-1.36,7.36,1.0,0.0,0.16,111115,,,,,,,,,,,,,,,,,,,,,,,,,,,,,,,,,,,,,,,,,,,,,,,,,,,,,,,,,,,,,,,,,,,,,,,,,,,,,,,,,,,,,,,,,,,,,,,,,,,,,,,,,,,,,,,,,,,,,,,,,,,,,,,,,,,,,,,,,,,,
2023-08-16 13:36:00,ACi,Rep-S,4,Yng,winter,noon,Erin_Reps4_ACi_16_08_23,3,330.5,0,7.5,0.159,163.0,0,0,0.0,0.0,0.0,0.0,0.0,0.0,0.0,0.0,-1,0.87,0.92,10,0.875,0.006,0.0,0.0,0.0,0.0,0.5,0.0,2.73,1.67,23.8,2,4.64,1,9.29,20.82,23.8,19.99,249.88,245.79,11.895,13.245,46.95,52.28,399.7,1500,1344,97.42,3.23,-0.431,0.0467,0.00411,0.0501,0.00439,1.0,-1.36,7.36,1.0,0.0,0.16,111115,,,,,,,,,,,,,,,,,,,,,,,,,,,,,,,,,,,,,,,,,,,,,,,,,,,,,,,,,,,,,,,,,,,,,,,,,,,,,,,,,,,,,,,,,,,,,,,,,,,,,,,,,,,,,,,,,,,,,,,,,,,,,,,,,,,,,,,,,,,,
2023-08-16 13:38:00,ACi,Rep-S,4,Yng,winter,noon,Erin_Reps4_ACi_16_08_23,4,433.5,0,3.64,0.16,107.0,0,0,0.0,0.0,0.0,0.0,0.0,0.0,0.0,0.0,-1,0.87,0.92,10,0.875,0.004,0.0,0.0,0.0,0.0,0.5,0.0,2.75,1.66,23.82,2,4.64,1,9.29,20.82,23.82,19.99,149.88,147.85,11.988,13.343,47.3,52.65,399.8,1500,1354,97.41,1.69,-0.435,0.0091,0.00207,0.0232,0.00246,1.0,-1.36,7.36,1.0,0.0,0.16,111115,,,,,,,,,,,,,,,,,,,,,,,,,,,,,,,,,,,,,,,,,,,,,,,,,,,,,,,,,,,,,,,,,,,,,,,,,,,,,,,,,,,,,,,,,,,,,,,,,,,,,,,,,,,,,,,,,,,,,,,,,,,,,,,,,,,,,,,,,,,,
2023-08-16 13:39:00,ACi,Rep-S,4,Yng,winter,noon,Erin_Reps4_ACi_16_08_23,5,525.5,0,1.37,0.161,82.9,0,0,0.0,0.0,0.0,0.0,0.0,0.0,0.0,0.0,-1,0.87,0.92,10,0.875,0.002,0.0,0.0,0.0,0.0,0.5,0.0,2.76,1.66,23.85,2,4.64,1,9.29,20.83,23.85,19.99,100.11,99.28,12.032,13.396,47.45,52.83,399.7,1500,1351,97.41,0.981,-0.437,0.0167,0.000858,0.0168,0.00142,1.0,-1.36,7.36,1.0,0.0,0.16,111115,,,,,,,,,,,,,,,,,,,,,,,,,,,,,,,,,,,,,,,,,,,,,,,,,,,,,,,,,,,,,,,,,,,,,,,,,,,,,,,,,,,,,,,,,,,,,,,,,,,,,,,,,,,,,,,,,,,,,,,,,,,,,,,,,,,,,,,,,,,,
2023-08-16 13:42:00,ACi,Rep-S,4,Yng,winter,noon,Erin_Reps4_ACi_16_08_23,6,667.5,0,0.0395,0.161,60.2,0,0,0.0,0.0,0.0,0.0,0.0,0.0,0.0,0.0,-1,0.87,0.92,10,0.875,0.001,0.0,0.0,0.0,0.0,0.5,0.0,2.76,1.66,23.87,2,4.64,1,9.29,20.82,23.87,19.99,62.4,62.29,12.054,13.417,47.55,52.93,399.8,1500,1356,97.4,0.38,-0.438,0.0235,0.000548,0.0154,0.000917,1.0,-1.36,7.36,1.0,0.0,0.16,111135,,,,,,,,,,,,,,,,,,,,,,,,,,,,,,,,,,,,,,,,,,,,,,,,,,,,,,,,,,,,,,,,,,,,,,,,,,,,,,,,,,,,,,,,,,,,,,,,,,,,,,,,,,,,,,,,,,,,,,,,,,,,,,,,,,,,,,,,,,,,
2023-08-16 13:44:00,ACi,Rep-S,4,Yng,winter,noon,Erin_Reps4_ACi_16_08_23,7,809.5,0,20.4,0.16,757.0,0,0,0.0,0.0,0.0,0.0,0.0,0.0,0.0,0.0,-1,0.87,0.92,10,0.875,0.016,0.0,0.0,0.0,0.0,0.5,0.0,2.71,1.64,23.73,2,4.64,1,9.29,20.79,23.73,19.99,998.62,987.09,12.044,13.384,47.61,52.91,399.7,1501,1352,97.4,15.2,-0.433,0.138,0.00114,0.178,0.000569,0.2,-1.36,7.36,1.0,0.0,0.16,111115,,,,,,,,,,,,,,,,,,,,,,,,,,,,,,,,,,,,,,,,,,,,,,,,,,,,,,,,,,,,,,,,,,,,,,,,,,,,,,,,,,,,,,,,,,,,,,,,,,,,,,,,,,,,,,,,,,,,,,,,,,,,,,,,,,,,,,,,,,,,
2023-08-16 13:47:00,ACi,Rep-S,4,Yng,winter,noon,Erin_Reps4_ACi_16_08_23,8,951.5,0,18.8,0.155,526.0,0,0,0.0,0.0,0.0,0.0,0.0,0.0,0.0,0.0,-1,0.87,0.92,10,0.875,0.015,0.0,0.0,0.0,0.0,0.5,0.0,2.64,1.65,23.74,2,4.64,1,9.29,20.79,23.74,19.99,750.11,739.73,12.067,13.371,47.71,52.86,399.7,1501,1353,97.41,11.3,-0.434,0.014,0.00116,0.0134,0.0014,0.5,-1.36,7.36,1.0,0.0,0.16,111115,,,,,,,,,,,,,,,,,,,,,,,,,,,,,,,,,,,,,,,,,,,,,,,,,,,,,,,,,,,,,,,,,,,,,,,,,,,,,,,,,,,,,,,,,,,,,,,,,,,,,,,,,,,,,,,,,,,,,,,,,,,,,,,,,,,,,,,,,,,,
2023-08-16 13:49:00,ACi,Rep-S,4,Yng,winter,noon,Erin_Reps4_ACi_16_08_23,9,1080.5,0,15.4,0.151,315.0,0,0,0.0,0.0,0.0,0.0,0.0,0.0,0.0,0.0,-1,0.87,0.92,10,0.875,0.013,0.0,0.0,0.0,0.0,0.5,0.0,2.58,1.65,23.82,2,4.64,1,9.29,20.81,23.82,19.99,500.34,491.99,12.148,13.424,47.97,53.01,399.7,1500,1355,97.4,7.21,-0.437,0.0814,0.0029,0.0996,0.00273,1.0,-1.36,7.36,1.0,0.0,0.16,111115,,,,,,,,,,,,,,,,,,,,,,,,,,,,,,,,,,,,,,,,,,,,,,,,,,,,,,,,,,,,,,,,,,,,,,,,,,,,,,,,,,,,,,,,,,,,,,,,,,,,,,,,,,,,,,,,,,,,,,,,,,,,,,,,,,,,,,,,,,,,
2023-08-16 13:51:00,ACi,Rep-S,4,Yng,winter,noon,Erin_Reps4_ACi_16_08_23,10,1203.5,0,13.5,0.148,255.0,0,0,0.0,0.0,0.0,0.0,0.0,0.0,0.0,0.0,-1,0.87,0.92,10,0.875,0.011,0.0,0.0,0.0,0.0,0.5,0.0,2.57,1.68,24.0,2,4.64,1,9.29,20.86,24.0,19.99,419.88,412.58,12.235,13.503,48.17,53.17,399.7,1499,1355,97.41,5.93,-0.44,0.0228,0.000783,0.0179,0.00138,1.0,-1.36,7.36,1.0,0.0,0.16,111115,,,,,,,,,,,,,,,,,,,,,,,,,,,,,,,,,,,,,,,,,,,,,,,,,,,,,,,,,,,,,,,,,,,,,,,,,,,,,,,,,,,,,,,,,,,,,,,,,,,,,,,,,,,,,,,,,,,,,,,,,,,,,,,,,,,,,,,,,,,,
2023-07-25 13:12:00,ACi,Rep-S,4,Yng,winter,noon,Erin_Reps4_ACi_25_07_23,1,240.5,0,13.6,0.152,260.0,0,0,0.0,0.0,0.0,0.0,0.0,0.0,0.0,0.0,-1,0.87,0.92,10,0.875,0.011,0.0,0.0,0.0,0.0,0.5,0.0,2.19,1.4,22.96,2,4.64,1,9.29,20.5,22.96,20.0,419.92,412.67,13.3,14.382,53.82,58.2,399.8,1499,1270,97.93,5.66,-0.496,0.039,0.0119,0.0685,0.0107,1.0,-1.36,7.36,1.0,0.0,0.16,111115,,,,,,,,,,,,,,,,,,,,,,,,,,,,,,,,,,,,,,,,,,,,,,,,,,,,,,,,,,,,,,,,,,,,,,,,,,,,,,,,,,,,,,,,,,,,,,,,,,,,,,,,,,,,,,,,,,,,,,,,,,,,,,,,,,,,,,,,,,,,
2023-07-25 13:13:00,ACi,Rep-S,4,Yng,winter,noon,Erin_Reps4_ACi_25_07_23,2,337.5,0,9.48,0.152,188.0,0,0,0.0,0.0,0.0,0.0,0.0,0.0,0.0,0.0,-1,0.87,0.92,10,0.875,0.008,0.0,0.0,0.0,0.0,0.5,0.0,2.17,1.4,23.09,2,4.64,1,9.29,20.51,23.09,20.0,300.08,295.02,13.622,14.693,55.08,59.41,399.8,1498,1264,97.93,3.82,-0.512,0.0357,0.00877,0.026,0.00864,1.0,-1.36,7.36,1.0,0.0,0.16,111115,,,,,,,,,,,,,,,,,,,,,,,,,,,,,,,,,,,,,,,,,,,,,,,,,,,,,,,,,,,,,,,,,,,,,,,,,,,,,,,,,,,,,,,,,,,,,,,,,,,,,,,,,,,,,,,,,,,,,,,,,,,,,,,,,,,,,,,,,,,,
2023-07-25 13:15:00,ACi,Rep-S,4,Yng,winter,noon,Erin_Reps4_ACi_25_07_23,3,470.5,0,7.58,0.156,162.0,0,0,0.0,0.0,0.0,0.0,0.0,0.0,0.0,0.0,-1,0.87,0.92,10,0.875,0.007,0.0,0.0,0.0,0.0,0.5,0.0,2.22,1.38,23.08,2,4.64,1,9.29,20.52,23.08,20.0,249.85,245.78,13.7,14.796,55.36,59.79,399.8,1501,1254,97.93,3.09,-0.514,0.0493,0.00701,0.0539,0.00766,1.0,-1.36,7.36,1.0,0.0,0.16,111115,,,,,,,,,,,,,,,,,,,,,,,,,,,,,,,,,,,,,,,,,,,,,,,,,,,,,,,,,,,,,,,,,,,,,,,,,,,,,,,,,,,,,,,,,,,,,,,,,,,,,,,,,,,,,,,,,,,,,,,,,,,,,,,,,,,,,,,,,,,,
2023-07-25 13:17:00,ACi,Rep-S,4,Yng,winter,noon,Erin_Reps4_ACi_25_07_23,4,564.5,0,3.57,0.153,107.0,0,0,0.0,0.0,0.0,0.0,0.0,0.0,0.0,0.0,-1,0.87,0.92,10,0.875,0.003,0.0,0.0,0.0,0.0,0.5,0.0,2.16,1.37,23.16,2,4.64,1,9.29,20.54,23.16,20.0,149.96,148.02,13.962,15.027,56.36,60.66,399.8,1501,1250,97.93,1.62,-0.527,0.032,0.00976,0.0215,0.00883,1.0,-1.36,7.36,1.0,0.0,0.16,111115,,,,,,,,,,,,,,,,,,,,,,,,,,,,,,,,,,,,,,,,,,,,,,,,,,,,,,,,,,,,,,,,,,,,,,,,,,,,,,,,,,,,,,,,,,,,,,,,,,,,,,,,,,,,,,,,,,,,,,,,,,,,,,,,,,,,,,,,,,,,
2023-07-25 13:19:00,ACi,Rep-S,4,Yng,winter,noon,Erin_Reps4_ACi_25_07_23,5,664.5,0,1.51,0.15,80.7,0,0,0.0,0.0,0.0,0.0,0.0,0.0,0.0,0.0,-1,0.87,0.92,10,0.875,0.002,0.0,0.0,0.0,0.0,0.5,0.0,2.11,1.37,23.31,2,4.64,1,9.29,20.58,23.31,20.0,99.98,99.12,14.283,15.324,57.5,61.69,399.8,1500,1240,97.93,0.9,-0.538,0.0285,0.00827,0.0337,0.00867,1.0,-1.36,7.36,1.0,0.0,0.16,111115,,,,,,,,,,,,,,,,,,,,,,,,,,,,,,,,,,,,,,,,,,,,,,,,,,,,,,,,,,,,,,,,,,,,,,,,,,,,,,,,,,,,,,,,,,,,,,,,,,,,,,,,,,,,,,,,,,,,,,,,,,,,,,,,,,,,,,,,,,,,
2023-07-25 13:21:00,ACi,Rep-S,4,Yng,winter,noon,Erin_Reps4_ACi_25_07_23,6,806.5,0,-0.326,0.144,57.2,0,0,0.0,0.0,0.0,0.0,0.0,0.0,0.0,0.0,-1,0.87,0.92,10,0.875,0.001,0.0,0.0,0.0,0.0,0.5,0.0,2.01,1.35,23.41,2,4.64,1,9.29,20.59,23.41,20.0,54.64,54.75,14.695,15.684,59.11,63.09,399.8,1500,1122,97.92,0.229,-0.549,0.0167,0.00685,0.0168,0.00709,1.0,-1.36,7.36,1.0,0.0,0.16,111135,,,,,,,,,,,,,,,,,,,,,,,,,,,,,,,,,,,,,,,,,,,,,,,,,,,,,,,,,,,,,,,,,,,,,,,,,,,,,,,,,,,,,,,,,,,,,,,,,,,,,,,,,,,,,,,,,,,,,,,,,,,,,,,,,,,,,,,,,,,,
2023-07-25 13:23:00,ACi,Rep-S,4,Yng,winter,noon,Erin_Reps4_ACi_25_07_23,7,948.5,0,33.6,0.137,565.0,0,0,0.0,0.0,0.0,0.0,0.0,0.0,0.0,0.0,-1,0.87,0.92,10,0.875,0.026,0.0,0.0,0.0,0.0,0.5,0.0,1.9,1.34,23.51,2,4.64,1,9.29,20.64,23.51,20.0,996.55,978.78,15.064,15.999,60.44,64.19,399.8,1499,1080,97.93,15.4,-0.552,0.283,0.00632,0.283,0.00602,0.2,-1.36,7.36,1.0,0.0,0.16,111115,,,,,,,,,,,,,,,,,,,,,,,,,,,,,,,,,,,,,,,,,,,,,,,,,,,,,,,,,,,,,,,,,,,,,,,,,,,,,,,,,,,,,,,,,,,,,,,,,,,,,,,,,,,,,,,,,,,,,,,,,,,,,,,,,,,,,,,,,,,,
2023-07-25 13:26:00,ACi,Rep-S,4,Yng,winter,noon,Erin_Reps4_ACi_25_07_23,8,1077.5,0,18.9,0.13,489.0,0,0,0.0,0.0,0.0,0.0,0.0,0.0,0.0,0.0,-1,0.87,0.92,10,0.875,0.015,0.0,0.0,0.0,0.0,0.5,0.0,1.78,1.33,23.61,2,4.64,1,9.29,20.65,23.61,20.0,749.85,739.71,15.382,16.259,61.66,65.17,399.8,1499,1116,97.92,11.4,-0.56,0.0283,0.00463,0.0312,0.00541,1.0,-1.36,7.36,1.0,0.0,0.16,111115,,,,,,,,,,,,,,,,,,,,,,,,,,,,,,,,,,,,,,,,,,,,,,,,,,,,,,,,,,,,,,,,,,,,,,,,,,,,,,,,,,,,,,,,,,,,,,,,,,,,,,,,,,,,,,,,,,,,,,,,,,,,,,,,,,,,,,,,,,,,
2023-07-25 13:28:00,ACi,Rep-S,4,Yng,winter,noon,Erin_Reps4_ACi_25_07_23,9,1212.5,0,15.3,0.123,283.0,0,0,0.0,0.0,0.0,0.0,0.0,0.0,0.0,0.0,-1,0.87,0.92,10,0.875,0.012,0.0,0.0,0.0,0.0,0.5,0.0,1.68,1.32,23.61,2,4.64,1,9.29,20.62,23.61,20.0,500.06,491.99,15.597,16.421,62.63,65.94,399.8,1500,1193,97.92,7.26,-0.563,0.0249,0.00473,0.0307,0.00422,1.0,-1.36,7.36,1.0,0.0,0.16,111115,,,,,,,,,,,,,,,,,,,,,,,,,,,,,,,,,,,,,,,,,,,,,,,,,,,,,,,,,,,,,,,,,,,,,,,,,,,,,,,,,,,,,,,,,,,,,,,,,,,,,,,,,,,,,,,,,,,,,,,,,,,,,,,,,,,,,,,,,,,,
2023-07-25 13:30:00,ACi,Rep-S,4,Yng,winter,noon,Erin_Reps4_ACi_25_07_23,10,1347.5,0,13.0,0.119,229.0,0,0,0.0,0.0,0.0,0.0,0.0,0.0,0.0,0.0,-1,0.87,0.92,10,0.875,0.011,0.0,0.0,0.0,0.0,0.5,0.0,1.62,1.32,23.67,2,4.64,1,9.29,20.63,23.67,20.0,419.75,412.9,15.764,16.561,63.28,66.47,399.8,1500,1202,97.92,5.99,-0.57,0.103,0.00144,0.109,0.0023,1.0,-1.36,7.36,1.0,0.0,0.16,111115,-0.137062,1.0,0.0126633,167.783,0.0,13.6777,189.094,0.0,14.5804,-14.6583,0.0,1.73195,4.26326,0.0,0.328726,-1.67282,8.43784,0.243992,0.190237,201.884,4.14728,16.1441,396.072,399.973,0.0,1.0,331.647,8.1365,8.20325,0.0,1.0,290.751,289.496,98105.1,1.17698,1009.86,0.0245336,0.276259,0.00597628,798.447,1853.23,0.00507766,43.084,1054.79,276.891,1.29781,2.11648,0.174789,2.48881,-7.49508e-15,0.0125051,2.48884,5.25496,151.781,58.253,,,0.34125,0.683541,-20.3737,-0.261611,0.887301,0.413659,0.0,65.3446,-9.91629,22.4307,55.8555,85.1832,119.471,178.989,-0.132232,1.03653,169.249,1.05186,152.871,1.17996,-20.7547,1.16692,3.44658,1.17996,800000099.0,800000099.0,800000099.0,800000099.0,800000099.0,800000099.0,800000199.0,800000199.0,80000.0,80000.0,80.0,80.0,0.0,4.0,1.0,1.0,2.0,9.0,0.522298,0.694389,0.150394,0.439801,0.00983477,328.389,0.142395,-0.0207547,3.44658,16.1323,13.0038,21.9335,586.722,95.4119,0.373206,0.0314126,0.0688187,364.306,290.828,289.919,98114.5,43.084,284.136,284.789,82.0782,9.70824,10.6715,42.4541,27.6603,25.2258,58.96,0.0,10.189869999999999,0.010414,142200.0,10.414,1.0,-14.414308,2.5973634570918467,17.25566345709185,2.7007603354197873
2023-06-26 09:23:00,ACi,Rep-S,4,Yng,winter,morning,Erin_Reps4_ACi_26_06_23,1,510.0,0,10.7,0.121,265.0,0,0,0.0,0.0,0.0,0.0,0.0,0.0,0.0,0.0,-1,0.87,0.92,10,0.875,0.009,0.0,0.0,0.0,0.0,0.5,0.0,1.58,1.27,19.07,2,4.64,1,9.29,18.91,19.07,20.05,420.88,415.21,8.85,9.633,39.53,43.02,399.9,1500,86,97.94,7.15,-0.369,0.139,0.000569,0.108,0.000918,1.0,-1.36,7.36,1.0,0.0,0.16,111115,,,,,,,,,,,,,,,,,,,,,,,,,,,,,,,,,,,,,,,,,,,,,,,,,,,,,,,,,,,,,,,,,,,,,,,,,,,,,,,,,,,,,,,,,,,,,,,,,,,,,,,,,,,,,,,,,,,,,,,,,,,,,,,,,,,,,,,,,,,,
2023-06-26 09:25:00,ACi,Rep-S,4,Yng,winter,morning,Erin_Reps4_ACi_26_06_23,2,614.5,0,9.08,0.126,222.0,0,0,0.0,0.0,0.0,0.0,0.0,0.0,0.0,0.0,-1,0.87,0.92,10,0.875,0.008,0.0,0.0,0.0,0.0,0.5,0.0,1.67,1.3,19.23,2,4.64,1,9.29,19.0,19.23,20.04,350.08,345.26,8.775,9.603,38.99,42.67,399.9,1500,109,97.94,5.93,-0.364,0.059,0.0019,0.0557,0.000589,1.0,-1.36,7.36,1.0,0.0,0.16,111115,,,,,,,,,,,,,,,,,,,,,,,,,,,,,,,,,,,,,,,,,,,,,,,,,,,,,,,,,,,,,,,,,,,,,,,,,,,,,,,,,,,,,,,,,,,,,,,,,,,,,,,,,,,,,,,,,,,,,,,,,,,,,,,,,,,,,,,,,,,,
2023-06-26 09:27:00,ACi,Rep-S,4,Yng,winter,morning,Erin_Reps4_ACi_26_06_23,3,750.5,0,6.58,0.13,160.0,0,0,0.0,0.0,0.0,0.0,0.0,0.0,0.0,0.0,-1,0.87,0.92,10,0.875,0.006,0.0,0.0,0.0,0.0,0.5,0.0,1.75,1.32,19.33,2,4.64,1,9.29,19.03,19.33,20.04,250.0,246.5,8.675,9.54,38.45,42.29,399.9,1500,108,97.95,4.16,-0.358,0.148,0.00119,0.163,0.000602,1.0,-1.36,7.36,1.0,0.0,0.16,111115,,,,,,,,,,,,,,,,,,,,,,,,,,,,,,,,,,,,,,,,,,,,,,,,,,,,,,,,,,,,,,,,,,,,,,,,,,,,,,,,,,,,,,,,,,,,,,,,,,,,,,,,,,,,,,,,,,,,,,,,,,,,,,,,,,,,,,,,,,,,
2023-06-26 09:29:00,ACi,Rep-S,4,Yng,winter,morning,Erin_Reps4_ACi_26_06_23,4,847.5,0,3.12,0.131,107.0,0,0,0.0,0.0,0.0,0.0,0.0,0.0,0.0,0.0,-1,0.87,0.92,10,0.875,0.003,0.0,0.0,0.0,0.0,0.5,0.0,1.78,1.32,19.35,2,4.64,1,9.29,19.04,19.35,20.04,150.0,148.3,8.611,9.494,38.16,42.07,399.9,1500,106,97.93,2.57,-0.354,0.0352,0.00222,0.0405,0.00192,1.0,-1.36,7.36,1.0,0.0,0.16,111115,,,,,,,,,,,,,,,,,,,,,,,,,,,,,,,,,,,,,,,,,,,,,,,,,,,,,,,,,,,,,,,,,,,,,,,,,,,,,,,,,,,,,,,,,,,,,,,,,,,,,,,,,,,,,,,,,,,,,,,,,,,,,,,,,,,,,,,,,,,,
2023-06-26 09:31:00,ACi,Rep-S,4,Yng,winter,morning,Erin_Reps4_ACi_26_06_23,5,989.5,0,1.71,0.134,76.5,0,0,0.0,0.0,0.0,0.0,0.0,0.0,0.0,0.0,-1,0.87,0.92,10,0.875,0.002,0.0,0.0,0.0,0.0,0.5,0.0,1.82,1.32,19.31,2,4.64,1,9.29,19.02,19.31,20.04,100.04,99.09,8.524,9.426,37.82,41.82,399.9,1500,109,97.94,1.75,-0.351,0.0217,0.00137,0.01,0.00154,0.5,-1.36,7.36,1.0,0.0,0.16,111115,,,,,,,,,,,,,,,,,,,,,,,,,,,,,,,,,,,,,,,,,,,,,,,,,,,,,,,,,,,,,,,,,,,,,,,,,,,,,,,,,,,,,,,,,,,,,,,,,,,,,,,,,,,,,,,,,,,,,,,,,,,,,,,,,,,,,,,,,,,,
2023-06-26 09:33:00,ACi,Rep-S,4,Yng,winter,morning,Erin_Reps4_ACi_26_06_23,6,1131.5,0,0.369,0.138,49.3,0,0,0.0,0.0,0.0,0.0,0.0,0.0,0.0,0.0,-1,0.87,0.92,10,0.875,0.001,0.0,0.0,0.0,0.0,0.5,0.0,1.87,1.33,19.29,2,4.64,1,9.29,19.02,19.29,20.04,54.96,54.73,8.448,9.375,37.47,41.58,399.9,1499,110,97.93,1.01,-0.346,0.0326,0.00164,0.0218,0.000908,0.8,-1.36,7.36,1.0,0.0,0.16,111135,,,,,,,,,,,,,,,,,,,,,,,,,,,,,,,,,,,,,,,,,,,,,,,,,,,,,,,,,,,,,,,,,,,,,,,,,,,,,,,,,,,,,,,,,,,,,,,,,,,,,,,,,,,,,,,,,,,,,,,,,,,,,,,,,,,,,,,,,,,,
2023-06-26 09:36:00,ACi,Rep-S,4,Yng,winter,morning,Erin_Reps4_ACi_26_06_23,7,1273.5,0,13.1,0.14,821.0,0,0,0.0,0.0,0.0,0.0,0.0,0.0,0.0,0.0,-1,0.87,0.92,10,0.875,0.011,0.0,0.0,0.0,0.0,0.5,0.0,1.91,1.33,19.28,2,4.64,1,9.29,19.03,19.28,20.04,999.85,992.35,8.38,9.326,37.16,41.35,399.9,1499,111,97.94,16.6,-0.332,0.0761,0.000911,0.0384,0.000637,0.2,-1.36,7.36,1.0,0.0,0.16,111115,,,,,,,,,,,,,,,,,,,,,,,,,,,,,,,,,,,,,,,,,,,,,,,,,,,,,,,,,,,,,,,,,,,,,,,,,,,,,,,,,,,,,,,,,,,,,,,,,,,,,,,,,,,,,,,,,,,,,,,,,,,,,,,,,,,,,,,,,,,,
2023-06-26 09:38:00,ACi,Rep-S,4,Yng,winter,morning,Erin_Reps4_ACi_26_06_23,8,1386.5,0,14.7,0.142,560.0,0,0,0.0,0.0,0.0,0.0,0.0,0.0,0.0,0.0,-1,0.87,0.92,10,0.875,0.012,0.0,0.0,0.0,0.0,0.5,0.0,1.93,1.33,19.23,2,4.64,1,9.29,19.04,19.23,20.04,749.93,741.84,8.336,9.292,36.93,41.17,399.9,1500,122,97.96,12.3,-0.333,0.0135,0.000602,0.0323,0.00081,1.0,-1.36,7.36,1.0,0.0,0.16,111115,,,,,,,,,,,,,,,,,,,,,,,,,,,,,,,,,,,,,,,,,,,,,,,,,,,,,,,,,,,,,,,,,,,,,,,,,,,,,,,,,,,,,,,,,,,,,,,,,,,,,,,,,,,,,,,,,,,,,,,,,,,,,,,,,,,,,,,,,,,,
2023-06-26 09:40:00,ACi,Rep-S,4,Yng,winter,morning,Erin_Reps4_ACi_26_06_23,9,1505.5,0,12.1,0.144,348.0,0,0,0.0,0.0,0.0,0.0,0.0,0.0,0.0,0.0,-1,0.87,0.92,10,0.875,0.01,0.0,0.0,0.0,0.0,0.5,0.0,1.95,1.33,19.25,2,4.64,1,9.29,19.05,19.25,20.04,499.93,493.42,8.3,9.268,36.75,41.03,399.9,1499,114,97.93,7.94,-0.33,0.0778,0.00205,0.0834,0.00112,1.0,-1.36,7.36,1.0,0.0,0.16,111115,,,,,,,,,,,,,,,,,,,,,,,,,,,,,,,,,,,,,,,,,,,,,,,,,,,,,,,,,,,,,,,,,,,,,,,,,,,,,,,,,,,,,,,,,,,,,,,,,,,,,,,,,,,,,,,,,,,,,,,,,,,,,,,,,,,,,,,,,,,,
2023-06-26 09:42:00,ACi,Rep-S,4,Yng,winter,morning,Erin_Reps4_ACi_26_06_23,10,1620.5,0,11.1,0.144,282.0,0,0,0.0,0.0,0.0,0.0,0.0,0.0,0.0,0.0,-1,0.87,0.92,10,0.875,0.009,0.0,0.0,0.0,0.0,0.5,0.0,1.97,1.34,19.26,2,4.64,1,9.29,19.04,19.26,20.04,420.2,414.25,8.264,9.24,36.6,40.92,399.9,1499,119,97.94,6.55,-0.329,0.126,0.000675,0.117,0.00121,1.0,-1.36,7.36,1.0,0.0,0.16,111115,,,,,,,,,,,,,,,,,,,,,,,,,,,,,,,,,,,,,,,,,,,,,,,,,,,,,,,,,,,,,,,,,,,,,,,,,,,,,,,,,,,,,,,,,,,,,,,,,,,,,,,,,,,,,,,,,,,,,,,,,,,,,,,,,,,,,,,,,,,,
2023-06-16 14:10:00,ACi,Rep-S,5,Yng,winter,noon,Erin_Reps5_ACi_16_06_23,1,132.0,0,14.6,0.0721,78.3,0,0,0.0,0.0,0.0,0.0,0.0,0.0,0.0,0.0,-1,0.87,0.92,10,0.875,0.012,0.0,0.0,0.0,0.0,0.5,0.0,1.59,2.14,20.67,2,4.64,1,9.29,19.68,20.67,20.02,419.98,412.37,2.365,3.159,10.01,13.37,399.9,1500,303,97.4,4.19,0.0656,0.0274,0.000849,0.0249,0.0012,1.0,-1.36,7.36,1.0,0.0,0.16,111115,,,,,,,,,,,,,,,,,,,,,,,,,,,,,,,,,,,,,,,,,,,,,,,,,,,,,,,,,,,,,,,,,,,,,,,,,,,,,,,,,,,,,,,,,,,,,,,,,,,,,,,,,,,,,,,,,,,,,,,,,,,,,,,,,,,,,,,,,,,,
2023-06-16 14:12:00,ACi,Rep-S,5,Yng,winter,noon,Erin_Reps5_ACi_16_06_23,2,256.0,0,11.8,0.0735,77.8,0,0,0.0,0.0,0.0,0.0,0.0,0.0,0.0,0.0,-1,0.87,0.92,10,0.875,0.01,0.0,0.0,0.0,0.0,0.5,0.0,1.63,2.14,20.67,2,4.64,1,9.29,19.66,20.67,20.02,349.88,343.69,2.319,3.131,9.83,13.27,399.9,1501,192,97.39,3.38,0.0667,0.0634,0.00162,0.0766,0.000573,1.0,-1.36,7.36,1.0,0.0,0.16,111115,,,,,,,,,,,,,,,,,,,,,,,,,,,,,,,,,,,,,,,,,,,,,,,,,,,,,,,,,,,,,,,,,,,,,,,,,,,,,,,,,,,,,,,,,,,,,,,,,,,,,,,,,,,,,,,,,,,,,,,,,,,,,,,,,,,,,,,,,,,,
2023-06-16 14:14:00,ACi,Rep-S,5,Yng,winter,noon,Erin_Reps5_ACi_16_06_23,3,357.0,0,8.28,0.0741,60.4,0,0,0.0,0.0,0.0,0.0,0.0,0.0,0.0,0.0,-1,0.87,0.92,10,0.875,0.007,0.0,0.0,0.0,0.0,0.5,0.0,1.64,2.14,20.63,2,4.64,1,9.29,19.65,20.63,20.02,250.14,245.8,2.285,3.101,9.69,13.15,399.9,1501,213,97.39,2.17,0.0657,0.0132,0.00138,0.0266,0.0013,1.0,-1.36,7.36,1.0,0.0,0.16,111115,,,,,,,,,,,,,,,,,,,,,,,,,,,,,,,,,,,,,,,,,,,,,,,,,,,,,,,,,,,,,,,,,,,,,,,,,,,,,,,,,,,,,,,,,,,,,,,,,,,,,,,,,,,,,,,,,,,,,,,,,,,,,,,,,,,,,,,,,,,,
2023-06-16 14:16:00,ACi,Rep-S,5,Yng,winter,noon,Erin_Reps5_ACi_16_06_23,4,474.0,0,3.97,0.0745,58.3,0,0,0.0,0.0,0.0,0.0,0.0,0.0,0.0,0.0,-1,0.87,0.92,10,0.875,0.004,0.0,0.0,0.0,0.0,0.5,0.0,1.64,2.13,20.59,2,4.64,1,9.29,19.64,20.59,20.02,149.83,147.73,2.246,3.066,9.54,13.01,399.9,1501,242,97.39,0.99,0.0651,0.0296,0.000999,0.0346,0.000645,1.0,-1.36,7.36,1.0,0.0,0.16,111115,,,,,,,,,,,,,,,,,,,,,,,,,,,,,,,,,,,,,,,,,,,,,,,,,,,,,,,,,,,,,,,,,,,,,,,,,,,,,,,,,,,,,,,,,,,,,,,,,,,,,,,,,,,,,,,,,,,,,,,,,,,,,,,,,,,,,,,,,,,,
2023-06-16 14:17:00,ACi,Rep-S,5,Yng,winter,noon,Erin_Reps5_ACi_16_06_23,5,566.0,0,2.26,0.0746,47.5,0,0,0.0,0.0,0.0,0.0,0.0,0.0,0.0,0.0,-1,0.87,0.92,10,0.875,0.002,0.0,0.0,0.0,0.0,0.5,0.0,1.64,2.13,20.54,2,4.64,1,9.29,19.61,20.54,20.02,100.26,99.05,2.215,3.034,9.42,12.9,399.9,1501,199,97.38,0.378,0.0652,0.065,0.00165,0.0796,0.000922,1.0,-1.36,7.36,1.0,0.0,0.16,111115,,,,,,,,,,,,,,,,,,,,,,,,,,,,,,,,,,,,,,,,,,,,,,,,,,,,,,,,,,,,,,,,,,,,,,,,,,,,,,,,,,,,,,,,,,,,,,,,,,,,,,,,,,,,,,,,,,,,,,,,,,,,,,,,,,,,,,,,,,,,
2023-06-16 14:19:00,ACi,Rep-S,5,Yng,winter,noon,Erin_Reps5_ACi_16_06_23,6,656.0,0,-0.131,0.0742,51.2,0,0,0.0,0.0,0.0,0.0,0.0,0.0,0.0,0.0,-1,0.87,0.92,10,0.875,0.001,0.0,0.0,0.0,0.0,0.5,0.0,1.63,2.13,20.5,2,4.64,1,9.29,19.6,20.5,20.02,50.16,50.18,2.185,2.998,9.3,12.76,399.9,1501,276,97.39,-0.301,0.0659,0.0581,0.000542,0.0552,0.00021,1.0,-1.36,7.36,1.0,0.0,0.16,111135,,,,,,,,,,,,,,,,,,,,,,,,,,,,,,,,,,,,,,,,,,,,,,,,,,,,,,,,,,,,,,,,,,,,,,,,,,,,,,,,,,,,,,,,,,,,,,,,,,,,,,,,,,,,,,,,,,,,,,,,,,,,,,,,,,,,,,,,,,,,
2023-06-16 14:21:00,ACi,Rep-S,5,Yng,winter,noon,Erin_Reps5_ACi_16_06_23,7,798.0,0,21.2,0.0732,496.0,0,0,0.0,0.0,0.0,0.0,0.0,0.0,0.0,0.0,-1,0.87,0.92,10,0.875,0.017,0.0,0.0,0.0,0.0,0.5,0.0,1.61,2.13,20.45,2,4.64,1,9.29,19.59,20.45,20.02,999.61,988.23,2.143,2.945,9.12,12.53,399.9,1502,287,97.38,12.0,0.0724,0.0334,0.000942,0.0372,0.000479,0.2,-1.36,7.36,1.0,0.0,0.16,111115,,,,,,,,,,,,,,,,,,,,,,,,,,,,,,,,,,,,,,,,,,,,,,,,,,,,,,,,,,,,,,,,,,,,,,,,,,,,,,,,,,,,,,,,,,,,,,,,,,,,,,,,,,,,,,,,,,,,,,,,,,,,,,,,,,,,,,,,,,,,
2023-06-16 14:23:00,ACi,Rep-S,5,Yng,winter,noon,Erin_Reps5_ACi_16_06_23,8,940.0,0,19.2,0.0716,289.0,0,0,0.0,0.0,0.0,0.0,0.0,0.0,0.0,0.0,-1,0.87,0.92,10,0.875,0.015,0.0,0.0,0.0,0.0,0.5,0.0,1.58,2.14,20.5,2,4.64,1,9.29,19.63,20.5,20.02,750.23,740.03,2.124,2.913,9.02,12.37,399.9,1501,299,97.37,8.6,0.0729,0.02,0.000331,0.0272,0.000311,0.5,-1.36,7.36,1.0,0.0,0.16,111115,,,,,,,,,,,,,,,,,,,,,,,,,,,,,,,,,,,,,,,,,,,,,,,,,,,,,,,,,,,,,,,,,,,,,,,,,,,,,,,,,,,,,,,,,,,,,,,,,,,,,,,,,,,,,,,,,,,,,,,,,,,,,,,,,,,,,,,,,,,,
2023-06-16 14:25:00,ACi,Rep-S,5,Yng,winter,noon,Erin_Reps5_ACi_16_06_23,9,1060.0,0,15.5,0.0709,128.0,0,0,0.0,0.0,0.0,0.0,0.0,0.0,0.0,0.0,-1,0.87,0.92,10,0.875,0.013,0.0,0.0,0.0,0.0,0.5,0.0,1.58,2.15,20.6,2,4.64,1,9.29,19.64,20.6,20.02,500.11,491.94,2.118,2.905,8.99,12.33,399.9,1501,191,97.37,5.26,0.0736,0.0147,0.00144,0.0192,0.00111,1.0,-1.36,7.36,1.0,0.0,0.16,111115,,,,,,,,,,,,,,,,,,,,,,,,,,,,,,,,,,,,,,,,,,,,,,,,,,,,,,,,,,,,,,,,,,,,,,,,,,,,,,,,,,,,,,,,,,,,,,,,,,,,,,,,,,,,,,,,,,,,,,,,,,,,,,,,,,,,,,,,,,,,
2023-06-16 14:27:00,ACi,Rep-S,5,Yng,winter,noon,Erin_Reps5_ACi_16_06_23,10,1162.5,0,13.8,0.0699,85.0,0,0,0.0,0.0,0.0,0.0,0.0,0.0,0.0,0.0,-1,0.87,0.92,10,0.875,0.011,0.0,0.0,0.0,0.0,0.5,0.0,1.56,2.16,20.61,2,4.64,1,9.29,19.63,20.61,20.02,420.18,412.94,2.106,2.882,8.94,12.24,399.9,1501,165,97.37,4.2,0.0734,0.0237,0.000412,0.0535,0.00053,1.0,-1.36,7.36,1.0,0.0,0.16,111115,,,,,,,,,,,,,,,,,,,,,,,,,,,,,,,,,,,,,,,,,,,,,,,,,,,,,,,,,,,,,,,,,,,,,,,,,,,,,,,,,,,,,,,,,,,,,,,,,,,,,,,,,,,,,,,,,,,,,,,,,,,,,,,,,,,,,,,,,,,,
2023-08-16 13:59:00,ACi,Rep-S,5,Yng,winter,noon,Erin_Reps5_ACi_16_08_23,1,143.0,0,15.7,0.181,262.0,0,0,0.0,0.0,0.0,0.0,0.0,0.0,0.0,0.0,-1,0.87,0.92,10,0.875,0.013,0.0,0.0,0.0,0.0,0.5,0.0,2.91,1.56,23.59,2,4.64,1,9.29,20.78,23.59,19.98,420.01,411.57,12.56,13.996,49.66,55.34,399.7,1501,165,97.39,5.79,-0.471,0.0191,0.00509,0.0153,0.00514,1.0,-1.36,7.36,1.0,0.0,0.16,111115,,,,,,,,,,,,,,,,,,,,,,,,,,,,,,,,,,,,,,,,,,,,,,,,,,,,,,,,,,,,,,,,,,,,,,,,,,,,,,,,,,,,,,,,,,,,,,,,,,,,,,,,,,,,,,,,,,,,,,,,,,,,,,,,,,,,,,,,,,,,
2023-08-16 14:01:00,ACi,Rep-S,5,Yng,winter,noon,Erin_Reps5_ACi_16_08_23,2,243.0,0,11.2,0.182,188.0,0,0,0.0,0.0,0.0,0.0,0.0,0.0,0.0,0.0,-1,0.87,0.92,10,0.875,0.009,0.0,0.0,0.0,0.0,0.5,0.0,2.87,1.53,23.52,2,4.64,1,9.29,20.73,23.52,19.98,299.96,293.93,12.73,14.146,50.49,56.11,399.7,1502,177,97.4,3.78,-0.481,0.0246,0.00546,0.0092,0.00434,1.0,-1.36,7.36,1.0,0.0,0.16,111115,,,,,,,,,,,,,,,,,,,,,,,,,,,,,,,,,,,,,,,,,,,,,,,,,,,,,,,,,,,,,,,,,,,,,,,,,,,,,,,,,,,,,,,,,,,,,,,,,,,,,,,,,,,,,,,,,,,,,,,,,,,,,,,,,,,,,,,,,,,,
2023-08-16 14:03:00,ACi,Rep-S,5,Yng,winter,noon,Erin_Reps5_ACi_16_08_23,3,367.0,0,9.06,0.182,159.0,0,0,0.0,0.0,0.0,0.0,0.0,0.0,0.0,0.0,-1,0.87,0.92,10,0.875,0.008,0.0,0.0,0.0,0.0,0.5,0.0,2.82,1.51,23.46,2,4.64,1,9.29,20.68,23.46,19.98,249.87,244.99,12.91,14.302,51.37,56.91,399.7,1502,162,97.39,2.97,-0.491,0.0238,0.00297,0.0175,0.00277,1.0,-1.36,7.36,1.0,0.0,0.16,111115,,,,,,,,,,,,,,,,,,,,,,,,,,,,,,,,,,,,,,,,,,,,,,,,,,,,,,,,,,,,,,,,,,,,,,,,,,,,,,,,,,,,,,,,,,,,,,,,,,,,,,,,,,,,,,,,,,,,,,,,,,,,,,,,,,,,,,,,,,,,
2023-08-16 14:05:00,ACi,Rep-S,5,Yng,winter,noon,Erin_Reps5_ACi_16_08_23,4,467.0,0,4.66,0.182,103.0,0,0,0.0,0.0,0.0,0.0,0.0,0.0,0.0,0.0,-1,0.87,0.92,10,0.875,0.004,0.0,0.0,0.0,0.0,0.5,0.0,2.77,1.48,23.36,2,4.64,1,9.29,20.63,23.36,19.98,150.15,147.62,13.034,14.4,52.01,57.46,399.7,1499,160,97.39,1.44,-0.497,0.0623,0.00332,0.0365,0.00392,1.0,-1.36,7.36,1.0,0.0,0.16,111115,,,,,,,,,,,,,,,,,,,,,,,,,,,,,,,,,,,,,,,,,,,,,,,,,,,,,,,,,,,,,,,,,,,,,,,,,,,,,,,,,,,,,,,,,,,,,,,,,,,,,,,,,,,,,,,,,,,,,,,,,,,,,,,,,,,,,,,,,,,,
2023-08-16 14:07:00,ACi,Rep-S,5,Yng,winter,noon,Erin_Reps5_ACi_16_08_23,5,609.0,0,2.87,0.183,71.2,0,0,0.0,0.0,0.0,0.0,0.0,0.0,0.0,0.0,-1,0.87,0.92,10,0.875,0.003,0.0,0.0,0.0,0.0,0.5,0.0,2.76,1.47,23.37,2,4.64,1,9.29,20.63,23.37,19.98,100.51,98.94,13.19,14.55,52.66,58.09,399.7,1499,163,97.38,0.685,-0.503,0.0392,0.00169,0.0646,0.00177,0.8,-1.36,7.36,1.0,0.0,0.16,111115,,,,,,,,,,,,,,,,,,,,,,,,,,,,,,,,,,,,,,,,,,,,,,,,,,,,,,,,,,,,,,,,,,,,,,,,,,,,,,,,,,,,,,,,,,,,,,,,,,,,,,,,,,,,,,,,,,,,,,,,,,,,,,,,,,,,,,,,,,,,
2023-08-16 14:10:00,ACi,Rep-S,5,Yng,winter,noon,Erin_Reps5_ACi_16_08_23,6,751.0,0,0.169,0.183,58.6,0,0,0.0,0.0,0.0,0.0,0.0,0.0,0.0,0.0,-1,0.87,0.92,10,0.875,0.001,0.0,0.0,0.0,0.0,0.5,0.0,2.76,1.46,23.37,2,4.64,1,9.29,20.62,23.37,19.98,61.79,61.62,13.251,14.61,52.93,58.36,399.7,1499,172,97.39,0.0509,-0.51,0.0799,0.00216,0.0768,0.00217,1.0,-1.36,7.36,1.0,0.0,0.16,111135,,,,,,,,,,,,,,,,,,,,,,,,,,,,,,,,,,,,,,,,,,,,,,,,,,,,,,,,,,,,,,,,,,,,,,,,,,,,,,,,,,,,,,,,,,,,,,,,,,,,,,,,,,,,,,,,,,,,,,,,,,,,,,,,,,,,,,,,,,,,
2023-08-16 14:12:00,ACi,Rep-S,5,Yng,winter,noon,Erin_Reps5_ACi_16_08_23,7,893.0,0,30.0,0.183,695.0,0,0,0.0,0.0,0.0,0.0,0.0,0.0,0.0,0.0,-1,0.87,0.92,10,0.875,0.024,0.0,0.0,0.0,0.0,0.5,0.0,2.74,1.45,23.39,2,4.64,1,9.29,20.65,23.39,19.98,999.1,982.71,13.357,14.71,53.26,58.65,399.7,1500,179,97.39,14.3,-0.508,0.0373,0.00232,0.0349,0.0012,0.2,-1.36,7.36,1.0,0.0,0.16,111115,,,,,,,,,,,,,,,,,,,,,,,,,,,,,,,,,,,,,,,,,,,,,,,,,,,,,,,,,,,,,,,,,,,,,,,,,,,,,,,,,,,,,,,,,,,,,,,,,,,,,,,,,,,,,,,,,,,,,,,,,,,,,,,,,,,,,,,,,,,,
2023-08-16 14:14:00,ACi,Rep-S,5,Yng,winter,noon,Erin_Reps5_ACi_16_08_23,8,1029.0,0,23.7,0.181,510.0,0,0,0.0,0.0,0.0,0.0,0.0,0.0,0.0,0.0,-1,0.87,0.92,10,0.875,0.019,0.0,0.0,0.0,0.0,0.5,0.0,2.72,1.46,23.43,2,4.64,1,9.29,20.65,23.43,19.98,749.88,737.04,13.42,14.761,53.49,58.83,399.7,1500,188,97.39,10.4,-0.509,0.0485,0.00186,0.028,0.00228,1.0,-1.36,7.36,1.0,0.0,0.16,111115,,,,,,,,,,,,,,,,,,,,,,,,,,,,,,,,,,,,,,,,,,,,,,,,,,,,,,,,,,,,,,,,,,,,,,,,,,,,,,,,,,,,,,,,,,,,,,,,,,,,,,,,,,,,,,,,,,,,,,,,,,,,,,,,,,,,,,,,,,,,
2023-08-16 14:16:00,ACi,Rep-S,5,Yng,winter,noon,Erin_Reps5_ACi_16_08_23,9,1146.0,0,18.4,0.179,314.0,0,0,0.0,0.0,0.0,0.0,0.0,0.0,0.0,0.0,-1,0.87,0.92,10,0.875,0.015,0.0,0.0,0.0,0.0,0.5,0.0,2.69,1.46,23.47,2,4.64,1,9.29,20.66,23.47,19.98,500.27,490.43,13.503,14.828,53.8,59.08,399.7,1500,223,97.39,6.48,-0.512,0.0715,0.00201,0.0827,0.00171,1.0,-1.36,7.36,1.0,0.0,0.16,111115,,,,,,,,,,,,,,,,,,,,,,,,,,,,,,,,,,,,,,,,,,,,,,,,,,,,,,,,,,,,,,,,,,,,,,,,,,,,,,,,,,,,,,,,,,,,,,,,,,,,,,,,,,,,,,,,,,,,,,,,,,,,,,,,,,,,,,,,,,,,
2023-08-16 14:18:00,ACi,Rep-S,5,Yng,winter,noon,Erin_Reps5_ACi_16_08_23,10,1260.0,0,16.5,0.177,251.0,0,0,0.0,0.0,0.0,0.0,0.0,0.0,0.0,0.0,-1,0.87,0.92,10,0.875,0.013,0.0,0.0,0.0,0.0,0.5,0.0,2.65,1.46,23.52,2,4.64,1,9.29,20.68,23.52,19.98,419.87,411.07,13.594,14.902,54.11,59.32,399.7,1500,348,97.39,5.22,-0.513,0.0345,0.00331,0.0135,0.00332,1.0,-1.36,7.36,1.0,0.0,0.16,111115,,,,,,,,,,,,,,,,,,,,,,,,,,,,,,,,,,,,,,,,,,,,,,,,,,,,,,,,,,,,,,,,,,,,,,,,,,,,,,,,,,,,,,,,,,,,,,,,,,,,,,,,,,,,,,,,,,,,,,,,,,,,,,,,,,,,,,,,,,,,
2023-07-25 12:47:00,ACi,Rep-S,5,Yng,winter,noon,Erin_Reps5_ACi_25_07_23,1,137.0,0,12.2,0.141,266.0,0,0,0.0,0.0,0.0,0.0,0.0,0.0,0.0,0.0,-1,0.87,0.92,10,0.875,0.01,0.0,0.0,0.0,0.0,0.5,0.0,2.0,1.38,23.27,2,4.64,1,9.29,20.61,23.27,19.99,419.55,413.05,14.21,15.196,57.1,61.07,399.8,1501,121,97.92,5.83,-0.499,0.0318,0.00828,0.036,0.00776,1.0,-1.36,7.36,1.0,0.0,0.16,111115,,,,,,,,,,,,,,,,,,,,,,,,,,,,,,,,,,,,,,,,,,,,,,,,,,,,,,,,,,,,,,,,,,,,,,,,,,,,,,,,,,,,,,,,,,,,,,,,,,,,,,,,,,,,,,,,,,,,,,,,,,,,,,,,,,,,,,,,,,,,
2023-07-25 12:49:00,ACi,Rep-S,5,Yng,winter,noon,Erin_Reps5_ACi_25_07_23,2,240.0,0,8.19,0.145,198.0,0,0,0.0,0.0,0.0,0.0,0.0,0.0,0.0,0.0,-1,0.87,0.92,10,0.875,0.007,0.0,0.0,0.0,0.0,0.5,0.0,2.03,1.36,22.98,2,4.64,1,9.29,20.51,22.98,20.0,299.84,295.44,13.921,14.92,56.3,60.34,399.8,1500,102,97.92,3.75,-0.496,0.0304,0.00676,0.0307,0.00718,1.0,-1.36,7.36,1.0,0.0,0.16,111115,,,,,,,,,,,,,,,,,,,,,,,,,,,,,,,,,,,,,,,,,,,,,,,,,,,,,,,,,,,,,,,,,,,,,,,,,,,,,,,,,,,,,,,,,,,,,,,,,,,,,,,,,,,,,,,,,,,,,,,,,,,,,,,,,,,,,,,,,,,,
2023-07-25 12:51:00,ACi,Rep-S,5,Yng,winter,noon,Erin_Reps5_ACi_25_07_23,3,382.0,0,6.95,0.147,165.0,0,0,0.0,0.0,0.0,0.0,0.0,0.0,0.0,0.0,-1,0.87,0.92,10,0.875,0.006,0.0,0.0,0.0,0.0,0.5,0.0,2.03,1.34,22.71,2,4.64,1,9.29,20.41,22.71,20.0,249.9,246.18,13.614,14.615,55.39,59.47,399.8,1500,99,97.92,2.98,-0.49,0.0219,0.00691,0.034,0.00488,0.5,-1.36,7.36,1.0,0.0,0.16,111115,,,,,,,,,,,,,,,,,,,,,,,,,,,,,,,,,,,,,,,,,,,,,,,,,,,,,,,,,,,,,,,,,,,,,,,,,,,,,,,,,,,,,,,,,,,,,,,,,,,,,,,,,,,,,,,,,,,,,,,,,,,,,,,,,,,,,,,,,,,,
2023-07-25 12:53:00,ACi,Rep-S,5,Yng,winter,noon,Erin_Reps5_ACi_25_07_23,4,488.0,0,3.61,0.149,106.0,0,0,0.0,0.0,0.0,0.0,0.0,0.0,0.0,0.0,-1,0.87,0.92,10,0.875,0.004,0.0,0.0,0.0,0.0,0.5,0.0,2.03,1.33,22.52,2,4.64,1,9.29,20.34,22.52,20.0,150.24,148.28,13.421,14.422,54.83,58.92,399.8,1501,101,97.92,1.46,-0.485,0.0147,0.00557,0.011,0.00504,1.0,-1.36,7.36,1.0,0.0,0.16,111115,,,,,,,,,,,,,,,,,,,,,,,,,,,,,,,,,,,,,,,,,,,,,,,,,,,,,,,,,,,,,,,,,,,,,,,,,,,,,,,,,,,,,,,,,,,,,,,,,,,,,,,,,,,,,,,,,,,,,,,,,,,,,,,,,,,,,,,,,,,,
2023-07-25 12:55:00,ACi,Rep-S,5,Yng,winter,noon,Erin_Reps5_ACi_25_07_23,5,589.0,0,1.57,0.15,80.4,0,0,0.0,0.0,0.0,0.0,0.0,0.0,0.0,0.0,-1,0.87,0.92,10,0.875,0.002,0.0,0.0,0.0,0.0,0.5,0.0,2.04,1.32,22.4,2,4.64,1,9.29,20.29,22.4,20.0,100.12,99.24,13.26,14.267,54.33,58.46,399.8,1502,98,97.92,0.689,-0.484,0.0206,0.00474,0.0149,0.00354,1.0,-1.36,7.36,1.0,0.0,0.16,111115,,,,,,,,,,,,,,,,,,,,,,,,,,,,,,,,,,,,,,,,,,,,,,,,,,,,,,,,,,,,,,,,,,,,,,,,,,,,,,,,,,,,,,,,,,,,,,,,,,,,,,,,,,,,,,,,,,,,,,,,,,,,,,,,,,,,,,,,,,,,
2023-07-25 12:57:00,ACi,Rep-S,5,Yng,winter,noon,Erin_Reps5_ACi_25_07_23,6,731.0,0,-0.182,0.154,54.4,0,0,0.0,0.0,0.0,0.0,0.0,0.0,0.0,0.0,-1,0.87,0.92,10,0.875,0.001,0.0,0.0,0.0,0.0,0.5,0.0,2.08,1.32,22.28,2,4.64,1,9.29,20.26,22.28,20.0,53.68,53.71,13.063,14.091,53.64,57.87,399.8,1502,248,97.92,-0.0329,-0.479,0.014,0.00226,0.0291,0.00222,0.5,-1.36,7.36,1.0,0.0,0.16,111135,,,,,,,,,,,,,,,,,,,,,,,,,,,,,,,,,,,,,,,,,,,,,,,,,,,,,,,,,,,,,,,,,,,,,,,,,,,,,,,,,,,,,,,,,,,,,,,,,,,,,,,,,,,,,,,,,,,,,,,,,,,,,,,,,,,,,,,,,,,,
2023-07-25 13:00:00,ACi,Rep-S,5,Yng,winter,noon,Erin_Reps5_ACi_25_07_23,7,873.0,0,30.2,0.156,650.0,0,0,0.0,0.0,0.0,0.0,0.0,0.0,0.0,0.0,-1,0.87,0.92,10,0.875,0.024,0.0,0.0,0.0,0.0,0.5,0.0,2.1,1.31,22.13,2,4.64,1,9.29,20.22,22.13,20.0,998.38,982.23,12.89,13.926,53.06,57.32,399.8,1499,241,97.92,14.2,-0.472,0.278,0.00256,0.287,0.00242,0.2,-1.36,7.36,1.0,0.0,0.16,111115,-0.189958,0.0,0.0196268,152.43,0.0,11.6946,108.426,0.0,10.3642,-16.8817,0.0,1.8452,2.44554,0.0,0.233764,-1.48417,8.25672,0.110811,0.18623,138.942,2.37587,16.0493,394.284,397.627,0.0,1.0,274.439,6.74215,6.78792,0.0,1.0,291.088,289.919,98114.5,1.176,1009.11,0.0245671,0.158471,0.00494539,661.68,1903.67,0.00420527,34.7581,1241.99,274.252,1.2006,2.46804,0.152796,2.74871,-1.15512e-14,0.00865717,2.74872,5.58836,147.071,63.759,,,0.401907,0.790986,-36.6302,-0.145508,1.40584,0.319595,0.0,75.9992,-11.5332,26.0881,64.9629,99.0726,138.951,208.173,-0.183302,1.03631,150.044,1.0547,85.3767,1.19827,-21.0678,1.18459,1.92566,1.19827,800000099.0,800000099.0,800000099.0,800000099.0,800000099.0,800000099.0,800000199.0,800000199.0,80000.0,80000.0,80.0,80.0,10.0,0.0,0.0,0.0,1.0,5.0,0.779322,0.65962,0.14303,0.408522,0.011485,512.556,0.126436,-0.0210678,1.92566,16.4982,13.0033,22.6726,601.588,98.3445,0.374564,0.0317035,0.0696762,354.349,291.142,290.294,98156.9,34.7581,283.412,284.251,82.1786,9.67824,10.7779,37.1782,21.1081,18.7482,58.8892,0.0,10.22807,0.010414,140400.0,10.414,1.0,-16.770888999999997,2.5713186148688467,19.453018614868846,5.307720241806885
2023-07-25 13:02:00,ACi,Rep-S,5,Yng,winter,noon,Erin_Reps5_ACi_25_07_23,8,1015.0,0,17.5,0.156,544.0,0,0,0.0,0.0,0.0,0.0,0.0,0.0,0.0,0.0,-1,0.87,0.92,10,0.875,0.014,0.0,0.0,0.0,0.0,0.5,0.0,2.12,1.33,22.15,2,4.64,1,9.29,20.21,22.15,20.0,750.0,740.44,12.772,13.817,52.62,56.93,399.8,1499,114,97.92,10.3,-0.467,0.0307,0.00164,0.0336,0.00205,1.0,-1.36,7.36,1.0,0.0,0.16,111115,,,,,,,,,,,,,,,,,,,,,,,,,,,,,,,,,,,,,,,,,,,,,,,,,,,,,,,,,,,,,,,,,,,,,,,,,,,,,,,,,,,,,,,,,,,,,,,,,,,,,,,,,,,,,,,,,,,,,,,,,,,,,,,,,,,,,,,,,,,,
2023-07-25 13:04:00,ACi,Rep-S,5,Yng,winter,noon,Erin_Reps5_ACi_25_07_23,9,1151.0,0,14.2,0.154,334.0,0,0,0.0,0.0,0.0,0.0,0.0,0.0,0.0,0.0,-1,0.87,0.92,10,0.875,0.012,0.0,0.0,0.0,0.0,0.5,0.0,2.12,1.34,22.23,2,4.64,1,9.29,20.21,22.23,20.0,500.0,492.37,12.716,13.763,52.38,56.69,399.8,1499,110,97.92,6.51,-0.468,0.0527,0.00211,0.0267,0.000529,1.0,-1.36,7.36,1.0,0.0,0.16,111115,,,,,,,,,,,,,,,,,,,,,,,,,,,,,,,,,,,,,,,,,,,,,,,,,,,,,,,,,,,,,,,,,,,,,,,,,,,,,,,,,,,,,,,,,,,,,,,,,,,,,,,,,,,,,,,,,,,,,,,,,,,,,,,,,,,,,,,,,,,,
2023-07-25 13:06:00,ACi,Rep-S,5,Yng,winter,noon,Erin_Reps5_ACi_25_07_23,10,1266.0,0,12.8,0.152,269.0,0,0,0.0,0.0,0.0,0.0,0.0,0.0,0.0,0.0,-1,0.87,0.92,10,0.875,0.011,0.0,0.0,0.0,0.0,0.5,0.0,2.12,1.36,22.3,2,4.64,1,9.29,20.22,22.3,20.0,420.12,413.26,12.678,13.725,52.18,56.49,399.8,1499,107,97.92,5.29,-0.467,0.0192,0.0021,0.0311,0.00161,1.0,-1.36,7.36,1.0,0.0,0.16,111115,,,,,,,,,,,,,,,,,,,,,,,,,,,,,,,,,,,,,,,,,,,,,,,,,,,,,,,,,,,,,,,,,,,,,,,,,,,,,,,,,,,,,,,,,,,,,,,,,,,,,,,,,,,,,,,,,,,,,,,,,,,,,,,,,,,,,,,,,,,,
2023-06-26 10:38:00,ACi,Rep-S,5,Yng,winter,morning,Erin_Reps5_ACi_26_06_23,1,205.0,0,12.0,0.145,273.0,0,0,0.0,0.0,0.0,0.0,0.0,0.0,0.0,0.0,-1,0.87,0.92,10,0.875,0.01,0.0,0.0,0.0,0.0,0.5,0.0,1.87,1.26,20.7,2,4.64,1,9.29,19.59,20.7,20.03,420.38,414.0,11.217,12.142,48.02,51.98,399.8,1501,639,97.96,6.67,-0.44,0.128,0.00167,0.123,0.000983,0.8,-1.36,7.36,1.0,0.0,0.16,111115,,,,,,,,,,,,,,,,,,,,,,,,,,,,,,,,,,,,,,,,,,,,,,,,,,,,,,,,,,,,,,,,,,,,,,,,,,,,,,,,,,,,,,,,,,,,,,,,,,,,,,,,,,,,,,,,,,,,,,,,,,,,,,,,,,,,,,,,,,,,
2023-06-26 10:39:00,ACi,Rep-S,5,Yng,winter,morning,Erin_Reps5_ACi_26_06_23,2,299.0,0,9.36,0.147,235.0,0,0,0.0,0.0,0.0,0.0,0.0,0.0,0.0,0.0,-1,0.87,0.92,10,0.875,0.008,0.0,0.0,0.0,0.0,0.5,0.0,1.89,1.25,20.65,2,4.64,1,9.29,19.56,20.65,20.03,349.79,344.78,11.19,12.124,47.99,51.99,399.9,1501,803,97.95,5.45,-0.44,0.0277,0.000632,0.0384,0.000997,1.0,-1.36,7.36,1.0,0.0,0.16,111115,,,,,,,,,,,,,,,,,,,,,,,,,,,,,,,,,,,,,,,,,,,,,,,,,,,,,,,,,,,,,,,,,,,,,,,,,,,,,,,,,,,,,,,,,,,,,,,,,,,,,,,,,,,,,,,,,,,,,,,,,,,,,,,,,,,,,,,,,,,,
2023-06-26 10:42:00,ACi,Rep-S,5,Yng,winter,morning,Erin_Reps5_ACi_26_06_23,3,441.0,0,6.63,0.148,169.0,0,0,0.0,0.0,0.0,0.0,0.0,0.0,0.0,0.0,-1,0.87,0.92,10,0.875,0.006,0.0,0.0,0.0,0.0,0.5,0.0,1.92,1.26,20.73,2,4.64,1,9.29,19.62,20.73,20.03,249.78,246.23,11.202,12.151,47.88,51.94,399.9,1501,779,97.96,3.83,-0.443,0.0441,0.00133,0.0451,0.00143,0.5,-1.36,7.36,1.0,0.0,0.16,111115,,,,,,,,,,,,,,,,,,,,,,,,,,,,,,,,,,,,,,,,,,,,,,,,,,,,,,,,,,,,,,,,,,,,,,,,,,,,,,,,,,,,,,,,,,,,,,,,,,,,,,,,,,,,,,,,,,,,,,,,,,,,,,,,,,,,,,,,,,,,
2023-06-26 10:44:00,ACi,Rep-S,5,Yng,winter,morning,Erin_Reps5_ACi_26_06_23,4,558.0,0,3.42,0.149,108.0,0,0,0.0,0.0,0.0,0.0,0.0,0.0,0.0,0.0,-1,0.87,0.92,10,0.875,0.003,0.0,0.0,0.0,0.0,0.5,0.0,1.96,1.28,20.88,2,4.64,1,9.29,19.68,20.88,20.03,150.01,148.15,11.268,12.235,47.96,52.07,399.9,1501,777,97.93,2.25,-0.445,0.0665,0.00241,0.0632,0.00246,1.0,-1.36,7.36,1.0,0.0,0.16,111115,,,,,,,,,,,,,,,,,,,,,,,,,,,,,,,,,,,,,,,,,,,,,,,,,,,,,,,,,,,,,,,,,,,,,,,,,,,,,,,,,,,,,,,,,,,,,,,,,,,,,,,,,,,,,,,,,,,,,,,,,,,,,,,,,,,,,,,,,,,,
2023-06-26 10:46:00,ACi,Rep-S,5,Yng,winter,morning,Erin_Reps5_ACi_26_06_23,5,700.0,0,2.4,0.15,71.3,0,0,0.0,0.0,0.0,0.0,0.0,0.0,0.0,0.0,-1,0.87,0.92,10,0.875,0.003,0.0,0.0,0.0,0.0,0.5,0.0,1.98,1.28,20.99,2,4.64,1,9.29,19.72,20.99,20.03,100.3,99.0,11.373,12.351,48.29,52.44,399.8,1500,750,97.92,1.47,-0.449,0.0403,0.00298,0.041,0.00244,0.2,-1.36,7.36,1.0,0.0,0.16,111115,,,,,,,,,,,,,,,,,,,,,,,,,,,,,,,,,,,,,,,,,,,,,,,,,,,,,,,,,,,,,,,,,,,,,,,,,,,,,,,,,,,,,,,,,,,,,,,,,,,,,,,,,,,,,,,,,,,,,,,,,,,,,,,,,,,,,,,,,,,,
2023-06-26 10:48:00,ACi,Rep-S,5,Yng,winter,morning,Erin_Reps5_ACi_26_06_23,6,842.0,0,-0.403,0.152,58.9,0,0,0.0,0.0,0.0,0.0,0.0,0.0,0.0,0.0,-1,0.87,0.92,10,0.875,0.0,0.0,0.0,0.0,0.0,0.5,0.0,1.98,1.27,20.97,2,4.64,1,9.29,19.7,20.97,20.02,55.65,55.8,11.477,12.454,48.79,52.94,399.9,1500,768,97.94,0.763,-0.453,0.0194,0.00248,0.0243,0.00198,1.0,-1.36,7.36,1.0,0.0,0.16,111135,,,,,,,,,,,,,,,,,,,,,,,,,,,,,,,,,,,,,,,,,,,,,,,,,,,,,,,,,,,,,,,,,,,,,,,,,,,,,,,,,,,,,,,,,,,,,,,,,,,,,,,,,,,,,,,,,,,,,,,,,,,,,,,,,,,,,,,,,,,,
2023-06-26 10:51:00,ACi,Rep-S,5,Yng,winter,morning,Erin_Reps5_ACi_26_06_23,7,984.0,0,16.7,0.154,795.0,0,0,0.0,0.0,0.0,0.0,0.0,0.0,0.0,0.0,-1,0.87,0.92,10,0.875,0.013,0.0,0.0,0.0,0.0,0.5,0.0,1.99,1.26,21.0,2,4.64,1,9.29,19.76,21.0,20.02,999.33,990.0,11.595,12.577,49.11,53.26,399.9,1499,721,97.94,16.3,-0.451,0.207,0.00332,0.163,0.00284,0.2,-1.36,7.36,1.0,0.0,0.16,111115,,,,,,,,,,,,,,,,,,,,,,,,,,,,,,,,,,,,,,,,,,,,,,,,,,,,,,,,,,,,,,,,,,,,,,,,,,,,,,,,,,,,,,,,,,,,,,,,,,,,,,,,,,,,,,,,,,,,,,,,,,,,,,,,,,,,,,,,,,,,
2023-06-26 10:53:00,ACi,Rep-S,5,Yng,winter,morning,Erin_Reps5_ACi_26_06_23,8,1117.0,0,15.7,0.153,562.0,0,0,0.0,0.0,0.0,0.0,0.0,0.0,0.0,0.0,-1,0.87,0.92,10,0.875,0.013,0.0,0.0,0.0,0.0,0.5,0.0,1.94,1.24,20.91,2,4.64,1,9.29,19.72,20.91,20.02,750.22,741.66,11.726,12.685,49.79,53.86,399.9,1500,841,97.94,11.9,-0.457,0.127,0.00096,0.152,0.00135,1.0,-1.36,7.36,1.0,0.0,0.16,111115,,,,,,,,,,,,,,,,,,,,,,,,,,,,,,,,,,,,,,,,,,,,,,,,,,,,,,,,,,,,,,,,,,,,,,,,,,,,,,,,,,,,,,,,,,,,,,,,,,,,,,,,,,,,,,,,,,,,,,,,,,,,,,,,,,,,,,,,,,,,
2023-06-26 10:55:00,ACi,Rep-S,5,Yng,winter,morning,Erin_Reps5_ACi_26_06_23,9,1259.0,0,13.3,0.151,342.0,0,0,0.0,0.0,0.0,0.0,0.0,0.0,0.0,0.0,-1,0.87,0.92,10,0.875,0.011,0.0,0.0,0.0,0.0,0.5,0.0,1.91,1.23,20.94,2,4.64,1,9.29,19.75,20.94,20.02,499.97,492.85,11.85,12.795,50.24,54.25,399.9,1500,822,97.93,7.72,-0.459,0.0409,0.00303,0.0668,0.0033,0.2,-1.36,7.36,1.0,0.0,0.16,111115,,,,,,,,,,,,,,,,,,,,,,,,,,,,,,,,,,,,,,,,,,,,,,,,,,,,,,,,,,,,,,,,,,,,,,,,,,,,,,,,,,,,,,,,,,,,,,,,,,,,,,,,,,,,,,,,,,,,,,,,,,,,,,,,,,,,,,,,,,,,
2023-06-26 10:57:00,ACi,Rep-S,5,Yng,winter,morning,Erin_Reps5_ACi_26_06_23,10,1360.0,0,11.6,0.151,282.0,0,0,0.0,0.0,0.0,0.0,0.0,0.0,0.0,0.0,-1,0.87,0.92,10,0.875,0.01,0.0,0.0,0.0,0.0,0.5,0.0,1.92,1.24,21.06,2,4.64,1,9.29,19.78,21.06,20.02,420.49,414.3,11.943,12.89,50.52,54.53,399.8,1499,784,97.93,6.34,-0.464,0.0372,0.00255,0.0447,0.00258,1.0,-1.36,7.36,1.0,0.0,0.16,111115,,,,,,,,,,,,,,,,,,,,,,,,,,,,,,,,,,,,,,,,,,,,,,,,,,,,,,,,,,,,,,,,,,,,,,,,,,,,,,,,,,,,,,,,,,,,,,,,,,,,,,,,,,,,,,,,,,,,,,,,,,,,,,,,,,,,,,,,,,,,
2023-09-13 15:27:00,FLRC,Nit-A,3,Mid,spring,afternoon,Erin_NitAdt3_Mid_FLRC_2023_09_13,1,255.0,0,12.2,0.11,225.0,87,87,0.0,0.0,479.6,833.0,702.1,0.0,0.424,0.157,-1,0.87,0.92,10,0.875,0.01,0.37,1.737,-1.0,1498.2,0.5,103.003,1.91,1.66,26.76,2,4.64,1,9.29,25.01,26.76,25.0,419.92,413.4,18.258,19.197,55.86,58.73,399.7,1498,1240,97.36,5.83,-0.712,0.0428,0.0208,0.0362,0.0206,0.5,-1.36,7.36,1.0,0.0,0.16,111115,,,,,,,,,,,,,,,,,,,,,,,,,,,,,,,,,,,,,,,,,,,,,,,,,,,,,,,,,,,,,,,,,,,,,,,,,,,,,,,,,,,,,,,,,,,,,,,,,,,,,,,,,,,,,,,,,,,,,,,,,,,,,,,,,,,,,,,,,,,,
2023-09-13 15:29:00,FLRC,Nit-A,3,Mid,spring,afternoon,Erin_NitAdt3_Mid_FLRC_2023_09_13,2,385.5,0,10.9,0.107,241.0,88,88,0.0,0.0,476.6,866.9,662.2,0.0,0.45,0.236,-1,0.87,0.92,10,0.875,0.014,0.524,1.819,-1.0,1001.4,0.5,103.443,1.68,1.51,25.76,2,4.64,1,9.29,24.92,25.76,25.0,420.09,414.29,17.886,18.708,55.02,57.55,399.9,1001,1226,97.37,5.83,-0.712,0.0428,0.0208,0.0362,0.0206,0.5,-1.36,7.36,1.0,0.0,0.16,111115,,,,,,,,,,,,,,,,,,,,,,,,,,,,,,,,,,,,,,,,,,,,,,,,,,,,,,,,,,,,,,,,,,,,,,,,,,,,,,,,,,,,,,,,,,,,,,,,,,,,,,,,,,,,,,,,,,,,,,,,,,,,,,,,,,,,,,,,,,,,
2023-09-13 15:31:00,FLRC,Nit-A,3,Mid,spring,afternoon,Erin_NitAdt3_Mid_FLRC_2023_09_13,3,515.5,0,9.71,0.103,255.0,89,89,0.0,0.0,493.2,1015.7,658.9,0.0,0.514,0.351,-1,0.87,0.92,10,0.875,0.02,0.683,2.059,-1.0,601.0,0.5,92.359,1.51,1.4,25.08,2,4.64,1,9.29,24.96,25.08,25.0,420.02,414.85,17.652,18.394,54.18,56.45,399.8,601,1215,97.37,5.83,-0.712,0.0428,0.0208,0.0362,0.0206,0.8,-1.36,7.36,1.0,0.0,0.16,111115,,,,,,,,,,,,,,,,,,,,,,,,,,,,,,,,,,,,,,,,,,,,,,,,,,,,,,,,,,,,,,,,,,,,,,,,,,,,,,,,,,,,,,,,,,,,,,,,,,,,,,,,,,,,,,,,,,,,,,,,,,,,,,,,,,,,,,,,,,,,
2023-09-13 15:34:00,FLRC,Nit-A,3,Mid,spring,afternoon,Erin_NitAdt3_Mid_FLRC_2023_09_13,4,646.0,0,8.77,0.096,260.0,90,90,0.0,0.0,506.2,1124.1,673.5,0.0,0.55,0.401,-1,0.87,0.92,10,0.875,0.022,0.729,2.221,-1.0,501.6,0.5,87.949,1.4,1.4,24.82,2,4.64,1,9.29,24.91,24.82,25.0,419.83,415.15,17.27,17.958,53.17,55.29,399.6,502,1200,97.37,5.83,-0.712,0.0428,0.0208,0.0362,0.0206,0.5,-1.36,7.36,1.0,0.0,0.16,111115,,,,,,,,,,,,,,,,,,,,,,,,,,,,,,,,,,,,,,,,,,,,,,,,,,,,,,,,,,,,,,,,,,,,,,,,,,,,,,,,,,,,,,,,,,,,,,,,,,,,,,,,,,,,,,,,,,,,,,,,,,,,,,,,,,,,,,,,,,,,
2023-09-13 15:36:00,FLRC,Nit-A,3,Mid,spring,afternoon,Erin_NitAdt3_Mid_FLRC_2023_09_13,5,776.0,0,9.27,0.093,247.0,91,91,0.0,0.0,515.7,1205.1,686.7,0.0,0.572,0.43,-1,0.87,0.92,10,0.875,0.026,0.752,2.337,-1.0,451.3,0.5,84.908,1.33,1.37,24.57,2,4.64,1,9.29,24.85,24.57,25.0,420.22,415.31,17.061,17.716,52.72,54.75,399.7,451,1183,97.36,5.83,-0.712,0.0428,0.0208,0.0362,0.0206,0.8,-1.36,7.36,1.0,0.0,0.16,111115,,,,,,,,,,,,,,,,,,,,,,,,,,,,,,,,,,,,,,,,,,,,,,,,,,,,,,,,,,,,,,,,,,,,,,,,,,,,,,,,,,,,,,,,,,,,,,,,,,,,,,,,,,,,,,,,,,,,,,,,,,,,,,,,,,,,,,,,,,,,
2023-09-13 15:38:00,FLRC,Nit-A,3,Mid,spring,afternoon,Erin_NitAdt3_Mid_FLRC_2023_09_13,6,906.5,0,7.5,0.0898,274.0,92,92,0.0,0.0,569.6,1634.7,793.3,0.0,0.652,0.515,-1,0.87,0.92,10,0.875,0.032,0.79,2.87,-1.0,301.2,0.5,67.823,1.26,1.35,24.28,2,4.64,1,9.29,24.84,24.28,25.0,420.19,416.18,16.825,17.446,52.02,53.94,399.6,301,1169,97.36,5.83,-0.712,0.0428,0.0208,0.0362,0.0206,0.5,-1.36,7.36,1.0,0.0,0.16,111115,,,,,,,,,,,,,,,,,,,,,,,,,,,,,,,,,,,,,,,,,,,,,,,,,,,,,,,,,,,,,,,,,,,,,,,,,,,,,,,,,,,,,,,,,,,,,,,,,,,,,,,,,,,,,,,,,,,,,,,,,,,,,,,,,,,,,,,,,,,,
2023-09-13 15:40:00,FLRC,Nit-A,3,Mid,spring,afternoon,Erin_NitAdt3_Mid_FLRC_2023_09_13,7,1036.5,0,6.43,0.079,278.0,93,93,0.0,0.0,621.0,2106.6,881.9,0.0,0.705,0.581,-1,0.87,0.92,9,0.875,0.042,0.824,3.392,-1.0,200.0,0.5,50.856,1.07,1.3,24.01,2,4.64,1,9.29,24.79,24.01,25.0,420.37,416.93,16.861,17.389,52.28,53.92,399.6,200,1156,97.35,5.83,-0.712,0.0428,0.0208,0.0362,0.0206,0.5,-1.36,7.36,1.0,0.0,0.16,111115,,,,,,,,,,,,,,,,,,,,,,,,,,,,,,,,,,,,,,,,,,,,,,,,,,,,,,,,,,,,,,,,,,,,,,,,,,,,,,,,,,,,,,,,,,,,,,,,,,,,,,,,,,,,,,,,,,,,,,,,,,,,,,,,,,,,,,,,,,,,
2023-09-13 15:42:00,FLRC,Nit-A,3,Mid,spring,afternoon,Erin_NitAdt3_Mid_FLRC_2023_09_13,8,1167.0,0,5.52,0.0832,302.0,94,94,0.0,0.0,630.8,2253.6,880.3,0.0,0.72,0.609,-1,0.87,0.92,9,0.875,0.043,0.846,3.572,-1.0,173.5,0.5,46.236,1.11,1.27,23.84,2,4.64,1,9.29,24.75,23.84,25.0,420.09,417.09,16.823,17.368,52.29,53.98,399.7,174,1141,97.36,5.83,-0.712,0.0428,0.0208,0.0362,0.0206,0.5,-1.36,7.36,1.0,0.0,0.16,111115,,,,,,,,,,,,,,,,,,,,,,,,,,,,,,,,,,,,,,,,,,,,,,,,,,,,,,,,,,,,,,,,,,,,,,,,,,,,,,,,,,,,,,,,,,,,,,,,,,,,,,,,,,,,,,,,,,,,,,,,,,,,,,,,,,,,,,,,,,,,
2023-09-13 15:44:00,FLRC,Nit-A,3,Mid,spring,afternoon,Erin_NitAdt3_Mid_FLRC_2023_09_13,9,1297.0,0,4.8,0.081,314.0,95,95,0.0,0.0,638.8,2360.9,873.0,0.0,0.729,0.63,-1,0.87,0.92,10,0.875,0.044,0.864,3.696,-1.0,151.0,0.5,41.641,1.08,1.28,23.76,2,4.64,1,9.29,24.72,23.76,25.0,419.87,417.24,16.637,17.169,51.8,53.45,399.7,151,1126,97.36,5.83,-0.712,0.0428,0.0208,0.0362,0.0206,0.8,-1.36,7.36,1.0,0.0,0.16,111115,,,,,,,,,,,,,,,,,,,,,,,,,,,,,,,,,,,,,,,,,,,,,,,,,,,,,,,,,,,,,,,,,,,,,,,,,,,,,,,,,,,,,,,,,,,,,,,,,,,,,,,,,,,,,,,,,,,,,,,,,,,,,,,,,,,,,,,,,,,,
2023-09-13 15:47:00,FLRC,Nit-A,3,Mid,spring,afternoon,Erin_NitAdt3_Mid_FLRC_2023_09_13,10,1427.0,0,3.93,0.07,320.0,96,96,0.0,0.0,644.2,2436.9,856.2,0.0,0.736,0.649,-1,0.87,0.92,10,0.875,0.045,0.882,3.783,-1.0,125.2,0.5,35.546,0.928,1.27,23.7,2,4.64,1,9.29,24.72,23.7,25.0,419.97,417.81,16.723,17.179,52.06,53.48,399.7,125,1116,97.36,5.83,-0.712,0.0428,0.0208,0.0362,0.0206,0.5,-1.36,7.36,1.0,0.0,0.16,111115,,,,,,,,,,,,,,,,,,,,,,,,,,,,,,,,,,,,,,,,,,,,,,,,,,,,,,,,,,,,,,,,,,,,,,,,,,,,,,,,,,,,,,,,,,,,,,,,,,,,,,,,,,,,,,,,,,,,,,,,,,,,,,,,,,,,,,,,,,,,
2023-11-21 10:32:00,FLRC,Nit-A,3,Mid,spring,morning,Erin_NitAdt3_Mid_FLRC_2023_11_21,1,263.5,0,7.91,0.0862,257.0,11,11,0.0,0.0,538.2,1093.4,1028.3,0.0,0.508,0.06,-1,0.87,0.92,10,0.875,0.007,0.117,2.031,-1.0,1498.4,0.5,39.056,1.41,1.57,24.22,2,4.64,1,9.29,24.16,24.22,25.02,420.02,414.35,14.146,15.073,45.51,48.5,299.7,1498,297,97.26,6.56,-0.607,0.141,0.00594,0.0987,0.00421,0.2,-1.36,7.36,1.0,0.0,0.16,111115,,,,,,,,,,,,,,,,,,,,,,,,,,,,,,,,,,,,,,,,,,,,,,,,,,,,,,,,,,,,,,,,,,,,,,,,,,,,,,,,,,,,,,,,,,,,,,,,,,,,,,,,,,,,,,,,,,,,,,,,,,,,,,,,,,,,,,,,,,,,
2023-11-21 10:34:00,FLRC,Nit-A,3,Mid,spring,morning,Erin_NitAdt3_Mid_FLRC_2023_11_21,2,393.5,0,7.86,0.0792,247.0,12,12,0.0,0.0,513.7,997.0,880.4,0.0,0.485,0.117,-1,0.87,0.92,10,0.875,0.01,0.241,1.941,-1.0,999.0,0.5,51.105,1.22,1.48,23.65,2,4.64,1,9.29,24.18,23.65,25.02,420.34,414.75,14.172,14.973,45.53,48.1,299.6,999,304,97.26,6.56,-0.607,0.141,0.00594,0.0987,0.00421,0.5,-1.36,7.36,1.0,0.0,0.16,111115,,,,,,,,,,,,,,,,,,,,,,,,,,,,,,,,,,,,,,,,,,,,,,,,,,,,,,,,,,,,,,,,,,,,,,,,,,,,,,,,,,,,,,,,,,,,,,,,,,,,,,,,,,,,,,,,,,,,,,,,,,,,,,,,,,,,,,,,,,,,
2023-11-21 10:36:00,FLRC,Nit-A,3,Mid,spring,morning,Erin_NitAdt3_Mid_FLRC_2023_11_21,3,524.0,0,7.08,0.0639,230.0,13,13,0.0,0.0,512.1,1015.8,819.3,0.0,0.496,0.193,-1,0.87,0.92,10,0.875,0.015,0.39,1.984,-1.0,599.2,0.5,50.706,0.927,1.39,23.11,2,4.64,1,9.29,24.2,23.11,25.03,421.03,416.05,14.281,14.891,45.82,47.77,299.6,599,357,97.27,6.56,-0.607,0.141,0.00594,0.0987,0.00421,0.2,-1.36,7.36,1.0,0.0,0.16,111115,,,,,,,,,,,,,,,,,,,,,,,,,,,,,,,,,,,,,,,,,,,,,,,,,,,,,,,,,,,,,,,,,,,,,,,,,,,,,,,,,,,,,,,,,,,,,,,,,,,,,,,,,,,,,,,,,,,,,,,,,,,,,,,,,,,,,,,,,,,,
2023-11-21 10:38:00,FLRC,Nit-A,3,Mid,spring,morning,Erin_NitAdt3_Mid_FLRC_2023_11_21,4,654.0,0,6.92,0.0629,231.0,14,14,0.0,0.0,513.3,1032.4,795.6,0.0,0.503,0.229,-1,0.87,0.92,10,0.875,0.018,0.456,2.011,-1.0,498.6,0.5,50.029,0.905,1.38,23.05,2,4.64,1,9.29,24.22,23.05,25.02,420.26,415.39,14.312,14.907,45.87,47.77,299.5,499,240,97.26,6.56,-0.607,0.141,0.00594,0.0987,0.00421,0.8,-1.36,7.36,1.0,0.0,0.16,111115,,,,,,,,,,,,,,,,,,,,,,,,,,,,,,,,,,,,,,,,,,,,,,,,,,,,,,,,,,,,,,,,,,,,,,,,,,,,,,,,,,,,,,,,,,,,,,,,,,,,,,,,,,,,,,,,,,,,,,,,,,,,,,,,,,,,,,,,,,,,
2023-11-21 10:41:00,FLRC,Nit-A,3,Mid,spring,morning,Erin_NitAdt3_Mid_FLRC_2023_11_21,5,784.5,0,5.75,0.0612,257.0,15,15,0.0,0.0,511.5,1043.8,781.2,0.0,0.51,0.252,-1,0.87,0.92,10,0.875,0.017,0.493,2.041,-1.0,448.2,0.5,49.326,0.86,1.35,22.8,2,4.64,1,9.29,24.13,22.8,25.02,419.9,415.82,14.233,14.799,45.86,47.68,299.6,448,178,97.27,6.56,-0.607,0.141,0.00594,0.0987,0.00421,0.5,-1.36,7.36,1.0,0.0,0.16,111115,,,,,,,,,,,,,,,,,,,,,,,,,,,,,,,,,,,,,,,,,,,,,,,,,,,,,,,,,,,,,,,,,,,,,,,,,,,,,,,,,,,,,,,,,,,,,,,,,,,,,,,,,,,,,,,,,,,,,,,,,,,,,,,,,,,,,,,,,,,,
2023-11-21 10:43:00,FLRC,Nit-A,3,Mid,spring,morning,Erin_NitAdt3_Mid_FLRC_2023_11_21,6,914.5,0,4.32,0.054,280.0,16,16,0.0,0.0,520.5,1113.9,748.6,0.0,0.533,0.328,-1,0.87,0.92,10,0.875,0.02,0.616,2.14,-1.0,300.4,0.5,43.097,0.745,1.32,22.7,2,4.64,1,9.29,24.23,22.7,25.02,419.09,416.0,14.425,14.915,46.21,47.77,299.6,300,271,97.26,6.56,-0.607,0.141,0.00594,0.0987,0.00421,0.5,-1.36,7.36,1.0,0.0,0.16,111115,,,,,,,,,,,,,,,,,,,,,,,,,,,,,,,,,,,,,,,,,,,,,,,,,,,,,,,,,,,,,,,,,,,,,,,,,,,,,,,,,,,,,,,,,,,,,,,,,,,,,,,,,,,,,,,,,,,,,,,,,,,,,,,,,,,,,,,,,,,,
2023-11-21 10:45:00,FLRC,Nit-A,3,Mid,spring,morning,Erin_NitAdt3_Mid_FLRC_2023_11_21,7,1044.5,0,4.58,0.0546,274.0,17,17,0.0,0.0,542.1,1273.3,734.0,0.0,0.574,0.424,-1,0.87,0.92,9,0.875,0.032,0.738,2.349,-1.0,198.4,0.5,36.756,0.756,1.33,22.81,2,4.64,1,9.29,24.3,22.81,25.02,419.56,416.3,14.546,15.043,46.38,47.97,299.7,198,324,97.26,6.56,-0.607,0.141,0.00594,0.0987,0.00421,0.5,-1.36,7.36,1.0,0.0,0.16,111115,,,,,,,,,,,,,,,,,,,,,,,,,,,,,,,,,,,,,,,,,,,,,,,,,,,,,,,,,,,,,,,,,,,,,,,,,,,,,,,,,,,,,,,,,,,,,,,,,,,,,,,,,,,,,,,,,,,,,,,,,,,,,,,,,,,,,,,,,,,,
2023-11-21 10:47:00,FLRC,Nit-A,3,Mid,spring,morning,Erin_NitAdt3_Mid_FLRC_2023_11_21,8,1175.0,0,5.12,0.0546,259.0,18,18,0.0,0.0,551.9,1357.4,738.9,0.0,0.593,0.456,-1,0.87,0.92,9,0.875,0.04,0.768,2.46,-1.0,175.8,0.5,35.021,0.747,1.31,22.73,2,4.64,1,9.29,24.26,22.73,25.02,420.76,417.14,14.57,15.061,46.58,48.15,299.7,176,225,97.27,6.56,-0.607,0.141,0.00594,0.0987,0.00421,0.8,-1.36,7.36,1.0,0.0,0.16,111115,,,,,,,,,,,,,,,,,,,,,,,,,,,,,,,,,,,,,,,,,,,,,,,,,,,,,,,,,,,,,,,,,,,,,,,,,,,,,,,,,,,,,,,,,,,,,,,,,,,,,,,,,,,,,,,,,,,,,,,,,,,,,,,,,,,,,,,,,,,,
2023-11-21 10:49:00,FLRC,Nit-A,3,Mid,spring,morning,Erin_NitAdt3_Mid_FLRC_2023_11_21,9,1305.0,0,4.67,0.0493,258.0,19,19,0.0,0.0,569.0,1480.4,754.9,0.0,0.616,0.49,-1,0.87,0.92,11,0.875,0.043,0.796,2.602,-1.0,149.5,0.5,32.056,0.656,1.27,22.48,2,4.64,1,9.29,24.18,22.48,25.02,420.88,417.58,14.562,14.994,46.78,48.17,299.6,149,369,97.25,6.56,-0.607,0.141,0.00594,0.0987,0.00421,0.5,-1.36,7.36,1.0,0.0,0.16,111115,,,,,,,,,,,,,,,,,,,,,,,,,,,,,,,,,,,,,,,,,,,,,,,,,,,,,,,,,,,,,,,,,,,,,,,,,,,,,,,,,,,,,,,,,,,,,,,,,,,,,,,,,,,,,,,,,,,,,,,,,,,,,,,,,,,,,,,,,,,,
2023-11-21 10:51:00,FLRC,Nit-A,3,Mid,spring,morning,Erin_NitAdt3_Mid_FLRC_2023_11_21,10,1435.5,0,3.87,0.0515,289.0,20,20,0.0,0.0,590.7,1658.0,782.1,0.0,0.644,0.528,-1,0.87,0.92,10,0.875,0.045,0.821,2.807,-1.0,123.4,0.5,28.528,0.685,1.27,22.46,2,4.64,1,9.29,24.2,22.46,25.02,420.12,417.34,14.538,14.988,46.65,48.1,299.6,123,190,97.25,6.56,-0.607,0.141,0.00594,0.0987,0.00421,0.5,-1.36,7.36,1.0,0.0,0.16,111115,,,,,,,,,,,,,,,,,,,,,,,,,,,,,,,,,,,,,,,,,,,,,,,,,,,,,,,,,,,,,,,,,,,,,,,,,,,,,,,,,,,,,,,,,,,,,,,,,,,,,,,,,,,,,,,,,,,,,,,,,,,,,,,,,,,,,,,,,,,,
2023-12-18 10:30:00,FLRC,Nit-A,3,Mid,summer,morning,Erin_NitAdt3_Mid_FLRC_2023_12_18,1,622.0,0,10.3,0.121,266.0,11,11,0.0,0.0,533.6,909.4,802.8,0.0,0.413,0.117,-1,0.87,0.92,10,0.875,0.009,0.284,1.704,-1.0,1499.7,0.5,76.887,2.42,1.93,28.44,2,4.64,1,9.29,25.81,28.44,25.01,420.18,414.54,18.914,20.102,55.37,58.84,399.7,1500,499,97.67,6.03,-0.796,0.0516,0.00933,0.0666,0.00918,0.5,-1.36,7.36,1.0,0.0,0.16,111115,-0.290986,0.0,0.0259801,300.204,0.0,15.9861,134.868,0.0,7.78673,-14.6671,0.0,1.24555,3.0573,0.0,0.176516,3.166,-1.06084,-0.00231378,-0.024048,176.301,5.63107,15.5559,390.162,394.718,0.0,1.0,496.856,12.4618,12.619,0.0,1.0,296.71,295.135,97832.0,1.14939,1012.39,0.0250812,0.198113,0.00895334,1219.49,2633.54,0.00778965,46.3059,1414.06,283.056,2.57062,-4.19542,0.378039,4.93468,-8.52109e-14,0.0113334,4.9347,10.9026,268.143,301.594,,,0.503156,2.29929,-36.4582,-0.146195,2.2259,0.512742,0.0,61.7741,-9.37446,21.2051,52.8036,80.5288,112.943,169.209,-0.278939,1.04319,283.217,1.08364,80.8543,1.41029,-21.3352,1.38073,1.83287,1.41029,800000099.0,800000099.0,800000099.0,800000099.0,800000099.0,800000099.0,800000199.0,800000199.0,80000.0,80000.0,80.0,80.0,8.0,0.0,0.0,3.0,0.0,5.0,2.29877,1.92593,0.373864,0.776217,0.00640093,130.576,0.243391,-0.0213352,1.83287,22.0275,14.038,26.8233,895.13,158.911,0.405307,0.0357687,0.0845244,480.315,295.566,294.318,97828.6,46.3059,296.428,298.047,67.334,1.3566,1.91963,8.69305,12.3213,13.6372,14.1359,0.0,1.638115,0.002032,808200.0,2.032,1.0,-14.66941378,1.6281536754834014,16.2952536754834,3.5564685404413767
2023-12-18 10:32:00,FLRC,Nit-A,3,Mid,summer,morning,Erin_NitAdt3_Mid_FLRC_2023_12_18,2,752.5,0,9.01,0.111,273.0,12,12,0.0,0.0,532.5,939.5,754.6,0.0,0.433,0.197,-1,0.87,0.92,10,0.875,0.011,0.454,1.764,-1.0,1001.5,0.5,86.238,2.11,1.83,27.97,2,4.64,1,9.29,25.88,27.97,25.01,419.83,414.89,19.049,20.082,55.52,58.53,399.6,1002,395,97.67,6.03,-0.796,0.0516,0.00933,0.0666,0.00918,0.5,-1.36,7.36,1.0,0.0,0.16,111115,,,,,,,,,,,,,,,,,,,,,,,,,,,,,,,,,,,,,,,,,,,,,,,,,,,,,,,,,,,,,,,,,,,,,,,,,,,,,,,,,,,,,,,,,,,,,,,,,,,,,,,,,,,,,,,,,,,,,,,,,,,,,,,,,,,,,,,,,,,,
2023-12-18 10:34:00,FLRC,Nit-A,3,Mid,summer,morning,Erin_NitAdt3_Mid_FLRC_2023_12_18,3,882.5,0,8.15,0.1,274.0,13,13,0.0,0.0,560.9,1097.1,759.6,0.0,0.489,0.308,-1,0.87,0.92,10,0.875,0.017,0.629,1.956,-1.0,602.0,0.5,80.992,1.8,1.72,27.46,2,4.64,1,9.29,25.9,27.46,25.01,419.73,415.28,19.209,20.089,55.92,58.48,399.7,602,308,97.67,6.03,-0.796,0.0516,0.00933,0.0666,0.00918,0.5,-1.36,7.36,1.0,0.0,0.16,111115,,,,,,,,,,,,,,,,,,,,,,,,,,,,,,,,,,,,,,,,,,,,,,,,,,,,,,,,,,,,,,,,,,,,,,,,,,,,,,,,,,,,,,,,,,,,,,,,,,,,,,,,,,,,,,,,,,,,,,,,,,,,,,,,,,,,,,,,,,,,
2023-12-18 10:36:00,FLRC,Nit-A,3,Mid,summer,morning,Erin_NitAdt3_Mid_FLRC_2023_12_18,4,1013.0,0,7.69,0.0931,272.0,14,14,0.0,0.0,575.9,1222.5,781.9,0.0,0.529,0.36,-1,0.87,0.92,10,0.875,0.02,0.681,2.123,-1.0,499.3,0.5,78.728,1.64,1.69,27.35,2,4.64,1,9.29,25.91,27.35,25.01,419.76,415.57,19.333,20.136,56.26,58.6,399.7,499,279,97.67,6.03,-0.796,0.0516,0.00933,0.0666,0.00918,0.5,-1.36,7.36,1.0,0.0,0.16,111115,,,,,,,,,,,,,,,,,,,,,,,,,,,,,,,,,,,,,,,,,,,,,,,,,,,,,,,,,,,,,,,,,,,,,,,,,,,,,,,,,,,,,,,,,,,,,,,,,,,,,,,,,,,,,,,,,,,,,,,,,,,,,,,,,,,,,,,,,,,,
2023-12-18 10:39:00,FLRC,Nit-A,3,Mid,summer,morning,Erin_NitAdt3_Mid_FLRC_2023_12_18,5,1143.0,0,8.12,0.087,256.0,15,15,0.0,0.0,588.9,1311.9,800.0,0.0,0.551,0.39,-1,0.87,0.92,10,0.875,0.023,0.708,2.228,-1.0,449.2,0.5,76.655,1.52,1.68,27.33,2,4.64,1,9.29,25.91,27.33,25.01,419.91,415.53,19.472,20.218,56.67,58.84,399.7,449,190,97.67,6.03,-0.796,0.0516,0.00933,0.0666,0.00918,0.5,-1.36,7.36,1.0,0.0,0.16,111115,,,,,,,,,,,,,,,,,,,,,,,,,,,,,,,,,,,,,,,,,,,,,,,,,,,,,,,,,,,,,,,,,,,,,,,,,,,,,,,,,,,,,,,,,,,,,,,,,,,,,,,,,,,,,,,,,,,,,,,,,,,,,,,,,,,,,,,,,,,,
2023-12-18 10:41:00,FLRC,Nit-A,3,Mid,summer,morning,Erin_NitAdt3_Mid_FLRC_2023_12_18,6,1273.5,0,6.96,0.0818,270.0,16,16,0.0,0.0,647.5,1748.1,910.1,0.0,0.63,0.479,-1,0.87,0.92,10,0.875,0.03,0.761,2.7,-1.0,300.6,0.5,63.035,1.4,1.64,27.19,2,4.64,1,9.29,25.93,27.19,25.01,420.12,416.34,19.617,20.303,57.01,59.0,399.7,301,166,97.67,6.03,-0.796,0.0516,0.00933,0.0666,0.00918,0.8,-1.36,7.36,1.0,0.0,0.16,111115,,,,,,,,,,,,,,,,,,,,,,,,,,,,,,,,,,,,,,,,,,,,,,,,,,,,,,,,,,,,,,,,,,,,,,,,,,,,,,,,,,,,,,,,,,,,,,,,,,,,,,,,,,,,,,,,,,,,,,,,,,,,,,,,,,,,,,,,,,,,
2023-12-18 10:43:00,FLRC,Nit-A,3,Mid,summer,morning,Erin_NitAdt3_Mid_FLRC_2023_12_18,7,1403.5,0,5.46,0.0783,295.0,17,17,0.0,0.0,701.8,2241.0,995.1,0.0,0.687,0.556,-1,0.87,0.92,9,0.875,0.037,0.809,3.193,-1.0,200.2,0.5,48.679,1.31,1.6,27.08,2,4.64,1,9.29,25.94,27.08,25.01,419.91,416.91,19.777,20.42,57.43,59.3,399.7,200,124,97.67,6.03,-0.796,0.0516,0.00933,0.0666,0.00918,0.5,-1.36,7.36,1.0,0.0,0.16,111115,,,,,,,,,,,,,,,,,,,,,,,,,,,,,,,,,,,,,,,,,,,,,,,,,,,,,,,,,,,,,,,,,,,,,,,,,,,,,,,,,,,,,,,,,,,,,,,,,,,,,,,,,,,,,,,,,,,,,,,,,,,,,,,,,,,,,,,,,,,,
2023-12-18 10:45:00,FLRC,Nit-A,3,Mid,summer,morning,Erin_NitAdt3_Mid_FLRC_2023_12_18,8,1534.0,0,4.38,0.075,313.0,18,18,0.0,0.0,713.1,2395.2,991.5,0.0,0.702,0.586,-1,0.87,0.92,9,0.874,0.035,0.834,3.359,-1.0,174.6,0.5,44.745,1.25,1.59,27.1,2,4.64,1,9.29,25.96,27.1,25.01,419.77,417.32,19.96,20.571,57.92,59.69,399.7,175,117,97.67,6.03,-0.796,0.0516,0.00933,0.0666,0.00918,0.5,-1.36,7.36,1.0,0.0,0.16,111115,,,,,,,,,,,,,,,,,,,,,,,,,,,,,,,,,,,,,,,,,,,,,,,,,,,,,,,,,,,,,,,,,,,,,,,,,,,,,,,,,,,,,,,,,,,,,,,,,,,,,,,,,,,,,,,,,,,,,,,,,,,,,,,,,,,,,,,,,,,,
2023-12-18 10:47:00,FLRC,Nit-A,3,Mid,summer,morning,Erin_NitAdt3_Mid_FLRC_2023_12_18,9,1664.0,0,3.71,0.0718,325.0,19,19,0.0,0.0,720.6,2519.0,980.5,0.0,0.714,0.611,-1,0.87,0.92,10,0.875,0.035,0.855,3.496,-1.0,151.6,0.5,40.524,1.19,1.59,27.17,2,4.64,1,9.29,25.99,27.17,25.01,419.98,417.87,20.168,20.753,58.4,60.09,399.7,152,117,97.66,6.03,-0.796,0.0516,0.00933,0.0666,0.00918,0.8,-1.36,7.36,1.0,0.0,0.16,111115,,,,,,,,,,,,,,,,,,,,,,,,,,,,,,,,,,,,,,,,,,,,,,,,,,,,,,,,,,,,,,,,,,,,,,,,,,,,,,,,,,,,,,,,,,,,,,,,,,,,,,,,,,,,,,,,,,,,,,,,,,,,,,,,,,,,,,,,,,,,
2023-12-18 10:50:00,FLRC,Nit-A,3,Mid,summer,morning,Erin_NitAdt3_Mid_FLRC_2023_12_18,10,1794.5,0,3.78,0.0671,317.0,20,20,0.0,0.0,729.9,2620.1,960.1,0.0,0.721,0.634,-1,0.87,0.92,10,0.875,0.043,0.878,3.59,-1.0,126.4,0.5,35.038,1.09,1.56,27.21,2,4.64,1,9.29,26.04,27.21,25.01,420.06,417.93,20.605,21.142,59.49,61.04,399.6,126,122,97.66,6.03,-0.796,0.0516,0.00933,0.0666,0.00918,0.8,-1.36,7.36,1.0,0.0,0.16,111115,,,,,,,,,,,,,,,,,,,,,,,,,,,,,,,,,,,,,,,,,,,,,,,,,,,,,,,,,,,,,,,,,,,,,,,,,,,,,,,,,,,,,,,,,,,,,,,,,,,,,,,,,,,,,,,,,,,,,,,,,,,,,,,,,,,,,,,,,,,,
2024-01-25 11:58:00,FLRC,Nit-A,3,Mid,summer,morning,Erin_NitAdt3_Mid_FLRC_2024_01_25,1,209.5,0,2.22,-0.0999,429.0,61,61,0.0,0.0,413.0,543.7,513.6,0.0,0.24,0.055,-1,0.87,0.92,10,0.875,0.002,0.23,1.316,-1.0,1499.6,0.5,36.334,-3.83,3.49,39.33,2,4.64,1,9.29,33.68,39.33,32.08,420.12,419.71,40.021,37.562,74.35,69.78,299.6,1500,84,97.5,7.92,-0.508,0.0,0.0,0.0,0.0,0.8,-1.36,7.36,1.0,0.0,0.16,111115,,,,,,,,,,,,,,,,,,,,,,,,,,,,,,,,,,,,,,,,,,,,,,,,,,,,,,,,,,,,,,,,,,,,,,,,,,,,,,,,,,,,,,,,,,,,,,,,,,,,,,,,,,,,,,,,,,,,,,,,,,,,,,,,,,,,,,,,,,,,
2024-01-25 11:59:00,FLRC,Nit-A,3,Mid,summer,morning,Erin_NitAdt3_Mid_FLRC_2024_01_25,2,279.5,0,1.27,-0.114,415.0,62,62,0.0,0.0,409.3,547.6,499.6,0.0,0.253,0.088,-1,0.87,0.92,10,0.875,0.003,0.347,1.338,-1.0,1000.5,0.5,38.392,-3.84,3.09,38.22,2,4.64,1,9.29,33.66,38.22,32.07,419.38,419.61,39.914,37.444,74.23,69.63,299.7,1001,85,97.5,7.92,-0.508,0.0,0.0,0.0,0.0,0.5,-1.36,7.36,1.0,0.0,0.16,111115,,,,,,,,,,,,,,,,,,,,,,,,,,,,,,,,,,,,,,,,,,,,,,,,,,,,,,,,,,,,,,,,,,,,,,,,,,,,,,,,,,,,,,,,,,,,,,,,,,,,,,,,,,,,,,,,,,,,,,,,,,,,,,,,,,,,,,,,,,,,
2024-01-25 12:00:00,FLRC,Nit-A,3,Mid,summer,morning,Erin_NitAdt3_Mid_FLRC_2024_01_25,3,349.5,0,1.68,-0.127,420.0,63,63,0.0,0.0,404.5,563.1,482.1,0.0,0.282,0.144,-1,0.87,0.92,9,0.875,0.005,0.511,1.392,-1.0,599.8,0.5,37.767,-3.94,2.82,37.44,2,4.64,1,9.29,33.64,37.44,32.06,419.82,419.81,39.803,37.268,74.11,69.39,299.6,600,84,97.5,7.92,-0.508,0.0,0.0,0.0,0.0,0.8,-1.36,7.36,1.0,0.0,0.16,111115,-0.134278,0.0,0.0270225,354.144,0.0,24.0338,79.2387,1.0,11.9626,-7.31119,0.0,1.55878,1.81536,1.0,0.274065,2.82069,1.24388,0.194559,0.0284975,-178.889,-5.26385,15.5606,405.17,409.373,0.0,1.0,457.873,11.9221,12.066,0.0,1.0,306.584,306.014,97710.6,1.10738,1012.41,0.0260381,0.117636,0.00825086,1165.23,4978.17,0.00745082,23.4069,3812.94,282.379,0.8283,2.31664,0.083543,2.46168,-1.59135e-14,-0.0114963,2.46171,7.42553,140.918,70.1284,,,0.34822,1.69967,-10.2376,-0.520628,4.46933,0.907139,0.0,55.8452,-8.47473,19.1699,47.7356,72.7999,102.103,152.969,-0.12954,1.03657,341.282,1.05158,49.1573,1.17304,-20.7865,1.15985,1.1262,1.17304,800000099.0,800000099.0,800000099.0,800000099.0,800000099.0,800000099.0,800000199.0,800000199.0,80000.0,80000.0,80.0,81.0,8.0,1.0,1.0,6.0,6.0,14.0,1.77657,1.39087,0.231916,1.25729,0.00611094,302.221,0.304413,-0.0207865,1.1262,32.6179,14.0446,39.8515,1031.62,177.788,0.299229,0.0429397,0.0796097,637.436,306.289,305.26,97722.3,23.4069,304.48,307.784,106.853,0.62774,1.04367,36.396,34.3744,45.3798,69.7467,0.0,0.835705,0.001016,2192400.0,1.016,1.0,-7.116631,0.7402604350743949,8.051450435074395,2.9594069899178224
2024-01-25 12:01:00,FLRC,Nit-A,3,Mid,summer,noon,Erin_NitAdt3_Mid_FLRC_2024_01_25,4,420.0,0,1.51,-0.135,418.0,64,64,0.0,0.0,402.8,576.5,476.6,0.0,0.301,0.173,-1,0.87,0.92,9,0.875,0.006,0.575,1.431,-1.0,499.9,0.5,37.882,-4.03,2.72,37.09,2,4.64,1,9.29,33.53,37.09,31.96,419.84,419.96,39.686,37.093,74.34,69.49,299.6,500,84,97.5,7.92,-0.508,0.0,0.0,0.0,0.0,0.8,-1.36,7.36,1.0,0.0,0.16,111115,,,,,,,,,,,,,,,,,,,,,,,,,,,,,,,,,,,,,,,,,,,,,,,,,,,,,,,,,,,,,,,,,,,,,,,,,,,,,,,,,,,,,,,,,,,,,,,,,,,,,,,,,,,,,,,,,,,,,,,,,,,,,,,,,,,,,,,,,,,,
2024-01-25 12:02:00,FLRC,Nit-A,3,Mid,summer,noon,Erin_NitAdt3_Mid_FLRC_2024_01_25,5,490.0,0,1.52,-0.141,418.0,65,65,0.0,0.0,401.4,584.8,473.7,0.0,0.314,0.19,-1,0.87,0.92,9,0.875,0.006,0.606,1.457,-1.0,451.0,0.5,37.496,-4.09,2.64,36.82,2,4.64,1,9.29,33.39,36.82,31.82,420.19,420.32,39.602,36.974,74.79,69.83,299.6,451,85,97.5,7.92,-0.508,0.0,0.0,0.0,0.0,0.8,-1.36,7.36,1.0,0.0,0.16,111115,,,,,,,,,,,,,,,,,,,,,,,,,,,,,,,,,,,,,,,,,,,,,,,,,,,,,,,,,,,,,,,,,,,,,,,,,,,,,,,,,,,,,,,,,,,,,,,,,,,,,,,,,,,,,,,,,,,,,,,,,,,,,,,,,,,,,,,,,,,,
2024-01-25 12:03:00,FLRC,Nit-A,3,Mid,summer,noon,Erin_NitAdt3_Mid_FLRC_2024_01_25,6,560.0,0,1.05,-0.152,413.0,66,66,0.0,0.0,408.7,647.7,476.4,0.0,0.369,0.264,-1,0.87,0.92,9,0.875,0.008,0.717,1.585,-1.0,301.5,0.5,34.873,-4.2,2.52,36.44,2,4.64,1,9.29,33.29,36.44,31.73,419.84,420.32,39.559,36.857,75.12,69.99,299.6,302,84,97.5,7.92,-0.508,0.0,0.0,0.0,0.0,0.5,-1.36,7.36,1.0,0.0,0.16,111115,,,,,,,,,,,,,,,,,,,,,,,,,,,,,,,,,,,,,,,,,,,,,,,,,,,,,,,,,,,,,,,,,,,,,,,,,,,,,,,,,,,,,,,,,,,,,,,,,,,,,,,,,,,,,,,,,,,,,,,,,,,,,,,,,,,,,,,,,,,,
2024-01-25 12:05:00,FLRC,Nit-A,3,Mid,summer,noon,Erin_NitAdt3_Mid_FLRC_2024_01_25,7,630.0,0,0.808,-0.159,411.0,67,67,0.0,0.0,429.4,769.1,506.1,0.0,0.442,0.342,-1,0.87,0.92,9,0.874,0.01,0.774,1.791,-1.0,199.7,0.5,29.854,-4.22,2.42,36.14,2,4.64,1,9.29,33.2,36.14,31.64,420.0,420.64,39.548,36.836,75.48,70.3,299.5,200,83,97.5,7.92,-0.508,0.0,0.0,0.0,0.0,0.8,-1.36,7.36,1.0,0.0,0.16,111115,,,,,,,,,,,,,,,,,,,,,,,,,,,,,,,,,,,,,,,,,,,,,,,,,,,,,,,,,,,,,,,,,,,,,,,,,,,,,,,,,,,,,,,,,,,,,,,,,,,,,,,,,,,,,,,,,,,,,,,,,,,,,,,,,,,,,,,,,,,,
2024-01-25 12:06:00,FLRC,Nit-A,3,Mid,summer,noon,Erin_NitAdt3_Mid_FLRC_2024_01_25,8,700.5,0,0.44,-0.16,408.0,68,68,0.0,0.0,439.9,820.2,519.8,0.0,0.464,0.366,-1,0.87,0.92,8,0.874,0.009,0.79,1.864,-1.0,174.3,0.5,27.911,-4.16,2.36,35.95,2,4.64,1,9.29,33.09,35.95,31.53,419.93,420.8,39.484,36.811,75.83,70.7,299.6,174,84,97.5,7.92,-0.508,0.0,0.0,0.0,0.0,0.5,-1.36,7.36,1.0,0.0,0.16,111115,,,,,,,,,,,,,,,,,,,,,,,,,,,,,,,,,,,,,,,,,,,,,,,,,,,,,,,,,,,,,,,,,,,,,,,,,,,,,,,,,,,,,,,,,,,,,,,,,,,,,,,,,,,,,,,,,,,,,,,,,,,,,,,,,,,,,,,,,,,,
2024-01-25 12:07:00,FLRC,Nit-A,3,Mid,summer,noon,Erin_NitAdt3_Mid_FLRC_2024_01_25,9,770.5,0,0.685,-0.166,410.0,69,69,0.0,0.0,454.8,912.2,546.9,0.0,0.501,0.4,-1,0.87,0.92,10,0.875,0.013,0.799,2.006,-1.0,148.7,0.5,26.053,-4.27,2.34,35.85,2,4.64,1,9.29,33.04,35.85,31.5,419.96,420.7,39.458,36.712,75.97,70.68,299.6,149,86,97.5,7.92,-0.508,0.0,0.0,0.0,0.0,0.8,-1.36,7.36,1.0,0.0,0.16,111115,,,,,,,,,,,,,,,,,,,,,,,,,,,,,,,,,,,,,,,,,,,,,,,,,,,,,,,,,,,,,,,,,,,,,,,,,,,,,,,,,,,,,,,,,,,,,,,,,,,,,,,,,,,,,,,,,,,,,,,,,,,,,,,,,,,,,,,,,,,,
2024-01-25 12:08:00,FLRC,Nit-A,3,Mid,summer,noon,Erin_NitAdt3_Mid_FLRC_2024_01_25,10,840.5,0,0.399,-0.162,408.0,70,70,0.0,0.0,478.0,1021.2,579.6,0.0,0.532,0.432,-1,0.87,0.92,10,0.875,0.013,0.813,2.136,-1.0,123.6,0.5,23.378,-4.08,2.3,35.75,2,4.64,1,9.29,32.98,35.75,31.44,420.03,420.91,39.42,36.796,76.16,71.09,299.6,124,96,97.5,7.92,-0.508,0.0,0.0,0.0,0.0,0.8,-1.36,7.36,1.0,0.0,0.16,111115,,,,,,,,,,,,,,,,,,,,,,,,,,,,,,,,,,,,,,,,,,,,,,,,,,,,,,,,,,,,,,,,,,,,,,,,,,,,,,,,,,,,,,,,,,,,,,,,,,,,,,,,,,,,,,,,,,,,,,,,,,,,,,,,,,,,,,,,,,,,
2024-01-25 12:09:00,FLRC,Nit-A,3,Mid,summer,noon,Erin_NitAdt3_Mid_FLRC_2024_01_25,11,910.5,0,0.022,-0.166,405.0,71,71,0.0,0.0,498.4,1150.8,616.4,0.0,0.567,0.464,-1,0.87,0.92,9,0.875,0.012,0.819,2.309,-1.0,98.6,0.5,20.025,-4.14,2.28,35.66,2,4.64,1,9.29,32.93,35.66,31.39,419.74,420.89,39.386,36.723,76.33,71.17,299.7,99,108,97.5,7.92,-0.508,0.0,0.0,0.0,0.0,0.5,-1.36,7.36,1.0,0.0,0.16,111115,,,,,,,,,,,,,,,,,,,,,,,,,,,,,,,,,,,,,,,,,,,,,,,,,,,,,,,,,,,,,,,,,,,,,,,,,,,,,,,,,,,,,,,,,,,,,,,,,,,,,,,,,,,,,,,,,,,,,,,,,,,,,,,,,,,,,,,,,,,,
2023-09-13 15:51:00,FLRC,Nit-A,3,Old,spring,afternoon,Erin_NitAdt3_Old_FLRC_2023_09_13,1,265.5,0,10.1,0.0789,199.0,97,97,0.0,0.0,477.9,834.4,724.8,0.0,0.427,0.131,-1,0.87,0.92,10,0.875,0.008,0.308,1.746,-1.0,1501.5,0.5,86.301,1.43,1.73,26.16,2,4.64,1,9.29,24.76,26.16,25.0,420.1,414.75,16.541,17.242,51.38,53.55,399.7,1502,1202,97.36,5.83,-0.712,0.0428,0.0208,0.0362,0.0206,0.5,-1.36,7.36,1.0,0.0,0.16,111115,,,,,,,,,,,,,,,,,,,,,,,,,,,,,,,,,,,,,,,,,,,,,,,,,,,,,,,,,,,,,,,,,,,,,,,,,,,,,,,,,,,,,,,,,,,,,,,,,,,,,,,,,,,,,,,,,,,,,,,,,,,,,,,,,,,,,,,,,,,,
2023-09-13 15:54:00,FLRC,Nit-A,3,Old,spring,afternoon,Erin_NitAdt3_Old_FLRC_2023_09_13,2,395.5,0,9.75,0.0731,192.0,98,98,0.0,0.0,474.2,845.2,669.1,0.0,0.439,0.208,-1,0.87,0.92,10,0.875,0.012,0.475,1.782,-1.0,1001.1,0.5,91.253,1.21,1.58,25.41,2,4.64,1,9.29,24.79,25.41,25.0,419.86,414.73,16.637,17.231,51.59,53.43,399.7,1001,1184,97.36,5.83,-0.712,0.0428,0.0208,0.0362,0.0206,0.5,-1.36,7.36,1.0,0.0,0.16,111115,,,,,,,,,,,,,,,,,,,,,,,,,,,,,,,,,,,,,,,,,,,,,,,,,,,,,,,,,,,,,,,,,,,,,,,,,,,,,,,,,,,,,,,,,,,,,,,,,,,,,,,,,,,,,,,,,,,,,,,,,,,,,,,,,,,,,,,,,,,,
2023-09-13 15:55:00,FLRC,Nit-A,3,Old,spring,afternoon,Erin_NitAdt3_Old_FLRC_2023_09_13,3,467.5,0,8.14,0.0805,244.0,99,99,0.0,0.0,491.4,969.0,663.4,0.0,0.493,0.315,-1,0.87,0.92,10,0.875,0.017,0.64,1.972,-1.0,599.2,0.5,82.658,1.25,1.48,24.74,2,4.64,1,9.29,24.8,24.74,25.0,419.77,415.44,16.304,16.918,50.53,52.43,399.6,599,1176,97.36,5.83,-0.712,0.0428,0.0208,0.0362,0.0206,1.0,-1.36,7.36,1.0,0.0,0.16,111115,,,,,,,,,,,,,,,,,,,,,,,,,,,,,,,,,,,,,,,,,,,,,,,,,,,,,,,,,,,,,,,,,,,,,,,,,,,,,,,,,,,,,,,,,,,,,,,,,,,,,,,,,,,,,,,,,,,,,,,,,,,,,,,,,,,,,,,,,,,,
2023-09-13 15:57:00,FLRC,Nit-A,3,Old,spring,afternoon,Erin_NitAdt3_Old_FLRC_2023_09_13,4,598.0,0,9.48,0.0753,205.0,100,100,0.0,0.0,501.1,1063.8,669.4,0.0,0.529,0.371,-1,0.87,0.92,10,0.875,0.024,0.701,2.123,-1.0,499.0,0.5,80.925,1.18,1.5,24.56,2,4.64,1,9.29,24.83,24.56,25.0,420.69,415.7,15.862,16.441,49.07,50.86,399.6,499,1161,97.37,5.83,-0.712,0.0428,0.0208,0.0362,0.0206,0.5,-1.36,7.36,1.0,0.0,0.16,111115,,,,,,,,,,,,,,,,,,,,,,,,,,,,,,,,,,,,,,,,,,,,,,,,,,,,,,,,,,,,,,,,,,,,,,,,,,,,,,,,,,,,,,,,,,,,,,,,,,,,,,,,,,,,,,,,,,,,,,,,,,,,,,,,,,,,,,,,,,,,
2023-09-13 15:59:00,FLRC,Nit-A,3,Old,spring,afternoon,Erin_NitAdt3_Old_FLRC_2023_09_13,5,728.0,0,7.51,0.0715,238.0,101,101,0.0,0.0,508.2,1133.9,675.8,0.0,0.552,0.404,-1,0.87,0.92,10,0.875,0.022,0.732,2.231,-1.0,448.4,0.5,79.244,1.14,1.52,24.45,2,4.64,1,9.29,24.82,24.45,25.0,419.62,415.63,15.414,15.973,47.7,49.43,399.8,448,1150,97.37,5.83,-0.712,0.0428,0.0208,0.0362,0.0206,0.8,-1.36,7.36,1.0,0.0,0.16,111115,,,,,,,,,,,,,,,,,,,,,,,,,,,,,,,,,,,,,,,,,,,,,,,,,,,,,,,,,,,,,,,,,,,,,,,,,,,,,,,,,,,,,,,,,,,,,,,,,,,,,,,,,,,,,,,,,,,,,,,,,,,,,,,,,,,,,,,,,,,,
2023-09-13 16:01:00,FLRC,Nit-A,3,Old,spring,afternoon,Erin_NitAdt3_Old_FLRC_2023_09_13,6,858.5,0,7.4,0.0644,223.0,102,102,0.0,0.0,557.2,1525.6,768.9,0.0,0.635,0.496,-1,0.87,0.92,10,0.875,0.032,0.781,2.738,-1.0,301.9,0.5,65.502,1.03,1.53,24.29,2,4.64,1,9.29,24.86,24.29,25.0,420.03,416.11,15.082,15.588,46.57,48.14,399.6,302,1132,97.37,5.83,-0.712,0.0428,0.0208,0.0362,0.0206,0.8,-1.36,7.36,1.0,0.0,0.16,111115,,,,,,,,,,,,,,,,,,,,,,,,,,,,,,,,,,,,,,,,,,,,,,,,,,,,,,,,,,,,,,,,,,,,,,,,,,,,,,,,,,,,,,,,,,,,,,,,,,,,,,,,,,,,,,,,,,,,,,,,,,,,,,,,,,,,,,,,,,,,
2023-09-13 16:03:00,FLRC,Nit-A,3,Old,spring,afternoon,Erin_NitAdt3_Old_FLRC_2023_09_13,7,988.5,0,5.76,0.0576,248.0,103,103,0.0,0.0,607.4,1980.2,852.9,0.0,0.693,0.569,-1,0.87,0.92,9,0.875,0.039,0.821,3.26,-1.0,200.4,0.5,49.895,0.884,1.47,23.97,2,4.64,1,9.29,24.78,23.97,25.0,420.02,416.95,15.187,15.623,47.12,48.47,399.7,200,1120,97.37,5.83,-0.712,0.0428,0.0208,0.0362,0.0206,0.5,-1.36,7.36,1.0,0.0,0.16,111115,,,,,,,,,,,,,,,,,,,,,,,,,,,,,,,,,,,,,,,,,,,,,,,,,,,,,,,,,,,,,,,,,,,,,,,,,,,,,,,,,,,,,,,,,,,,,,,,,,,,,,,,,,,,,,,,,,,,,,,,,,,,,,,,,,,,,,,,,,,,
2023-09-13 16:06:00,FLRC,Nit-A,3,Old,spring,afternoon,Erin_NitAdt3_Old_FLRC_2023_09_13,8,1119.0,0,4.82,0.0595,278.0,104,104,0.0,0.0,616.2,2107.9,846.9,0.0,0.708,0.598,-1,0.87,0.92,9,0.875,0.038,0.845,3.421,-1.0,173.9,0.5,45.483,0.907,1.46,23.79,2,4.64,1,9.29,24.73,23.79,25.0,419.82,417.22,14.926,15.372,46.45,47.84,399.6,174,1111,97.37,5.83,-0.712,0.0428,0.0208,0.0362,0.0206,0.5,-1.36,7.36,1.0,0.0,0.16,111115,,,,,,,,,,,,,,,,,,,,,,,,,,,,,,,,,,,,,,,,,,,,,,,,,,,,,,,,,,,,,,,,,,,,,,,,,,,,,,,,,,,,,,,,,,,,,,,,,,,,,,,,,,,,,,,,,,,,,,,,,,,,,,,,,,,,,,,,,,,,
2023-09-13 16:08:00,FLRC,Nit-A,3,Old,spring,afternoon,Erin_NitAdt3_Old_FLRC_2023_09_13,9,1249.0,0,4.82,0.0563,271.0,105,105,0.0,0.0,624.4,2208.1,841.4,0.0,0.717,0.619,-1,0.87,0.92,10,0.875,0.044,0.863,3.536,-1.0,151.3,0.5,40.974,0.854,1.45,23.77,2,4.64,1,9.29,24.74,23.77,25.0,419.91,417.32,15.006,15.426,46.68,47.99,399.8,151,1093,97.37,5.83,-0.712,0.0428,0.0208,0.0362,0.0206,0.2,-1.36,7.36,1.0,0.0,0.16,111115,,,,,,,,,,,,,,,,,,,,,,,,,,,,,,,,,,,,,,,,,,,,,,,,,,,,,,,,,,,,,,,,,,,,,,,,,,,,,,,,,,,,,,,,,,,,,,,,,,,,,,,,,,,,,,,,,,,,,,,,,,,,,,,,,,,,,,,,,,,,
2023-09-13 16:10:00,FLRC,Nit-A,3,Old,spring,afternoon,Erin_NitAdt3_Old_FLRC_2023_09_13,10,1379.0,0,3.98,0.0522,287.0,106,106,0.0,0.0,632.8,2291.0,830.7,0.0,0.724,0.637,-1,0.87,0.92,10,0.875,0.045,0.881,3.621,-1.0,125.3,0.5,34.937,0.809,1.48,23.7,2,4.64,1,9.29,24.75,23.7,25.0,419.98,417.82,14.582,14.98,45.32,46.56,400.0,125,1075,97.36,5.83,-0.712,0.0428,0.0208,0.0362,0.0206,0.5,-1.36,7.36,1.0,0.0,0.16,111115,,,,,,,,,,,,,,,,,,,,,,,,,,,,,,,,,,,,,,,,,,,,,,,,,,,,,,,,,,,,,,,,,,,,,,,,,,,,,,,,,,,,,,,,,,,,,,,,,,,,,,,,,,,,,,,,,,,,,,,,,,,,,,,,,,,,,,,,,,,,
2023-11-21 10:56:00,FLRC,Nit-A,3,Old,spring,morning,Erin_NitAdt3_Old_FLRC_2023_11_21,1,222.0,0,7.91,0.133,309.0,21,21,0.0,0.0,543.5,1002.3,936.4,0.0,0.458,0.066,-1,0.87,0.92,10,0.875,0.007,0.144,1.844,-1.0,1501.8,0.5,43.214,2.06,1.5,24.19,2,4.64,1,9.29,24.28,24.19,25.02,420.16,414.31,14.358,15.713,45.85,50.18,299.7,1502,224,97.26,6.31,-0.647,0.0649,0.0269,0.0655,0.0264,0.5,-1.36,7.36,1.0,0.0,0.16,111115,,,,,,,,,,,,,,,,,,,,,,,,,,,,,,,,,,,,,,,,,,,,,,,,,,,,,,,,,,,,,,,,,,,,,,,,,,,,,,,,,,,,,,,,,,,,,,,,,,,,,,,,,,,,,,,,,,,,,,,,,,,,,,,,,,,,,,,,,,,,
2023-11-21 10:59:00,FLRC,Nit-A,3,Old,spring,morning,Erin_NitAdt3_Old_FLRC_2023_11_21,2,352.5,0,6.23,0.0637,249.0,22,22,0.0,0.0,546.1,1009.6,902.5,0.0,0.459,0.106,-1,0.87,0.92,10,0.875,0.008,0.231,1.849,-1.0,1000.7,0.5,46.454,1.01,1.52,23.95,2,4.64,1,9.29,24.24,23.95,25.02,419.23,414.79,14.371,15.038,45.99,48.12,299.8,1001,255,97.24,6.31,-0.647,0.0649,0.0269,0.0655,0.0264,0.2,-1.36,7.36,1.0,0.0,0.16,111115,,,,,,,,,,,,,,,,,,,,,,,,,,,,,,,,,,,,,,,,,,,,,,,,,,,,,,,,,,,,,,,,,,,,,,,,,,,,,,,,,,,,,,,,,,,,,,,,,,,,,,,,,,,,,,,,,,,,,,,,,,,,,,,,,,,,,,,,,,,,
2023-11-21 11:01:00,FLRC,Nit-A,3,Old,spring,morning,Erin_NitAdt3_Old_FLRC_2023_11_21,3,482.5,0,6.7,0.0483,186.0,23,23,0.0,0.0,546.9,1047.0,868.3,0.0,0.478,0.171,-1,0.87,0.92,10,0.875,0.015,0.357,1.914,-1.0,597.8,0.5,44.633,0.725,1.44,23.35,2,4.64,1,9.29,24.19,23.35,25.02,420.76,416.08,14.373,14.85,46.14,47.67,299.6,598,189,97.27,6.31,-0.647,0.0649,0.0269,0.0655,0.0264,0.5,-1.36,7.36,1.0,0.0,0.16,111115,,,,,,,,,,,,,,,,,,,,,,,,,,,,,,,,,,,,,,,,,,,,,,,,,,,,,,,,,,,,,,,,,,,,,,,,,,,,,,,,,,,,,,,,,,,,,,,,,,,,,,,,,,,,,,,,,,,,,,,,,,,,,,,,,,,,,,,,,,,,
2023-11-21 11:03:00,FLRC,Nit-A,3,Old,spring,morning,Erin_NitAdt3_Old_FLRC_2023_11_21,4,613.0,0,5.1,0.0403,205.0,24,24,0.0,0.0,547.6,1063.7,851.4,0.0,0.485,0.2,-1,0.87,0.92,10,0.875,0.014,0.411,1.942,-1.0,502.0,0.5,43.822,0.594,1.41,23.17,2,4.64,1,9.29,24.18,23.17,25.02,419.62,416.06,14.423,14.813,46.33,47.58,299.7,502,208,97.26,6.31,-0.647,0.0649,0.0269,0.0655,0.0264,0.5,-1.36,7.36,1.0,0.0,0.16,111115,,,,,,,,,,,,,,,,,,,,,,,,,,,,,,,,,,,,,,,,,,,,,,,,,,,,,,,,,,,,,,,,,,,,,,,,,,,,,,,,,,,,,,,,,,,,,,,,,,,,,,,,,,,,,,,,,,,,,,,,,,,,,,,,,,,,,,,,,,,,
2023-11-21 11:05:00,FLRC,Nit-A,3,Old,spring,morning,Erin_NitAdt3_Old_FLRC_2023_11_21,5,743.0,0,4.48,0.0381,220.0,25,25,0.0,0.0,547.2,1076.6,838.9,0.0,0.492,0.221,-1,0.87,0.92,10,0.875,0.014,0.449,1.967,-1.0,450.8,0.5,43.54,0.562,1.41,23.18,2,4.64,1,9.29,24.21,23.18,25.02,419.39,416.25,14.446,14.816,46.34,47.53,299.7,451,206,97.27,6.31,-0.647,0.0649,0.0269,0.0655,0.0264,0.5,-1.36,7.36,1.0,0.0,0.16,111115,,,,,,,,,,,,,,,,,,,,,,,,,,,,,,,,,,,,,,,,,,,,,,,,,,,,,,,,,,,,,,,,,,,,,,,,,,,,,,,,,,,,,,,,,,,,,,,,,,,,,,,,,,,,,,,,,,,,,,,,,,,,,,,,,,,,,,,,,,,,
2023-11-21 11:07:00,FLRC,Nit-A,3,Old,spring,morning,Erin_NitAdt3_Old_FLRC_2023_11_21,6,873.5,0,5.57,0.0313,125.0,26,26,0.0,0.0,554.1,1135.2,805.2,0.0,0.512,0.291,-1,0.87,0.92,10,0.875,0.025,0.568,2.049,-1.0,300.0,0.5,38.156,0.443,1.35,22.85,2,4.64,1,9.29,24.18,22.85,25.02,420.72,416.87,14.547,14.839,46.74,47.67,299.7,300,216,97.27,6.31,-0.647,0.0649,0.0269,0.0655,0.0264,0.5,-1.36,7.36,1.0,0.0,0.16,111115,,,,,,,,,,,,,,,,,,,,,,,,,,,,,,,,,,,,,,,,,,,,,,,,,,,,,,,,,,,,,,,,,,,,,,,,,,,,,,,,,,,,,,,,,,,,,,,,,,,,,,,,,,,,,,,,,,,,,,,,,,,,,,,,,,,,,,,,,,,,
2023-11-21 11:09:00,FLRC,Nit-A,3,Old,spring,morning,Erin_NitAdt3_Old_FLRC_2023_11_21,7,1003.5,0,3.5,0.0272,204.0,27,27,0.0,0.0,565.5,1233.9,771.2,0.0,0.542,0.375,-1,0.87,0.92,9,0.875,0.026,0.692,2.182,-1.0,198.3,0.5,32.513,0.38,1.33,22.76,2,4.64,1,9.29,24.2,22.76,25.02,420.21,417.76,14.605,14.855,46.87,47.67,299.7,198,217,97.27,6.31,-0.647,0.0649,0.0269,0.0655,0.0264,0.8,-1.36,7.36,1.0,0.0,0.16,111115,,,,,,,,,,,,,,,,,,,,,,,,,,,,,,,,,,,,,,,,,,,,,,,,,,,,,,,,,,,,,,,,,,,,,,,,,,,,,,,,,,,,,,,,,,,,,,,,,,,,,,,,,,,,,,,,,,,,,,,,,,,,,,,,,,,,,,,,,,,,
2023-11-21 11:12:00,FLRC,Nit-A,3,Old,spring,morning,Erin_NitAdt3_Old_FLRC_2023_11_21,8,1134.0,0,3.32,0.0263,208.0,28,28,0.0,0.0,567.5,1280.2,762.5,0.0,0.557,0.404,-1,0.87,0.92,9,0.875,0.028,0.726,2.256,-1.0,175.4,0.5,31.012,0.368,1.34,22.8,2,4.64,1,9.29,24.22,22.8,25.02,419.95,417.63,14.652,14.893,46.96,47.74,299.7,175,262,97.28,6.31,-0.647,0.0649,0.0269,0.0655,0.0264,0.8,-1.36,7.36,1.0,0.0,0.16,111115,,,,,,,,,,,,,,,,,,,,,,,,,,,,,,,,,,,,,,,,,,,,,,,,,,,,,,,,,,,,,,,,,,,,,,,,,,,,,,,,,,,,,,,,,,,,,,,,,,,,,,,,,,,,,,,,,,,,,,,,,,,,,,,,,,,,,,,,,,,,
2023-11-21 11:14:00,FLRC,Nit-A,3,Old,spring,morning,Erin_NitAdt3_Old_FLRC_2023_11_21,9,1264.0,0,4.28,0.0226,108.0,29,29,0.0,0.0,577.7,1355.9,758.2,0.0,0.574,0.441,-1,0.87,0.92,11,0.875,0.04,0.768,2.347,-1.0,148.9,0.5,28.731,0.312,1.32,22.66,2,4.64,1,9.29,24.16,22.66,25.02,420.46,417.52,14.637,14.842,47.09,47.75,299.7,149,212,97.3,6.31,-0.647,0.0649,0.0269,0.0655,0.0264,0.8,-1.36,7.36,1.0,0.0,0.16,111115,,,,,,,,,,,,,,,,,,,,,,,,,,,,,,,,,,,,,,,,,,,,,,,,,,,,,,,,,,,,,,,,,,,,,,,,,,,,,,,,,,,,,,,,,,,,,,,,,,,,,,,,,,,,,,,,,,,,,,,,,,,,,,,,,,,,,,,,,,,,
2023-11-21 11:16:00,FLRC,Nit-A,3,Old,spring,morning,Erin_NitAdt3_Old_FLRC_2023_11_21,10,1394.0,0,2.38,0.0211,230.0,30,30,0.0,0.0,590.2,1457.6,761.8,0.0,0.595,0.477,-1,0.87,0.92,10,0.875,0.031,0.802,2.47,-1.0,123.1,0.5,25.708,0.288,1.3,22.53,2,4.64,1,9.29,24.14,22.53,25.02,419.29,417.62,14.608,14.797,47.06,47.66,299.7,123,261,97.28,6.31,-0.647,0.0649,0.0269,0.0655,0.0264,0.8,-1.36,7.36,1.0,0.0,0.16,111115,,,,,,,,,,,,,,,,,,,,,,,,,,,,,,,,,,,,,,,,,,,,,,,,,,,,,,,,,,,,,,,,,,,,,,,,,,,,,,,,,,,,,,,,,,,,,,,,,,,,,,,,,,,,,,,,,,,,,,,,,,,,,,,,,,,,,,,,,,,,
2023-12-18 09:59:00,FLRC,Nit-A,3,Old,summer,morning,Erin_NitAdt3_Old_FLRC_2023_12_18,1,540.0,0,9.16,0.109,269.0,1,1,0.0,0.0,337.7,528.8,484.5,0.0,0.361,0.084,-1,0.87,0.92,10,0.875,0.008,0.232,1.566,-1.0,1501.4,0.5,54.976,1.98,1.74,27.32,2,4.64,1,9.29,25.48,27.32,25.03,419.34,414.35,18.585,19.554,55.47,58.36,399.7,1501,71,97.67,4.84,-0.547,0.0,0.0,0.0,0.0,0.5,-1.36,7.36,1.0,0.0,0.16,111115,,,,,,,,,,,,,,,,,,,,,,,,,,,,,,,,,,,,,,,,,,,,,,,,,,,,,,,,,,,,,,,,,,,,,,,,,,,,,,,,,,,,,,,,,,,,,,,,,,,,,,,,,,,,,,,,,,,,,,,,,,,,,,,,,,,,,,,,,,,,
2023-12-18 10:02:00,FLRC,Nit-A,3,Old,summer,morning,Erin_NitAdt3_Old_FLRC_2023_12_18,2,670.0,0,9.13,0.0995,257.0,2,2,0.0,0.0,322.7,508.1,430.8,0.0,0.365,0.152,-1,0.87,0.92,10,0.875,0.012,0.417,1.574,-1.0,999.8,0.5,66.5,1.68,1.62,26.69,2,4.64,1,9.29,25.42,26.69,25.02,419.77,414.85,18.533,19.358,55.51,57.99,399.6,1000,73,97.67,4.84,-0.547,0.0,0.0,0.0,0.0,0.5,-1.36,7.36,1.0,0.0,0.16,111115,,,,,,,,,,,,,,,,,,,,,,,,,,,,,,,,,,,,,,,,,,,,,,,,,,,,,,,,,,,,,,,,,,,,,,,,,,,,,,,,,,,,,,,,,,,,,,,,,,,,,,,,,,,,,,,,,,,,,,,,,,,,,,,,,,,,,,,,,,,,
2023-12-18 10:04:00,FLRC,Nit-A,3,Old,summer,morning,Erin_NitAdt3_Old_FLRC_2023_12_18,3,800.0,0,8.36,0.0895,256.0,3,3,0.0,0.0,326.5,560.9,421.2,0.0,0.418,0.249,-1,0.87,0.92,10,0.875,0.018,0.596,1.718,-1.0,599.6,0.5,65.321,1.42,1.52,26.12,2,4.64,1,9.29,25.36,26.12,25.02,420.16,415.68,18.516,19.212,55.68,57.77,399.7,600,72,97.67,4.84,-0.547,0.0,0.0,0.0,0.0,0.5,-1.36,7.36,1.0,0.0,0.16,111115,,,,,,,,,,,,,,,,,,,,,,,,,,,,,,,,,,,,,,,,,,,,,,,,,,,,,,,,,,,,,,,,,,,,,,,,,,,,,,,,,,,,,,,,,,,,,,,,,,,,,,,,,,,,,,,,,,,,,,,,,,,,,,,,,,,,,,,,,,,,
2023-12-18 10:06:00,FLRC,Nit-A,3,Old,summer,morning,Erin_NitAdt3_Old_FLRC_2023_12_18,4,930.5,0,8.06,0.0838,252.0,4,4,0.0,0.0,337.1,603.3,425.7,0.0,0.441,0.294,-1,0.87,0.92,10,0.875,0.021,0.667,1.79,-1.0,499.6,0.5,64.335,1.31,1.49,25.94,2,4.64,1,9.29,25.33,25.94,25.02,419.98,415.68,18.491,19.132,55.7,57.63,399.8,500,73,97.67,4.84,-0.547,0.0,0.0,0.0,0.0,0.8,-1.36,7.36,1.0,0.0,0.16,111115,,,,,,,,,,,,,,,,,,,,,,,,,,,,,,,,,,,,,,,,,,,,,,,,,,,,,,,,,,,,,,,,,,,,,,,,,,,,,,,,,,,,,,,,,,,,,,,,,,,,,,,,,,,,,,,,,,,,,,,,,,,,,,,,,,,,,,,,,,,,
2023-12-18 10:08:00,FLRC,Nit-A,3,Old,summer,morning,Erin_NitAdt3_Old_FLRC_2023_12_18,5,1060.5,0,7.4,0.0789,257.0,5,5,0.0,0.0,340.7,637.9,432.3,0.0,0.466,0.322,-1,0.87,0.92,10,0.875,0.021,0.692,1.872,-1.0,448.9,0.5,63.305,1.22,1.48,25.86,2,4.64,1,9.29,25.32,25.86,25.02,419.88,415.92,18.469,19.069,55.68,57.49,399.6,449,74,97.68,4.84,-0.547,0.0,0.0,0.0,0.0,1.0,-1.36,7.36,1.0,0.0,0.16,111115,,,,,,,,,,,,,,,,,,,,,,,,,,,,,,,,,,,,,,,,,,,,,,,,,,,,,,,,,,,,,,,,,,,,,,,,,,,,,,,,,,,,,,,,,,,,,,,,,,,,,,,,,,,,,,,,,,,,,,,,,,,,,,,,,,,,,,,,,,,,
2023-12-18 10:10:00,FLRC,Nit-A,3,Old,summer,morning,Erin_NitAdt3_Old_FLRC_2023_12_18,6,1191.0,0,6.71,0.0746,263.0,6,6,0.0,0.0,378.1,823.1,485.2,0.0,0.541,0.411,-1,0.87,0.92,10,0.875,0.03,0.759,2.177,-1.0,298.2,0.5,53.565,1.13,1.46,25.71,2,4.64,1,9.29,25.3,25.71,25.02,420.1,416.5,18.471,19.027,55.72,57.4,399.6,298,75,97.68,4.84,-0.547,0.0,0.0,0.0,0.0,0.5,-1.36,7.36,1.0,0.0,0.16,111115,,,,,,,,,,,,,,,,,,,,,,,,,,,,,,,,,,,,,,,,,,,,,,,,,,,,,,,,,,,,,,,,,,,,,,,,,,,,,,,,,,,,,,,,,,,,,,,,,,,,,,,,,,,,,,,,,,,,,,,,,,,,,,,,,,,,,,,,,,,,
2023-12-18 10:12:00,FLRC,Nit-A,3,Old,summer,morning,Erin_NitAdt3_Old_FLRC_2023_12_18,7,1321.0,0,5.99,0.0721,275.0,7,7,0.0,0.0,419.7,1049.3,538.9,0.0,0.6,0.486,-1,0.87,0.92,9,0.875,0.04,0.811,2.5,-1.0,200.9,0.5,42.729,1.08,1.44,25.62,2,4.64,1,9.29,25.31,25.62,25.02,420.42,417.2,18.485,19.017,55.74,57.34,399.7,201,73,97.68,4.84,-0.547,0.0,0.0,0.0,0.0,0.8,-1.36,7.36,1.0,0.0,0.16,111115,,,,,,,,,,,,,,,,,,,,,,,,,,,,,,,,,,,,,,,,,,,,,,,,,,,,,,,,,,,,,,,,,,,,,,,,,,,,,,,,,,,,,,,,,,,,,,,,,,,,,,,,,,,,,,,,,,,,,,,,,,,,,,,,,,,,,,,,,,,,
2023-12-18 10:15:00,FLRC,Nit-A,3,Old,summer,morning,Erin_NitAdt3_Old_FLRC_2023_12_18,8,1451.5,0,5.55,0.0687,279.0,8,8,0.0,0.0,432.2,1151.8,553.4,0.0,0.625,0.52,-1,0.87,0.92,9,0.875,0.043,0.832,2.665,-1.0,174.3,0.5,39.586,1.03,1.43,25.59,2,4.64,1,9.29,25.31,25.59,25.02,420.25,417.26,18.518,19.023,55.86,57.39,399.6,174,72,97.68,4.84,-0.547,0.0,0.0,0.0,0.0,0.5,-1.36,7.36,1.0,0.0,0.16,111115,,,,,,,,,,,,,,,,,,,,,,,,,,,,,,,,,,,,,,,,,,,,,,,,,,,,,,,,,,,,,,,,,,,,,,,,,,,,,,,,,,,,,,,,,,,,,,,,,,,,,,,,,,,,,,,,,,,,,,,,,,,,,,,,,,,,,,,,,,,,
2023-12-18 10:17:00,FLRC,Nit-A,3,Old,summer,morning,Erin_NitAdt3_Old_FLRC_2023_12_18,9,1581.5,0,3.39,0.0665,326.0,9,9,0.0,0.0,446.8,1253.6,567.1,0.0,0.644,0.548,-1,0.87,0.92,10,0.875,0.033,0.851,2.805,-1.0,151.4,0.5,36.274,1.0,1.44,25.64,2,4.64,1,9.29,25.33,25.64,25.02,419.2,417.29,18.567,19.058,55.92,57.4,399.7,151,72,97.68,4.84,-0.547,0.0,0.0,0.0,0.0,0.8,-1.36,7.36,1.0,0.0,0.16,111115,,,,,,,,,,,,,,,,,,,,,,,,,,,,,,,,,,,,,,,,,,,,,,,,,,,,,,,,,,,,,,,,,,,,,,,,,,,,,,,,,,,,,,,,,,,,,,,,,,,,,,,,,,,,,,,,,,,,,,,,,,,,,,,,,,,,,,,,,,,,
2023-12-18 10:19:00,FLRC,Nit-A,3,Old,summer,morning,Erin_NitAdt3_Old_FLRC_2023_12_18,10,1712.0,0,3.95,0.0637,309.0,10,10,0.0,0.0,461.5,1364.3,577.5,0.0,0.662,0.577,-1,0.87,0.92,10,0.875,0.045,0.871,2.956,-1.0,125.5,0.5,31.661,0.96,1.44,25.67,2,4.64,1,9.29,25.35,25.67,25.01,420.03,417.85,18.628,19.099,56.05,57.47,399.6,125,73,97.68,4.84,-0.547,0.0,0.0,0.0,0.0,0.8,-1.36,7.36,1.0,0.0,0.16,111115,,,,,,,,,,,,,,,,,,,,,,,,,,,,,,,,,,,,,,,,,,,,,,,,,,,,,,,,,,,,,,,,,,,,,,,,,,,,,,,,,,,,,,,,,,,,,,,,,,,,,,,,,,,,,,,,,,,,,,,,,,,,,,,,,,,,,,,,,,,,
2024-01-25 11:42:00,FLRC,Nit-A,3,Old,summer,morning,Erin_NitAdt3_Old_FLRC_2024_01_25,1,113.5,0,3.88,-0.0226,577.0,51,51,0.0,0.0,449.3,621.4,592.2,0.0,0.277,0.047,-1,0.87,0.92,10,0.875,0.004,0.17,1.383,-1.0,1501.2,0.5,30.86,-3.28,12.6,55.94,2,4.64,1,9.29,37.64,55.94,36.28,419.95,418.28,42.833,40.735,63.96,60.82,299.7,1501,87,97.5,7.92,-0.508,0.0,0.0,0.0,0.0,0.5,-1.36,7.36,1.0,0.0,0.16,111115,,,,,,,,,,,,,,,,,,,,,,,,,,,,,,,,,,,,,,,,,,,,,,,,,,,,,,,,,,,,,,,,,,,,,,,,,,,,,,,,,,,,,,,,,,,,,,,,,,,,,,,,,,,,,,,,,,,,,,,,,,,,,,,,,,,,,,,,,,,,
2024-01-25 11:43:00,FLRC,Nit-A,3,Old,summer,morning,Erin_NitAdt3_Old_FLRC_2024_01_25,2,183.5,0,2.32,-0.0474,447.0,52,52,0.0,0.0,444.9,621.4,574.4,0.0,0.284,0.076,-1,0.87,0.92,10,0.875,0.004,0.267,1.397,-1.0,999.8,0.5,33.135,-3.45,6.54,46.63,2,4.64,1,9.29,37.1,46.63,35.72,419.64,419.06,42.595,40.385,65.5,62.1,299.7,1000,86,97.5,7.92,-0.508,0.0,0.0,0.0,0.0,0.2,-1.36,7.36,1.0,0.0,0.16,111115,,,,,,,,,,,,,,,,,,,,,,,,,,,,,,,,,,,,,,,,,,,,,,,,,,,,,,,,,,,,,,,,,,,,,,,,,,,,,,,,,,,,,,,,,,,,,,,,,,,,,,,,,,,,,,,,,,,,,,,,,,,,,,,,,,,,,,,,,,,,
2024-01-25 11:45:00,FLRC,Nit-A,3,Old,summer,morning,Erin_NitAdt3_Old_FLRC_2024_01_25,3,254.0,0,3.77,-0.0989,454.0,53,53,0.0,0.0,441.7,638.2,557.6,0.0,0.308,0.126,-1,0.87,0.92,9,0.875,0.009,0.41,1.445,-1.0,601.8,0.5,33.24,-3.57,3.28,39.43,2,4.64,1,9.29,36.68,39.43,35.28,419.99,418.47,42.367,40.08,66.66,63.06,299.7,602,85,97.5,7.92,-0.508,0.0,0.0,0.0,0.0,0.5,-1.36,7.36,1.0,0.0,0.16,111115,,,,,,,,,,,,,,,,,,,,,,,,,,,,,,,,,,,,,,,,,,,,,,,,,,,,,,,,,,,,,,,,,,,,,,,,,,,,,,,,,,,,,,,,,,,,,,,,,,,,,,,,,,,,,,,,,,,,,,,,,,,,,,,,,,,,,,,,,,,,
2024-01-25 11:46:00,FLRC,Nit-A,3,Old,summer,morning,Erin_NitAdt3_Old_FLRC_2024_01_25,4,324.0,0,3.5,-0.114,444.0,54,54,0.0,0.0,444.2,649.4,551.0,0.0,0.316,0.152,-1,0.87,0.92,9,0.875,0.01,0.48,1.462,-1.0,501.3,0.5,33.22,-3.97,3.15,38.97,2,4.64,1,9.29,36.31,38.97,34.9,420.01,418.78,42.158,39.615,67.71,63.62,299.6,501,84,97.5,7.92,-0.508,0.0,0.0,0.0,0.0,0.2,-1.36,7.36,1.0,0.0,0.16,111115,,,,,,,,,,,,,,,,,,,,,,,,,,,,,,,,,,,,,,,,,,,,,,,,,,,,,,,,,,,,,,,,,,,,,,,,,,,,,,,,,,,,,,,,,,,,,,,,,,,,,,,,,,,,,,,,,,,,,,,,,,,,,,,,,,,,,,,,,,,,
2024-01-25 11:47:00,FLRC,Nit-A,3,Old,summer,morning,Erin_NitAdt3_Old_FLRC_2024_01_25,5,394.0,0,3.62,-0.125,442.0,55,55,0.0,0.0,441.8,656.1,546.5,0.0,0.327,0.167,-1,0.87,0.92,9,0.875,0.012,0.511,1.485,-1.0,448.4,0.5,32.751,-4.19,3.05,38.6,2,4.64,1,9.29,35.95,38.6,34.54,420.11,418.87,41.969,39.279,68.76,64.35,299.6,448,84,97.5,7.92,-0.508,0.0,0.0,0.0,0.0,0.5,-1.36,7.36,1.0,0.0,0.16,111115,,,,,,,,,,,,,,,,,,,,,,,,,,,,,,,,,,,,,,,,,,,,,,,,,,,,,,,,,,,,,,,,,,,,,,,,,,,,,,,,,,,,,,,,,,,,,,,,,,,,,,,,,,,,,,,,,,,,,,,,,,,,,,,,,,,,,,,,,,,,
2024-01-25 11:48:00,FLRC,Nit-A,3,Old,summer,morning,Erin_NitAdt3_Old_FLRC_2024_01_25,6,464.0,0,2.38,-0.131,427.0,56,56,0.0,0.0,445.9,700.3,539.4,0.0,0.363,0.23,-1,0.87,0.92,10,0.875,0.013,0.632,1.571,-1.0,298.7,0.5,30.013,-4.17,2.9,38.15,2,4.64,1,9.29,35.63,38.15,34.21,419.89,419.47,41.774,39.101,69.65,65.2,299.6,299,84,97.5,7.92,-0.508,0.0,0.0,0.0,0.0,0.5,-1.36,7.36,1.0,0.0,0.16,111115,,,,,,,,,,,,,,,,,,,,,,,,,,,,,,,,,,,,,,,,,,,,,,,,,,,,,,,,,,,,,,,,,,,,,,,,,,,,,,,,,,,,,,,,,,,,,,,,,,,,,,,,,,,,,,,,,,,,,,,,,,,,,,,,,,,,,,,,,,,,
2024-01-25 11:49:00,FLRC,Nit-A,3,Old,summer,morning,Erin_NitAdt3_Old_FLRC_2024_01_25,7,534.5,0,2.56,-0.0567,440.0,57,57,0.0,0.0,457.5,782.6,547.7,0.0,0.415,0.3,-1,0.87,0.92,9,0.874,0.02,0.722,1.711,-1.0,200.6,0.5,26.316,-4.24,6.71,46.67,2,4.64,1,9.29,35.26,46.67,33.84,419.98,419.46,41.61,38.891,70.79,66.16,299.6,201,84,97.5,7.92,-0.508,0.0,0.0,0.0,0.0,0.5,-1.36,7.36,1.0,0.0,0.16,111115,,,,,,,,,,,,,,,,,,,,,,,,,,,,,,,,,,,,,,,,,,,,,,,,,,,,,,,,,,,,,,,,,,,,,,,,,,,,,,,,,,,,,,,,,,,,,,,,,,,,,,,,,,,,,,,,,,,,,,,,,,,,,,,,,,,,,,,,,,,,
2024-01-25 11:50:00,FLRC,Nit-A,3,Old,summer,morning,Erin_NitAdt3_Old_FLRC_2024_01_25,8,604.5,0,1.9,-0.147,421.0,58,58,0.0,0.0,461.3,813.0,552.2,0.0,0.433,0.321,-1,0.87,0.92,8,0.874,0.019,0.741,1.763,-1.0,174.9,0.5,24.521,-4.27,2.64,37.3,2,4.64,1,9.29,34.91,37.3,33.48,420.08,420.0,41.394,38.653,71.81,67.06,299.7,175,83,97.5,7.92,-0.508,0.0,0.0,0.0,0.0,0.2,-1.36,7.36,1.0,0.0,0.16,111115,,,,,,,,,,,,,,,,,,,,,,,,,,,,,,,,,,,,,,,,,,,,,,,,,,,,,,,,,,,,,,,,,,,,,,,,,,,,,,,,,,,,,,,,,,,,,,,,,,,,,,,,,,,,,,,,,,,,,,,,,,,,,,,,,,,,,,,,,,,,
2024-01-25 11:52:00,FLRC,Nit-A,3,Old,summer,morning,Erin_NitAdt3_Old_FLRC_2024_01_25,9,674.5,0,2.16,-0.159,422.0,59,59,0.0,0.0,471.2,871.5,567.5,0.0,0.459,0.349,-1,0.87,0.92,10,0.875,0.024,0.76,1.849,-1.0,149.6,0.5,22.832,-4.5,2.57,36.99,2,4.64,1,9.29,34.61,36.99,33.18,419.98,419.8,41.189,38.301,72.65,67.56,299.7,150,84,97.5,7.92,-0.508,0.0,0.0,0.0,0.0,0.8,-1.36,7.36,1.0,0.0,0.16,111115,,,,,,,,,,,,,,,,,,,,,,,,,,,,,,,,,,,,,,,,,,,,,,,,,,,,,,,,,,,,,,,,,,,,,,,,,,,,,,,,,,,,,,,,,,,,,,,,,,,,,,,,,,,,,,,,,,,,,,,,,,,,,,,,,,,,,,,,,,,,
2024-01-25 11:53:00,FLRC,Nit-A,3,Old,summer,morning,Erin_NitAdt3_Old_FLRC_2024_01_25,10,744.5,0,1.65,-0.168,418.0,60,60,0.0,0.0,490.8,965.8,595.1,0.0,0.492,0.384,-1,0.87,0.92,10,0.875,0.024,0.78,1.968,-1.0,124.4,0.5,20.876,-4.59,2.49,36.69,2,4.64,1,9.29,34.32,36.69,32.89,420.03,420.22,41.019,38.07,73.5,68.22,299.6,124,83,97.49,7.92,-0.508,0.0,0.0,0.0,0.0,0.5,-1.36,7.36,1.0,0.0,0.16,111115,,,,,,,,,,,,,,,,,,,,,,,,,,,,,,,,,,,,,,,,,,,,,,,,,,,,,,,,,,,,,,,,,,,,,,,,,,,,,,,,,,,,,,,,,,,,,,,,,,,,,,,,,,,,,,,,,,,,,,,,,,,,,,,,,,,,,,,,,,,,
2023-09-13 15:03:00,FLRC,Nit-A,3,Yng,spring,afternoon,Erin_NitAdt3_Yng_FLRC_2023_09_13,1,464.5,0,12.2,0.096,199.0,77,77,0.0,0.0,430.9,740.1,637.3,0.0,0.418,0.139,-1,0.87,0.92,10,0.875,0.01,0.333,1.718,-1.0,1499.9,0.5,91.19,1.77,1.76,27.21,2,4.64,1,9.29,25.17,27.21,25.0,420.01,413.54,18.256,19.123,55.32,57.94,400.5,1500,1370,97.33,5.83,-0.712,0.0428,0.0208,0.0362,0.0206,0.5,-1.36,7.36,1.0,0.0,0.16,111115,,,,,,,,,,,,,,,,,,,,,,,,,,,,,,,,,,,,,,,,,,,,,,,,,,,,,,,,,,,,,,,,,,,,,,,,,,,,,,,,,,,,,,,,,,,,,,,,,,,,,,,,,,,,,,,,,,,,,,,,,,,,,,,,,,,,,,,,,,,,
2023-09-13 15:05:00,FLRC,Nit-A,3,Yng,spring,afternoon,Erin_NitAdt3_Yng_FLRC_2023_09_13,2,596.0,0,11.7,0.0905,197.0,78,78,0.0,0.0,417.8,738.4,557.1,0.0,0.434,0.246,-1,0.87,0.92,10,0.875,0.015,0.566,1.767,-1.0,999.9,0.5,107.406,1.49,1.57,26.31,2,4.64,1,9.29,25.09,26.31,25.0,419.71,413.55,18.426,19.157,56.1,58.33,399.7,1000,1360,97.31,5.83,-0.712,0.0428,0.0208,0.0362,0.0206,0.5,-1.36,7.36,1.0,0.0,0.16,111115,,,,,,,,,,,,,,,,,,,,,,,,,,,,,,,,,,,,,,,,,,,,,,,,,,,,,,,,,,,,,,,,,,,,,,,,,,,,,,,,,,,,,,,,,,,,,,,,,,,,,,,,,,,,,,,,,,,,,,,,,,,,,,,,,,,,,,,,,,,,
2023-09-13 15:07:00,FLRC,Nit-A,3,Yng,spring,afternoon,Erin_NitAdt3_Yng_FLRC_2023_09_13,3,726.0,0,12.2,0.0814,166.0,79,79,0.0,0.0,445.3,931.0,577.8,0.0,0.522,0.379,-1,0.87,0.92,10,0.875,0.025,0.727,2.091,-1.0,600.6,0.5,99.677,1.18,1.38,25.5,2,4.64,1,9.29,25.07,25.5,25.0,420.8,414.45,18.871,19.449,57.53,59.29,399.5,601,1346,97.33,5.83,-0.712,0.0428,0.0208,0.0362,0.0206,0.5,-1.36,7.36,1.0,0.0,0.16,111115,,,,,,,,,,,,,,,,,,,,,,,,,,,,,,,,,,,,,,,,,,,,,,,,,,,,,,,,,,,,,,,,,,,,,,,,,,,,,,,,,,,,,,,,,,,,,,,,,,,,,,,,,,,,,,,,,,,,,,,,,,,,,,,,,,,,,,,,,,,,
2023-09-13 15:09:00,FLRC,Nit-A,3,Yng,spring,afternoon,Erin_NitAdt3_Yng_FLRC_2023_09_13,4,856.5,0,11.0,0.0872,203.0,80,80,0.0,0.0,473.8,1119.0,626.7,0.0,0.577,0.44,-1,0.87,0.92,10,0.875,0.027,0.763,2.362,-1.0,500.7,0.5,96.346,1.25,1.37,25.43,2,4.64,1,9.29,25.13,25.43,25.0,419.81,414.04,18.862,19.473,57.3,59.16,399.7,501,1338,97.34,5.83,-0.712,0.0428,0.0208,0.0362,0.0206,0.5,-1.36,7.36,1.0,0.0,0.16,111115,,,,,,,,,,,,,,,,,,,,,,,,,,,,,,,,,,,,,,,,,,,,,,,,,,,,,,,,,,,,,,,,,,,,,,,,,,,,,,,,,,,,,,,,,,,,,,,,,,,,,,,,,,,,,,,,,,,,,,,,,,,,,,,,,,,,,,,,,,,,
2023-09-13 15:12:00,FLRC,Nit-A,3,Yng,spring,afternoon,Erin_NitAdt3_Yng_FLRC_2023_09_13,5,986.5,0,10.7,0.0851,205.0,81,81,0.0,0.0,493.1,1265.2,665.3,0.0,0.61,0.474,-1,0.87,0.92,10,0.875,0.03,0.777,2.566,-1.0,450.4,0.5,93.409,1.21,1.36,25.34,2,4.64,1,9.29,25.11,25.34,25.0,420.14,414.54,18.761,19.355,57.07,58.88,399.7,450,1325,97.34,5.83,-0.712,0.0428,0.0208,0.0362,0.0206,0.5,-1.36,7.36,1.0,0.0,0.16,111115,,,,,,,,,,,,,,,,,,,,,,,,,,,,,,,,,,,,,,,,,,,,,,,,,,,,,,,,,,,,,,,,,,,,,,,,,,,,,,,,,,,,,,,,,,,,,,,,,,,,,,,,,,,,,,,,,,,,,,,,,,,,,,,,,,,,,,,,,,,,
2023-09-13 15:14:00,FLRC,Nit-A,3,Yng,spring,afternoon,Erin_NitAdt3_Yng_FLRC_2023_09_13,6,1117.0,0,9.13,0.0839,233.0,82,82,0.0,0.0,544.1,1655.1,755.0,0.0,0.671,0.544,-1,0.87,0.92,10,0.875,0.039,0.81,3.042,-1.0,300.6,0.5,71.527,1.15,1.31,25.0,2,4.64,1,9.29,25.08,25.0,25.0,419.98,415.17,18.627,19.191,56.75,58.47,399.5,301,1313,97.35,5.83,-0.712,0.0428,0.0208,0.0362,0.0206,0.5,-1.36,7.36,1.0,0.0,0.16,111115,,,,,,,,,,,,,,,,,,,,,,,,,,,,,,,,,,,,,,,,,,,,,,,,,,,,,,,,,,,,,,,,,,,,,,,,,,,,,,,,,,,,,,,,,,,,,,,,,,,,,,,,,,,,,,,,,,,,,,,,,,,,,,,,,,,,,,,,,,,,
2023-09-13 15:16:00,FLRC,Nit-A,3,Yng,spring,afternoon,Erin_NitAdt3_Yng_FLRC_2023_09_13,7,1247.0,0,6.63,0.0747,266.0,83,83,0.0,0.0,572.1,1919.7,770.2,0.0,0.702,0.599,-1,0.87,0.92,9,0.875,0.044,0.853,3.355,-1.0,199.4,0.5,52.205,0.974,1.25,24.63,2,4.64,1,9.29,25.0,24.63,25.0,419.92,416.4,18.651,19.13,57.11,58.57,399.7,199,270,97.35,5.83,-0.712,0.0428,0.0208,0.0362,0.0206,0.5,-1.36,7.36,1.0,0.0,0.16,111115,,,,,,,,,,,,,,,,,,,,,,,,,,,,,,,,,,,,,,,,,,,,,,,,,,,,,,,,,,,,,,,,,,,,,,,,,,,,,,,,,,,,,,,,,,,,,,,,,,,,,,,,,,,,,,,,,,,,,,,,,,,,,,,,,,,,,,,,,,,,
2023-09-13 15:18:00,FLRC,Nit-A,3,Yng,spring,afternoon,Erin_NitAdt3_Yng_FLRC_2023_09_13,8,1377.5,0,5.85,0.0786,289.0,84,84,0.0,0.0,576.8,2000.5,751.3,0.0,0.712,0.624,-1,0.87,0.92,9,0.875,0.045,0.877,3.468,-1.0,173.0,0.5,47.244,1.03,1.25,24.6,2,4.64,1,9.29,25.01,24.6,25.0,419.97,416.83,18.501,19.007,56.62,58.17,399.4,173,1283,97.34,5.83,-0.712,0.0428,0.0208,0.0362,0.0206,0.5,-1.36,7.36,1.0,0.0,0.16,111115,,,,,,,,,,,,,,,,,,,,,,,,,,,,,,,,,,,,,,,,,,,,,,,,,,,,,,,,,,,,,,,,,,,,,,,,,,,,,,,,,,,,,,,,,,,,,,,,,,,,,,,,,,,,,,,,,,,,,,,,,,,,,,,,,,,,,,,,,,,,
2023-09-13 15:20:00,FLRC,Nit-A,3,Yng,spring,afternoon,Erin_NitAdt3_Yng_FLRC_2023_09_13,9,1507.5,0,5.2,0.0736,296.0,85,85,0.0,0.0,578.6,2060.5,734.8,0.0,0.719,0.643,-1,0.87,0.92,10,0.875,0.047,0.895,3.561,-1.0,150.4,0.5,42.356,0.96,1.25,24.48,2,4.64,1,9.29,24.94,24.48,25.0,420.12,417.32,18.389,18.86,56.51,57.96,399.6,150,1268,97.34,5.83,-0.712,0.0428,0.0208,0.0362,0.0206,0.5,-1.36,7.36,1.0,0.0,0.16,111115,,,,,,,,,,,,,,,,,,,,,,,,,,,,,,,,,,,,,,,,,,,,,,,,,,,,,,,,,,,,,,,,,,,,,,,,,,,,,,,,,,,,,,,,,,,,,,,,,,,,,,,,,,,,,,,,,,,,,,,,,,,,,,,,,,,,,,,,,,,,
2023-09-13 15:22:00,FLRC,Nit-A,3,Yng,spring,afternoon,Erin_NitAdt3_Yng_FLRC_2023_09_13,10,1638.0,0,4.35,0.0687,308.0,86,86,0.0,0.0,580.7,2093.6,716.6,0.0,0.723,0.658,-1,0.87,0.92,10,0.875,0.049,0.91,3.605,-1.0,124.8,0.5,35.917,0.88,1.23,24.31,2,4.64,1,9.29,24.87,24.31,25.0,420.01,417.65,18.335,18.767,56.58,57.92,399.8,125,1255,97.36,5.83,-0.712,0.0428,0.0208,0.0362,0.0206,0.8,-1.36,7.36,1.0,0.0,0.16,111115,,,,,,,,,,,,,,,,,,,,,,,,,,,,,,,,,,,,,,,,,,,,,,,,,,,,,,,,,,,,,,,,,,,,,,,,,,,,,,,,,,,,,,,,,,,,,,,,,,,,,,,,,,,,,,,,,,,,,,,,,,,,,,,,,,,,,,,,,,,,
2023-11-21 10:01:00,FLRC,Nit-A,3,Yng,spring,morning,Erin_NitAdt3_Yng_FLRC_2023_11_21,1,598.0,0,8.1,0.0621,196.0,1,1,0.0,0.0,423.4,686.4,588.1,0.0,0.383,0.143,-1,0.87,0.92,10,0.875,0.007,0.374,1.621,-1.0,1501.5,0.5,94.053,1.05,1.62,24.58,2,4.64,1,9.29,24.12,24.58,25.04,419.76,414.07,14.527,15.219,46.83,49.06,299.7,1502,120,97.23,8.43,-0.647,0.114,0.00396,0.148,0.00471,0.5,-1.36,7.36,1.0,0.0,0.16,111115,,,,,,,,,,,,,,,,,,,,,,,,,,,,,,,,,,,,,,,,,,,,,,,,,,,,,,,,,,,,,,,,,,,,,,,,,,,,,,,,,,,,,,,,,,,,,,,,,,,,,,,,,,,,,,,,,,,,,,,,,,,,,,,,,,,,,,,,,,,,
2023-11-21 10:04:00,FLRC,Nit-A,3,Yng,spring,morning,Erin_NitAdt3_Yng_FLRC_2023_11_21,2,788.5,0,6.77,0.0566,215.0,2,2,0.0,0.0,425.9,730.6,570.1,0.0,0.417,0.22,-1,0.87,0.92,10,0.875,0.009,0.527,1.716,-1.0,1001.3,0.5,96.222,0.864,1.46,23.53,2,4.64,1,9.29,24.05,23.53,25.04,420.07,415.31,14.368,14.936,46.5,48.34,299.7,1001,167,97.23,8.43,-0.647,0.114,0.00396,0.148,0.00471,0.5,-1.36,7.36,1.0,0.0,0.16,111115,,,,,,,,,,,,,,,,,,,,,,,,,,,,,,,,,,,,,,,,,,,,,,,,,,,,,,,,,,,,,,,,,,,,,,,,,,,,,,,,,,,,,,,,,,,,,,,,,,,,,,,,,,,,,,,,,,,,,,,,,,,,,,,,,,,,,,,,,,,,
2023-11-21 10:07:00,FLRC,Nit-A,3,Yng,spring,morning,Erin_NitAdt3_Yng_FLRC_2023_11_21,3,948.0,0,6.55,0.0516,205.0,3,3,0.0,0.0,453.1,891.7,599.9,0.0,0.492,0.327,-1,0.87,0.92,10,0.875,0.014,0.665,1.968,-1.0,599.0,0.5,85.758,0.72,1.33,22.66,2,4.64,1,9.29,23.98,22.66,25.03,420.11,415.54,14.224,14.697,46.23,47.77,299.8,599,118,97.24,8.43,-0.647,0.114,0.00396,0.148,0.00471,1.0,-1.36,7.36,1.0,0.0,0.16,111115,,,,,,,,,,,,,,,,,,,,,,,,,,,,,,,,,,,,,,,,,,,,,,,,,,,,,,,,,,,,,,,,,,,,,,,,,,,,,,,,,,,,,,,,,,,,,,,,,,,,,,,,,,,,,,,,,,,,,,,,,,,,,,,,,,,,,,,,,,,,
2023-11-21 10:10:00,FLRC,Nit-A,3,Yng,spring,morning,Erin_NitAdt3_Yng_FLRC_2023_11_21,4,1138.0,0,5.27,0.0481,233.0,4,4,0.0,0.0,472.9,994.8,621.8,0.0,0.525,0.375,-1,0.87,0.92,10,0.875,0.014,0.715,2.104,-1.0,498.1,0.5,81.699,0.671,1.33,22.72,2,4.64,1,9.29,24.09,22.72,25.03,419.88,416.18,14.337,14.778,46.29,47.71,299.7,498,315,97.24,8.43,-0.647,0.114,0.00396,0.148,0.00471,0.5,-1.36,7.36,1.0,0.0,0.16,111115,,,,,,,,,,,,,,,,,,,,,,,,,,,,,,,,,,,,,,,,,,,,,,,,,,,,,,,,,,,,,,,,,,,,,,,,,,,,,,,,,,,,,,,,,,,,,,,,,,,,,,,,,,,,,,,,,,,,,,,,,,,,,,,,,,,,,,,,,,,,
2023-11-21 10:13:00,FLRC,Nit-A,3,Yng,spring,morning,Erin_NitAdt3_Yng_FLRC_2023_11_21,5,1328.5,0,5.65,0.0459,211.0,5,5,0.0,0.0,482.2,1069.3,637.6,0.0,0.549,0.404,-1,0.87,0.92,10,0.875,0.017,0.735,2.217,-1.0,450.8,0.5,79.604,0.667,1.39,23.06,2,4.64,1,9.29,24.23,23.06,25.03,420.29,416.33,14.375,14.813,46.02,47.43,299.7,451,267,97.24,8.43,-0.647,0.114,0.00396,0.148,0.00471,0.8,-1.36,7.36,1.0,0.0,0.16,111115,,,,,,,,,,,,,,,,,,,,,,,,,,,,,,,,,,,,,,,,,,,,,,,,,,,,,,,,,,,,,,,,,,,,,,,,,,,,,,,,,,,,,,,,,,,,,,,,,,,,,,,,,,,,,,,,,,,,,,,,,,,,,,,,,,,,,,,,,,,,
2023-11-21 10:16:00,FLRC,Nit-A,3,Yng,spring,morning,Erin_NitAdt3_Yng_FLRC_2023_11_21,6,1475.5,0,4.71,0.0442,238.0,6,6,0.0,0.0,543.4,1477.0,742.1,0.0,0.632,0.498,-1,0.87,0.92,10,0.875,0.022,0.787,2.718,-1.0,300.2,0.5,65.345,0.635,1.37,22.95,2,4.64,1,9.29,24.27,22.95,25.03,420.03,416.72,14.391,14.809,45.97,47.3,299.8,300,236,97.24,8.43,-0.647,0.114,0.00396,0.148,0.00471,1.0,-1.36,7.36,1.0,0.0,0.16,111115,,,,,,,,,,,,,,,,,,,,,,,,,,,,,,,,,,,,,,,,,,,,,,,,,,,,,,,,,,,,,,,,,,,,,,,,,,,,,,,,,,,,,,,,,,,,,,,,,,,,,,,,,,,,,,,,,,,,,,,,,,,,,,,,,,,,,,,,,,,,
2023-11-21 10:19:00,FLRC,Nit-A,3,Yng,spring,morning,Erin_NitAdt3_Yng_FLRC_2023_11_21,7,1666.0,0,5.04,0.0466,235.0,7,7,0.0,0.0,604.0,1979.4,813.3,0.0,0.695,0.589,-1,0.87,0.92,9,0.875,0.035,0.848,3.277,-1.0,198.5,0.5,51.152,0.66,1.35,22.85,2,4.64,1,9.29,24.28,22.85,25.03,420.13,416.58,14.389,14.823,45.94,47.32,299.7,199,113,97.25,8.43,-0.647,0.114,0.00396,0.148,0.00471,0.5,-1.36,7.36,1.0,0.0,0.16,111115,,,,,,,,,,,,,,,,,,,,,,,,,,,,,,,,,,,,,,,,,,,,,,,,,,,,,,,,,,,,,,,,,,,,,,,,,,,,,,,,,,,,,,,,,,,,,,,,,,,,,,,,,,,,,,,,,,,,,,,,,,,,,,,,,,,,,,,,,,,,
2023-11-21 10:22:00,FLRC,Nit-A,3,Yng,spring,morning,Erin_NitAdt3_Yng_FLRC_2023_11_21,8,1856.5,0,3.96,0.0459,271.0,8,8,0.0,0.0,616.1,2136.0,814.8,0.0,0.712,0.619,-1,0.87,0.92,9,0.875,0.032,0.869,3.467,-1.0,175.9,0.5,47.562,0.634,1.32,22.66,2,4.64,1,9.29,24.23,22.66,25.03,420.01,417.19,14.402,14.818,46.12,47.46,299.8,176,121,97.26,8.43,-0.647,0.114,0.00396,0.148,0.00471,0.8,-1.36,7.36,1.0,0.0,0.16,111115,,,,,,,,,,,,,,,,,,,,,,,,,,,,,,,,,,,,,,,,,,,,,,,,,,,,,,,,,,,,,,,,,,,,,,,,,,,,,,,,,,,,,,,,,,,,,,,,,,,,,,,,,,,,,,,,,,,,,,,,,,,,,,,,,,,,,,,,,,,,
2023-11-21 10:25:00,FLRC,Nit-A,3,Yng,spring,morning,Erin_NitAdt3_Yng_FLRC_2023_11_21,9,2020.5,0,3.26,0.0447,294.0,9,9,0.0,0.0,633.3,2286.8,809.7,0.0,0.723,0.646,-1,0.87,0.92,11,0.875,0.032,0.893,3.611,-1.0,149.6,0.5,42.304,0.607,1.3,22.46,2,4.64,1,9.29,24.15,22.46,25.02,420.85,418.51,14.303,14.703,46.02,47.31,299.7,150,433,97.25,8.43,-0.647,0.114,0.00396,0.148,0.00471,1.0,-1.36,7.36,1.0,0.0,0.16,111115,,,,,,,,,,,,,,,,,,,,,,,,,,,,,,,,,,,,,,,,,,,,,,,,,,,,,,,,,,,,,,,,,,,,,,,,,,,,,,,,,,,,,,,,,,,,,,,,,,,,,,,,,,,,,,,,,,,,,,,,,,,,,,,,,,,,,,,,,,,,
2023-11-21 10:27:00,FLRC,Nit-A,3,Yng,spring,morning,Erin_NitAdt3_Yng_FLRC_2023_11_21,10,2163.0,0,2.3,0.0456,328.0,10,10,0.0,0.0,643.5,2394.6,794.7,0.0,0.731,0.668,-1,0.87,0.92,10,0.875,0.031,0.914,3.721,-1.0,123.7,0.5,36.162,0.612,1.28,22.31,2,4.64,1,9.29,24.12,22.31,25.02,419.35,417.64,14.194,14.597,45.76,47.05,299.7,124,174,97.25,8.43,-0.647,0.114,0.00396,0.148,0.00471,1.0,-1.36,7.36,1.0,0.0,0.16,111115,,,,,,,,,,,,,,,,,,,,,,,,,,,,,,,,,,,,,,,,,,,,,,,,,,,,,,,,,,,,,,,,,,,,,,,,,,,,,,,,,,,,,,,,,,,,,,,,,,,,,,,,,,,,,,,,,,,,,,,,,,,,,,,,,,,,,,,,,,,,
2023-12-18 10:53:00,FLRC,Nit-A,3,Yng,summer,morning,Erin_NitAdt3_Yng_FLRC_2023_12_18,1,192.0,0,9.44,0.0848,225.0,21,21,0.0,0.0,404.3,619.6,527.1,0.0,0.348,0.149,-1,0.87,0.92,10,0.875,0.008,0.43,1.533,-1.0,1500.5,0.5,98.0,1.78,2.0,29.62,2,4.64,1,9.29,26.18,29.62,25.01,420.17,415.08,21.355,22.224,61.14,63.63,399.6,1501,1480,97.66,6.03,-0.796,0.0516,0.00933,0.0666,0.00918,0.5,-1.36,7.36,1.0,0.0,0.16,111115,,,,,,,,,,,,,,,,,,,,,,,,,,,,,,,,,,,,,,,,,,,,,,,,,,,,,,,,,,,,,,,,,,,,,,,,,,,,,,,,,,,,,,,,,,,,,,,,,,,,,,,,,,,,,,,,,,,,,,,,,,,,,,,,,,,,,,,,,,,,
2023-12-18 10:56:00,FLRC,Nit-A,3,Yng,summer,morning,Erin_NitAdt3_Yng_FLRC_2023_12_18,2,322.0,0,9.04,0.078,219.0,22,22,0.0,0.0,425.4,706.0,541.1,0.0,0.397,0.234,-1,0.87,0.92,10,0.875,0.011,0.588,1.66,-1.0,1000.5,0.5,102.264,1.49,1.82,28.95,2,4.64,1,9.29,26.19,28.95,25.0,420.27,415.44,21.675,22.404,62.02,64.11,399.6,1001,1572,97.65,6.03,-0.796,0.0516,0.00933,0.0666,0.00918,0.8,-1.36,7.36,1.0,0.0,0.16,111115,,,,,,,,,,,,,,,,,,,,,,,,,,,,,,,,,,,,,,,,,,,,,,,,,,,,,,,,,,,,,,,,,,,,,,,,,,,,,,,,,,,,,,,,,,,,,,,,,,,,,,,,,,,,,,,,,,,,,,,,,,,,,,,,,,,,,,,,,,,,
2023-12-18 10:58:00,FLRC,Nit-A,3,Yng,summer,morning,Erin_NitAdt3_Yng_FLRC_2023_12_18,3,452.5,0,7.39,0.072,241.0,23,23,0.0,0.0,478.4,933.8,618.9,0.0,0.488,0.337,-1,0.87,0.92,10,0.875,0.016,0.691,1.952,-1.0,601.6,0.5,88.754,1.26,1.67,28.34,2,4.64,1,9.29,26.17,28.34,25.0,419.84,415.88,21.939,22.555,62.87,64.63,399.6,602,1597,97.65,6.03,-0.796,0.0516,0.00933,0.0666,0.00918,0.5,-1.36,7.36,1.0,0.0,0.16,111115,,,,,,,,,,,,,,,,,,,,,,,,,,,,,,,,,,,,,,,,,,,,,,,,,,,,,,,,,,,,,,,,,,,,,,,,,,,,,,,,,,,,,,,,,,,,,,,,,,,,,,,,,,,,,,,,,,,,,,,,,,,,,,,,,,,,,,,,,,,,
2023-12-18 11:00:00,FLRC,Nit-A,3,Yng,summer,morning,Erin_NitAdt3_Yng_FLRC_2023_12_18,4,582.5,0,7.67,0.07,231.0,24,24,0.0,0.0,507.1,1072.7,662.8,0.0,0.527,0.382,-1,0.87,0.92,10,0.875,0.02,0.725,2.115,-1.0,498.6,0.5,83.336,1.19,1.62,28.22,2,4.64,1,9.29,26.18,28.22,25.0,420.07,415.99,22.186,22.768,63.51,65.18,399.5,499,1553,97.65,6.03,-0.796,0.0516,0.00933,0.0666,0.00918,0.5,-1.36,7.36,1.0,0.0,0.16,111115,-0.214118,0.0,0.0250795,353.647,0.0,20.1031,148.382,0.0,9.95456,-14.4806,0.0,1.53311,3.36673,0.0,0.225865,3.65816,-0.498161,0.0243415,-0.0113031,-332.965,-10.5574,15.5125,390.345,394.896,0.0,1.0,491.86,12.3768,12.5319,0.0,1.0,297.537,296.081,97825.8,1.14568,1012.37,0.0251633,0.218164,0.00886331,1211.09,2789.38,0.00773629,43.4181,1578.28,282.953,2.47805,-3.0077,0.307995,3.9092,-1.54955e-15,-0.0214643,3.90926,9.16736,258.692,309.551,,,0.432309,2.07118,-19.6292,-0.271534,2.38335,0.7053,0.0,58.824,-8.92676,20.1924,50.2818,76.683,107.549,161.128,-0.206141,1.0387,337.963,1.06942,94.5472,1.31385,-24.5794,1.29255,2.14523,1.31385,800000099.0,800000099.0,800000099.0,800000099.0,800000099.0,800000099.0,800000199.0,801000199.0,80000.0,80000.0,80.0,80.0,0.0,0.0,2.0,2.0,1.0,0.0,2.17259,1.6565,0.313258,0.96552,0.00739313,158.936,0.291386,-0.0245794,2.14523,22.7807,13.8335,27.8865,966.477,166.82,0.398246,0.0362663,0.0842682,542.618,296.519,295.135,97832.0,43.4181,297.798,299.492,100.195,1.28392,1.83885,17.964,18.9533,25.4037,23.3841,0.0,1.561385,0.002032,810000.0,2.032,1.0,-14.4562585,1.6545807748491586,16.13518077484916,3.1978756194281868
2023-12-18 11:02:00,FLRC,Nit-A,3,Yng,summer,morning,Erin_NitAdt3_Yng_FLRC_2023_12_18,5,712.5,0,7.03,0.0668,238.0,25,25,0.0,0.0,525.3,1167.1,688.4,0.0,0.55,0.41,-1,0.87,0.92,10,0.875,0.02,0.746,2.222,-1.0,448.4,0.5,80.439,1.12,1.6,28.23,2,4.64,1,9.29,26.21,28.23,25.0,419.97,416.22,22.473,23.021,64.22,65.79,399.6,448,1527,97.64,6.03,-0.796,0.0516,0.00933,0.0666,0.00918,0.8,-1.36,7.36,1.0,0.0,0.16,111115,,,,,,,,,,,,,,,,,,,,,,,,,,,,,,,,,,,,,,,,,,,,,,,,,,,,,,,,,,,,,,,,,,,,,,,,,,,,,,,,,,,,,,,,,,,,,,,,,,,,,,,,,,,,,,,,,,,,,,,,,,,,,,,,,,,,,,,,,,,,
2023-12-18 11:04:00,FLRC,Nit-A,3,Yng,summer,morning,Erin_NitAdt3_Yng_FLRC_2023_12_18,6,843.0,0,5.46,0.0679,279.0,26,26,0.0,0.0,581.8,1449.7,749.3,0.0,0.599,0.483,-1,0.87,0.92,10,0.875,0.025,0.807,2.492,-1.0,299.9,0.5,63.381,1.1,1.55,28.07,2,4.64,1,9.29,26.23,28.07,25.01,420.01,417.04,22.653,23.191,64.66,66.19,399.7,300,1521,97.64,6.03,-0.796,0.0516,0.00933,0.0666,0.00918,0.5,-1.36,7.36,1.0,0.0,0.16,111115,,,,,,,,,,,,,,,,,,,,,,,,,,,,,,,,,,,,,,,,,,,,,,,,,,,,,,,,,,,,,,,,,,,,,,,,,,,,,,,,,,,,,,,,,,,,,,,,,,,,,,,,,,,,,,,,,,,,,,,,,,,,,,,,,,,,,,,,,,,,
2023-12-18 11:06:00,FLRC,Nit-A,3,Yng,summer,morning,Erin_NitAdt3_Yng_FLRC_2023_12_18,7,973.0,0,3.61,0.0646,319.0,27,27,0.0,0.0,611.9,1644.2,759.4,0.0,0.628,0.538,-1,0.87,0.92,9,0.875,0.026,0.857,2.687,-1.0,200.1,0.5,47.084,1.01,1.49,27.9,2,4.64,1,9.29,26.22,27.9,25.0,419.94,417.92,22.829,23.324,65.22,66.64,399.5,200,1639,97.64,6.03,-0.796,0.0516,0.00933,0.0666,0.00918,0.5,-1.36,7.36,1.0,0.0,0.16,111115,,,,,,,,,,,,,,,,,,,,,,,,,,,,,,,,,,,,,,,,,,,,,,,,,,,,,,,,,,,,,,,,,,,,,,,,,,,,,,,,,,,,,,,,,,,,,,,,,,,,,,,,,,,,,,,,,,,,,,,,,,,,,,,,,,,,,,,,,,,,
2023-12-18 11:09:00,FLRC,Nit-A,3,Yng,summer,morning,Erin_NitAdt3_Yng_FLRC_2023_12_18,8,1103.5,0,3.38,0.0625,322.0,28,28,0.0,0.0,616.6,1713.6,754.8,0.0,0.64,0.56,-1,0.87,0.92,9,0.874,0.029,0.874,2.779,-1.0,174.3,0.5,42.646,0.962,1.47,27.81,2,4.64,1,9.29,26.19,27.81,25.0,419.99,418.1,22.938,23.408,65.65,66.99,399.6,174,1650,97.64,6.03,-0.796,0.0516,0.00933,0.0666,0.00918,0.8,-1.36,7.36,1.0,0.0,0.16,111115,,,,,,,,,,,,,,,,,,,,,,,,,,,,,,,,,,,,,,,,,,,,,,,,,,,,,,,,,,,,,,,,,,,,,,,,,,,,,,,,,,,,,,,,,,,,,,,,,,,,,,,,,,,,,,,,,,,,,,,,,,,,,,,,,,,,,,,,,,,,
2023-12-18 11:11:00,FLRC,Nit-A,3,Yng,summer,morning,Erin_NitAdt3_Yng_FLRC_2023_12_18,9,1233.5,0,3.26,0.0624,325.0,29,29,0.0,0.0,621.3,1781.8,752.8,0.0,0.651,0.578,-1,0.87,0.92,10,0.875,0.032,0.887,2.868,-1.0,151.7,0.5,38.32,0.937,1.43,27.67,2,4.64,1,9.29,26.15,27.67,25.0,420.19,418.36,23.026,23.484,66.03,67.34,399.6,152,1658,97.64,6.03,-0.796,0.0516,0.00933,0.0666,0.00918,0.8,-1.36,7.36,1.0,0.0,0.16,111115,,,,,,,,,,,,,,,,,,,,,,,,,,,,,,,,,,,,,,,,,,,,,,,,,,,,,,,,,,,,,,,,,,,,,,,,,,,,,,,,,,,,,,,,,,,,,,,,,,,,,,,,,,,,,,,,,,,,,,,,,,,,,,,,,,,,,,,,,,,,
2023-12-18 11:13:00,FLRC,Nit-A,3,Yng,summer,morning,Erin_NitAdt3_Yng_FLRC_2023_12_18,10,1364.0,0,2.56,0.0604,342.0,30,30,0.0,0.0,625.0,1852.9,749.8,0.0,0.663,0.595,-1,0.87,0.92,10,0.875,0.032,0.898,2.964,-1.0,126.2,0.5,32.87,0.892,1.41,27.59,2,4.64,1,9.29,26.13,27.59,25.0,420.43,418.97,23.096,23.532,66.33,67.58,399.6,126,1668,97.64,6.03,-0.796,0.0516,0.00933,0.0666,0.00918,1.0,-1.36,7.36,1.0,0.0,0.16,111115,,,,,,,,,,,,,,,,,,,,,,,,,,,,,,,,,,,,,,,,,,,,,,,,,,,,,,,,,,,,,,,,,,,,,,,,,,,,,,,,,,,,,,,,,,,,,,,,,,,,,,,,,,,,,,,,,,,,,,,,,,,,,,,,,,,,,,,,,,,,
2024-01-25 12:12:00,FLRC,Nit-A,3,Yng,summer,noon,Erin_NitAdt3_Yng_FLRC_2024_01_25,1,123.5,0,1.09,-0.101,412.0,72,72,0.0,0.0,312.0,384.9,363.2,0.0,0.189,0.056,-1,0.87,0.92,10,0.875,0.002,0.297,1.234,-1.0,1500.6,0.5,36.969,-3.89,3.5,39.17,2,4.64,1,9.29,33.12,39.17,31.5,420.34,420.7,39.321,36.821,75.38,70.58,299.6,1501,81,97.5,7.92,-0.508,0.0,0.0,0.0,0.0,0.5,-1.36,7.36,1.0,0.0,0.16,111115,,,,,,,,,,,,,,,,,,,,,,,,,,,,,,,,,,,,,,,,,,,,,,,,,,,,,,,,,,,,,,,,,,,,,,,,,,,,,,,,,,,,,,,,,,,,,,,,,,,,,,,,,,,,,,,,,,,,,,,,,,,,,,,,,,,,,,,,,,,,
2024-01-25 12:14:00,FLRC,Nit-A,3,Yng,summer,noon,Erin_NitAdt3_Yng_FLRC_2024_01_25,2,193.5,0,1.0,-0.113,412.0,73,73,0.0,0.0,306.6,387.4,353.3,0.0,0.209,0.088,-1,0.87,0.92,10,0.875,0.002,0.423,1.264,-1.0,998.9,0.5,38.539,-3.86,3.11,38.11,2,4.64,1,9.29,33.19,38.11,31.57,420.21,420.62,39.276,36.797,74.98,70.24,299.6,999,81,97.5,7.92,-0.508,0.0,0.0,0.0,0.0,0.5,-1.36,7.36,1.0,0.0,0.16,111115,,,,,,,,,,,,,,,,,,,,,,,,,,,,,,,,,,,,,,,,,,,,,,,,,,,,,,,,,,,,,,,,,,,,,,,,,,,,,,,,,,,,,,,,,,,,,,,,,,,,,,,,,,,,,,,,,,,,,,,,,,,,,,,,,,,,,,,,,,,,
2024-01-25 12:15:00,FLRC,Nit-A,3,Yng,summer,noon,Erin_NitAdt3_Yng_FLRC_2024_01_25,3,263.5,0,1.23,-0.129,415.0,74,74,0.0,0.0,304.2,407.2,347.8,0.0,0.253,0.146,-1,0.87,0.92,9,0.875,0.004,0.576,1.339,-1.0,601.4,0.5,38.359,-3.98,2.82,37.27,2,4.64,1,9.29,33.13,37.27,31.51,419.91,420.2,39.234,36.677,75.16,70.26,299.6,601,81,97.5,7.92,-0.508,0.0,0.0,0.0,0.0,0.8,-1.36,7.36,1.0,0.0,0.16,111115,,,,,,,,,,,,,,,,,,,,,,,,,,,,,,,,,,,,,,,,,,,,,,,,,,,,,,,,,,,,,,,,,,,,,,,,,,,,,,,,,,,,,,,,,,,,,,,,,,,,,,,,,,,,,,,,,,,,,,,,,,,,,,,,,,,,,,,,,,,,
2024-01-25 12:16:00,FLRC,Nit-A,3,Yng,summer,noon,Erin_NitAdt3_Yng_FLRC_2024_01_25,4,334.0,0,1.22,-0.14,415.0,75,75,0.0,0.0,304.9,422.7,349.1,0.0,0.279,0.174,-1,0.87,0.92,9,0.875,0.005,0.625,1.386,-1.0,500.7,0.5,38.137,-4.14,2.7,36.87,2,4.64,1,9.29,33.08,36.87,31.48,420.24,420.58,39.187,36.523,75.27,70.15,299.6,501,81,97.5,7.92,-0.508,0.0,0.0,0.0,0.0,0.8,-1.36,7.36,1.0,0.0,0.16,111115,,,,,,,,,,,,,,,,,,,,,,,,,,,,,,,,,,,,,,,,,,,,,,,,,,,,,,,,,,,,,,,,,,,,,,,,,,,,,,,,,,,,,,,,,,,,,,,,,,,,,,,,,,,,,,,,,,,,,,,,,,,,,,,,,,,,,,,,,,,,
2024-01-25 12:17:00,FLRC,Nit-A,3,Yng,summer,noon,Erin_NitAdt3_Yng_FLRC_2024_01_25,5,404.0,0,1.03,-0.145,412.0,76,76,0.0,0.0,307.9,435.4,351.7,0.0,0.293,0.192,-1,0.87,0.92,9,0.875,0.005,0.657,1.414,-1.0,452.0,0.5,38.011,-4.24,2.66,36.75,2,4.64,1,9.29,33.08,36.75,31.5,419.93,420.43,39.216,36.489,75.32,70.08,299.6,452,81,97.5,7.92,-0.508,0.0,0.0,0.0,0.0,0.2,-1.36,7.36,1.0,0.0,0.16,111115,,,,,,,,,,,,,,,,,,,,,,,,,,,,,,,,,,,,,,,,,,,,,,,,,,,,,,,,,,,,,,,,,,,,,,,,,,,,,,,,,,,,,,,,,,,,,,,,,,,,,,,,,,,,,,,,,,,,,,,,,,,,,,,,,,,,,,,,,,,,
2024-01-25 12:18:00,FLRC,Nit-A,3,Yng,summer,noon,Erin_NitAdt3_Yng_FLRC_2024_01_25,6,474.0,0,0.699,-0.135,411.0,77,77,0.0,0.0,324.0,503.3,372.4,0.0,0.356,0.26,-1,0.87,0.92,10,0.875,0.007,0.73,1.553,-1.0,298.6,0.5,33.972,-3.77,2.55,36.3,2,4.64,1,9.29,33.03,36.3,31.44,420.21,420.8,38.55,36.121,74.28,69.6,299.6,299,82,97.5,7.92,-0.508,0.0,0.0,0.0,0.0,0.5,-1.36,7.36,1.0,0.0,0.16,111115,,,,,,,,,,,,,,,,,,,,,,,,,,,,,,,,,,,,,,,,,,,,,,,,,,,,,,,,,,,,,,,,,,,,,,,,,,,,,,,,,,,,,,,,,,,,,,,,,,,,,,,,,,,,,,,,,,,,,,,,,,,,,,,,,,,,,,,,,,,,
2024-01-25 12:19:00,FLRC,Nit-A,3,Yng,summer,noon,Erin_NitAdt3_Yng_FLRC_2024_01_25,7,544.0,0,2.1,-0.152,424.0,78,78,0.0,0.0,348.5,596.8,406.5,0.0,0.416,0.319,-1,0.87,0.92,9,0.874,0.018,0.767,1.712,-1.0,200.6,0.5,27.97,-4.16,2.5,36.08,2,4.64,1,9.29,32.98,36.08,31.38,420.49,420.26,38.536,35.856,74.46,69.29,299.6,201,87,97.5,7.92,-0.508,0.0,0.0,0.0,0.0,0.2,-1.36,7.36,1.0,0.0,0.16,111115,,,,,,,,,,,,,,,,,,,,,,,,,,,,,,,,,,,,,,,,,,,,,,,,,,,,,,,,,,,,,,,,,,,,,,,,,,,,,,,,,,,,,,,,,,,,,,,,,,,,,,,,,,,,,,,,,,,,,,,,,,,,,,,,,,,,,,,,,,,,
2024-01-25 12:21:00,FLRC,Nit-A,3,Yng,summer,noon,Erin_NitAdt3_Yng_FLRC_2024_01_25,8,614.5,0,1.31,-0.154,416.0,79,79,0.0,0.0,356.9,630.1,417.0,0.0,0.434,0.338,-1,0.87,0.92,8,0.874,0.015,0.78,1.765,-1.0,174.9,0.5,25.859,-4.15,2.46,35.97,2,4.64,1,9.29,32.91,35.97,31.3,419.74,420.03,38.585,35.912,74.85,69.67,299.7,175,206,97.5,7.92,-0.508,0.0,0.0,0.0,0.0,0.8,-1.36,7.36,1.0,0.0,0.16,111115,,,,,,,,,,,,,,,,,,,,,,,,,,,,,,,,,,,,,,,,,,,,,,,,,,,,,,,,,,,,,,,,,,,,,,,,,,,,,,,,,,,,,,,,,,,,,,,,,,,,,,,,,,,,,,,,,,,,,,,,,,,,,,,,,,,,,,,,,,,,
2024-01-25 12:22:00,FLRC,Nit-A,3,Yng,summer,noon,Erin_NitAdt3_Yng_FLRC_2024_01_25,9,684.5,0,0.825,-0.158,411.0,80,80,0.0,0.0,371.3,679.4,432.7,0.0,0.453,0.363,-1,0.87,0.92,10,0.875,0.014,0.801,1.83,-1.0,149.2,0.5,23.703,-4.19,2.42,35.88,2,4.64,1,9.29,32.87,35.88,31.27,419.83,420.46,38.654,35.958,75.13,69.89,299.7,149,335,97.5,7.92,-0.508,0.0,0.0,0.0,0.0,0.8,-1.36,7.36,1.0,0.0,0.16,111115,,,,,,,,,,,,,,,,,,,,,,,,,,,,,,,,,,,,,,,,,,,,,,,,,,,,,,,,,,,,,,,,,,,,,,,,,,,,,,,,,,,,,,,,,,,,,,,,,,,,,,,,,,,,,,,,,,,,,,,,,,,,,,,,,,,,,,,,,,,,
2024-01-25 12:23:00,FLRC,Nit-A,3,Yng,summer,noon,Erin_NitAdt3_Yng_FLRC_2024_01_25,10,754.5,0,2.99,-0.163,431.0,81,81,0.0,0.0,384.8,732.3,448.8,0.0,0.475,0.387,-1,0.87,0.92,10,0.875,0.037,0.816,1.903,-1.0,124.2,0.5,21.025,-4.32,2.42,35.87,2,4.64,1,9.29,32.91,35.87,31.3,421.06,420.28,38.726,35.945,75.13,69.73,299.7,124,225,97.5,7.92,-0.508,0.0,0.0,0.0,0.0,0.8,-1.36,7.36,1.0,0.0,0.16,111115,,,,,,,,,,,,,,,,,,,,,,,,,,,,,,,,,,,,,,,,,,,,,,,,,,,,,,,,,,,,,,,,,,,,,,,,,,,,,,,,,,,,,,,,,,,,,,,,,,,,,,,,,,,,,,,,,,,,,,,,,,,,,,,,,,,,,,,,,,,,
2023-06-01 12:23:00,LRC,Nit-S,2,Yng,winter,noon,Erin_Nitida2_LRC_01_06_23,1,481.0,0,16.1,0.0677,19.4,0,0,0.0,0.0,0.0,0.0,0.0,0.0,0.0,0.0,-1,0.87,0.92,10,0.875,0.01,0.0,0.0,0.0,0.0,0.5,0.0,2.02,2.88,24.96,2,4.64,1,9.29,21.05,24.96,19.99,420.34,411.89,1.98,2.986,7.73,11.66,399.8,2000,1658,97.72,3.89,0.16,0.0426,0.000211,0.0497,0.000919,0.5,-1.36,7.36,1.0,0.0,0.16,111115,,,,,,,,,,,,,,,,,,,,,,,,,,,,,,,,,,,,,,,,,,,,,,,,,,,,,,,,,,,,,,,,,,,,,,,,,,,,,,,,,,,,,,,,,,,,,,,,,,,,,,,,,,,,,,,,,,,,,,,,,,,,,,,,,,,,,,,,,,,,
2023-06-01 12:30:00,LRC,Nit-S,2,Yng,winter,noon,Erin_Nitida2_LRC_01_06_23,2,864.5,0,13.9,0.0639,51.3,0,0,0.0,0.0,0.0,0.0,0.0,0.0,0.0,0.0,-1,0.87,0.92,10,0.875,0.011,0.0,0.0,0.0,0.0,0.5,0.0,1.81,2.74,24.2,2,4.64,1,9.29,21.08,24.2,19.99,419.98,412.64,2.071,2.974,8.07,11.58,399.7,1501,1651,97.72,3.98,0.161,0.0375,0.000495,0.0443,0.000331,0.5,-1.36,7.36,1.0,0.0,0.16,111115,-0.0277215,1.0,0.00815821,80.7202,0.0,9.34534,129.046,0.0,12.4726,-9.16841,0.0,1.47947,2.91387,0.0,0.281632,5.38199,8.35541,-0.0885028,0.188665,-635.843,-31.7202,15.9257,393.445,399.822,0.0,1.0,794.482,19.6276,20.0206,0.0,1.0,292.353,291.074,97955.7,1.16372,1016.34,0.024705,0.188819,0.0143166,1923.16,2047.94,0.0123024,93.907,124.781,290.044,0.41417,0.826782,0.0205436,0.924645,-4.50255e-14,-0.0399256,0.925507,4.58953,141.744,63.3444,,,0.154342,0.369727,-3.9217,-1.3591,0.625513,0.442193,0.0,,,,,,,,-0.0261599,1.05969,84.2159,1.04939,109.738,1.07768,-13.0981,1.07262,2.4779,1.07768,800000099.0,800000099.0,800000099.0,800000099.0,800000099.0,800011099.0,800000199.0,800010199.0,80000.0,80000.0,81.0,81.0,2.0,3.0,1.0,12.0,17.0,16.0,0.363013,0.291568,0.0848726,0.176117,0.00587933,240.461,0.071205,-0.0130981,2.4779,17.2884,12.7225,22.034,520.556,73.243,0.423217,0.0267392,0.0659784,276.811,289.11,289.709,98004.9,93.907,287.314,287.796,59.9685,9.86791,10.9184,29.3522,18.7379,17.2667,49.8443,0.0,10.393155,0.000254,0.0,0.254,1.0,-9.2569128,2.3600169074993267,11.528426907499327,2.6399468136598956
2023-06-01 12:34:00,LRC,Nit-S,2,Yng,winter,noon,Erin_Nitida2_LRC_01_06_23,3,1097.5,0,12.8,0.0575,45.0,0,0,0.0,0.0,0.0,0.0,0.0,0.0,0.0,0.0,-1,0.87,0.92,10,0.875,0.016,0.0,0.0,0.0,0.0,0.5,0.0,1.53,2.58,23.26,2,4.64,1,9.29,21.03,23.26,19.99,420.02,413.29,2.117,2.883,8.27,11.26,399.7,1001,1655,97.71,4.0,0.164,0.055,0.00442,0.041,0.00383,0.5,-1.36,7.36,1.0,0.0,0.16,111115,,,,,,,,,,,,,,,,,,,,,,,,,,,,,,,,,,,,,,,,,,,,,,,,,,,,,,,,,,,,,,,,,,,,,,,,,,,,,,,,,,,,,,,,,,,,,,,,,,,,,,,,,,,,,,,,,,,,,,,,,,,,,,,,,,,,,,,,,,,,
2023-06-01 12:38:00,LRC,Nit-S,2,Yng,winter,noon,Erin_Nitida2_LRC_01_06_23,4,1337.5,0,11.7,0.051,35.8,0,0,0.0,0.0,0.0,0.0,0.0,0.0,0.0,0.0,-1,0.87,0.92,10,0.875,0.019,0.0,0.0,0.0,0.0,0.5,0.0,1.33,2.52,22.85,2,4.64,1,9.29,21.01,22.85,19.99,420.14,414.02,2.163,2.825,8.46,11.05,399.7,752,1722,97.71,3.75,0.165,0.0261,0.00102,0.026,0.000246,0.5,-1.36,7.36,1.0,0.0,0.16,111115,,,,,,,,,,,,,,,,,,,,,,,,,,,,,,,,,,,,,,,,,,,,,,,,,,,,,,,,,,,,,,,,,,,,,,,,,,,,,,,,,,,,,,,,,,,,,,,,,,,,,,,,,,,,,,,,,,,,,,,,,,,,,,,,,,,,,,,,,,,,
2023-06-01 12:38:00,LRC,Nit-S,2,Yng,winter,noon,Erin_Nitida2_LRC_01_06_23,5,1338.0,0,11.5,0.051,42.9,0,0,0.0,0.0,0.0,0.0,0.0,0.0,0.0,0.0,-1,0.87,0.92,10,0.875,0.019,0.0,0.0,0.0,0.0,0.5,0.0,1.33,2.52,22.84,2,4.64,1,9.29,21.01,22.84,19.99,420.06,414.05,2.163,2.825,8.46,11.05,399.7,752,1722,97.71,3.75,0.165,0.0261,0.00102,0.026,0.000246,0.5,-1.36,7.36,1.0,0.0,0.16,111115,,,,,,,,,,,,,,,,,,,,,,,,,,,,,,,,,,,,,,,,,,,,,,,,,,,,,,,,,,,,,,,,,,,,,,,,,,,,,,,,,,,,,,,,,,,,,,,,,,,,,,,,,,,,,,,,,,,,,,,,,,,,,,,,,,,,,,,,,,,,
2023-06-01 12:41:00,LRC,Nit-S,2,Yng,winter,noon,Erin_Nitida2_LRC_01_06_23,6,1556.0,0,10.1,0.0465,55.2,0,0,0.0,0.0,0.0,0.0,0.0,0.0,0.0,0.0,-1,0.87,0.92,10,0.875,0.026,0.0,0.0,0.0,0.0,0.5,0.0,1.18,2.45,22.39,2,4.64,1,9.29,20.98,22.39,19.99,420.17,414.85,2.184,2.771,8.56,10.86,399.7,498,1693,97.71,3.7,0.166,0.0856,0.00171,0.0788,0.00134,0.5,-1.36,7.36,1.0,0.0,0.16,111115,,,,,,,,,,,,,,,,,,,,,,,,,,,,,,,,,,,,,,,,,,,,,,,,,,,,,,,,,,,,,,,,,,,,,,,,,,,,,,,,,,,,,,,,,,,,,,,,,,,,,,,,,,,,,,,,,,,,,,,,,,,,,,,,,,,,,,,,,,,,
2023-06-01 12:59:00,LRC,Nit-S,2,Yng,winter,noon,Erin_Nitida2_LRC_01_06_23,7,2599.0,0,3.92,0.0345,223.0,0,0,0.0,0.0,0.0,0.0,0.0,0.0,0.0,0.0,-1,0.87,0.92,9,0.875,0.056,0.0,0.0,0.0,0.0,0.5,0.0,0.825,2.31,21.49,2,4.64,1,9.29,20.84,21.49,19.99,419.96,417.83,2.253,2.665,8.91,10.53,399.7,101,1586,97.67,3.54,0.167,0.0504,0.000506,0.0498,0.000255,0.5,-1.36,7.36,1.0,0.0,0.16,111115,,,,,,,,,,,,,,,,,,,,,,,,,,,,,,,,,,,,,,,,,,,,,,,,,,,,,,,,,,,,,,,,,,,,,,,,,,,,,,,,,,,,,,,,,,,,,,,,,,,,,,,,,,,,,,,,,,,,,,,,,,,,,,,,,,,,,,,,,,,,
2023-06-01 13:01:00,LRC,Nit-S,2,Yng,winter,noon,Erin_Nitida2_LRC_01_06_23,8,2766.0,0,1.96,0.0326,309.0,0,0,0.0,0.0,0.0,0.0,0.0,0.0,0.0,0.0,-1,0.87,0.92,8,0.874,0.07,0.0,0.0,0.0,0.0,0.5,0.0,0.775,2.3,21.38,2,4.64,1,9.29,20.82,21.38,19.99,420.18,419.04,2.265,2.651,8.96,10.49,399.7,48,1706,97.67,3.36,0.165,0.0138,0.000689,0.0139,0.000357,0.5,-1.36,7.36,1.0,0.0,0.16,111115,,,,,,,,,,,,,,,,,,,,,,,,,,,,,,,,,,,,,,,,,,,,,,,,,,,,,,,,,,,,,,,,,,,,,,,,,,,,,,,,,,,,,,,,,,,,,,,,,,,,,,,,,,,,,,,,,,,,,,,,,,,,,,,,,,,,,,,,,,,,
2023-06-01 13:07:00,LRC,Nit-S,2,Yng,winter,noon,Erin_Nitida2_LRC_01_06_23,9,3077.5,0,-1.92,0.0298,507.0,0,0,0.0,0.0,0.0,0.0,0.0,0.0,0.0,0.0,-1,0.87,0.92,0,0.87,-3.066,0.0,0.0,0.0,0.0,0.5,0.0,0.696,2.26,21.11,2,4.64,1,9.29,20.71,21.11,19.99,420.05,420.87,2.231,2.578,8.88,10.27,399.8,0,1271,97.66,3.33,0.165,0.0325,0.00047,0.0141,0.00111,0.8,-1.36,7.36,1.0,0.0,0.16,111115,,,,,,,,,,,,,,,,,,,,,,,,,,,,,,,,,,,,,,,,,,,,,,,,,,,,,,,,,,,,,,,,,,,,,,,,,,,,,,,,,,,,,,,,,,,,,,,,,,,,,,,,,,,,,,,,,,,,,,,,,,,,,,,,,,,,,,,,,,,,
2023-06-01 10:54:00,LRC,Nit-S,3,Yng,winter,morning,Erin_Nitida3_LRC_01_06_23,1,442.5,0,14.0,0.071,84.4,0,0,0.0,0.0,0.0,0.0,0.0,0.0,0.0,0.0,-1,0.87,0.92,10,0.875,0.009,0.0,0.0,0.0,0.0,0.5,0.0,1.76,2.41,22.18,2,4.64,1,9.29,20.05,22.18,20.02,420.0,412.61,1.871,2.75,7.78,11.44,399.9,1998,434,97.89,2.78,0.11,0.0135,0.000909,0.019,0.00149,0.8,-1.36,7.36,1.0,0.0,0.16,111115,,,,,,,,,,,,,,,,,,,,,,,,,,,,,,,,,,,,,,,,,,,,,,,,,,,,,,,,,,,,,,,,,,,,,,,,,,,,,,,,,,,,,,,,,,,,,,,,,,,,,,,,,,,,,,,,,,,,,,,,,,,,,,,,,,,,,,,,,,,,
2023-06-01 10:59:00,LRC,Nit-S,3,Yng,winter,morning,Erin_Nitida3_LRC_01_06_23,2,757.5,0,14.0,0.0696,78.6,0,0,0.0,0.0,0.0,0.0,0.0,0.0,0.0,0.0,-1,0.87,0.92,10,0.875,0.011,0.0,0.0,0.0,0.0,0.5,0.0,1.63,2.28,21.46,2,4.64,1,9.29,20.09,21.46,20.01,419.9,412.55,2.09,2.905,8.67,12.05,399.8,1499,421,97.88,2.91,0.113,0.0269,0.00191,0.0354,0.0016,0.5,-1.36,7.36,1.0,0.0,0.16,111115,,,,,,,,,,,,,,,,,,,,,,,,,,,,,,,,,,,,,,,,,,,,,,,,,,,,,,,,,,,,,,,,,,,,,,,,,,,,,,,,,,,,,,,,,,,,,,,,,,,,,,,,,,,,,,,,,,,,,,,,,,,,,,,,,,,,,,,,,,,,
2023-06-01 11:03:00,LRC,Nit-S,3,Yng,winter,morning,Erin_Nitida3_LRC_01_06_23,3,1000.0,0,13.1,0.0639,73.2,0,0,0.0,0.0,0.0,0.0,0.0,0.0,0.0,0.0,-1,0.87,0.92,10,0.875,0.016,0.0,0.0,0.0,0.0,0.5,0.0,1.43,2.17,20.73,2,4.64,1,9.29,20.11,20.73,20.01,419.95,413.08,2.227,2.938,9.22,12.17,399.8,998,256,97.87,2.81,0.112,0.0134,0.000461,0.0146,0.000668,0.8,-1.36,7.36,1.0,0.0,0.16,111115,,,,,,,,,,,,,,,,,,,,,,,,,,,,,,,,,,,,,,,,,,,,,,,,,,,,,,,,,,,,,,,,,,,,,,,,,,,,,,,,,,,,,,,,,,,,,,,,,,,,,,,,,,,,,,,,,,,,,,,,,,,,,,,,,,,,,,,,,,,,
2023-06-01 11:05:00,LRC,Nit-S,3,Yng,winter,morning,Erin_Nitida3_LRC_01_06_23,4,1154.0,0,11.8,0.0574,73.6,0,0,0.0,0.0,0.0,0.0,0.0,0.0,0.0,0.0,-1,0.87,0.92,10,0.875,0.02,0.0,0.0,0.0,0.0,0.5,0.0,1.25,2.11,20.36,2,4.64,1,9.29,20.11,20.36,20.01,420.0,413.83,2.303,2.926,9.54,12.12,399.8,751,327,97.87,2.73,0.113,0.0126,0.00144,0.0261,0.000681,0.5,-1.36,7.36,1.0,0.0,0.16,111115,,,,,,,,,,,,,,,,,,,,,,,,,,,,,,,,,,,,,,,,,,,,,,,,,,,,,,,,,,,,,,,,,,,,,,,,,,,,,,,,,,,,,,,,,,,,,,,,,,,,,,,,,,,,,,,,,,,,,,,,,,,,,,,,,,,,,,,,,,,,
2023-06-01 11:11:00,LRC,Nit-S,3,Yng,winter,morning,Erin_Nitida3_LRC_01_06_23,5,1494.5,0,9.85,0.0437,45.2,0,0,0.0,0.0,0.0,0.0,0.0,0.0,0.0,0.0,-1,0.87,0.92,10,0.875,0.025,0.0,0.0,0.0,0.0,0.5,0.0,0.946,2.1,20.29,2,4.64,1,9.29,20.18,20.29,20.01,420.26,415.13,2.493,2.965,10.28,12.23,399.8,499,273,97.85,2.62,0.116,0.00865,0.000287,0.0273,0.000271,0.8,-1.36,7.36,1.0,0.0,0.16,111115,,,,,,,,,,,,,,,,,,,,,,,,,,,,,,,,,,,,,,,,,,,,,,,,,,,,,,,,,,,,,,,,,,,,,,,,,,,,,,,,,,,,,,,,,,,,,,,,,,,,,,,,,,,,,,,,,,,,,,,,,,,,,,,,,,,,,,,,,,,,
2023-06-01 11:20:00,LRC,Nit-S,3,Yng,winter,morning,Erin_Nitida3_LRC_01_06_23,6,2039.0,0,7.45,0.0374,87.8,0,0,0.0,0.0,0.0,0.0,0.0,0.0,0.0,0.0,-1,0.87,0.92,10,0.875,0.039,0.0,0.0,0.0,0.0,0.5,0.0,0.803,2.08,20.15,2,4.64,1,9.29,20.27,20.15,20.01,419.92,416.02,2.546,2.947,10.44,12.08,399.8,249,268,97.84,2.61,0.119,0.0482,0.000524,0.03,0.000529,0.5,-1.36,7.36,1.0,0.0,0.16,111115,,,,,,,,,,,,,,,,,,,,,,,,,,,,,,,,,,,,,,,,,,,,,,,,,,,,,,,,,,,,,,,,,,,,,,,,,,,,,,,,,,,,,,,,,,,,,,,,,,,,,,,,,,,,,,,,,,,,,,,,,,,,,,,,,,,,,,,,,,,,
2023-06-01 11:24:00,LRC,Nit-S,3,Yng,winter,morning,Erin_Nitida3_LRC_01_06_23,7,2275.0,0,4.2,0.0356,218.0,0,0,0.0,0.0,0.0,0.0,0.0,0.0,0.0,0.0,-1,0.87,0.92,10,0.875,0.06,0.0,0.0,0.0,0.0,0.5,0.0,0.75,2.04,19.91,2,4.64,1,9.29,20.28,19.91,20.01,420.2,417.94,2.622,2.996,10.74,12.28,399.8,99,267,97.83,2.6,0.127,0.0266,0.000408,0.0403,0.000497,0.5,-1.36,7.36,1.0,0.0,0.16,111115,,,,,,,,,,,,,,,,,,,,,,,,,,,,,,,,,,,,,,,,,,,,,,,,,,,,,,,,,,,,,,,,,,,,,,,,,,,,,,,,,,,,,,,,,,,,,,,,,,,,,,,,,,,,,,,,,,,,,,,,,,,,,,,,,,,,,,,,,,,,
2023-06-01 11:29:00,LRC,Nit-S,3,Yng,winter,morning,Erin_Nitida3_LRC_01_06_23,8,2560.0,0,2.16,0.0337,304.0,0,0,0.0,0.0,0.0,0.0,0.0,0.0,0.0,0.0,-1,0.87,0.92,8,0.874,0.073,0.0,0.0,0.0,0.0,0.5,0.0,0.71,2.04,19.98,2,4.64,1,9.29,20.34,19.98,20.01,420.06,418.83,2.763,3.117,11.28,12.73,399.8,50,268,97.83,2.47,0.124,0.138,0.000891,0.141,0.00118,0.5,-1.36,7.36,1.0,0.0,0.16,111115,,,,,,,,,,,,,,,,,,,,,,,,,,,,,,,,,,,,,,,,,,,,,,,,,,,,,,,,,,,,,,,,,,,,,,,,,,,,,,,,,,,,,,,,,,,,,,,,,,,,,,,,,,,,,,,,,,,,,,,,,,,,,,,,,,,,,,,,,,,,
2023-06-01 11:32:00,LRC,Nit-S,3,Yng,winter,morning,Erin_Nitida3_LRC_01_06_23,9,2725.0,0,-1.92,0.032,502.0,0,0,0.0,0.0,0.0,0.0,0.0,0.0,0.0,0.0,-1,0.87,0.92,0,0.87,-4.149,0.0,0.0,0.0,0.0,0.5,0.0,0.667,2.02,19.93,2,4.64,1,9.29,20.33,19.93,20.01,419.98,420.8,2.925,3.258,11.95,13.31,399.8,0,253,97.82,2.54,0.123,0.0249,0.00312,0.039,0.00287,0.8,-1.36,7.36,1.0,0.0,0.16,111115,,,,,,,,,,,,,,,,,,,,,,,,,,,,,,,,,,,,,,,,,,,,,,,,,,,,,,,,,,,,,,,,,,,,,,,,,,,,,,,,,,,,,,,,,,,,,,,,,,,,,,,,,,,,,,,,,,,,,,,,,,,,,,,,,,,,,,,,,,,,
2023-09-13 11:09:00,FLRC,Nit-S,3,Mid,spring,morning,Erin_Nitida3_Mid_FLRC_2023_09_13,1,358.5,0,9.13,0.128,285.0,11,11,0.0,0.0,431.6,666.7,561.9,0.0,0.353,0.157,-1,0.87,0.92,10,0.875,0.008,0.446,1.545,-1.0,1499.4,0.5,103.153,3.1,2.33,27.91,2,4.64,1,9.29,25.7,27.91,24.99,419.77,414.57,13.237,14.764,38.97,43.47,400.5,1499,1630,97.61,8.66,-0.672,0.245,0.00432,0.227,0.00569,0.5,-1.36,7.36,1.0,0.0,0.16,111115,,,,,,,,,,,,,,,,,,,,,,,,,,,,,,,,,,,,,,,,,,,,,,,,,,,,,,,,,,,,,,,,,,,,,,,,,,,,,,,,,,,,,,,,,,,,,,,,,,,,,,,,,,,,,,,,,,,,,,,,,,,,,,,,,,,,,,,,,,,,
2023-09-13 11:13:00,FLRC,Nit-S,3,Mid,spring,morning,Erin_Nitida3_Mid_FLRC_2023_09_13,2,549.0,0,9.31,0.109,265.0,12,12,0.0,0.0,450.5,743.4,568.0,0.0,0.394,0.236,-1,0.87,0.92,10,0.875,0.012,0.599,1.65,-1.0,999.0,0.5,103.097,2.51,2.22,27.22,2,4.64,1,9.29,25.69,27.22,24.99,420.94,415.77,13.14,14.377,38.72,42.36,400.4,999,1597,97.61,8.66,-0.672,0.245,0.00432,0.227,0.00569,0.8,-1.36,7.36,1.0,0.0,0.16,111115,,,,,,,,,,,,,,,,,,,,,,,,,,,,,,,,,,,,,,,,,,,,,,,,,,,,,,,,,,,,,,,,,,,,,,,,,,,,,,,,,,,,,,,,,,,,,,,,,,,,,,,,,,,,,,,,,,,,,,,,,,,,,,,,,,,,,,,,,,,,
2023-09-13 11:16:00,FLRC,Nit-S,3,Mid,spring,morning,Erin_Nitida3_Mid_FLRC_2023_09_13,3,739.5,0,7.25,0.0933,279.0,13,13,0.0,0.0,495.8,948.0,631.8,0.0,0.477,0.334,-1,0.87,0.92,10,0.875,0.016,0.699,1.912,-1.0,600.9,0.5,87.682,2.06,2.12,26.55,2,4.64,1,9.29,25.66,26.55,24.99,420.34,416.29,13.001,14.014,38.38,41.37,400.4,601,1567,97.61,8.66,-0.672,0.245,0.00432,0.227,0.00569,0.5,-1.36,7.36,1.0,0.0,0.16,111115,,,,,,,,,,,,,,,,,,,,,,,,,,,,,,,,,,,,,,,,,,,,,,,,,,,,,,,,,,,,,,,,,,,,,,,,,,,,,,,,,,,,,,,,,,,,,,,,,,,,,,,,,,,,,,,,,,,,,,,,,,,,,,,,,,,,,,,,,,,,
2023-09-13 11:19:00,FLRC,Nit-S,3,Mid,spring,morning,Erin_Nitida3_Mid_FLRC_2023_09_13,4,929.5,0,4.15,0.0825,325.0,14,14,0.0,0.0,518.4,1055.5,666.0,0.0,0.509,0.369,-1,0.87,0.92,10,0.875,0.012,0.725,2.036,-1.0,501.8,0.5,81.004,1.8,2.1,26.35,2,4.64,1,9.29,25.66,26.35,24.99,421.44,418.98,12.938,13.827,38.18,40.81,399.6,502,1548,97.61,8.66,-0.672,0.245,0.00432,0.227,0.00569,0.2,-1.36,7.36,1.0,0.0,0.16,111115,,,,,,,,,,,,,,,,,,,,,,,,,,,,,,,,,,,,,,,,,,,,,,,,,,,,,,,,,,,,,,,,,,,,,,,,,,,,,,,,,,,,,,,,,,,,,,,,,,,,,,,,,,,,,,,,,,,,,,,,,,,,,,,,,,,,,,,,,,,,
2023-09-13 11:22:00,FLRC,Nit-S,3,Mid,spring,morning,Erin_Nitida3_Mid_FLRC_2023_09_13,5,1120.0,0,5.92,0.0772,282.0,15,15,0.0,0.0,531.1,1127.6,682.0,0.0,0.529,0.395,-1,0.87,0.92,10,0.875,0.018,0.747,2.123,-1.0,451.8,0.5,78.08,1.7,2.11,26.31,2,4.64,1,9.29,25.66,26.31,25.0,420.82,417.5,12.763,13.601,37.67,40.14,399.6,452,1540,97.61,8.66,-0.672,0.245,0.00432,0.227,0.00569,0.8,-1.36,7.36,1.0,0.0,0.16,111115,,,,,,,,,,,,,,,,,,,,,,,,,,,,,,,,,,,,,,,,,,,,,,,,,,,,,,,,,,,,,,,,,,,,,,,,,,,,,,,,,,,,,,,,,,,,,,,,,,,,,,,,,,,,,,,,,,,,,,,,,,,,,,,,,,,,,,,,,,,,
2023-09-13 11:25:00,FLRC,Nit-S,3,Mid,spring,morning,Erin_Nitida3_Mid_FLRC_2023_09_13,6,1310.5,0,3.86,0.0718,318.0,16,16,0.0,0.0,595.9,1464.1,769.5,0.0,0.593,0.474,-1,0.87,0.92,10,0.875,0.019,0.8,2.457,-1.0,298.6,0.5,61.97,1.55,2.07,26.03,2,4.64,1,9.29,25.65,26.03,25.0,420.0,417.75,12.654,13.419,37.37,39.63,399.5,299,1546,97.6,8.66,-0.672,0.245,0.00432,0.227,0.00569,0.8,-1.36,7.36,1.0,0.0,0.16,111115,,,,,,,,,,,,,,,,,,,,,,,,,,,,,,,,,,,,,,,,,,,,,,,,,,,,,,,,,,,,,,,,,,,,,,,,,,,,,,,,,,,,,,,,,,,,,,,,,,,,,,,,,,,,,,,,,,,,,,,,,,,,,,,,,,,,,,,,,,,,
2023-09-13 11:28:00,FLRC,Nit-S,3,Mid,spring,morning,Erin_Nitida3_Mid_FLRC_2023_09_13,7,1500.5,0,1.13,0.0672,377.0,17,17,0.0,0.0,641.0,1727.8,799.6,0.0,0.629,0.537,-1,0.87,0.92,9,0.875,0.012,0.854,2.695,-1.0,201.9,0.5,47.421,1.44,2.05,25.85,2,4.64,1,9.29,25.64,25.85,25.0,418.5,417.64,12.51,13.22,36.96,39.06,399.6,202,1568,97.58,8.66,-0.672,0.245,0.00432,0.227,0.00569,0.8,-1.36,7.36,1.0,0.0,0.16,111115,,,,,,,,,,,,,,,,,,,,,,,,,,,,,,,,,,,,,,,,,,,,,,,,,,,,,,,,,,,,,,,,,,,,,,,,,,,,,,,,,,,,,,,,,,,,,,,,,,,,,,,,,,,,,,,,,,,,,,,,,,,,,,,,,,,,,,,,,,,,
2023-09-13 11:31:00,FLRC,Nit-S,3,Mid,spring,morning,Erin_Nitida3_Mid_FLRC_2023_09_13,8,1661.0,0,2.7,0.0624,336.0,18,18,0.0,0.0,650.6,1812.1,799.0,0.0,0.641,0.559,-1,0.87,0.92,9,0.874,0.024,0.872,2.785,-1.0,175.4,0.5,42.87,1.35,2.07,25.89,2,4.64,1,9.29,25.67,25.89,25.0,420.61,418.98,12.469,13.134,36.78,38.74,399.7,175,1596,97.58,8.66,-0.672,0.245,0.00432,0.227,0.00569,1.0,-1.36,7.36,1.0,0.0,0.16,111115,,,,,,,,,,,,,,,,,,,,,,,,,,,,,,,,,,,,,,,,,,,,,,,,,,,,,,,,,,,,,,,,,,,,,,,,,,,,,,,,,,,,,,,,,,,,,,,,,,,,,,,,,,,,,,,,,,,,,,,,,,,,,,,,,,,,,,,,,,,,
2023-09-13 11:34:00,FLRC,Nit-S,3,Mid,spring,morning,Erin_Nitida3_Mid_FLRC_2023_09_13,9,1826.5,0,0.396,0.0597,394.0,19,19,0.0,0.0,662.3,1897.7,796.9,0.0,0.651,0.58,-1,0.87,0.92,10,0.875,0.011,0.891,2.865,-1.0,149.0,0.5,37.834,1.31,2.1,25.99,2,4.64,1,9.29,25.7,25.99,25.0,419.54,419.07,12.409,13.054,36.53,38.43,399.7,149,1629,97.58,8.66,-0.672,0.245,0.00432,0.227,0.00569,1.0,-1.36,7.36,1.0,0.0,0.16,111115,,,,,,,,,,,,,,,,,,,,,,,,,,,,,,,,,,,,,,,,,,,,,,,,,,,,,,,,,,,,,,,,,,,,,,,,,,,,,,,,,,,,,,,,,,,,,,,,,,,,,,,,,,,,,,,,,,,,,,,,,,,,,,,,,,,,,,,,,,,,
2023-09-13 11:36:00,FLRC,Nit-S,3,Mid,spring,morning,Erin_Nitida3_Mid_FLRC_2023_09_13,10,1981.5,0,0.291,0.058,396.0,20,20,0.0,0.0,671.2,1972.0,792.3,0.0,0.66,0.598,-1,0.87,0.92,10,0.875,0.012,0.907,2.938,-1.0,123.5,0.5,32.314,1.27,2.1,25.94,2,4.64,1,9.29,25.69,25.94,25.0,419.36,418.95,12.263,12.891,36.12,37.97,399.8,123,1664,97.57,8.66,-0.672,0.245,0.00432,0.227,0.00569,1.0,-1.36,7.36,1.0,0.0,0.16,111115,,,,,,,,,,,,,,,,,,,,,,,,,,,,,,,,,,,,,,,,,,,,,,,,,,,,,,,,,,,,,,,,,,,,,,,,,,,,,,,,,,,,,,,,,,,,,,,,,,,,,,,,,,,,,,,,,,,,,,,,,,,,,,,,,,,,,,,,,,,,
2023-11-21 11:55:00,FLRC,Nit-S,3,Mid,spring,morning,Erin_Nitida3_Mid_FLRC_2023_11_21,1,324.0,0,15.0,0.174,260.0,42,42,0.0,0.0,419.9,682.9,577.8,0.0,0.385,0.154,-1,0.87,0.92,10,0.875,0.012,0.4,1.626,-1.0,1501.8,0.5,101.176,3.09,1.71,26.62,2,4.64,1,9.29,25.24,26.62,25.01,420.32,409.47,16.368,18.393,49.36,55.47,299.6,1502,614,97.28,6.77,-0.738,0.158,0.0468,0.18,0.0455,0.5,-1.36,7.36,1.0,0.0,0.16,111115,,,,,,,,,,,,,,,,,,,,,,,,,,,,,,,,,,,,,,,,,,,,,,,,,,,,,,,,,,,,,,,,,,,,,,,,,,,,,,,,,,,,,,,,,,,,,,,,,,,,,,,,,,,,,,,,,,,,,,,,,,,,,,,,,,,,,,,,,,,,
2023-11-21 11:57:00,FLRC,Nit-S,3,Mid,spring,morning,Erin_Nitida3_Mid_FLRC_2023_11_21,2,454.5,0,13.2,0.153,263.0,43,43,0.0,0.0,421.6,731.1,558.4,0.0,0.423,0.236,-1,0.87,0.92,10,0.875,0.016,0.558,1.734,-1.0,998.5,0.5,103.223,2.42,1.52,25.45,2,4.64,1,9.29,25.05,25.45,25.01,420.5,411.05,16.322,17.909,49.8,54.64,299.7,998,2078,97.27,6.77,-0.738,0.158,0.0468,0.18,0.0455,0.8,-1.36,7.36,1.0,0.0,0.16,111115,,,,,,,,,,,,,,,,,,,,,,,,,,,,,,,,,,,,,,,,,,,,,,,,,,,,,,,,,,,,,,,,,,,,,,,,,,,,,,,,,,,,,,,,,,,,,,,,,,,,,,,,,,,,,,,,,,,,,,,,,,,,,,,,,,,,,,,,,,,,
2023-11-21 11:59:00,FLRC,Nit-S,3,Mid,spring,morning,Erin_Nitida3_Mid_FLRC_2023_11_21,3,584.5,0,12.0,0.138,263.0,44,44,0.0,0.0,453.5,881.2,580.8,0.0,0.485,0.341,-1,0.87,0.92,10,0.875,0.025,0.702,1.943,-1.0,601.7,0.5,89.709,2.03,1.42,24.88,2,4.64,1,9.29,25.08,24.88,25.01,420.97,412.41,16.559,17.89,50.4,54.45,299.6,602,2651,97.27,6.77,-0.738,0.158,0.0468,0.18,0.0455,0.5,-1.36,7.36,1.0,0.0,0.16,111115,,,,,,,,,,,,,,,,,,,,,,,,,,,,,,,,,,,,,,,,,,,,,,,,,,,,,,,,,,,,,,,,,,,,,,,,,,,,,,,,,,,,,,,,,,,,,,,,,,,,,,,,,,,,,,,,,,,,,,,,,,,,,,,,,,,,,,,,,,,,
2023-11-21 12:01:00,FLRC,Nit-S,3,Mid,spring,noon,Erin_Nitida3_Mid_FLRC_2023_11_21,4,714.5,0,10.6,0.134,276.0,45,45,0.0,0.0,472.6,993.3,610.3,0.0,0.524,0.386,-1,0.87,0.92,10,0.875,0.026,0.736,2.102,-1.0,501.8,0.5,84.621,1.97,1.42,24.96,2,4.64,1,9.29,25.14,24.96,25.01,419.23,411.64,16.768,18.059,50.87,54.78,299.7,502,1569,97.27,6.77,-0.738,0.158,0.0468,0.18,0.0455,0.5,-1.36,7.36,1.0,0.0,0.16,111115,,,,,,,,,,,,,,,,,,,,,,,,,,,,,,,,,,,,,,,,,,,,,,,,,,,,,,,,,,,,,,,,,,,,,,,,,,,,,,,,,,,,,,,,,,,,,,,,,,,,,,,,,,,,,,,,,,,,,,,,,,,,,,,,,,,,,,,,,,,,
2023-11-21 12:03:00,FLRC,Nit-S,3,Mid,spring,noon,Erin_Nitida3_Mid_FLRC_2023_11_21,5,845.0,0,9.66,0.123,278.0,46,46,0.0,0.0,486.3,1075.2,634.1,0.0,0.548,0.41,-1,0.87,0.92,10,0.875,0.027,0.749,2.211,-1.0,451.5,0.5,81.031,1.78,1.39,24.78,2,4.64,1,9.29,25.05,24.78,25.0,419.94,413.0,16.79,17.958,51.22,54.78,299.6,452,742,97.27,6.77,-0.738,0.158,0.0468,0.18,0.0455,0.5,-1.36,7.36,1.0,0.0,0.16,111115,,,,,,,,,,,,,,,,,,,,,,,,,,,,,,,,,,,,,,,,,,,,,,,,,,,,,,,,,,,,,,,,,,,,,,,,,,,,,,,,,,,,,,,,,,,,,,,,,,,,,,,,,,,,,,,,,,,,,,,,,,,,,,,,,,,,,,,,,,,,
2023-11-21 12:05:00,FLRC,Nit-S,3,Mid,spring,noon,Erin_Nitida3_Mid_FLRC_2023_11_21,6,975.0,0,9.38,0.107,265.0,47,47,0.0,0.0,534.7,1368.0,696.8,0.0,0.609,0.491,-1,0.87,0.92,10,0.875,0.039,0.805,2.559,-1.0,301.4,0.5,64.691,1.5,1.34,24.47,2,4.64,1,9.29,24.99,24.47,25.01,420.13,413.45,16.888,17.872,51.69,54.7,299.6,301,892,97.27,6.77,-0.738,0.158,0.0468,0.18,0.0455,0.5,-1.36,7.36,1.0,0.0,0.16,111115,,,,,,,,,,,,,,,,,,,,,,,,,,,,,,,,,,,,,,,,,,,,,,,,,,,,,,,,,,,,,,,,,,,,,,,,,,,,,,,,,,,,,,,,,,,,,,,,,,,,,,,,,,,,,,,,,,,,,,,,,,,,,,,,,,,,,,,,,,,,
2023-11-21 12:08:00,FLRC,Nit-S,3,Mid,spring,noon,Erin_Nitida3_Mid_FLRC_2023_11_21,7,1105.5,0,9.19,0.0966,254.0,48,48,0.0,0.0,579.6,1674.0,729.1,0.0,0.654,0.564,-1,0.87,0.92,9,0.875,0.058,0.863,2.888,-1.0,200.3,0.5,49.45,1.33,1.32,24.29,2,4.64,1,9.29,24.97,24.29,25.01,421.5,415.0,16.931,17.801,51.9,54.57,299.6,200,2307,97.27,6.77,-0.738,0.158,0.0468,0.18,0.0455,0.5,-1.36,7.36,1.0,0.0,0.16,111115,,,,,,,,,,,,,,,,,,,,,,,,,,,,,,,,,,,,,,,,,,,,,,,,,,,,,,,,,,,,,,,,,,,,,,,,,,,,,,,,,,,,,,,,,,,,,,,,,,,,,,,,,,,,,,,,,,,,,,,,,,,,,,,,,,,,,,,,,,,,
2023-11-21 12:10:00,FLRC,Nit-S,3,Mid,spring,noon,Erin_Nitida3_Mid_FLRC_2023_11_21,8,1235.5,0,5.98,0.0895,300.0,49,49,0.0,0.0,596.1,1814.4,735.5,0.0,0.671,0.595,-1,0.87,0.92,9,0.875,0.046,0.886,3.044,-1.0,173.3,0.5,45.066,1.27,1.36,24.63,2,4.64,1,9.29,25.13,24.63,25.0,420.36,416.02,17.203,18.034,52.23,54.76,299.6,173,724,97.28,6.77,-0.738,0.158,0.0468,0.18,0.0455,0.5,-1.36,7.36,1.0,0.0,0.16,111115,,,,,,,,,,,,,,,,,,,,,,,,,,,,,,,,,,,,,,,,,,,,,,,,,,,,,,,,,,,,,,,,,,,,,,,,,,,,,,,,,,,,,,,,,,,,,,,,,,,,,,,,,,,,,,,,,,,,,,,,,,,,,,,,,,,,,,,,,,,,
2023-11-21 12:12:00,FLRC,Nit-S,3,Mid,spring,noon,Erin_Nitida3_Mid_FLRC_2023_11_21,9,1366.0,0,6.41,0.086,287.0,50,50,0.0,0.0,608.7,1935.5,738.2,0.0,0.686,0.619,-1,0.87,0.92,10,0.875,0.056,0.902,3.18,-1.0,150.8,0.5,40.814,1.21,1.34,24.5,2,4.64,1,9.29,25.01,24.5,25.0,420.13,415.52,17.136,17.926,52.39,54.8,299.6,151,663,97.28,6.77,-0.738,0.158,0.0468,0.18,0.0455,0.5,-1.36,7.36,1.0,0.0,0.16,111115,,,,,,,,,,,,,,,,,,,,,,,,,,,,,,,,,,,,,,,,,,,,,,,,,,,,,,,,,,,,,,,,,,,,,,,,,,,,,,,,,,,,,,,,,,,,,,,,,,,,,,,,,,,,,,,,,,,,,,,,,,,,,,,,,,,,,,,,,,,,
2023-11-21 12:14:00,FLRC,Nit-S,3,Mid,spring,noon,Erin_Nitida3_Mid_FLRC_2023_11_21,10,1496.0,0,5.88,0.0796,288.0,51,51,0.0,0.0,618.4,2042.2,731.9,0.0,0.697,0.642,-1,0.87,0.92,10,0.875,0.063,0.92,3.303,-1.0,125.2,0.5,35.137,1.09,1.31,24.29,2,4.64,1,9.29,24.96,24.29,25.01,419.41,415.19,17.147,17.861,52.59,54.78,299.6,125,2500,97.28,6.77,-0.738,0.158,0.0468,0.18,0.0455,0.5,-1.36,7.36,1.0,0.0,0.16,111115,,,,,,,,,,,,,,,,,,,,,,,,,,,,,,,,,,,,,,,,,,,,,,,,,,,,,,,,,,,,,,,,,,,,,,,,,,,,,,,,,,,,,,,,,,,,,,,,,,,,,,,,,,,,,,,,,,,,,,,,,,,,,,,,,,,,,,,,,,,,
2023-12-18 12:01:00,FLRC,Nit-S,3,Mid,summer,noon,Erin_Nitida3_Mid_FLRC_2023_12_18,1,183.0,0,2.85,0.0543,309.0,41,41,0.0,0.0,460.1,685.7,625.9,0.0,0.329,0.087,-1,0.87,0.92,10,0.875,0.003,0.265,1.49,-1.0,1499.0,0.5,57.212,2.18,3.79,34.99,2,4.64,1,9.29,31.4,34.99,29.89,418.95,417.07,17.972,19.042,38.03,40.29,399.8,1499,2282,97.63,6.03,-0.796,0.0516,0.00933,0.0666,0.00918,0.8,-1.36,7.36,1.0,0.0,0.16,111115,,,,,,,,,,,,,,,,,,,,,,,,,,,,,,,,,,,,,,,,,,,,,,,,,,,,,,,,,,,,,,,,,,,,,,,,,,,,,,,,,,,,,,,,,,,,,,,,,,,,,,,,,,,,,,,,,,,,,,,,,,,,,,,,,,,,,,,,,,,,
2023-12-18 12:03:00,FLRC,Nit-S,3,Mid,summer,noon,Erin_Nitida3_Mid_FLRC_2023_12_18,2,313.0,0,2.73,0.045,299.0,42,42,0.0,0.0,459.2,704.7,603.8,0.0,0.348,0.143,-1,0.87,0.92,10,0.875,0.004,0.411,1.534,-1.0,998.9,0.5,62.561,1.68,3.52,34.04,2,4.64,1,9.29,31.15,34.04,29.67,419.73,418.02,17.992,18.815,38.6,40.36,399.6,999,2300,97.63,6.03,-0.796,0.0516,0.00933,0.0666,0.00918,0.8,-1.36,7.36,1.0,0.0,0.16,111115,,,,,,,,,,,,,,,,,,,,,,,,,,,,,,,,,,,,,,,,,,,,,,,,,,,,,,,,,,,,,,,,,,,,,,,,,,,,,,,,,,,,,,,,,,,,,,,,,,,,,,,,,,,,,,,,,,,,,,,,,,,,,,,,,,,,,,,,,,,,
2023-12-18 12:06:00,FLRC,Nit-S,3,Mid,summer,noon,Erin_Nitida3_Mid_FLRC_2023_12_18,3,443.5,0,2.74,0.0368,279.0,43,43,0.0,0.0,471.1,775.5,591.1,0.0,0.393,0.238,-1,0.87,0.92,10,0.875,0.007,0.606,1.646,-1.0,602.0,0.5,62.619,1.29,3.31,33.26,2,4.64,1,9.29,30.9,33.26,29.47,419.87,418.23,18.018,18.651,39.21,40.59,399.7,602,2285,97.63,6.03,-0.796,0.0516,0.00933,0.0666,0.00918,0.5,-1.36,7.36,1.0,0.0,0.16,111115,,,,,,,,,,,,,,,,,,,,,,,,,,,,,,,,,,,,,,,,,,,,,,,,,,,,,,,,,,,,,,,,,,,,,,,,,,,,,,,,,,,,,,,,,,,,,,,,,,,,,,,,,,,,,,,,,,,,,,,,,,,,,,,,,,,,,,,,,,,,
2023-12-18 12:08:00,FLRC,Nit-S,3,Mid,summer,noon,Erin_Nitida3_Mid_FLRC_2023_12_18,4,574.5,0,3.45,0.0334,235.0,44,44,0.0,0.0,478.2,832.9,594.9,0.0,0.426,0.286,-1,0.87,0.92,10,0.875,0.01,0.671,1.742,-1.0,500.0,0.5,62.497,1.14,3.22,32.91,2,4.64,1,9.29,30.68,32.91,29.27,420.1,418.14,17.94,18.499,39.54,40.77,399.6,500,2255,97.63,6.03,-0.796,0.0516,0.00933,0.0666,0.00918,0.5,-1.36,7.36,1.0,0.0,0.16,111115,,,,,,,,,,,,,,,,,,,,,,,,,,,,,,,,,,,,,,,,,,,,,,,,,,,,,,,,,,,,,,,,,,,,,,,,,,,,,,,,,,,,,,,,,,,,,,,,,,,,,,,,,,,,,,,,,,,,,,,,,,,,,,,,,,,,,,,,,,,,
2023-12-18 12:10:00,FLRC,Nit-S,3,Mid,summer,noon,Erin_Nitida3_Mid_FLRC_2023_12_18,5,704.5,0,2.21,0.03,281.0,45,45,0.0,0.0,483.9,883.1,603.1,0.0,0.452,0.317,-1,0.87,0.92,9,0.875,0.008,0.701,1.825,-1.0,450.1,0.5,62.415,1.0,3.16,32.65,2,4.64,1,9.29,30.53,32.65,29.13,419.78,418.46,17.902,18.393,39.81,40.9,399.9,450,2267,97.63,6.03,-0.796,0.0516,0.00933,0.0666,0.00918,0.5,-1.36,7.36,1.0,0.0,0.16,111115,,,,,,,,,,,,,,,,,,,,,,,,,,,,,,,,,,,,,,,,,,,,,,,,,,,,,,,,,,,,,,,,,,,,,,,,,,,,,,,,,,,,,,,,,,,,,,,,,,,,,,,,,,,,,,,,,,,,,,,,,,,,,,,,,,,,,,,,,,,,
2023-12-18 12:12:00,FLRC,Nit-S,3,Mid,summer,noon,Erin_Nitida3_Mid_FLRC_2023_12_18,6,835.0,0,2.94,0.0298,243.0,46,46,0.0,0.0,533.6,1149.8,675.7,0.0,0.536,0.412,-1,0.87,0.92,10,0.875,0.015,0.769,2.155,-1.0,301.8,0.5,54.441,0.981,3.11,32.52,2,4.64,1,9.29,30.59,32.52,29.19,420.25,418.57,17.997,18.479,39.87,40.93,399.5,302,2285,97.63,6.03,-0.796,0.0516,0.00933,0.0666,0.00918,0.5,-1.36,7.36,1.0,0.0,0.16,111115,,,,,,,,,,,,,,,,,,,,,,,,,,,,,,,,,,,,,,,,,,,,,,,,,,,,,,,,,,,,,,,,,,,,,,,,,,,,,,,,,,,,,,,,,,,,,,,,,,,,,,,,,,,,,,,,,,,,,,,,,,,,,,,,,,,,,,,,,,,,
2023-12-18 12:14:00,FLRC,Nit-S,3,Mid,summer,noon,Erin_Nitida3_Mid_FLRC_2023_12_18,7,965.0,0,1.44,0.0306,324.0,47,47,0.0,0.0,598.6,1522.3,766.6,0.0,0.607,0.496,-1,0.87,0.92,9,0.874,0.014,0.818,2.543,-1.0,201.7,0.5,43.778,0.991,3.07,32.37,2,4.64,1,9.29,30.61,32.37,29.24,420.02,419.09,18.008,18.495,39.84,40.92,399.6,202,2277,97.64,6.03,-0.796,0.0516,0.00933,0.0666,0.00918,0.8,-1.36,7.36,1.0,0.0,0.16,111115,,,,,,,,,,,,,,,,,,,,,,,,,,,,,,,,,,,,,,,,,,,,,,,,,,,,,,,,,,,,,,,,,,,,,,,,,,,,,,,,,,,,,,,,,,,,,,,,,,,,,,,,,,,,,,,,,,,,,,,,,,,,,,,,,,,,,,,,,,,,
2023-12-18 12:16:00,FLRC,Nit-S,3,Mid,summer,noon,Erin_Nitida3_Mid_FLRC_2023_12_18,8,1095.5,0,0.121,0.0309,391.0,48,48,0.0,0.0,617.2,1680.6,793.0,0.0,0.633,0.528,-1,0.87,0.92,9,0.874,0.007,0.835,2.723,-1.0,175.3,0.5,40.486,1.02,3.12,32.55,2,4.64,1,9.29,30.83,32.55,29.46,419.23,418.95,17.981,18.482,39.29,40.39,399.7,175,2288,97.63,6.03,-0.796,0.0516,0.00933,0.0666,0.00918,0.5,-1.36,7.36,1.0,0.0,0.16,111115,,,,,,,,,,,,,,,,,,,,,,,,,,,,,,,,,,,,,,,,,,,,,,,,,,,,,,,,,,,,,,,,,,,,,,,,,,,,,,,,,,,,,,,,,,,,,,,,,,,,,,,,,,,,,,,,,,,,,,,,,,,,,,,,,,,,,,,,,,,,
2023-12-18 12:19:00,FLRC,Nit-S,3,Mid,summer,noon,Erin_Nitida3_Mid_FLRC_2023_12_18,9,1225.5,0,0.973,0.0312,349.0,49,49,0.0,0.0,637.3,1843.7,816.0,0.0,0.654,0.557,-1,0.87,0.92,10,0.875,0.015,0.852,2.893,-1.0,149.3,0.5,36.413,1.06,3.19,32.83,2,4.64,1,9.29,31.12,32.83,29.73,420.23,419.52,18.04,18.558,38.77,39.88,399.6,149,2329,97.63,6.03,-0.796,0.0516,0.00933,0.0666,0.00918,0.5,-1.36,7.36,1.0,0.0,0.16,111115,,,,,,,,,,,,,,,,,,,,,,,,,,,,,,,,,,,,,,,,,,,,,,,,,,,,,,,,,,,,,,,,,,,,,,,,,,,,,,,,,,,,,,,,,,,,,,,,,,,,,,,,,,,,,,,,,,,,,,,,,,,,,,,,,,,,,,,,,,,,
2023-12-18 12:21:00,FLRC,Nit-S,3,Mid,summer,noon,Erin_Nitida3_Mid_FLRC_2023_12_18,10,1356.0,0,-0.784,0.0312,437.0,50,50,0.0,0.0,653.2,1979.7,827.7,0.0,0.67,0.582,-1,0.87,0.92,10,0.875,0.002,0.868,3.031,-1.0,124.0,0.5,31.563,1.06,3.23,32.95,2,4.64,1,9.29,31.3,32.95,29.9,420.01,420.17,18.036,18.558,38.37,39.48,399.6,124,2339,97.63,6.03,-0.796,0.0516,0.00933,0.0666,0.00918,0.5,-1.36,7.36,1.0,0.0,0.16,111115,,,,,,,,,,,,,,,,,,,,,,,,,,,,,,,,,,,,,,,,,,,,,,,,,,,,,,,,,,,,,,,,,,,,,,,,,,,,,,,,,,,,,,,,,,,,,,,,,,,,,,,,,,,,,,,,,,,,,,,,,,,,,,,,,,,,,,,,,,,,
2024-01-25 10:28:00,FLRC,Nit-S,3,Mid,summer,morning,Erin_Nitida3_Mid_FLRC_2024_01_25,1,273.5,0,4.26,-0.0294,604.0,1,1,0.0,0.0,321.8,398.9,374.9,0.0,0.193,0.06,-1,0.87,0.92,10,0.875,0.004,0.312,1.239,-1.0,1500.3,0.5,39.506,-1.6,5.0,40.35,2,4.64,1,9.29,35.98,40.35,34.48,419.73,417.33,27.197,26.16,44.5,42.8,299.6,1500,2047,97.56,7.92,-0.508,0.0,0.0,0.0,0.0,0.5,-1.36,7.36,1.0,0.0,0.16,111115,,,,,,,,,,,,,,,,,,,,,,,,,,,,,,,,,,,,,,,,,,,,,,,,,,,,,,,,,,,,,,,,,,,,,,,,,,,,,,,,,,,,,,,,,,,,,,,,,,,,,,,,,,,,,,,,,,,,,,,,,,,,,,,,,,,,,,,,,,,,
2024-01-25 10:29:00,FLRC,Nit-S,3,Mid,summer,morning,Erin_Nitida3_Mid_FLRC_2024_01_25,2,343.5,0,3.21,-0.0315,542.0,2,2,0.0,0.0,312.0,393.8,355.7,0.0,0.208,0.097,-1,0.87,0.92,10,0.875,0.005,0.465,1.262,-1.0,999.1,0.5,42.275,-1.61,4.71,39.61,2,4.64,1,9.29,35.91,39.61,34.4,419.71,418.02,27.191,26.146,44.65,42.94,299.6,999,2044,97.56,7.92,-0.508,0.0,0.0,0.0,0.0,0.8,-1.36,7.36,1.0,0.0,0.16,111115,,,,,,,,,,,,,,,,,,,,,,,,,,,,,,,,,,,,,,,,,,,,,,,,,,,,,,,,,,,,,,,,,,,,,,,,,,,,,,,,,,,,,,,,,,,,,,,,,,,,,,,,,,,,,,,,,,,,,,,,,,,,,,,,,,,,,,,,,,,,
2024-01-25 10:30:00,FLRC,Nit-S,3,Mid,summer,morning,Erin_Nitida3_Mid_FLRC_2024_01_25,3,414.0,0,3.55,-0.0349,543.0,3,3,0.0,0.0,311.0,416.9,351.2,0.0,0.254,0.158,-1,0.87,0.92,10,0.875,0.009,0.621,1.34,-1.0,598.8,0.5,41.289,-1.69,4.48,39.02,2,4.64,1,9.29,35.88,39.02,34.36,419.95,418.05,27.225,26.124,44.79,42.98,299.6,599,2043,97.56,7.92,-0.508,0.0,0.0,0.0,0.0,0.8,-1.36,7.36,1.0,0.0,0.16,111115,-0.100005,0.0,0.0171797,251.391,0.0,17.7502,85.7764,0.0,7.67306,-6.66188,0.0,1.29288,1.96134,0.0,0.17545,2.97475,-4.43083,0.362127,-0.101314,58.8992,2.04436,15.5164,401.15,405.806,0.0,1.0,538.566,13.9236,14.1202,0.0,1.0,304.819,304.031,97771.8,1.11445,1013.45,0.0258532,0.127095,0.00970495,1361.7,4449.7,0.00870829,30.6021,3088.0,284.713,0.605286,2.3301,0.0681005,2.40831,-1.06744e-13,0.00379593,2.40832,6.30418,133.906,75.2356,,,0.299557,1.05527,-9.18792,-0.58011,2.93076,0.74303,0.0,52.8628,-8.02213,18.1461,45.1863,68.912,96.65,144.799,-0.0964662,1.03668,243.897,1.05104,55.9298,1.20398,-15.8221,1.18874,1.27888,1.20398,800000099.0,800000099.0,800000099.0,800000099.0,800000099.0,800000099.0,800000199.0,800000199.0,80000.0,80000.0,80.0,81.0,1.0,4.0,0.0,10.0,7.0,2.0,1.25404,0.659644,0.196847,0.93546,0.0054738,138.896,0.215945,-0.0158221,1.27888,30.6325,14.7186,37.1876,850.686,154.035,0.319639,0.0418017,0.0810798,443.988,304.276,303.241,97769.2,30.6021,300.595,302.815,71.8515,0.83885,1.32746,6.47056,10.6374,10.9736,15.6225,0.0,1.083155,0.001016,2187000.0,1.016,1.0,-6.299753,0.7588251873326073,7.420705187332607,2.5245706727769353
2024-01-25 10:32:00,FLRC,Nit-S,3,Mid,summer,morning,Erin_Nitida3_Mid_FLRC_2024_01_25,4,484.0,0,3.46,-0.0362,535.0,4,4,0.0,0.0,313.2,432.9,353.0,0.0,0.277,0.185,-1,0.87,0.92,9,0.875,0.01,0.667,1.382,-1.0,501.7,0.5,40.489,-1.72,4.39,38.76,2,4.64,1,9.29,35.83,38.76,34.31,420.1,418.27,27.182,26.064,44.84,43.0,299.6,502,2056,97.56,7.92,-0.508,0.0,0.0,0.0,0.0,0.5,-1.36,7.36,1.0,0.0,0.16,111115,,,,,,,,,,,,,,,,,,,,,,,,,,,,,,,,,,,,,,,,,,,,,,,,,,,,,,,,,,,,,,,,,,,,,,,,,,,,,,,,,,,,,,,,,,,,,,,,,,,,,,,,,,,,,,,,,,,,,,,,,,,,,,,,,,,,,,,,,,,,
2024-01-25 10:33:00,FLRC,Nit-S,3,Mid,summer,morning,Erin_Nitida3_Mid_FLRC_2024_01_25,5,554.0,0,3.16,-0.0357,524.0,5,5,0.0,0.0,316.3,448.2,355.7,0.0,0.294,0.206,-1,0.87,0.92,9,0.875,0.011,0.701,1.417,-1.0,448.1,0.5,40.429,-1.69,4.37,38.68,2,4.64,1,9.29,35.85,38.68,34.33,419.92,418.28,27.145,26.048,44.73,42.93,299.6,448,2057,97.56,7.92,-0.508,0.0,0.0,0.0,0.0,0.5,-1.36,7.36,1.0,0.0,0.16,111115,,,,,,,,,,,,,,,,,,,,,,,,,,,,,,,,,,,,,,,,,,,,,,,,,,,,,,,,,,,,,,,,,,,,,,,,,,,,,,,,,,,,,,,,,,,,,,,,,,,,,,,,,,,,,,,,,,,,,,,,,,,,,,,,,,,,,,,,,,,,
2024-01-25 10:34:00,FLRC,Nit-S,3,Mid,summer,morning,Erin_Nitida3_Mid_FLRC_2024_01_25,6,624.0,0,3.35,-0.0355,533.0,6,6,0.0,0.0,335.4,534.5,388.0,0.0,0.372,0.274,-1,0.87,0.92,10,0.875,0.017,0.736,1.594,-1.0,301.5,0.5,36.151,-1.65,4.3,38.5,2,4.64,1,9.29,35.9,38.5,34.37,419.94,418.17,27.096,26.022,44.54,42.78,299.6,301,2051,97.56,7.92,-0.508,0.0,0.0,0.0,0.0,0.8,-1.36,7.36,1.0,0.0,0.16,111115,,,,,,,,,,,,,,,,,,,,,,,,,,,,,,,,,,,,,,,,,,,,,,,,,,,,,,,,,,,,,,,,,,,,,,,,,,,,,,,,,,,,,,,,,,,,,,,,,,,,,,,,,,,,,,,,,,,,,,,,,,,,,,,,,,,,,,,,,,,,
2024-01-25 10:35:00,FLRC,Nit-S,3,Mid,summer,morning,Erin_Nitida3_Mid_FLRC_2024_01_25,7,694.5,0,2.81,-0.0366,508.0,7,7,0.0,0.0,373.4,674.7,446.5,0.0,0.447,0.338,-1,0.87,0.92,9,0.874,0.022,0.758,1.807,-1.0,198.9,0.5,29.413,-1.67,4.22,38.28,2,4.64,1,9.29,35.84,38.28,34.3,420.07,418.66,27.068,25.983,44.64,42.85,299.7,199,2060,97.55,7.92,-0.508,0.0,0.0,0.0,0.0,0.5,-1.36,7.36,1.0,0.0,0.16,111115,,,,,,,,,,,,,,,,,,,,,,,,,,,,,,,,,,,,,,,,,,,,,,,,,,,,,,,,,,,,,,,,,,,,,,,,,,,,,,,,,,,,,,,,,,,,,,,,,,,,,,,,,,,,,,,,,,,,,,,,,,,,,,,,,,,,,,,,,,,,
2024-01-25 10:36:00,FLRC,Nit-S,3,Mid,summer,morning,Erin_Nitida3_Mid_FLRC_2024_01_25,8,764.5,0,3.66,-0.0363,545.0,8,8,0.0,0.0,381.6,719.9,460.2,0.0,0.47,0.361,-1,0.87,0.92,9,0.874,0.031,0.767,1.886,-1.0,173.1,0.5,27.286,-1.64,4.17,38.14,2,4.64,1,9.29,35.78,38.14,34.25,420.43,418.44,27.038,25.973,44.74,42.97,299.7,173,2059,97.55,7.92,-0.508,0.0,0.0,0.0,0.0,0.5,-1.36,7.36,1.0,0.0,0.16,111115,,,,,,,,,,,,,,,,,,,,,,,,,,,,,,,,,,,,,,,,,,,,,,,,,,,,,,,,,,,,,,,,,,,,,,,,,,,,,,,,,,,,,,,,,,,,,,,,,,,,,,,,,,,,,,,,,,,,,,,,,,,,,,,,,,,,,,,,,,,,
2024-01-25 10:37:00,FLRC,Nit-S,3,Mid,summer,morning,Erin_Nitida3_Mid_FLRC_2024_01_25,9,834.5,0,2.39,-0.0355,494.0,9,9,0.0,0.0,397.8,777.9,478.9,0.0,0.489,0.384,-1,0.87,0.92,10,0.875,0.026,0.787,1.956,-1.0,150.9,0.5,25.364,-1.59,4.15,38.07,2,4.64,1,9.29,35.78,38.07,34.26,420.03,418.88,27.034,26.002,44.72,43.01,299.6,151,2067,97.55,7.92,-0.508,0.0,0.0,0.0,0.0,0.8,-1.36,7.36,1.0,0.0,0.16,111115,,,,,,,,,,,,,,,,,,,,,,,,,,,,,,,,,,,,,,,,,,,,,,,,,,,,,,,,,,,,,,,,,,,,,,,,,,,,,,,,,,,,,,,,,,,,,,,,,,,,,,,,,,,,,,,,,,,,,,,,,,,,,,,,,,,,,,,,,,,,
2024-01-25 10:39:00,FLRC,Nit-S,3,Mid,summer,morning,Erin_Nitida3_Mid_FLRC_2024_01_25,10,904.5,0,1.98,-0.0364,474.0,10,10,0.0,0.0,416.7,850.7,502.4,0.0,0.51,0.409,-1,0.87,0.92,10,0.875,0.027,0.803,2.042,-1.0,125.6,0.5,22.492,-1.63,4.14,38.05,2,4.64,1,9.29,35.8,38.05,34.29,420.22,419.36,27.038,25.978,44.67,42.92,299.7,126,2071,97.55,7.92,-0.508,0.0,0.0,0.0,0.0,0.5,-1.36,7.36,1.0,0.0,0.16,111115,,,,,,,,,,,,,,,,,,,,,,,,,,,,,,,,,,,,,,,,,,,,,,,,,,,,,,,,,,,,,,,,,,,,,,,,,,,,,,,,,,,,,,,,,,,,,,,,,,,,,,,,,,,,,,,,,,,,,,,,,,,,,,,,,,,,,,,,,,,,
2023-09-13 12:12:00,FLRC,Nit-S,3,Old,spring,noon,Erin_Nitida3_Old_FLRC_2023_09_13,1,289.0,0,12.9,0.11,214.0,28,28,0.0,0.0,477.6,810.5,696.2,0.0,0.411,0.141,-1,0.87,0.92,10,0.875,0.011,0.343,1.697,-1.0,1498.7,0.5,92.49,2.26,1.96,28.49,2,4.64,1,9.29,25.83,28.49,24.99,420.13,413.23,18.843,19.948,55.03,58.26,400.5,1499,1652,97.54,6.81,-0.756,0.0512,0.00588,0.0344,0.00618,0.5,-1.36,7.36,1.0,0.0,0.16,111115,,,,,,,,,,,,,,,,,,,,,,,,,,,,,,,,,,,,,,,,,,,,,,,,,,,,,,,,,,,,,,,,,,,,,,,,,,,,,,,,,,,,,,,,,,,,,,,,,,,,,,,,,,,,,,,,,,,,,,,,,,,,,,,,,,,,,,,,,,,,
2023-09-13 12:15:00,FLRC,Nit-S,3,Old,spring,noon,Erin_Nitida3_Old_FLRC_2023_09_13,2,479.0,0,9.71,0.0807,211.0,29,29,0.0,0.0,448.9,769.6,589.0,0.0,0.417,0.235,-1,0.87,0.92,10,0.875,0.012,0.563,1.714,-1.0,997.9,0.5,102.415,1.58,1.87,27.91,2,4.64,1,9.29,25.83,27.91,24.99,420.03,414.86,18.777,19.55,54.84,57.1,400.5,998,1721,97.54,6.81,-0.756,0.0512,0.00588,0.0344,0.00618,0.5,-1.36,7.36,1.0,0.0,0.16,111115,,,,,,,,,,,,,,,,,,,,,,,,,,,,,,,,,,,,,,,,,,,,,,,,,,,,,,,,,,,,,,,,,,,,,,,,,,,,,,,,,,,,,,,,,,,,,,,,,,,,,,,,,,,,,,,,,,,,,,,,,,,,,,,,,,,,,,,,,,,,
2023-09-13 12:18:00,FLRC,Nit-S,3,Old,spring,noon,Erin_Nitida3_Old_FLRC_2023_09_13,3,669.5,0,7.33,0.0625,217.0,30,30,0.0,0.0,464.9,898.1,584.3,0.0,0.482,0.349,-1,0.87,0.92,10,0.875,0.016,0.724,1.932,-1.0,599.9,0.5,91.704,1.17,1.78,27.42,2,4.64,1,9.29,25.85,27.42,24.99,419.45,415.55,18.753,19.326,54.68,56.35,400.5,600,1750,97.54,6.81,-0.756,0.0512,0.00588,0.0344,0.00618,0.5,-1.36,7.36,1.0,0.0,0.16,111115,,,,,,,,,,,,,,,,,,,,,,,,,,,,,,,,,,,,,,,,,,,,,,,,,,,,,,,,,,,,,,,,,,,,,,,,,,,,,,,,,,,,,,,,,,,,,,,,,,,,,,,,,,,,,,,,,,,,,,,,,,,,,,,,,,,,,,,,,,,,
2023-09-13 12:21:00,FLRC,Nit-S,3,Old,spring,noon,Erin_Nitida3_Old_FLRC_2023_09_13,4,860.0,0,6.8,0.0517,196.0,31,31,0.0,0.0,474.1,972.7,591.6,0.0,0.513,0.392,-1,0.87,0.92,10,0.875,0.018,0.764,2.052,-1.0,500.9,0.5,85.845,0.956,1.76,27.27,2,4.64,1,9.29,25.84,27.27,24.99,419.99,416.4,18.733,19.202,54.67,56.04,400.5,501,1741,97.53,6.81,-0.756,0.0512,0.00588,0.0344,0.00618,0.5,-1.36,7.36,1.0,0.0,0.16,111115,,,,,,,,,,,,,,,,,,,,,,,,,,,,,,,,,,,,,,,,,,,,,,,,,,,,,,,,,,,,,,,,,,,,,,,,,,,,,,,,,,,,,,,,,,,,,,,,,,,,,,,,,,,,,,,,,,,,,,,,,,,,,,,,,,,,,,,,,,,,
2023-09-13 12:24:00,FLRC,Nit-S,3,Old,spring,noon,Erin_Nitida3_Old_FLRC_2023_09_13,5,1050.0,0,5.94,0.0442,192.0,32,32,0.0,0.0,480.4,1030.2,599.9,0.0,0.534,0.418,-1,0.87,0.92,10,0.875,0.018,0.783,2.144,-1.0,450.3,0.5,82.281,0.825,1.78,27.31,2,4.64,1,9.29,25.87,27.31,25.0,420.01,416.87,18.761,19.164,54.64,55.82,400.6,450,1756,97.53,6.81,-0.756,0.0512,0.00588,0.0344,0.00618,0.5,-1.36,7.36,1.0,0.0,0.16,111115,,,,,,,,,,,,,,,,,,,,,,,,,,,,,,,,,,,,,,,,,,,,,,,,,,,,,,,,,,,,,,,,,,,,,,,,,,,,,,,,,,,,,,,,,,,,,,,,,,,,,,,,,,,,,,,,,,,,,,,,,,,,,,,,,,,,,,,,,,,,
2023-09-13 12:28:00,FLRC,Nit-S,3,Old,spring,noon,Erin_Nitida3_Old_FLRC_2023_09_13,6,1240.5,0,5.28,0.0405,199.0,33,33,0.0,0.0,535.2,1367.4,681.7,0.0,0.609,0.501,-1,0.87,0.92,10,0.875,0.024,0.824,2.555,-1.0,301.2,0.5,66.076,0.747,1.75,27.16,2,4.64,1,9.29,25.9,27.16,25.0,419.94,417.15,18.686,19.052,54.35,55.41,400.5,301,1635,97.53,6.81,-0.756,0.0512,0.00588,0.0344,0.00618,0.5,-1.36,7.36,1.0,0.0,0.16,111115,,,,,,,,,,,,,,,,,,,,,,,,,,,,,,,,,,,,,,,,,,,,,,,,,,,,,,,,,,,,,,,,,,,,,,,,,,,,,,,,,,,,,,,,,,,,,,,,,,,,,,,,,,,,,,,,,,,,,,,,,,,,,,,,,,,,,,,,,,,,
2023-09-13 12:31:00,FLRC,Nit-S,3,Old,spring,noon,Erin_Nitida3_Old_FLRC_2023_09_13,7,1431.0,0,4.44,0.0355,207.0,34,34,0.0,0.0,589.9,1789.3,761.7,0.0,0.67,0.574,-1,0.87,0.92,9,0.875,0.031,0.857,3.033,-1.0,200.8,0.5,50.433,0.648,1.73,26.96,2,4.64,1,9.29,25.88,26.96,24.99,419.3,416.95,18.517,18.835,53.9,54.83,400.5,201,1748,97.52,6.81,-0.756,0.0512,0.00588,0.0344,0.00618,0.5,-1.36,7.36,1.0,0.0,0.16,111115,,,,,,,,,,,,,,,,,,,,,,,,,,,,,,,,,,,,,,,,,,,,,,,,,,,,,,,,,,,,,,,,,,,,,,,,,,,,,,,,,,,,,,,,,,,,,,,,,,,,,,,,,,,,,,,,,,,,,,,,,,,,,,,,,,,,,,,,,,,,
2023-09-13 12:34:00,FLRC,Nit-S,3,Old,spring,noon,Erin_Nitida3_Old_FLRC_2023_09_13,8,1621.0,0,4.91,0.0313,158.0,35,35,0.0,0.0,603.5,1927.1,767.1,0.0,0.687,0.602,-1,0.87,0.92,9,0.874,0.039,0.876,3.193,-1.0,174.7,0.5,45.979,0.571,1.73,26.95,2,4.64,1,9.29,25.89,26.95,25.0,420.52,417.95,18.539,18.819,53.92,54.73,400.5,175,1604,97.51,6.81,-0.756,0.0512,0.00588,0.0344,0.00618,0.5,-1.36,7.36,1.0,0.0,0.16,111115,,,,,,,,,,,,,,,,,,,,,,,,,,,,,,,,,,,,,,,,,,,,,,,,,,,,,,,,,,,,,,,,,,,,,,,,,,,,,,,,,,,,,,,,,,,,,,,,,,,,,,,,,,,,,,,,,,,,,,,,,,,,,,,,,,,,,,,,,,,,
2023-09-13 12:37:00,FLRC,Nit-S,3,Old,spring,noon,Erin_Nitida3_Old_FLRC_2023_09_13,9,1811.5,0,4.75,0.0284,141.0,36,36,0.0,0.0,620.5,2074.5,772.5,0.0,0.701,0.628,-1,0.87,0.92,10,0.875,0.044,0.895,3.344,-1.0,148.4,0.5,40.744,0.515,1.73,26.93,2,4.64,1,9.29,25.89,26.93,25.0,420.5,418.02,18.595,18.847,54.08,54.82,400.5,148,1656,97.5,6.81,-0.756,0.0512,0.00588,0.0344,0.00618,0.5,-1.36,7.36,1.0,0.0,0.16,111115,,,,,,,,,,,,,,,,,,,,,,,,,,,,,,,,,,,,,,,,,,,,,,,,,,,,,,,,,,,,,,,,,,,,,,,,,,,,,,,,,,,,,,,,,,,,,,,,,,,,,,,,,,,,,,,,,,,,,,,,,,,,,,,,,,,,,,,,,,,,
2023-09-13 12:40:00,FLRC,Nit-S,3,Old,spring,noon,Erin_Nitida3_Old_FLRC_2023_09_13,10,2002.0,0,4.32,0.0277,159.0,37,37,0.0,0.0,631.0,2172.7,767.4,0.0,0.71,0.647,-1,0.87,0.92,10,0.875,0.048,0.911,3.443,-1.0,126.3,0.5,35.739,0.507,1.74,27.02,2,4.64,1,9.29,25.95,27.02,25.0,420.03,417.77,18.633,18.881,54.01,54.73,400.4,126,1540,97.5,6.81,-0.756,0.0512,0.00588,0.0344,0.00618,0.8,-1.36,7.36,1.0,0.0,0.16,111115,,,,,,,,,,,,,,,,,,,,,,,,,,,,,,,,,,,,,,,,,,,,,,,,,,,,,,,,,,,,,,,,,,,,,,,,,,,,,,,,,,,,,,,,,,,,,,,,,,,,,,,,,,,,,,,,,,,,,,,,,,,,,,,,,,,,,,,,,,,,
2023-11-21 12:20:00,FLRC,Nit-S,3,Old,spring,noon,Erin_Nitida3_Old_FLRC_2023_11_21,1,309.5,0,14.8,0.167,256.0,52,52,0.0,0.0,494.5,818.0,700.4,0.0,0.395,0.144,-1,0.87,0.92,10,0.875,0.012,0.363,1.654,-1.0,1498.9,0.5,94.214,2.89,1.67,26.58,2,4.64,1,9.29,25.09,26.58,25.01,420.18,409.48,16.864,18.757,51.3,57.06,299.7,1499,2238,97.28,6.46,-0.764,0.0806,0.0627,0.0754,0.0619,0.5,-1.36,7.36,1.0,0.0,0.16,111115,,,,,,,,,,,,,,,,,,,,,,,,,,,,,,,,,,,,,,,,,,,,,,,,,,,,,,,,,,,,,,,,,,,,,,,,,,,,,,,,,,,,,,,,,,,,,,,,,,,,,,,,,,,,,,,,,,,,,,,,,,,,,,,,,,,,,,,,,,,,
2023-11-21 12:22:00,FLRC,Nit-S,3,Old,spring,noon,Erin_Nitida3_Old_FLRC_2023_11_21,2,440.0,0,16.8,0.156,226.0,53,53,0.0,0.0,492.9,851.8,662.5,0.0,0.421,0.222,-1,0.87,0.92,10,0.875,0.02,0.527,1.728,-1.0,1000.4,0.5,97.261,2.5,1.55,25.89,2,4.64,1,9.29,25.17,25.89,25.01,421.22,409.33,16.937,18.572,51.29,56.24,299.6,1000,1192,97.27,6.46,-0.764,0.0806,0.0627,0.0754,0.0619,0.5,-1.36,7.36,1.0,0.0,0.16,111115,,,,,,,,,,,,,,,,,,,,,,,,,,,,,,,,,,,,,,,,,,,,,,,,,,,,,,,,,,,,,,,,,,,,,,,,,,,,,,,,,,,,,,,,,,,,,,,,,,,,,,,,,,,,,,,,,,,,,,,,,,,,,,,,,,,,,,,,,,,,
2023-11-21 12:24:00,FLRC,Nit-S,3,Old,spring,noon,Erin_Nitida3_Old_FLRC_2023_11_21,3,570.0,0,12.0,0.146,270.0,54,54,0.0,0.0,517.7,994.5,666.5,0.0,0.479,0.33,-1,0.87,0.92,10,0.875,0.025,0.688,1.921,-1.0,601.1,0.5,86.698,2.22,1.46,25.28,2,4.64,1,9.29,25.15,25.28,25.01,419.97,411.38,16.759,18.212,50.79,55.2,299.6,601,2751,97.25,6.46,-0.764,0.0806,0.0627,0.0754,0.0619,0.5,-1.36,7.36,1.0,0.0,0.16,111115,,,,,,,,,,,,,,,,,,,,,,,,,,,,,,,,,,,,,,,,,,,,,,,,,,,,,,,,,,,,,,,,,,,,,,,,,,,,,,,,,,,,,,,,,,,,,,,,,,,,,,,,,,,,,,,,,,,,,,,,,,,,,,,,,,,,,,,,,,,,
2023-11-21 12:26:00,FLRC,Nit-S,3,Old,spring,noon,Erin_Nitida3_Old_FLRC_2023_11_21,4,700.5,0,13.5,0.136,242.0,55,55,0.0,0.0,532.0,1093.7,683.3,0.0,0.514,0.375,-1,0.87,0.92,10,0.875,0.033,0.731,2.056,-1.0,500.4,0.5,82.149,2.1,1.48,25.42,2,4.64,1,9.29,25.32,25.42,25.01,419.66,410.11,16.968,18.341,50.93,55.05,299.6,500,2537,97.27,6.46,-0.764,0.0806,0.0627,0.0754,0.0619,0.5,-1.36,7.36,1.0,0.0,0.16,111115,,,,,,,,,,,,,,,,,,,,,,,,,,,,,,,,,,,,,,,,,,,,,,,,,,,,,,,,,,,,,,,,,,,,,,,,,,,,,,,,,,,,,,,,,,,,,,,,,,,,,,,,,,,,,,,,,,,,,,,,,,,,,,,,,,,,,,,,,,,,
2023-11-21 12:28:00,FLRC,Nit-S,3,Old,spring,noon,Erin_Nitida3_Old_FLRC_2023_11_21,5,830.5,0,13.6,0.135,240.0,56,56,0.0,0.0,546.7,1179.9,701.9,0.0,0.537,0.405,-1,0.87,0.92,10,0.875,0.037,0.755,2.158,-1.0,449.7,0.5,79.699,2.12,1.51,25.66,2,4.64,1,9.29,25.41,25.66,25.01,420.69,411.06,17.063,18.45,50.94,55.08,299.6,450,2699,97.27,6.46,-0.764,0.0806,0.0627,0.0754,0.0619,0.8,-1.36,7.36,1.0,0.0,0.16,111115,,,,,,,,,,,,,,,,,,,,,,,,,,,,,,,,,,,,,,,,,,,,,,,,,,,,,,,,,,,,,,,,,,,,,,,,,,,,,,,,,,,,,,,,,,,,,,,,,,,,,,,,,,,,,,,,,,,,,,,,,,,,,,,,,,,,,,,,,,,,
2023-11-21 12:30:00,FLRC,Nit-S,3,Old,spring,noon,Erin_Nitida3_Old_FLRC_2023_11_21,6,961.0,0,9.87,0.131,283.0,57,57,0.0,0.0,605.1,1560.4,790.6,0.0,0.612,0.493,-1,0.87,0.92,10,0.875,0.041,0.806,2.579,-1.0,299.3,0.5,64.608,2.07,1.51,25.72,2,4.64,1,9.29,25.55,25.72,25.01,420.56,413.41,17.201,18.556,50.93,54.94,299.6,299,2642,97.26,6.46,-0.764,0.0806,0.0627,0.0754,0.0619,0.8,-1.36,7.36,1.0,0.0,0.16,111115,-1.04359,0.0,0.0702393,192.496,0.0,11.3065,352.249,0.0,14.3134,-21.6056,0.0,1.40511,7.96186,0.0,0.323527,1.00029,-3.81418,0.112911,-0.0862119,858.672,23.8522,15.7681,393.056,396.939,0.0,1.0,438.007,10.9183,11.0388,0.0,1.0,293.662,292.127,97433.7,1.15717,1011.46,0.0249272,0.515929,0.00789288,1064.09,2187.65,0.00682084,48.6409,1123.56,281.038,1.53738,5.58544,0.197902,5.79616,-2.36312e-14,0.0544563,5.79641,16.6466,137.083,74.3725,,,0.949656,6.03387,-381.041,-0.013988,0.546477,0.173185,0.0,65.5399,-9.94594,22.4977,56.0225,85.4379,119.828,179.524,-0.995971,1.04781,189.185,1.09586,208.572,1.61811,-21.4785,1.56496,4.71434,1.61811,800000099.0,800000099.0,800000099.0,800100099.0,800000099.0,800000099.0,800000199.0,800000199.0,80000.0,80000.0,80.0,81.0,10.0,1.0,0.0,12.0,13.0,9.0,6.81309,4.11108,1.14359,0.23432,0.00455145,233.188,0.161637,-0.0214785,4.71434,18.8349,14.0524,21.5011,819.275,124.86,0.460701,0.0290854,0.0786493,516.985,292.427,291.871,97426.8,48.6409,292.82,293.733,64.3071,5.56527,4.42661,20.5045,7.67215,16.7339,24.3911,0.0,4.99594,0.01143,14400.0,11.43,1.0,-21.492689,3.889002865233027,25.494602865233027,2.1366290630696
2023-11-21 12:33:00,FLRC,Nit-S,3,Old,spring,noon,Erin_Nitida3_Old_FLRC_2023_11_21,7,1091.0,0,8.29,0.129,299.0,58,58,0.0,0.0,664.0,1983.0,847.9,0.0,0.665,0.572,-1,0.87,0.92,9,0.875,0.053,0.861,2.987,-1.0,198.8,0.5,49.76,2.03,1.52,25.76,2,4.64,1,9.29,25.54,25.76,24.99,418.78,412.68,17.296,18.628,51.24,55.18,299.6,199,644,97.26,6.46,-0.764,0.0806,0.0627,0.0754,0.0619,0.5,-1.36,7.36,1.0,0.0,0.16,111115,,,,,,,,,,,,,,,,,,,,,,,,,,,,,,,,,,,,,,,,,,,,,,,,,,,,,,,,,,,,,,,,,,,,,,,,,,,,,,,,,,,,,,,,,,,,,,,,,,,,,,,,,,,,,,,,,,,,,,,,,,,,,,,,,,,,,,,,,,,,
2023-11-21 12:35:00,FLRC,Nit-S,3,Old,spring,noon,Erin_Nitida3_Old_FLRC_2023_11_21,8,1221.0,0,8.73,0.118,285.0,59,59,0.0,0.0,675.1,2126.2,853.7,0.0,0.682,0.598,-1,0.87,0.92,9,0.874,0.063,0.877,3.149,-1.0,176.9,0.5,46.277,1.78,1.45,25.33,2,4.64,1,9.29,25.38,25.33,25.0,419.41,413.09,17.258,18.424,51.6,55.09,299.6,177,2603,97.26,6.46,-0.764,0.0806,0.0627,0.0754,0.0619,0.5,-1.36,7.36,1.0,0.0,0.16,111115,,,,,,,,,,,,,,,,,,,,,,,,,,,,,,,,,,,,,,,,,,,,,,,,,,,,,,,,,,,,,,,,,,,,,,,,,,,,,,,,,,,,,,,,,,,,,,,,,,,,,,,,,,,,,,,,,,,,,,,,,,,,,,,,,,,,,,,,,,,,
2023-11-21 12:37:00,FLRC,Nit-S,3,Old,spring,noon,Erin_Nitida3_Old_FLRC_2023_11_21,9,1351.5,0,6.25,0.111,315.0,60,60,0.0,0.0,694.0,2285.3,854.0,0.0,0.696,0.626,-1,0.87,0.92,10,0.875,0.055,0.899,3.293,-1.0,149.9,0.5,41.094,1.7,1.47,25.51,2,4.64,1,9.29,25.52,25.51,25.01,419.41,414.77,17.429,18.546,51.7,55.01,299.7,150,2666,97.27,6.46,-0.764,0.0806,0.0627,0.0754,0.0619,0.8,-1.36,7.36,1.0,0.0,0.16,111115,,,,,,,,,,,,,,,,,,,,,,,,,,,,,,,,,,,,,,,,,,,,,,,,,,,,,,,,,,,,,,,,,,,,,,,,,,,,,,,,,,,,,,,,,,,,,,,,,,,,,,,,,,,,,,,,,,,,,,,,,,,,,,,,,,,,,,,,,,,,
2023-11-21 12:39:00,FLRC,Nit-S,3,Old,spring,noon,Erin_Nitida3_Old_FLRC_2023_11_21,10,1481.5,0,5.67,0.109,323.0,61,61,0.0,0.0,706.8,2418.0,841.4,0.0,0.708,0.652,-1,0.87,0.92,10,0.875,0.061,0.921,3.421,-1.0,124.3,0.5,35.451,1.7,1.5,25.76,2,4.64,1,9.29,25.61,25.76,25.01,420.24,415.98,17.669,18.785,52.12,55.41,299.6,124,1978,97.26,6.46,-0.764,0.0806,0.0627,0.0754,0.0619,0.5,-1.36,7.36,1.0,0.0,0.16,111115,,,,,,,,,,,,,,,,,,,,,,,,,,,,,,,,,,,,,,,,,,,,,,,,,,,,,,,,,,,,,,,,,,,,,,,,,,,,,,,,,,,,,,,,,,,,,,,,,,,,,,,,,,,,,,,,,,,,,,,,,,,,,,,,,,,,,,,,,,,,
2023-12-18 11:34:00,FLRC,Nit-S,3,Old,summer,morning,Erin_Nitida3_Old_FLRC_2023_12_18,1,264.0,0,3.53,0.0459,281.0,31,31,0.0,0.0,435.0,661.9,612.8,0.0,0.343,0.074,-1,0.87,0.92,10,0.875,0.003,0.217,1.522,-1.0,1498.3,0.5,48.652,1.13,2.32,32.53,2,4.64,1,9.29,28.07,32.53,26.48,420.15,418.15,26.11,26.66,66.91,68.32,399.6,1498,2212,97.62,6.03,-0.796,0.0516,0.00933,0.0666,0.00918,0.8,-1.36,7.36,1.0,0.0,0.16,111115,,,,,,,,,,,,,,,,,,,,,,,,,,,,,,,,,,,,,,,,,,,,,,,,,,,,,,,,,,,,,,,,,,,,,,,,,,,,,,,,,,,,,,,,,,,,,,,,,,,,,,,,,,,,,,,,,,,,,,,,,,,,,,,,,,,,,,,,,,,,
2023-12-18 11:36:00,FLRC,Nit-S,3,Old,summer,morning,Erin_Nitida3_Old_FLRC_2023_12_18,2,394.0,0,2.33,0.0395,310.0,32,32,0.0,0.0,416.0,633.0,554.0,0.0,0.343,0.125,-1,0.87,0.92,10,0.875,0.004,0.364,1.522,-1.0,1000.8,0.5,54.6,0.949,2.27,32.36,2,4.64,1,9.29,28.56,32.36,26.99,420.46,419.09,26.222,26.684,65.3,66.45,399.7,1001,2213,97.62,6.03,-0.796,0.0516,0.00933,0.0666,0.00918,0.5,-1.36,7.36,1.0,0.0,0.16,111115,,,,,,,,,,,,,,,,,,,,,,,,,,,,,,,,,,,,,,,,,,,,,,,,,,,,,,,,,,,,,,,,,,,,,,,,,,,,,,,,,,,,,,,,,,,,,,,,,,,,,,,,,,,,,,,,,,,,,,,,,,,,,,,,,,,,,,,,,,,,
2023-12-18 11:38:00,FLRC,Nit-S,3,Old,summer,morning,Erin_Nitida3_Old_FLRC_2023_12_18,3,524.5,0,2.03,0.0359,315.0,33,33,0.0,0.0,417.0,665.9,525.9,0.0,0.374,0.21,-1,0.87,0.92,10,0.875,0.006,0.562,1.597,-1.0,600.2,0.5,55.197,0.854,2.24,32.27,2,4.64,1,9.29,29.09,32.27,27.53,420.98,419.79,26.304,26.72,63.52,64.53,399.7,600,2218,97.62,6.03,-0.796,0.0516,0.00933,0.0666,0.00918,0.5,-1.36,7.36,1.0,0.0,0.16,111115,,,,,,,,,,,,,,,,,,,,,,,,,,,,,,,,,,,,,,,,,,,,,,,,,,,,,,,,,,,,,,,,,,,,,,,,,,,,,,,,,,,,,,,,,,,,,,,,,,,,,,,,,,,,,,,,,,,,,,,,,,,,,,,,,,,,,,,,,,,,
2023-12-18 11:40:00,FLRC,Nit-S,3,Old,summer,morning,Erin_Nitida3_Old_FLRC_2023_12_18,4,654.5,0,0.525,0.0356,380.0,34,34,0.0,0.0,416.9,682.5,515.0,0.0,0.389,0.245,-1,0.87,0.92,9,0.875,0.003,0.631,1.637,-1.0,501.6,0.5,53.856,0.87,2.3,32.51,2,4.64,1,9.29,29.49,32.51,27.95,420.09,419.64,26.321,26.745,62.11,63.11,399.6,502,2220,97.62,6.03,-0.796,0.0516,0.00933,0.0666,0.00918,0.5,-1.36,7.36,1.0,0.0,0.16,111115,,,,,,,,,,,,,,,,,,,,,,,,,,,,,,,,,,,,,,,,,,,,,,,,,,,,,,,,,,,,,,,,,,,,,,,,,,,,,,,,,,,,,,,,,,,,,,,,,,,,,,,,,,,,,,,,,,,,,,,,,,,,,,,,,,,,,,,,,,,,
2023-12-18 11:42:00,FLRC,Nit-S,3,Old,summer,morning,Erin_Nitida3_Old_FLRC_2023_12_18,5,785.0,0,0.972,0.0331,357.0,35,35,0.0,0.0,415.7,695.7,509.0,0.0,0.402,0.268,-1,0.87,0.92,9,0.875,0.005,0.667,1.673,-1.0,451.6,0.5,52.999,0.855,2.43,32.98,2,4.64,1,9.29,30.06,32.98,28.54,420.95,420.28,26.366,26.783,60.22,61.17,399.6,452,2219,97.62,6.03,-0.796,0.0516,0.00933,0.0666,0.00918,0.5,-1.36,7.36,1.0,0.0,0.16,111115,,,,,,,,,,,,,,,,,,,,,,,,,,,,,,,,,,,,,,,,,,,,,,,,,,,,,,,,,,,,,,,,,,,,,,,,,,,,,,,,,,,,,,,,,,,,,,,,,,,,,,,,,,,,,,,,,,,,,,,,,,,,,,,,,,,,,,,,,,,,
2023-12-18 11:45:00,FLRC,Nit-S,3,Old,summer,morning,Erin_Nitida3_Old_FLRC_2023_12_18,6,915.0,0,9.77,0.0533,107.0,36,36,0.0,0.0,434.9,813.0,526.0,0.0,0.465,0.353,-1,0.87,0.92,10,0.875,0.041,0.759,1.87,-1.0,300.6,0.5,46.412,1.33,2.36,32.81,2,4.64,1,9.29,30.15,32.81,28.62,418.06,412.9,26.327,26.977,59.81,61.29,399.7,301,2224,97.63,6.03,-0.796,0.0516,0.00933,0.0666,0.00918,0.0,-1.36,7.36,1.0,0.0,0.16,111115,,,,,,,,,,,,,,,,,,,,,,,,,,,,,,,,,,,,,,,,,,,,,,,,,,,,,,,,,,,,,,,,,,,,,,,,,,,,,,,,,,,,,,,,,,,,,,,,,,,,,,,,,,,,,,,,,,,,,,,,,,,,,,,,,,,,,,,,,,,,
2023-12-18 11:47:00,FLRC,Nit-S,3,Old,summer,morning,Erin_Nitida3_Old_FLRC_2023_12_18,7,1045.5,0,-0.725,0.0285,444.0,37,37,0.0,0.0,467.3,1027.4,574.9,0.0,0.545,0.44,-1,0.87,0.92,9,0.874,0.002,0.808,2.199,-1.0,200.8,0.5,38.676,0.717,2.37,32.77,2,4.64,1,9.29,30.34,32.77,28.86,420.47,420.68,26.494,26.843,59.53,60.32,399.7,201,2225,97.62,6.03,-0.796,0.0516,0.00933,0.0666,0.00918,0.5,-1.36,7.36,1.0,0.0,0.16,111115,,,,,,,,,,,,,,,,,,,,,,,,,,,,,,,,,,,,,,,,,,,,,,,,,,,,,,,,,,,,,,,,,,,,,,,,,,,,,,,,,,,,,,,,,,,,,,,,,,,,,,,,,,,,,,,,,,,,,,,,,,,,,,,,,,,,,,,,,,,,
2023-12-18 11:49:00,FLRC,Nit-S,3,Old,summer,morning,Erin_Nitida3_Old_FLRC_2023_12_18,8,1175.5,0,-1.16,0.0287,467.0,38,38,0.0,0.0,482.8,1127.3,595.7,0.0,0.572,0.472,-1,0.87,0.92,9,0.874,-0.001,0.825,2.335,-1.0,174.8,0.5,36.033,0.745,2.45,33.1,2,4.64,1,9.29,30.74,33.1,29.26,419.95,420.37,26.63,26.993,58.51,59.3,399.8,175,2224,97.63,6.03,-0.796,0.0516,0.00933,0.0666,0.00918,0.8,-1.36,7.36,1.0,0.0,0.16,111115,,,,,,,,,,,,,,,,,,,,,,,,,,,,,,,,,,,,,,,,,,,,,,,,,,,,,,,,,,,,,,,,,,,,,,,,,,,,,,,,,,,,,,,,,,,,,,,,,,,,,,,,,,,,,,,,,,,,,,,,,,,,,,,,,,,,,,,,,,,,
2023-12-18 11:51:00,FLRC,Nit-S,3,Old,summer,morning,Erin_Nitida3_Old_FLRC_2023_12_18,9,1306.0,0,0.216,0.0263,390.0,39,39,0.0,0.0,501.9,1266.9,624.5,0.0,0.604,0.507,-1,0.87,0.92,10,0.875,0.009,0.84,2.524,-1.0,148.8,0.5,33.017,0.693,2.48,33.25,2,4.64,1,9.29,30.94,33.25,29.46,420.66,420.41,26.783,27.121,58.15,58.88,399.7,149,2239,97.63,6.03,-0.796,0.0516,0.00933,0.0666,0.00918,0.5,-1.36,7.36,1.0,0.0,0.16,111115,,,,,,,,,,,,,,,,,,,,,,,,,,,,,,,,,,,,,,,,,,,,,,,,,,,,,,,,,,,,,,,,,,,,,,,,,,,,,,,,,,,,,,,,,,,,,,,,,,,,,,,,,,,,,,,,,,,,,,,,,,,,,,,,,,,,,,,,,,,,
2023-12-18 11:53:00,FLRC,Nit-S,3,Old,summer,morning,Erin_Nitida3_Old_FLRC_2023_12_18,10,1437.0,0,-0.744,0.0265,447.0,40,40,0.0,0.0,528.9,1430.4,655.2,0.0,0.63,0.542,-1,0.87,0.92,10,0.875,0.002,0.86,2.704,-1.0,123.9,0.5,29.367,0.705,2.5,33.36,2,4.64,1,9.29,31.1,33.36,29.63,420.15,420.37,26.858,27.202,57.79,58.53,399.8,124,2248,97.62,6.03,-0.796,0.0516,0.00933,0.0666,0.00918,0.5,-1.36,7.36,1.0,0.0,0.16,111115,,,,,,,,,,,,,,,,,,,,,,,,,,,,,,,,,,,,,,,,,,,,,,,,,,,,,,,,,,,,,,,,,,,,,,,,,,,,,,,,,,,,,,,,,,,,,,,,,,,,,,,,,,,,,,,,,,,,,,,,,,,,,,,,,,,,,,,,,,,,
2024-01-25 09:48:00,FLRC,Nit-S,3,Old,summer,morning,Erin_Nitida3_Old_FLRC_2024_01_25,1,817.5,0,6.95,0.0371,95.8,1,1,0.0,0.0,372.7,523.9,486.5,0.0,0.289,0.071,-1,0.87,0.92,10,0.875,0.006,0.247,1.406,-1.0,1499.2,0.5,46.812,1.64,4.14,36.74,2,4.64,1,9.29,32.31,36.74,30.65,420.28,415.18,20.177,21.246,40.51,42.66,299.6,1499,1797,97.57,9.12,-0.372,0.0656,0.0101,0.06,0.0122,0.5,-1.36,7.36,1.0,0.0,0.16,111115,,,,,,,,,,,,,,,,,,,,,,,,,,,,,,,,,,,,,,,,,,,,,,,,,,,,,,,,,,,,,,,,,,,,,,,,,,,,,,,,,,,,,,,,,,,,,,,,,,,,,,,,,,,,,,,,,,,,,,,,,,,,,,,,,,,,,,,,,,,,
2024-01-25 09:50:00,FLRC,Nit-S,3,Old,summer,morning,Erin_Nitida3_Old_FLRC_2024_01_25,2,948.0,0,5.98,0.0292,70.6,2,2,0.0,0.0,370.9,532.8,469.9,0.0,0.304,0.118,-1,0.87,0.92,10,0.875,0.008,0.388,1.437,-1.0,1001.8,0.5,51.707,1.24,3.99,36.2,2,4.64,1,9.29,32.56,36.2,30.9,420.27,415.94,20.185,20.995,39.96,41.56,299.7,1002,1809,97.57,9.12,-0.372,0.0656,0.0101,0.06,0.0122,0.8,-1.36,7.36,1.0,0.0,0.16,111115,,,,,,,,,,,,,,,,,,,,,,,,,,,,,,,,,,,,,,,,,,,,,,,,,,,,,,,,,,,,,,,,,,,,,,,,,,,,,,,,,,,,,,,,,,,,,,,,,,,,,,,,,,,,,,,,,,,,,,,,,,,,,,,,,,,,,,,,,,,,
2024-01-25 09:52:00,FLRC,Nit-S,3,Old,summer,morning,Erin_Nitida3_Old_FLRC_2024_01_25,3,1078.0,0,5.87,0.0227,-12.3,3,3,0.0,0.0,377.2,574.7,459.9,0.0,0.344,0.2,-1,0.87,0.92,10,0.875,0.013,0.581,1.524,-1.0,599.9,0.5,52.435,0.935,3.87,35.78,2,4.64,1,9.29,32.78,35.78,31.14,420.46,416.28,20.189,20.8,39.48,40.68,299.6,600,1826,97.57,9.12,-0.372,0.0656,0.0101,0.06,0.0122,0.8,-1.36,7.36,1.0,0.0,0.16,111115,,,,,,,,,,,,,,,,,,,,,,,,,,,,,,,,,,,,,,,,,,,,,,,,,,,,,,,,,,,,,,,,,,,,,,,,,,,,,,,,,,,,,,,,,,,,,,,,,,,,,,,,,,,,,,,,,,,,,,,,,,,,,,,,,,,,,,,,,,,,
2024-01-25 09:55:00,FLRC,Nit-S,3,Old,summer,morning,Erin_Nitida3_Old_FLRC_2024_01_25,4,1208.5,0,4.6,0.0172,-25.2,4,4,0.0,0.0,379.1,599.6,457.2,0.0,0.368,0.237,-1,0.87,0.92,9,0.875,0.013,0.646,1.582,-1.0,498.1,0.5,51.74,0.722,3.94,35.97,2,4.64,1,9.29,33.08,35.97,31.47,420.0,416.73,20.205,20.677,38.84,39.75,299.7,498,1841,97.57,9.12,-0.372,0.0656,0.0101,0.06,0.0122,0.8,-1.36,7.36,1.0,0.0,0.16,111115,,,,,,,,,,,,,,,,,,,,,,,,,,,,,,,,,,,,,,,,,,,,,,,,,,,,,,,,,,,,,,,,,,,,,,,,,,,,,,,,,,,,,,,,,,,,,,,,,,,,,,,,,,,,,,,,,,,,,,,,,,,,,,,,,,,,,,,,,,,,
2024-01-25 09:57:00,FLRC,Nit-S,3,Old,summer,morning,Erin_Nitida3_Old_FLRC_2024_01_25,5,1338.5,0,3.86,0.0114,-134.0,5,5,0.0,0.0,379.7,612.8,456.6,0.0,0.38,0.255,-1,0.87,0.92,9,0.875,0.012,0.67,1.614,-1.0,448.9,0.5,50.033,0.485,3.98,36.06,2,4.64,1,9.29,33.25,36.06,31.65,419.55,416.84,20.271,20.588,38.59,39.2,299.7,449,1853,97.57,9.12,-0.372,0.0656,0.0101,0.06,0.0122,0.5,-1.36,7.36,1.0,0.0,0.16,111115,,,,,,,,,,,,,,,,,,,,,,,,,,,,,,,,,,,,,,,,,,,,,,,,,,,,,,,,,,,,,,,,,,,,,,,,,,,,,,,,,,,,,,,,,,,,,,,,,,,,,,,,,,,,,,,,,,,,,,,,,,,,,,,,,,,,,,,,,,,,
2024-01-25 09:59:00,FLRC,Nit-S,3,Old,summer,morning,Erin_Nitida3_Old_FLRC_2024_01_25,6,1469.0,0,3.77,0.0119,-101.0,6,6,0.0,0.0,404.8,724.5,483.3,0.0,0.441,0.333,-1,0.87,0.92,10,0.875,0.018,0.755,1.79,-1.0,301.7,0.5,43.939,0.503,3.96,36.03,2,4.64,1,9.29,33.48,36.03,31.9,419.96,417.3,20.344,20.673,38.24,38.86,299.6,302,1872,97.57,9.12,-0.372,0.0656,0.0101,0.06,0.0122,0.5,-1.36,7.36,1.0,0.0,0.16,111115,,,,,,,,,,,,,,,,,,,,,,,,,,,,,,,,,,,,,,,,,,,,,,,,,,,,,,,,,,,,,,,,,,,,,,,,,,,,,,,,,,,,,,,,,,,,,,,,,,,,,,,,,,,,,,,,,,,,,,,,,,,,,,,,,,,,,,,,,,,,
2024-01-25 10:01:00,FLRC,Nit-S,3,Old,summer,morning,Erin_Nitida3_Old_FLRC_2024_01_25,7,1599.0,0,3.67,0.00533,-677.0,7,7,0.0,0.0,438.4,905.5,540.3,0.0,0.516,0.403,-1,0.87,0.92,9,0.874,0.027,0.782,2.065,-1.0,199.0,0.5,35.093,0.228,4.01,36.16,2,4.64,1,9.29,33.76,36.16,32.2,420.18,417.67,20.425,20.575,37.79,38.07,299.6,199,1885,97.57,9.12,-0.372,0.0656,0.0101,0.06,0.0122,0.5,-1.36,7.36,1.0,0.0,0.16,111115,,,,,,,,,,,,,,,,,,,,,,,,,,,,,,,,,,,,,,,,,,,,,,,,,,,,,,,,,,,,,,,,,,,,,,,,,,,,,,,,,,,,,,,,,,,,,,,,,,,,,,,,,,,,,,,,,,,,,,,,,,,,,,,,,,,,,,,,,,,,
2024-01-25 10:03:00,FLRC,Nit-S,3,Old,summer,morning,Erin_Nitida3_Old_FLRC_2024_01_25,8,1729.5,0,3.08,0.00358,-941.0,8,8,0.0,0.0,447.5,963.0,554.1,0.0,0.535,0.425,-1,0.87,0.92,9,0.874,0.027,0.793,2.152,-1.0,173.4,0.5,32.191,0.155,4.05,36.29,2,4.64,1,9.29,33.91,36.29,32.35,420.34,418.24,20.528,20.629,37.67,37.85,299.6,173,1892,97.57,9.12,-0.372,0.0656,0.0101,0.06,0.0122,0.5,-1.36,7.36,1.0,0.0,0.16,111115,,,,,,,,,,,,,,,,,,,,,,,,,,,,,,,,,,,,,,,,,,,,,,,,,,,,,,,,,,,,,,,,,,,,,,,,,,,,,,,,,,,,,,,,,,,,,,,,,,,,,,,,,,,,,,,,,,,,,,,,,,,,,,,,,,,,,,,,,,,,
2024-01-25 10:05:00,FLRC,Nit-S,3,Old,summer,morning,Erin_Nitida3_Old_FLRC_2024_01_25,9,1859.5,0,2.19,-0.00286,1580.0,9,9,0.0,0.0,456.1,1018.6,566.5,0.0,0.552,0.444,-1,0.87,0.92,10,0.875,0.024,0.804,2.233,-1.0,151.0,0.5,29.325,-0.125,4.1,36.41,2,4.64,1,9.29,34.05,36.41,32.49,420.17,418.74,20.618,20.536,37.55,37.4,299.6,151,1912,97.57,9.12,-0.372,0.0656,0.0101,0.06,0.0122,0.8,-1.36,7.36,1.0,0.0,0.16,111115,,,,,,,,,,,,,,,,,,,,,,,,,,,,,,,,,,,,,,,,,,,,,,,,,,,,,,,,,,,,,,,,,,,,,,,,,,,,,,,,,,,,,,,,,,,,,,,,,,,,,,,,,,,,,,,,,,,,,,,,,,,,,,,,,,,,,,,,,,,,
2024-01-25 10:08:00,FLRC,Nit-S,3,Old,summer,morning,Erin_Nitida3_Old_FLRC_2024_01_25,10,1989.5,0,2.81,-0.0505,479.0,10,10,0.0,0.0,470.4,1097.2,585.4,0.0,0.571,0.467,-1,0.87,0.92,10,0.875,0.035,0.817,2.332,-1.0,125.8,0.5,25.679,-2.08,3.82,36.65,2,4.64,1,9.29,34.26,36.65,32.7,421.07,419.78,25.639,24.288,46.15,43.72,299.7,126,1922,97.57,9.12,-0.372,0.0656,0.0101,0.06,0.0122,0.0,-1.36,7.36,1.0,0.0,0.16,111115,,,,,,,,,,,,,,,,,,,,,,,,,,,,,,,,,,,,,,,,,,,,,,,,,,,,,,,,,,,,,,,,,,,,,,,,,,,,,,,,,,,,,,,,,,,,,,,,,,,,,,,,,,,,,,,,,,,,,,,,,,,,,,,,,,,,,,,,,,,,
2023-09-13 10:35:00,FLRC,Nit-S,3,Yng,spring,morning,Erin_Nitida3_Yng_FLRC_2023_09_13,1,892.5,0,15.0,0.152,240.0,1,1,0.0,0.0,538.1,912.3,745.3,0.0,0.41,0.183,-1,0.87,0.92,10,0.875,0.012,0.446,1.696,-1.0,1498.5,0.5,119.992,3.19,2.02,27.07,2,4.64,1,9.29,25.37,27.07,25.01,419.09,410.93,14.538,16.105,43.67,48.38,400.6,1498,1625,97.65,8.66,-0.672,0.245,0.00432,0.227,0.00569,0.5,-1.36,7.36,1.0,0.0,0.16,111115,,,,,,,,,,,,,,,,,,,,,,,,,,,,,,,,,,,,,,,,,,,,,,,,,,,,,,,,,,,,,,,,,,,,,,,,,,,,,,,,,,,,,,,,,,,,,,,,,,,,,,,,,,,,,,,,,,,,,,,,,,,,,,,,,,,,,,,,,,,,
2023-09-13 10:38:00,FLRC,Nit-S,3,Yng,spring,morning,Erin_Nitida3_Yng_FLRC_2023_09_13,2,1083.0,0,15.3,0.125,204.0,2,2,0.0,0.0,539.2,970.0,708.8,0.0,0.444,0.269,-1,0.87,0.92,10,0.875,0.019,0.607,1.799,-1.0,1000.1,0.5,117.838,2.55,1.97,26.6,2,4.64,1,9.29,25.43,26.6,25.01,420.1,411.96,14.407,15.661,43.13,46.88,400.5,1000,1413,97.64,8.66,-0.672,0.245,0.00432,0.227,0.00569,0.5,-1.36,7.36,1.0,0.0,0.16,111115,,,,,,,,,,,,,,,,,,,,,,,,,,,,,,,,,,,,,,,,,,,,,,,,,,,,,,,,,,,,,,,,,,,,,,,,,,,,,,,,,,,,,,,,,,,,,,,,,,,,,,,,,,,,,,,,,,,,,,,,,,,,,,,,,,,,,,,,,,,,
2023-09-13 10:41:00,FLRC,Nit-S,3,Yng,spring,morning,Erin_Nitida3_Yng_FLRC_2023_09_13,3,1273.0,0,13.2,0.105,203.0,3,3,0.0,0.0,577.6,1213.1,743.9,0.0,0.524,0.387,-1,0.87,0.92,10,0.875,0.027,0.738,2.1,-1.0,601.7,0.5,101.818,2.08,1.9,26.06,2,4.64,1,9.29,25.44,26.06,25.01,421.58,414.58,14.209,15.232,42.51,45.57,400.4,602,1073,97.64,8.66,-0.672,0.245,0.00432,0.227,0.00569,0.5,-1.36,7.36,1.0,0.0,0.16,111115,,,,,,,,,,,,,,,,,,,,,,,,,,,,,,,,,,,,,,,,,,,,,,,,,,,,,,,,,,,,,,,,,,,,,,,,,,,,,,,,,,,,,,,,,,,,,,,,,,,,,,,,,,,,,,,,,,,,,,,,,,,,,,,,,,,,,,,,,,,,
2023-09-13 10:44:00,FLRC,Nit-S,3,Yng,spring,morning,Erin_Nitida3_Yng_FLRC_2023_09_13,4,1463.5,0,9.21,0.094,245.0,4,4,0.0,0.0,598.4,1360.7,770.5,0.0,0.56,0.434,-1,0.87,0.92,10,0.875,0.023,0.774,2.274,-1.0,498.1,0.5,94.508,1.87,1.92,26.04,2,4.64,1,9.29,25.47,26.04,25.01,419.32,414.33,14.068,14.99,42.0,44.75,400.5,498,776,97.64,8.66,-0.672,0.245,0.00432,0.227,0.00569,0.5,-1.36,7.36,1.0,0.0,0.16,111115,,,,,,,,,,,,,,,,,,,,,,,,,,,,,,,,,,,,,,,,,,,,,,,,,,,,,,,,,,,,,,,,,,,,,,,,,,,,,,,,,,,,,,,,,,,,,,,,,,,,,,,,,,,,,,,,,,,,,,,,,,,,,,,,,,,,,,,,,,,,
2023-09-13 10:47:00,FLRC,Nit-S,3,Yng,spring,morning,Erin_Nitida3_Yng_FLRC_2023_09_13,5,1654.0,0,5.43,0.0875,304.0,5,5,0.0,0.0,612.5,1460.9,789.9,0.0,0.581,0.459,-1,0.87,0.92,10,0.875,0.016,0.791,2.385,-1.0,451.9,0.5,90.776,1.76,1.94,26.04,2,4.64,1,9.29,25.49,26.04,25.0,418.73,415.66,13.94,14.807,41.57,44.16,400.7,452,643,97.64,8.66,-0.672,0.245,0.00432,0.227,0.00569,0.5,-1.36,7.36,1.0,0.0,0.16,111115,,,,,,,,,,,,,,,,,,,,,,,,,,,,,,,,,,,,,,,,,,,,,,,,,,,,,,,,,,,,,,,,,,,,,,,,,,,,,,,,,,,,,,,,,,,,,,,,,,,,,,,,,,,,,,,,,,,,,,,,,,,,,,,,,,,,,,,,,,,,
2023-09-13 10:51:00,FLRC,Nit-S,3,Yng,spring,morning,Erin_Nitida3_Yng_FLRC_2023_09_13,6,1844.0,0,7.57,0.0828,257.0,6,6,0.0,0.0,670.7,1975.1,881.8,0.0,0.66,0.554,-1,0.87,0.92,10,0.875,0.033,0.838,2.945,-1.0,298.5,0.5,72.282,1.64,1.9,25.8,2,4.64,1,9.29,25.5,25.8,25.0,419.68,415.56,13.891,14.696,41.41,43.81,400.5,298,991,97.63,8.66,-0.672,0.245,0.00432,0.227,0.00569,0.8,-1.36,7.36,1.0,0.0,0.16,111115,,,,,,,,,,,,,,,,,,,,,,,,,,,,,,,,,,,,,,,,,,,,,,,,,,,,,,,,,,,,,,,,,,,,,,,,,,,,,,,,,,,,,,,,,,,,,,,,,,,,,,,,,,,,,,,,,,,,,,,,,,,,,,,,,,,,,,,,,,,,
2023-09-13 10:54:00,FLRC,Nit-S,3,Yng,spring,morning,Erin_Nitida3_Yng_FLRC_2023_09_13,7,2034.5,0,5.64,0.0792,291.0,7,7,0.0,0.0,707.6,2343.9,885.3,0.0,0.698,0.622,-1,0.87,0.92,9,0.875,0.038,0.891,3.312,-1.0,201.5,0.5,54.832,1.57,1.9,25.71,2,4.64,1,9.29,25.52,25.71,25.0,420.21,417.07,13.696,14.469,40.76,43.07,400.3,202,1386,97.62,8.66,-0.672,0.245,0.00432,0.227,0.00569,0.5,-1.36,7.36,1.0,0.0,0.16,111115,,,,,,,,,,,,,,,,,,,,,,,,,,,,,,,,,,,,,,,,,,,,,,,,,,,,,,,,,,,,,,,,,,,,,,,,,,,,,,,,,,,,,,,,,,,,,,,,,,,,,,,,,,,,,,,,,,,,,,,,,,,,,,,,,,,,,,,,,,,,
2023-09-13 10:57:00,FLRC,Nit-S,3,Yng,spring,morning,Erin_Nitida3_Yng_FLRC_2023_09_13,8,2211.0,0,5.53,0.0747,286.0,8,8,0.0,0.0,711.2,2432.2,865.2,0.0,0.708,0.644,-1,0.87,0.92,9,0.874,0.043,0.911,3.42,-1.0,175.2,0.5,49.34,1.5,1.93,25.77,2,4.64,1,9.29,25.55,25.77,25.0,420.0,416.92,13.559,14.3,40.28,42.48,400.5,175,1616,97.62,8.66,-0.672,0.245,0.00432,0.227,0.00569,1.0,-1.36,7.36,1.0,0.0,0.16,111115,,,,,,,,,,,,,,,,,,,,,,,,,,,,,,,,,,,,,,,,,,,,,,,,,,,,,,,,,,,,,,,,,,,,,,,,,,,,,,,,,,,,,,,,,,,,,,,,,,,,,,,,,,,,,,,,,,,,,,,,,,,,,,,,,,,,,,,,,,,,
2023-09-13 11:00:00,FLRC,Nit-S,3,Yng,spring,morning,Erin_Nitida3_Yng_FLRC_2023_09_13,9,2401.0,0,4.22,0.0691,307.0,9,9,0.0,0.0,715.4,2502.2,844.8,0.0,0.714,0.662,-1,0.87,0.92,10,0.875,0.04,0.928,3.497,-1.0,149.1,0.5,43.207,1.39,1.93,25.69,2,4.64,1,9.29,25.52,25.69,25.0,419.52,417.12,13.501,14.184,40.18,42.21,400.4,149,1645,97.62,8.66,-0.672,0.245,0.00432,0.227,0.00569,1.0,-1.36,7.36,1.0,0.0,0.16,111115,-0.12713,0.0,0.0188701,114.369,0.0,11.2956,280.602,0.0,19.5791,-16.688,0.0,1.88944,6.34911,0.0,0.443012,3.48616,-4.11111,-0.0453406,-0.0930212,243.102,3.14602,15.9961,398.551,400.355,0.0,1.0,207.008,5.1577,5.18444,0.0,1.0,293.827,293.216,97842.7,1.16025,1008.33,0.0249155,0.411422,0.00373028,504.779,2340.81,0.00321507,21.5643,1836.03,270.549,0.445416,1.76988,0.0661432,1.82599,2.15486e-13,0.0151976,1.82605,7.45275,140.816,75.6053,,,0.331016,1.44695,-27.2165,-0.195837,0.407586,0.295331,0.0,59.2975,-8.99862,20.3549,50.6866,77.3003,108.415,162.425,-0.122287,1.0396,123.809,1.04627,232.028,1.18996,-20.8637,1.17678,5.25005,1.18996,800000099.0,800000099.0,800000099.0,800000099.0,800000099.0,800000099.0,800000199.0,800000199.0,80000.0,80000.0,80.0,81.0,2.0,0.0,0.0,4.0,6.0,4.0,1.54435,1.16969,0.179857,0.299885,0.010836,727.171,0.105827,-0.0208637,5.25005,,13.9106,25.3159,750.449,114.945,0.348787,0.0358107,0.0741711,405.964,292.8,292.322,97870.7,21.5643,283.557,284.441,78.6764,9.63464,10.6649,15.9869,12.0729,26.7735,34.9296,0.0,10.14977,0.06299199999999999,120600.0,62.99199999999999,1.0,-16.7333406,2.4243904557216167,19.112390455721616,2.0086224775717585
2023-09-13 11:03:00,FLRC,Nit-S,3,Yng,spring,morning,Erin_Nitida3_Yng_FLRC_2023_09_13,10,2591.5,0,0.174,0.0652,401.0,10,10,0.0,0.0,716.4,2548.8,821.9,0.0,0.719,0.678,-1,0.87,0.92,10,0.875,0.011,0.942,3.558,-1.0,123.3,0.5,36.553,1.32,1.94,25.71,2,4.64,1,9.29,25.54,25.71,25.0,419.44,419.08,13.453,14.102,40.0,41.93,400.5,123,1665,97.62,8.66,-0.672,0.245,0.00432,0.227,0.00569,0.5,-1.36,7.36,1.0,0.0,0.16,111115,,,,,,,,,,,,,,,,,,,,,,,,,,,,,,,,,,,,,,,,,,,,,,,,,,,,,,,,,,,,,,,,,,,,,,,,,,,,,,,,,,,,,,,,,,,,,,,,,,,,,,,,,,,,,,,,,,,,,,,,,,,,,,,,,,,,,,,,,,,,
2023-11-21 11:25:00,FLRC,Nit-S,3,Yng,spring,morning,Erin_Nitida3_Yng_FLRC_2023_11_21,1,549.0,0,17.4,0.177,241.0,31,31,0.0,0.0,490.0,877.6,751.6,0.0,0.442,0.144,-1,0.87,0.92,10,0.875,0.014,0.325,1.791,-1.0,1500.9,0.5,94.3,2.69,1.47,24.22,2,4.64,1,9.29,24.34,24.22,25.02,420.71,408.39,14.366,16.13,45.7,51.31,299.7,1501,957,97.26,6.17,-0.611,0.045,0.0171,0.0317,0.0173,0.5,-1.36,7.36,1.0,0.0,0.16,111115,,,,,,,,,,,,,,,,,,,,,,,,,,,,,,,,,,,,,,,,,,,,,,,,,,,,,,,,,,,,,,,,,,,,,,,,,,,,,,,,,,,,,,,,,,,,,,,,,,,,,,,,,,,,,,,,,,,,,,,,,,,,,,,,,,,,,,,,,,,,
2023-11-21 11:28:00,FLRC,Nit-S,3,Yng,spring,morning,Erin_Nitida3_Yng_FLRC_2023_11_21,2,679.0,0,14.2,0.175,270.0,32,32,0.0,0.0,479.8,884.5,674.7,0.0,0.458,0.237,-1,0.87,0.92,10,0.875,0.017,0.518,1.844,-1.0,1001.9,0.5,103.972,2.51,1.39,23.78,2,4.64,1,9.29,24.48,23.78,25.02,419.88,409.74,14.457,16.104,45.63,50.83,299.7,1002,796,97.27,6.17,-0.611,0.045,0.0171,0.0317,0.0173,0.5,-1.36,7.36,1.0,0.0,0.16,111115,,,,,,,,,,,,,,,,,,,,,,,,,,,,,,,,,,,,,,,,,,,,,,,,,,,,,,,,,,,,,,,,,,,,,,,,,,,,,,,,,,,,,,,,,,,,,,,,,,,,,,,,,,,,,,,,,,,,,,,,,,,,,,,,,,,,,,,,,,,,
2023-11-21 11:30:00,FLRC,Nit-S,3,Yng,spring,morning,Erin_Nitida3_Yng_FLRC_2023_11_21,3,809.5,0,14.0,0.167,267.0,33,33,0.0,0.0,506.0,1032.1,672.1,0.0,0.51,0.349,-1,0.87,0.92,10,0.875,0.029,0.684,2.04,-1.0,598.1,0.5,91.262,2.3,1.33,23.46,2,4.64,1,9.29,24.57,23.46,25.02,420.36,410.38,14.625,16.135,45.9,50.64,299.7,598,1614,97.27,6.17,-0.611,0.045,0.0171,0.0317,0.0173,0.5,-1.36,7.36,1.0,0.0,0.16,111115,-0.941092,1.0,0.0868847,70.8036,0.0,10.0044,289.433,0.0,19.1795,-12.7376,0.0,1.61156,6.53523,0.0,0.433063,0.731914,-14.8219,0.0803232,-0.33467,1455.13,44.5398,15.7841,392.039,396.036,0.0,1.0,483.132,11.9998,12.1456,0.0,1.0,292.725,291.048,97423.7,1.16087,1012.03,0.0248376,0.423483,0.00870604,1169.38,2044.53,0.0074996,57.1958,875.143,282.432,-0.372622,4.22036,0.000624033,4.2341,4.51542e-14,0.0921897,4.2351,17.1684,113.391,94.8677,,,0.900378,6.7872,-882.981,-0.00603637,0.244628,0.0669348,0.0,61.5027,-9.33327,21.1119,52.5716,80.175,112.447,168.465,-0.904929,1.03996,79.6038,1.07387,217.43,1.2948,-14.5982,1.27197,4.90946,1.2948,800000099.0,800000099.0,800000099.0,800100099.0,800000099.0,800011099.0,801000199.0,801010199.0,80000.0,80000.0,80.0,80.0,38.0,6.0,1.0,30.0,27.0,16.0,7.76414,4.59605,1.21418,0.08116,0.00279326,192.155,0.0677573,-0.0145982,4.90946,17.7985,14.0148,19.8807,532.468,77.2809,0.474451,0.0276102,0.0773711,356.504,291.078,290.861,97412.1,57.1958,291.939,292.41,31.9684,5.61027,4.52245,10.2969,3.65007,11.602,13.1695,0.0,5.0663599999999995,0.01143,10800.0,11.43,1.0,-12.6572768,4.001442200363056,16.739042200363055,1.7090920083244
2023-11-21 11:32:00,FLRC,Nit-S,3,Yng,spring,morning,Erin_Nitida3_Yng_FLRC_2023_11_21,4,939.5,0,13.2,0.167,275.0,34,34,0.0,0.0,520.6,1139.2,691.2,0.0,0.543,0.393,-1,0.87,0.92,10,0.875,0.032,0.724,2.188,-1.0,501.4,0.5,86.253,2.33,1.35,23.63,2,4.64,1,9.29,24.68,23.63,25.02,420.17,410.75,14.748,16.276,46.0,50.77,299.7,501,1264,97.28,6.17,-0.611,0.045,0.0171,0.0317,0.0173,0.5,-1.36,7.36,1.0,0.0,0.16,111115,,,,,,,,,,,,,,,,,,,,,,,,,,,,,,,,,,,,,,,,,,,,,,,,,,,,,,,,,,,,,,,,,,,,,,,,,,,,,,,,,,,,,,,,,,,,,,,,,,,,,,,,,,,,,,,,,,,,,,,,,,,,,,,,,,,,,,,,,,,,
2023-11-21 11:34:00,FLRC,Nit-S,3,Yng,spring,morning,Erin_Nitida3_Yng_FLRC_2023_11_21,5,1069.5,0,15.3,0.161,249.0,35,35,0.0,0.0,537.5,1223.3,710.6,0.0,0.561,0.419,-1,0.87,0.92,10,0.875,0.041,0.748,2.276,-1.0,450.5,0.5,82.58,2.24,1.34,23.73,2,4.64,1,9.29,24.76,23.73,25.02,421.28,410.48,15.011,16.483,46.58,51.15,299.7,450,2270,97.28,6.17,-0.611,0.045,0.0171,0.0317,0.0173,0.8,-1.36,7.36,1.0,0.0,0.16,111115,,,,,,,,,,,,,,,,,,,,,,,,,,,,,,,,,,,,,,,,,,,,,,,,,,,,,,,,,,,,,,,,,,,,,,,,,,,,,,,,,,,,,,,,,,,,,,,,,,,,,,,,,,,,,,,,,,,,,,,,,,,,,,,,,,,,,,,,,,,,
2023-11-21 11:36:00,FLRC,Nit-S,3,Yng,spring,morning,Erin_Nitida3_Yng_FLRC_2023_11_21,6,1200.0,0,10.7,0.16,295.0,36,36,0.0,0.0,590.1,1579.2,781.4,0.0,0.626,0.505,-1,0.87,0.92,10,0.875,0.045,0.807,2.676,-1.0,298.8,0.5,66.049,2.24,1.35,23.96,2,4.64,1,9.29,24.94,23.96,25.02,419.53,411.76,15.335,16.802,47.08,51.59,299.7,299,1705,97.27,6.17,-0.611,0.045,0.0171,0.0317,0.0173,0.5,-1.36,7.36,1.0,0.0,0.16,111115,,,,,,,,,,,,,,,,,,,,,,,,,,,,,,,,,,,,,,,,,,,,,,,,,,,,,,,,,,,,,,,,,,,,,,,,,,,,,,,,,,,,,,,,,,,,,,,,,,,,,,,,,,,,,,,,,,,,,,,,,,,,,,,,,,,,,,,,,,,,
2023-11-21 11:38:00,FLRC,Nit-S,3,Yng,spring,morning,Erin_Nitida3_Yng_FLRC_2023_11_21,7,1330.0,0,8.93,0.155,313.0,37,37,0.0,0.0,638.5,1964.2,820.0,0.0,0.675,0.583,-1,0.87,0.92,9,0.875,0.056,0.863,3.076,-1.0,201.5,0.5,51.335,2.19,1.36,24.13,2,4.64,1,9.29,25.02,24.13,25.01,421.69,415.12,15.616,17.052,47.72,52.1,299.6,202,1535,97.26,6.17,-0.611,0.045,0.0171,0.0317,0.0173,0.8,-1.36,7.36,1.0,0.0,0.16,111115,,,,,,,,,,,,,,,,,,,,,,,,,,,,,,,,,,,,,,,,,,,,,,,,,,,,,,,,,,,,,,,,,,,,,,,,,,,,,,,,,,,,,,,,,,,,,,,,,,,,,,,,,,,,,,,,,,,,,,,,,,,,,,,,,,,,,,,,,,,,
2023-11-21 11:41:00,FLRC,Nit-S,3,Yng,spring,morning,Erin_Nitida3_Yng_FLRC_2023_11_21,8,1460.5,0,10.2,0.153,296.0,38,38,0.0,0.0,651.2,2110.2,818.9,0.0,0.691,0.612,-1,0.87,0.92,9,0.875,0.074,0.885,3.241,-1.0,174.2,0.5,46.615,2.16,1.36,24.24,2,4.64,1,9.29,25.07,24.24,25.01,420.08,412.66,15.803,17.222,48.13,52.45,299.6,174,669,97.26,6.17,-0.611,0.045,0.0171,0.0317,0.0173,0.8,-1.36,7.36,1.0,0.0,0.16,111115,,,,,,,,,,,,,,,,,,,,,,,,,,,,,,,,,,,,,,,,,,,,,,,,,,,,,,,,,,,,,,,,,,,,,,,,,,,,,,,,,,,,,,,,,,,,,,,,,,,,,,,,,,,,,,,,,,,,,,,,,,,,,,,,,,,,,,,,,,,,
2023-11-21 11:43:00,FLRC,Nit-S,3,Yng,spring,morning,Erin_Nitida3_Yng_FLRC_2023_11_21,9,1590.5,0,6.08,0.146,339.0,39,39,0.0,0.0,663.7,2238.1,815.0,0.0,0.703,0.636,-1,0.87,0.92,11,0.875,0.054,0.904,3.372,-1.0,148.6,0.5,41.34,2.0,1.32,23.93,2,4.64,1,9.29,24.89,23.93,25.01,419.3,414.68,15.804,17.115,48.66,52.7,299.6,149,588,97.25,6.17,-0.611,0.045,0.0171,0.0317,0.0173,0.5,-1.36,7.36,1.0,0.0,0.16,111115,,,,,,,,,,,,,,,,,,,,,,,,,,,,,,,,,,,,,,,,,,,,,,,,,,,,,,,,,,,,,,,,,,,,,,,,,,,,,,,,,,,,,,,,,,,,,,,,,,,,,,,,,,,,,,,,,,,,,,,,,,,,,,,,,,,,,,,,,,,,
2023-11-21 11:45:00,FLRC,Nit-S,3,Yng,spring,morning,Erin_Nitida3_Yng_FLRC_2023_11_21,10,1721.0,0,5.61,0.137,341.0,40,40,0.0,0.0,671.5,2330.0,801.7,0.0,0.712,0.656,-1,0.87,0.92,10,0.875,0.06,0.922,3.47,-1.0,126.0,0.5,36.16,1.79,1.26,23.51,2,4.64,1,9.29,24.74,23.51,25.01,419.6,415.36,15.753,16.929,48.94,52.59,299.6,126,592,97.26,6.17,-0.611,0.045,0.0171,0.0317,0.0173,0.5,-1.36,7.36,1.0,0.0,0.16,111115,,,,,,,,,,,,,,,,,,,,,,,,,,,,,,,,,,,,,,,,,,,,,,,,,,,,,,,,,,,,,,,,,,,,,,,,,,,,,,,,,,,,,,,,,,,,,,,,,,,,,,,,,,,,,,,,,,,,,,,,,,,,,,,,,,,,,,,,,,,,
2023-11-21 11:47:00,FLRC,Nit-S,3,Yng,spring,morning,Erin_Nitida3_Yng_FLRC_2023_11_21,11,1851.0,0,5.86,0.124,333.0,41,41,0.0,0.0,678.2,2398.8,779.0,0.0,0.717,0.675,-1,0.87,0.92,10,0.875,0.078,0.941,3.537,-1.0,100.4,0.5,29.67,1.59,1.23,23.3,2,4.64,1,9.29,24.72,23.3,25.01,420.95,416.6,15.835,16.877,49.24,52.49,299.5,100,2620,97.26,6.17,-0.611,0.045,0.0171,0.0317,0.0173,0.5,-1.36,7.36,1.0,0.0,0.16,111115,,,,,,,,,,,,,,,,,,,,,,,,,,,,,,,,,,,,,,,,,,,,,,,,,,,,,,,,,,,,,,,,,,,,,,,,,,,,,,,,,,,,,,,,,,,,,,,,,,,,,,,,,,,,,,,,,,,,,,,,,,,,,,,,,,,,,,,,,,,,
2023-12-18 12:25:00,FLRC,Nit-S,3,Yng,summer,noon,Erin_Nitida3_Yng_FLRC_2023_12_18,1,259.0,0,8.91,0.134,287.0,51,51,0.0,0.0,475.1,768.9,650.1,0.0,0.382,0.155,-1,0.87,0.92,10,0.875,0.008,0.404,1.618,-1.0,1501.0,0.5,101.494,4.52,3.23,33.53,2,4.64,1,9.29,31.17,33.53,29.75,419.95,414.56,18.048,20.264,38.68,43.43,399.6,1501,2280,97.63,6.03,-0.796,0.0516,0.00933,0.0666,0.00918,0.5,-1.36,7.36,1.0,0.0,0.16,111115,,,,,,,,,,,,,,,,,,,,,,,,,,,,,,,,,,,,,,,,,,,,,,,,,,,,,,,,,,,,,,,,,,,,,,,,,,,,,,,,,,,,,,,,,,,,,,,,,,,,,,,,,,,,,,,,,,,,,,,,,,,,,,,,,,,,,,,,,,,,
2023-12-18 12:28:00,FLRC,Nit-S,3,Yng,summer,noon,Erin_Nitida3_Yng_FLRC_2023_12_18,2,390.0,0,6.99,0.118,301.0,52,52,0.0,0.0,472.7,801.4,614.8,0.0,0.41,0.233,-1,0.87,0.92,10,0.875,0.009,0.568,1.696,-1.0,998.8,0.5,101.752,3.79,3.06,32.85,2,4.64,1,9.29,30.99,32.85,29.58,419.53,415.24,18.099,19.957,39.2,43.22,399.6,999,2277,97.63,6.03,-0.796,0.0516,0.00933,0.0666,0.00918,0.5,-1.36,7.36,1.0,0.0,0.16,111115,,,,,,,,,,,,,,,,,,,,,,,,,,,,,,,,,,,,,,,,,,,,,,,,,,,,,,,,,,,,,,,,,,,,,,,,,,,,,,,,,,,,,,,,,,,,,,,,,,,,,,,,,,,,,,,,,,,,,,,,,,,,,,,,,,,,,,,,,,,,
2023-12-18 12:30:00,FLRC,Nit-S,3,Yng,summer,noon,Erin_Nitida3_Yng_FLRC_2023_12_18,3,520.5,0,7.09,0.102,286.0,53,53,0.0,0.0,495.3,937.3,618.1,0.0,0.472,0.341,-1,0.87,0.92,10,0.875,0.015,0.722,1.892,-1.0,601.8,0.5,89.641,3.14,2.94,32.33,2,4.64,1,9.29,30.84,32.33,29.45,420.38,416.18,18.197,19.737,39.75,43.11,399.7,602,2042,97.63,6.03,-0.796,0.0516,0.00933,0.0666,0.00918,0.5,-1.36,7.36,1.0,0.0,0.16,111115,-0.294203,0.0,0.0319572,345.382,0.0,28.4073,102.936,0.0,9.31062,-11.01,0.0,2.11387,2.33801,0.0,0.211475,-1.66369,-3.28919,-0.191673,-0.0747082,-975.944,-29.2861,15.3971,388.862,394.185,0.0,1.0,462.036,11.669,11.8068,0.0,1.0,298.607,297.158,97822.8,1.1418,1012.0,0.0252556,0.151503,0.00832589,1141.8,2976.58,0.00729192,38.3594,1834.78,282.078,-2.15633,-2.33092,-0.246668,3.18476,-3.6949e-14,-0.0633849,3.18539,8.31415,341.285,227.256,,,0.507607,1.93139,-32.5329,-0.163834,3.3553,0.588846,0.0,57.9125,-8.78844,19.8795,49.5027,75.4948,105.882,158.631,-0.283788,1.0367,331.495,1.05994,69.9576,1.16175,-23.8268,1.15025,1.58897,1.16175,800000099.0,800000099.0,800000099.0,800000099.0,800000099.0,800011099.0,800000199.0,800000199.0,80000.0,80000.0,80.0,80.0,2.0,11.0,0.0,36.0,30.0,21.0,1.98525,1.42757,0.449947,0.892211,0.00596988,49.0839,0.286884,-0.0238268,1.58897,23.7738,13.8151,30.1303,1122.74,174.413,0.378998,0.0378576,0.0840678,700.135,298.996,297.59,97818.7,38.3594,301.334,303.327,142.128,1.11532,1.64733,53.4059,41.0285,52.5893,74.5699,0.0,1.381325,0.002032,815400.0,2.032,1.0,-11.201673,1.7413450269382635,12.751345026938264,3.639197157641569
2023-12-18 12:32:00,FLRC,Nit-S,3,Yng,summer,noon,Erin_Nitida3_Yng_FLRC_2023_12_18,4,651.5,0,6.47,0.091,284.0,54,54,0.0,0.0,508.6,1034.5,636.6,0.0,0.508,0.385,-1,0.87,0.92,10,0.875,0.017,0.757,2.034,-1.0,499.2,0.5,83.984,2.83,2.96,32.36,2,4.64,1,9.29,30.89,32.36,29.51,419.84,416.02,18.203,19.593,39.64,42.67,399.5,499,2283,97.63,6.03,-0.796,0.0516,0.00933,0.0666,0.00918,0.8,-1.36,7.36,1.0,0.0,0.16,111115,,,,,,,,,,,,,,,,,,,,,,,,,,,,,,,,,,,,,,,,,,,,,,,,,,,,,,,,,,,,,,,,,,,,,,,,,,,,,,,,,,,,,,,,,,,,,,,,,,,,,,,,,,,,,,,,,,,,,,,,,,,,,,,,,,,,,,,,,,,,
2023-12-18 12:34:00,FLRC,Nit-S,3,Yng,summer,noon,Erin_Nitida3_Yng_FLRC_2023_12_18,5,782.0,0,6.71,0.0851,272.0,55,55,0.0,0.0,520.4,1105.3,653.7,0.0,0.529,0.409,-1,0.87,0.92,9,0.875,0.02,0.772,2.124,-1.0,449.3,0.5,80.288,2.68,2.99,32.4,2,4.64,1,9.29,30.93,32.4,29.56,420.07,416.16,18.101,19.415,39.32,42.17,399.6,449,2259,97.63,6.03,-0.796,0.0516,0.00933,0.0666,0.00918,0.5,-1.36,7.36,1.0,0.0,0.16,111115,,,,,,,,,,,,,,,,,,,,,,,,,,,,,,,,,,,,,,,,,,,,,,,,,,,,,,,,,,,,,,,,,,,,,,,,,,,,,,,,,,,,,,,,,,,,,,,,,,,,,,,,,,,,,,,,,,,,,,,,,,,,,,,,,,,,,,,,,,,,
2023-12-18 12:36:00,FLRC,Nit-S,3,Yng,summer,noon,Erin_Nitida3_Yng_FLRC_2023_12_18,6,913.0,0,5.73,0.0785,282.0,56,56,0.0,0.0,575.6,1457.9,744.7,0.0,0.605,0.489,-1,0.87,0.92,10,0.875,0.026,0.808,2.533,-1.0,301.3,0.5,64.467,2.45,2.96,32.24,2,4.64,1,9.29,30.94,32.24,29.58,420.45,417.07,18.02,19.221,39.13,41.74,399.6,301,2289,97.62,6.03,-0.796,0.0516,0.00933,0.0666,0.00918,0.8,-1.36,7.36,1.0,0.0,0.16,111115,,,,,,,,,,,,,,,,,,,,,,,,,,,,,,,,,,,,,,,,,,,,,,,,,,,,,,,,,,,,,,,,,,,,,,,,,,,,,,,,,,,,,,,,,,,,,,,,,,,,,,,,,,,,,,,,,,,,,,,,,,,,,,,,,,,,,,,,,,,,
2023-12-18 12:38:00,FLRC,Nit-S,3,Yng,summer,noon,Erin_Nitida3_Yng_FLRC_2023_12_18,7,1043.0,0,2.97,0.0726,333.0,57,57,0.0,0.0,634.9,1850.2,817.4,0.0,0.657,0.558,-1,0.87,0.92,9,0.874,0.023,0.85,2.914,-1.0,201.5,0.5,49.183,2.23,2.92,32.02,2,4.64,1,9.29,30.83,32.02,29.46,419.79,417.83,17.979,19.073,39.29,41.68,399.6,202,2278,97.62,6.03,-0.796,0.0516,0.00933,0.0666,0.00918,0.5,-1.36,7.36,1.0,0.0,0.16,111115,,,,,,,,,,,,,,,,,,,,,,,,,,,,,,,,,,,,,,,,,,,,,,,,,,,,,,,,,,,,,,,,,,,,,,,,,,,,,,,,,,,,,,,,,,,,,,,,,,,,,,,,,,,,,,,,,,,,,,,,,,,,,,,,,,,,,,,,,,,,
2023-12-18 12:41:00,FLRC,Nit-S,3,Yng,summer,noon,Erin_Nitida3_Yng_FLRC_2023_12_18,8,1173.5,0,1.68,0.0687,359.0,58,58,0.0,0.0,646.6,1978.3,825.5,0.0,0.673,0.583,-1,0.87,0.92,9,0.874,0.018,0.866,3.059,-1.0,175.2,0.5,44.619,2.14,2.96,32.21,2,4.64,1,9.29,31.03,32.21,29.68,419.32,418.02,18.109,19.161,39.12,41.4,399.5,175,2274,97.61,6.03,-0.796,0.0516,0.00933,0.0666,0.00918,0.8,-1.36,7.36,1.0,0.0,0.16,111115,,,,,,,,,,,,,,,,,,,,,,,,,,,,,,,,,,,,,,,,,,,,,,,,,,,,,,,,,,,,,,,,,,,,,,,,,,,,,,,,,,,,,,,,,,,,,,,,,,,,,,,,,,,,,,,,,,,,,,,,,,,,,,,,,,,,,,,,,,,,
2023-12-18 12:43:00,FLRC,Nit-S,3,Yng,summer,noon,Erin_Nitida3_Yng_FLRC_2023_12_18,9,1303.5,0,0.297,0.0704,391.0,59,59,0.0,0.0,659.6,2100.2,829.0,0.0,0.686,0.605,-1,0.87,0.92,10,0.875,0.01,0.882,3.184,-1.0,149.0,0.5,39.464,2.27,3.06,32.56,2,4.64,1,9.29,31.39,32.56,30.02,419.07,418.45,18.074,19.187,38.26,40.61,399.7,149,2304,97.62,6.03,-0.796,0.0516,0.00933,0.0666,0.00918,0.5,-1.36,7.36,1.0,0.0,0.16,111115,,,,,,,,,,,,,,,,,,,,,,,,,,,,,,,,,,,,,,,,,,,,,,,,,,,,,,,,,,,,,,,,,,,,,,,,,,,,,,,,,,,,,,,,,,,,,,,,,,,,,,,,,,,,,,,,,,,,,,,,,,,,,,,,,,,,,,,,,,,,
2023-12-18 12:45:00,FLRC,Nit-S,3,Yng,summer,noon,Erin_Nitida3_Yng_FLRC_2023_12_18,10,1434.0,0,0.563,0.0696,385.0,60,60,0.0,0.0,671.5,2191.0,825.2,0.0,0.694,0.623,-1,0.87,0.92,10,0.875,0.014,0.899,3.263,-1.0,123.4,0.5,33.658,2.3,3.13,32.82,2,4.64,1,9.29,31.7,32.82,30.33,419.88,419.11,18.006,19.134,37.45,39.79,399.8,123,2336,97.62,6.03,-0.796,0.0516,0.00933,0.0666,0.00918,0.5,-1.36,7.36,1.0,0.0,0.16,111115,,,,,,,,,,,,,,,,,,,,,,,,,,,,,,,,,,,,,,,,,,,,,,,,,,,,,,,,,,,,,,,,,,,,,,,,,,,,,,,,,,,,,,,,,,,,,,,,,,,,,,,,,,,,,,,,,,,,,,,,,,,,,,,,,,,,,,,,,,,,
2024-01-25 10:41:00,FLRC,Nit-S,3,Yng,summer,morning,Erin_Nitida3_Yng_FLRC_2024_01_25,1,143.0,0,4.86,-0.00838,1280.0,11,11,0.0,0.0,359.2,487.2,450.3,0.0,0.263,0.076,-1,0.87,0.92,10,0.875,0.004,0.289,1.356,-1.0,1498.2,0.5,49.71,-0.417,4.61,39.49,2,4.64,1,9.29,35.78,39.49,34.29,419.93,416.81,26.959,26.688,44.59,44.14,299.7,1498,1928,97.55,7.92,-0.508,0.0,0.0,0.0,0.0,0.5,-1.36,7.36,1.0,0.0,0.16,111115,,,,,,,,,,,,,,,,,,,,,,,,,,,,,,,,,,,,,,,,,,,,,,,,,,,,,,,,,,,,,,,,,,,,,,,,,,,,,,,,,,,,,,,,,,,,,,,,,,,,,,,,,,,,,,,,,,,,,,,,,,,,,,,,,,,,,,,,,,,,
2024-01-25 10:42:00,FLRC,Nit-S,3,Yng,summer,morning,Erin_Nitida3_Yng_FLRC_2024_01_25,2,213.5,0,4.85,-0.00842,1270.0,12,12,0.0,0.0,355.7,496.5,436.5,0.0,0.284,0.121,-1,0.87,0.92,10,0.875,0.007,0.426,1.396,-1.0,998.5,0.5,52.8,-0.401,4.42,38.98,2,4.64,1,9.29,35.8,38.98,34.3,419.98,416.86,26.951,26.69,44.54,44.11,299.7,999,1949,97.55,7.92,-0.508,0.0,0.0,0.0,0.0,0.8,-1.36,7.36,1.0,0.0,0.16,111115,,,,,,,,,,,,,,,,,,,,,,,,,,,,,,,,,,,,,,,,,,,,,,,,,,,,,,,,,,,,,,,,,,,,,,,,,,,,,,,,,,,,,,,,,,,,,,,,,,,,,,,,,,,,,,,,,,,,,,,,,,,,,,,,,,,,,,,,,,,,
2024-01-25 10:44:00,FLRC,Nit-S,3,Yng,summer,morning,Erin_Nitida3_Yng_FLRC_2024_01_25,3,283.5,0,4.87,-0.0142,915.0,13,13,0.0,0.0,357.5,529.1,426.7,0.0,0.324,0.194,-1,0.87,0.92,10,0.875,0.011,0.597,1.48,-1.0,598.3,0.5,50.673,-0.647,4.21,38.39,2,4.64,1,9.29,35.77,38.39,34.26,420.17,417.11,26.919,26.499,44.55,43.86,299.7,598,1946,97.54,7.92,-0.508,0.0,0.0,0.0,0.0,0.2,-1.36,7.36,1.0,0.0,0.16,111115,,,,,,,,,,,,,,,,,,,,,,,,,,,,,,,,,,,,,,,,,,,,,,,,,,,,,,,,,,,,,,,,,,,,,,,,,,,,,,,,,,,,,,,,,,,,,,,,,,,,,,,,,,,,,,,,,,,,,,,,,,,,,,,,,,,,,,,,,,,,
2024-01-25 10:45:00,FLRC,Nit-S,3,Yng,summer,morning,Erin_Nitida3_Yng_FLRC_2024_01_25,4,353.5,0,3.57,-0.0176,701.0,14,14,0.0,0.0,360.7,548.8,425.5,0.0,0.343,0.225,-1,0.87,0.92,9,0.875,0.01,0.655,1.521,-1.0,501.3,0.5,49.241,-0.792,4.16,38.21,2,4.64,1,9.29,35.73,38.21,34.24,419.63,417.47,26.891,26.377,44.6,43.74,299.6,501,1940,97.54,7.92,-0.508,0.0,0.0,0.0,0.0,0.8,-1.36,7.36,1.0,0.0,0.16,111115,,,,,,,,,,,,,,,,,,,,,,,,,,,,,,,,,,,,,,,,,,,,,,,,,,,,,,,,,,,,,,,,,,,,,,,,,,,,,,,,,,,,,,,,,,,,,,,,,,,,,,,,,,,,,,,,,,,,,,,,,,,,,,,,,,,,,,,,,,,,
2024-01-25 10:46:00,FLRC,Nit-S,3,Yng,summer,morning,Erin_Nitida3_Yng_FLRC_2024_01_25,5,423.5,0,3.85,-0.0204,680.0,15,15,0.0,0.0,362.8,560.4,425.2,0.0,0.353,0.241,-1,0.87,0.92,9,0.875,0.012,0.684,1.545,-1.0,451.9,0.5,47.684,-0.912,4.15,38.16,2,4.64,1,9.29,35.71,38.16,34.24,420.05,417.74,26.885,26.292,44.63,43.65,299.7,452,1944,97.54,7.92,-0.508,0.0,0.0,0.0,0.0,0.8,-1.36,7.36,1.0,0.0,0.16,111115,,,,,,,,,,,,,,,,,,,,,,,,,,,,,,,,,,,,,,,,,,,,,,,,,,,,,,,,,,,,,,,,,,,,,,,,,,,,,,,,,,,,,,,,,,,,,,,,,,,,,,,,,,,,,,,,,,,,,,,,,,,,,,,,,,,,,,,,,,,,
2024-01-25 10:47:00,FLRC,Nit-S,3,Yng,summer,morning,Erin_Nitida3_Yng_FLRC_2024_01_25,6,494.0,0,3.37,-0.0282,574.0,16,16,0.0,0.0,382.0,646.9,445.0,0.0,0.409,0.312,-1,0.87,0.92,10,0.875,0.017,0.762,1.693,-1.0,300.9,0.5,41.084,-1.25,4.12,38.02,2,4.64,1,9.29,35.72,38.02,34.26,420.03,418.14,26.934,26.12,44.69,43.34,299.7,301,1943,97.54,7.92,-0.508,0.0,0.0,0.0,0.0,0.5,-1.36,7.36,1.0,0.0,0.16,111115,,,,,,,,,,,,,,,,,,,,,,,,,,,,,,,,,,,,,,,,,,,,,,,,,,,,,,,,,,,,,,,,,,,,,,,,,,,,,,,,,,,,,,,,,,,,,,,,,,,,,,,,,,,,,,,,,,,,,,,,,,,,,,,,,,,,,,,,,,,,
2024-01-25 10:48:00,FLRC,Nit-S,3,Yng,summer,morning,Erin_Nitida3_Yng_FLRC_2024_01_25,7,564.0,0,4.37,-0.111,455.0,17,17,0.0,0.0,408.2,793.2,492.2,0.0,0.485,0.379,-1,0.87,0.92,9,0.874,0.031,0.782,1.943,-1.0,198.4,0.5,32.921,-4.13,3.39,37.93,2,4.64,1,9.29,35.71,37.93,34.23,420.03,418.26,35.869,33.205,59.57,55.15,299.6,198,1949,97.54,7.92,-0.508,0.0,0.0,0.0,0.0,0.0,-1.36,7.36,1.0,0.0,0.16,111115,,,,,,,,,,,,,,,,,,,,,,,,,,,,,,,,,,,,,,,,,,,,,,,,,,,,,,,,,,,,,,,,,,,,,,,,,,,,,,,,,,,,,,,,,,,,,,,,,,,,,,,,,,,,,,,,,,,,,,,,,,,,,,,,,,,,,,,,,,,,
2024-01-25 10:49:00,FLRC,Nit-S,3,Yng,summer,morning,Erin_Nitida3_Yng_FLRC_2024_01_25,8,634.0,0,3.09,-0.0862,451.0,18,18,0.0,0.0,414.4,819.1,498.4,0.0,0.494,0.392,-1,0.87,0.92,8,0.874,0.027,0.793,1.976,-1.0,176.4,0.5,30.201,-3.12,3.32,37.94,2,4.64,1,9.29,35.67,37.94,34.22,420.05,418.85,36.052,34.042,59.98,56.64,299.6,176,1960,97.54,7.92,-0.508,0.0,0.0,0.0,0.0,0.5,-1.36,7.36,1.0,0.0,0.16,111115,,,,,,,,,,,,,,,,,,,,,,,,,,,,,,,,,,,,,,,,,,,,,,,,,,,,,,,,,,,,,,,,,,,,,,,,,,,,,,,,,,,,,,,,,,,,,,,,,,,,,,,,,,,,,,,,,,,,,,,,,,,,,,,,,,,,,,,,,,,,
2024-01-25 10:51:00,FLRC,Nit-S,3,Yng,summer,morning,Erin_Nitida3_Yng_FLRC_2024_01_25,9,704.0,0,2.4,-0.0846,440.0,19,19,0.0,0.0,427.6,885.9,517.9,0.0,0.517,0.415,-1,0.87,0.92,10,0.875,0.026,0.803,2.072,-1.0,150.8,0.5,27.4,-3.02,3.28,37.88,2,4.64,1,9.29,35.62,37.88,34.17,420.14,419.38,36.144,34.196,60.31,57.06,299.7,151,1961,97.54,7.92,-0.508,0.0,0.0,0.0,0.0,0.8,-1.36,7.36,1.0,0.0,0.16,111115,,,,,,,,,,,,,,,,,,,,,,,,,,,,,,,,,,,,,,,,,,,,,,,,,,,,,,,,,,,,,,,,,,,,,,,,,,,,,,,,,,,,,,,,,,,,,,,,,,,,,,,,,,,,,,,,,,,,,,,,,,,,,,,,,,,,,,,,,,,,
2024-01-25 10:52:00,FLRC,Nit-S,3,Yng,summer,morning,Erin_Nitida3_Yng_FLRC_2024_01_25,10,774.5,0,1.75,-0.0818,430.0,20,20,0.0,0.0,444.1,962.0,539.4,0.0,0.538,0.439,-1,0.87,0.92,10,0.875,0.025,0.816,2.166,-1.0,125.6,0.5,24.126,-2.88,3.22,37.75,2,4.64,1,9.29,35.51,37.75,34.05,419.93,419.56,36.107,34.254,60.61,57.5,299.7,126,1951,97.54,7.92,-0.508,0.0,0.0,0.0,0.0,1.0,-1.36,7.36,1.0,0.0,0.16,111115,,,,,,,,,,,,,,,,,,,,,,,,,,,,,,,,,,,,,,,,,,,,,,,,,,,,,,,,,,,,,,,,,,,,,,,,,,,,,,,,,,,,,,,,,,,,,,,,,,,,,,,,,,,,,,,,,,,,,,,,,,,,,,,,,,,,,,,,,,,,
2023-09-13 13:24:00,FLRC,Rep-S,1,Mid,spring,noon,Erin_Repens1_Mid_FLRC_2023_09_13,1,307.5,0,10.4,0.0726,173.0,48,48,0.0,0.0,420.3,679.9,569.2,0.0,0.382,0.163,-1,0.87,0.92,10,0.875,0.009,0.426,1.618,-1.0,1500.9,0.5,106.893,1.49,1.96,28.05,2,4.64,1,9.29,25.33,28.05,25.0,419.87,414.35,18.177,18.909,54.62,56.82,400.4,1501,1579,97.46,6.81,-0.756,0.0512,0.00588,0.0344,0.00618,0.5,-1.36,7.36,1.0,0.0,0.16,111115,,,,,,,,,,,,,,,,,,,,,,,,,,,,,,,,,,,,,,,,,,,,,,,,,,,,,,,,,,,,,,,,,,,,,,,,,,,,,,,,,,,,,,,,,,,,,,,,,,,,,,,,,,,,,,,,,,,,,,,,,,,,,,,,,,,,,,,,,,,,
2023-09-13 13:27:00,FLRC,Rep-S,1,Mid,spring,noon,Erin_Repens1_Mid_FLRC_2023_09_13,2,464.0,0,11.5,0.0681,133.0,49,49,0.0,0.0,427.0,746.9,548.7,0.0,0.428,0.265,-1,0.87,0.92,10,0.875,0.014,0.619,1.749,-1.0,999.2,0.5,115.97,1.27,1.78,27.15,2,4.64,1,9.29,25.34,27.15,25.0,420.24,414.22,18.163,18.786,54.54,56.41,400.4,999,1690,97.45,6.81,-0.756,0.0512,0.00588,0.0344,0.00618,1.0,-1.36,7.36,1.0,0.0,0.16,111115,,,,,,,,,,,,,,,,,,,,,,,,,,,,,,,,,,,,,,,,,,,,,,,,,,,,,,,,,,,,,,,,,,,,,,,,,,,,,,,,,,,,,,,,,,,,,,,,,,,,,,,,,,,,,,,,,,,,,,,,,,,,,,,,,,,,,,,,,,,,
2023-09-13 13:30:00,FLRC,Rep-S,1,Mid,spring,noon,Erin_Repens1_Mid_FLRC_2023_09_13,3,637.5,0,9.52,0.0674,179.0,50,50,0.0,0.0,460.2,970.4,579.2,0.0,0.526,0.403,-1,0.87,0.92,10,0.875,0.02,0.767,2.109,-1.0,601.4,0.5,106.05,1.13,1.61,26.3,2,4.64,1,9.29,25.32,26.3,25.0,419.71,414.72,18.197,18.752,54.72,56.39,400.5,601,1751,97.45,6.81,-0.756,0.0512,0.00588,0.0344,0.00618,1.0,-1.36,7.36,1.0,0.0,0.16,111115,-0.711098,0.0,0.0524152,165.898,0.0,9.67326,347.829,0.0,14.7946,-19.6125,0.0,1.29286,7.87493,0.0,0.334952,-0.38561,0.913959,-0.18168,0.0206922,-125.343,-1.64877,15.9123,398.044,400.295,0.0,1.0,209.312,5.23593,5.26349,0.0,1.0,294.656,293.832,97658.4,1.1556,1008.39,0.0250149,0.510295,0.00377181,511.47,2431.45,0.00326394,21.0356,1919.98,270.727,0.323923,5.11331,-0.0247577,5.12338,-1.0055e-14,-0.00787709,5.12338,14.2762,123.989,86.3308,,,0.784442,3.81122,-249.381,-0.0213729,0.476953,0.181487,0.0,69.3163,-10.519,23.794,59.2505,90.3608,126.732,189.868,-0.68103,1.04415,167.667,1.08631,237.299,1.43923,-21.6621,1.40603,5.37251,1.43923,800000099.0,800000099.0,800000099.0,800100099.0,800000099.0,800000099.0,800000199.0,800000199.0,80000.0,80000.0,80.0,80.0,5.0,3.0,3.0,0.0,4.0,2.0,4.43869,2.50304,0.680704,0.188844,0.00439716,287.855,0.143884,-0.0216621,5.37251,,14.041,25.0068,813.583,119.057,0.350289,0.0317309,0.0659442,557.588,294.603,293.931,97691.7,21.0356,287.737,288.737,93.2022,9.16138,9.90896,68.6663,42.7498,49.9208,74.509,0.0,9.53517,0.06299199999999999,129600.0,62.99199999999999,1.0,-19.79418,2.247482501180819,21.85998250118082,1.8522487787984534
2023-09-13 13:33:00,FLRC,Rep-S,1,Mid,spring,noon,Erin_Repens1_Mid_FLRC_2023_09_13,4,827.5,0,10.2,0.0679,166.0,51,51,0.0,0.0,487.3,1139.8,613.9,0.0,0.572,0.461,-1,0.87,0.92,10,0.875,0.026,0.806,2.339,-1.0,498.1,0.5,100.532,1.11,1.56,26.07,2,4.64,1,9.29,25.32,26.07,25.0,420.3,414.99,18.201,18.745,54.74,56.38,400.4,498,1734,97.45,6.81,-0.756,0.0512,0.00588,0.0344,0.00618,0.5,-1.36,7.36,1.0,0.0,0.16,111115,,,,,,,,,,,,,,,,,,,,,,,,,,,,,,,,,,,,,,,,,,,,,,,,,,,,,,,,,,,,,,,,,,,,,,,,,,,,,,,,,,,,,,,,,,,,,,,,,,,,,,,,,,,,,,,,,,,,,,,,,,,,,,,,,,,,,,,,,,,,
2023-09-13 13:35:00,FLRC,Rep-S,1,Mid,spring,noon,Erin_Repens1_Mid_FLRC_2023_09_13,5,958.0,0,9.77,0.0687,178.0,52,52,0.0,0.0,502.8,1247.4,639.4,0.0,0.597,0.487,-1,0.87,0.92,10,0.875,0.027,0.817,2.481,-1.0,452.0,0.5,96.367,1.1,1.54,25.94,2,4.64,1,9.29,25.31,25.94,25.0,419.98,414.88,18.202,18.743,54.78,56.41,400.4,452,1770,97.45,6.81,-0.756,0.0512,0.00588,0.0344,0.00618,1.0,-1.36,7.36,1.0,0.0,0.16,111115,,,,,,,,,,,,,,,,,,,,,,,,,,,,,,,,,,,,,,,,,,,,,,,,,,,,,,,,,,,,,,,,,,,,,,,,,,,,,,,,,,,,,,,,,,,,,,,,,,,,,,,,,,,,,,,,,,,,,,,,,,,,,,,,,,,,,,,,,,,,
2023-09-13 13:38:00,FLRC,Rep-S,1,Mid,spring,noon,Erin_Repens1_Mid_FLRC_2023_09_13,6,1133.0,0,8.75,0.0699,206.0,53,53,0.0,0.0,551.7,1638.7,707.1,0.0,0.663,0.568,-1,0.87,0.92,10,0.875,0.037,0.857,2.97,-1.0,298.7,0.5,74.299,1.08,1.47,25.63,2,4.64,1,9.29,25.3,25.63,25.0,420.09,415.5,18.218,18.747,54.86,56.45,400.4,299,1780,97.45,6.81,-0.756,0.0512,0.00588,0.0344,0.00618,1.0,-1.36,7.36,1.0,0.0,0.16,111115,,,,,,,,,,,,,,,,,,,,,,,,,,,,,,,,,,,,,,,,,,,,,,,,,,,,,,,,,,,,,,,,,,,,,,,,,,,,,,,,,,,,,,,,,,,,,,,,,,,,,,,,,,,,,,,,,,,,,,,,,,,,,,,,,,,,,,,,,,,,
2023-09-13 13:41:00,FLRC,Rep-S,1,Mid,spring,noon,Erin_Repens1_Mid_FLRC_2023_09_13,7,1323.5,0,7.06,0.0709,248.0,54,54,0.0,0.0,582.0,1915.4,711.4,0.0,0.696,0.629,-1,0.87,0.92,9,0.875,0.046,0.903,3.291,-1.0,202.0,0.5,55.511,1.05,1.41,25.29,2,4.64,1,9.29,25.25,25.29,25.0,420.13,416.39,18.199,18.712,54.94,56.49,400.4,202,1791,97.43,6.81,-0.756,0.0512,0.00588,0.0344,0.00618,0.8,-1.36,7.36,1.0,0.0,0.16,111115,,,,,,,,,,,,,,,,,,,,,,,,,,,,,,,,,,,,,,,,,,,,,,,,,,,,,,,,,,,,,,,,,,,,,,,,,,,,,,,,,,,,,,,,,,,,,,,,,,,,,,,,,,,,,,,,,,,,,,,,,,,,,,,,,,,,,,,,,,,,
2023-09-13 13:44:00,FLRC,Rep-S,1,Mid,spring,noon,Erin_Repens1_Mid_FLRC_2023_09_13,8,1505.0,0,6.03,0.0721,274.0,55,55,0.0,0.0,587.9,2005.7,703.6,0.0,0.707,0.649,-1,0.87,0.92,9,0.874,0.046,0.918,3.412,-1.0,175.8,0.5,49.895,1.05,1.39,25.2,2,4.64,1,9.29,25.23,25.2,25.0,419.93,416.7,18.205,18.72,55.02,56.57,400.4,176,1784,97.41,6.81,-0.756,0.0512,0.00588,0.0344,0.00618,1.0,-1.36,7.36,1.0,0.0,0.16,111115,,,,,,,,,,,,,,,,,,,,,,,,,,,,,,,,,,,,,,,,,,,,,,,,,,,,,,,,,,,,,,,,,,,,,,,,,,,,,,,,,,,,,,,,,,,,,,,,,,,,,,,,,,,,,,,,,,,,,,,,,,,,,,,,,,,,,,,,,,,,
2023-09-13 13:47:00,FLRC,Rep-S,1,Mid,spring,noon,Erin_Repens1_Mid_FLRC_2023_09_13,9,1695.0,0,4.82,0.0721,301.0,56,56,0.0,0.0,594.0,2080.1,692.7,0.0,0.714,0.667,-1,0.87,0.92,10,0.875,0.045,0.934,3.502,-1.0,149.5,0.5,43.624,1.04,1.38,25.09,2,4.64,1,9.29,25.22,25.09,25.0,419.67,417.05,18.187,18.695,54.98,56.52,400.5,149,1808,97.41,6.81,-0.756,0.0512,0.00588,0.0344,0.00618,0.8,-1.36,7.36,1.0,0.0,0.16,111115,,,,,,,,,,,,,,,,,,,,,,,,,,,,,,,,,,,,,,,,,,,,,,,,,,,,,,,,,,,,,,,,,,,,,,,,,,,,,,,,,,,,,,,,,,,,,,,,,,,,,,,,,,,,,,,,,,,,,,,,,,,,,,,,,,,,,,,,,,,,
2023-09-13 13:50:00,FLRC,Rep-S,1,Mid,spring,noon,Erin_Repens1_Mid_FLRC_2023_09_13,10,1873.5,0,4.98,0.0741,301.0,57,57,0.0,0.0,598.6,2135.7,677.6,0.0,0.72,0.683,-1,0.87,0.92,10,0.875,0.055,0.949,3.568,-1.0,123.8,0.5,36.966,1.08,1.39,25.2,2,4.64,1,9.29,25.29,25.2,25.0,420.1,417.39,18.253,18.78,54.96,56.55,400.5,124,1763,97.41,6.81,-0.756,0.0512,0.00588,0.0344,0.00618,1.0,-1.36,7.36,1.0,0.0,0.16,111115,,,,,,,,,,,,,,,,,,,,,,,,,,,,,,,,,,,,,,,,,,,,,,,,,,,,,,,,,,,,,,,,,,,,,,,,,,,,,,,,,,,,,,,,,,,,,,,,,,,,,,,,,,,,,,,,,,,,,,,,,,,,,,,,,,,,,,,,,,,,
2023-11-21 13:10:00,FLRC,Rep-S,1,Mid,spring,noon,Erin_Repens1_Mid_FLRC_2023_11_21,1,260.0,0,10.2,0.0685,164.0,72,72,0.0,0.0,444.0,719.6,644.6,0.0,0.383,0.104,-1,0.87,0.92,10,0.875,0.009,0.272,1.621,-1.0,1500.5,0.5,68.421,1.3,1.8,27.4,2,4.64,1,9.29,25.19,27.4,25.0,420.08,412.92,18.277,19.127,55.27,57.84,299.5,1500,2000,97.27,6.08,-0.726,0.0967,0.0446,0.106,0.0444,0.5,-1.36,7.36,1.0,0.0,0.16,111115,,,,,,,,,,,,,,,,,,,,,,,,,,,,,,,,,,,,,,,,,,,,,,,,,,,,,,,,,,,,,,,,,,,,,,,,,,,,,,,,,,,,,,,,,,,,,,,,,,,,,,,,,,,,,,,,,,,,,,,,,,,,,,,,,,,,,,,,,,,,
2023-11-21 13:12:00,FLRC,Rep-S,1,Mid,spring,noon,Erin_Repens1_Mid_FLRC_2023_11_21,2,390.0,0,9.69,0.0716,186.0,73,73,0.0,0.0,440.2,734.8,602.1,0.0,0.401,0.181,-1,0.87,0.92,10,0.875,0.012,0.45,1.669,-1.0,1002.2,0.5,79.189,1.26,1.67,26.78,2,4.64,1,9.29,25.31,26.78,25.0,419.65,412.83,18.307,19.13,54.98,57.45,299.6,1002,656,97.26,6.08,-0.726,0.0967,0.0446,0.106,0.0444,0.5,-1.36,7.36,1.0,0.0,0.16,111115,,,,,,,,,,,,,,,,,,,,,,,,,,,,,,,,,,,,,,,,,,,,,,,,,,,,,,,,,,,,,,,,,,,,,,,,,,,,,,,,,,,,,,,,,,,,,,,,,,,,,,,,,,,,,,,,,,,,,,,,,,,,,,,,,,,,,,,,,,,,
2023-11-21 13:14:00,FLRC,Rep-S,1,Mid,spring,noon,Erin_Repens1_Mid_FLRC_2023_11_21,3,520.5,0,9.55,0.0706,188.0,74,74,0.0,0.0,463.5,847.3,594.6,0.0,0.453,0.298,-1,0.87,0.92,10,0.875,0.02,0.658,1.828,-1.0,598.4,0.5,78.044,1.16,1.56,26.26,2,4.64,1,9.29,25.44,26.26,25.01,420.59,413.9,18.381,19.14,54.77,57.04,299.6,598,1851,97.27,6.08,-0.726,0.0967,0.0446,0.106,0.0444,0.8,-1.36,7.36,1.0,0.0,0.16,111115,,,,,,,,,,,,,,,,,,,,,,,,,,,,,,,,,,,,,,,,,,,,,,,,,,,,,,,,,,,,,,,,,,,,,,,,,,,,,,,,,,,,,,,,,,,,,,,,,,,,,,,,,,,,,,,,,,,,,,,,,,,,,,,,,,,,,,,,,,,,
2023-11-21 13:17:00,FLRC,Rep-S,1,Mid,spring,noon,Erin_Repens1_Mid_FLRC_2023_11_21,4,650.5,0,9.71,0.0702,183.0,75,75,0.0,0.0,475.9,932.4,602.5,0.0,0.49,0.354,-1,0.87,0.92,10,0.875,0.025,0.723,1.959,-1.0,498.2,0.5,77.114,1.18,1.6,26.51,2,4.64,1,9.29,25.59,26.51,25.0,420.29,413.48,18.573,19.343,54.85,57.12,299.6,498,449,97.26,6.08,-0.726,0.0967,0.0446,0.106,0.0444,0.8,-1.36,7.36,1.0,0.0,0.16,111115,,,,,,,,,,,,,,,,,,,,,,,,,,,,,,,,,,,,,,,,,,,,,,,,,,,,,,,,,,,,,,,,,,,,,,,,,,,,,,,,,,,,,,,,,,,,,,,,,,,,,,,,,,,,,,,,,,,,,,,,,,,,,,,,,,,,,,,,,,,,
2023-11-21 13:19:00,FLRC,Rep-S,1,Mid,spring,noon,Erin_Repens1_Mid_FLRC_2023_11_21,5,781.0,0,8.77,0.0675,196.0,76,76,0.0,0.0,487.4,995.1,615.4,0.0,0.51,0.382,-1,0.87,0.92,10,0.875,0.025,0.748,2.042,-1.0,448.5,0.5,74.866,1.11,1.56,26.31,2,4.64,1,9.29,25.52,26.31,25.0,419.53,413.37,18.533,19.258,54.95,57.1,299.6,449,1740,97.26,6.08,-0.726,0.0967,0.0446,0.106,0.0444,0.8,-1.36,7.36,1.0,0.0,0.16,111115,,,,,,,,,,,,,,,,,,,,,,,,,,,,,,,,,,,,,,,,,,,,,,,,,,,,,,,,,,,,,,,,,,,,,,,,,,,,,,,,,,,,,,,,,,,,,,,,,,,,,,,,,,,,,,,,,,,,,,,,,,,,,,,,,,,,,,,,,,,,
2023-11-21 13:21:00,FLRC,Rep-S,1,Mid,spring,noon,Erin_Repens1_Mid_FLRC_2023_11_21,6,911.0,0,8.75,0.0668,196.0,77,77,0.0,0.0,538.7,1280.1,684.9,0.0,0.579,0.465,-1,0.87,0.92,10,0.875,0.037,0.803,2.376,-1.0,298.6,0.5,60.749,1.07,1.53,26.2,2,4.64,1,9.29,25.6,26.2,25.0,420.18,414.04,18.656,19.359,55.09,57.16,299.5,299,348,97.28,6.08,-0.726,0.0967,0.0446,0.106,0.0444,0.8,-1.36,7.36,1.0,0.0,0.16,111115,,,,,,,,,,,,,,,,,,,,,,,,,,,,,,,,,,,,,,,,,,,,,,,,,,,,,,,,,,,,,,,,,,,,,,,,,,,,,,,,,,,,,,,,,,,,,,,,,,,,,,,,,,,,,,,,,,,,,,,,,,,,,,,,,,,,,,,,,,,,
2023-11-21 13:23:00,FLRC,Rep-S,1,Mid,spring,noon,Erin_Repens1_Mid_FLRC_2023_11_21,7,1041.5,0,7.18,0.0639,227.0,78,78,0.0,0.0,591.9,1620.0,747.4,0.0,0.635,0.539,-1,0.87,0.92,9,0.875,0.047,0.849,2.737,-1.0,198.8,0.5,46.822,0.953,1.42,25.49,2,4.64,1,9.29,25.36,25.49,24.99,420.34,415.28,18.418,19.042,55.17,57.03,299.6,199,496,97.3,6.08,-0.726,0.0967,0.0446,0.106,0.0444,0.5,-1.36,7.36,1.0,0.0,0.16,111115,,,,,,,,,,,,,,,,,,,,,,,,,,,,,,,,,,,,,,,,,,,,,,,,,,,,,,,,,,,,,,,,,,,,,,,,,,,,,,,,,,,,,,,,,,,,,,,,,,,,,,,,,,,,,,,,,,,,,,,,,,,,,,,,,,,,,,,,,,,,
2023-11-21 13:25:00,FLRC,Rep-S,1,Mid,spring,noon,Erin_Repens1_Mid_FLRC_2023_11_21,8,1171.5,0,6.17,0.062,248.0,79,79,0.0,0.0,604.3,1744.1,758.5,0.0,0.654,0.565,-1,0.87,0.92,9,0.874,0.047,0.865,2.886,-1.0,176.3,0.5,43.566,0.898,1.38,25.19,2,4.64,1,9.29,25.28,25.19,25.0,419.92,415.55,18.271,18.859,54.97,56.74,299.6,176,453,97.29,6.08,-0.726,0.0967,0.0446,0.106,0.0444,0.5,-1.36,7.36,1.0,0.0,0.16,111115,,,,,,,,,,,,,,,,,,,,,,,,,,,,,,,,,,,,,,,,,,,,,,,,,,,,,,,,,,,,,,,,,,,,,,,,,,,,,,,,,,,,,,,,,,,,,,,,,,,,,,,,,,,,,,,,,,,,,,,,,,,,,,,,,,,,,,,,,,,,
2023-11-21 13:27:00,FLRC,Rep-S,1,Mid,spring,noon,Erin_Repens1_Mid_FLRC_2023_11_21,9,1301.5,0,5.78,0.0587,251.0,80,80,0.0,0.0,623.2,1878.7,765.9,0.0,0.668,0.592,-1,0.87,0.92,10,0.875,0.052,0.886,3.014,-1.0,150.2,0.5,38.922,0.823,1.34,24.81,2,4.64,1,9.29,25.15,24.81,25.0,420.42,416.34,18.046,18.585,54.74,56.37,299.6,150,521,97.29,6.08,-0.726,0.0967,0.0446,0.106,0.0444,0.5,-1.36,7.36,1.0,0.0,0.16,111115,,,,,,,,,,,,,,,,,,,,,,,,,,,,,,,,,,,,,,,,,,,,,,,,,,,,,,,,,,,,,,,,,,,,,,,,,,,,,,,,,,,,,,,,,,,,,,,,,,,,,,,,,,,,,,,,,,,,,,,,,,,,,,,,,,,,,,,,,,,,
2023-11-21 13:30:00,FLRC,Rep-S,1,Mid,spring,noon,Erin_Repens1_Mid_FLRC_2023_11_21,10,1432.0,0,3.79,0.0568,302.0,81,81,0.0,0.0,633.2,1986.6,759.2,0.0,0.681,0.618,-1,0.87,0.92,10,0.875,0.044,0.907,3.137,-1.0,124.5,0.5,33.644,0.785,1.32,24.65,2,4.64,1,9.29,25.13,24.65,25.0,419.48,416.74,17.936,18.451,54.46,56.03,299.6,124,530,97.29,6.08,-0.726,0.0967,0.0446,0.106,0.0444,0.5,-1.36,7.36,1.0,0.0,0.16,111115,-0.713971,1.0,0.0589347,171.766,0.0,12.3218,284.98,0.0,11.3463,-17.9848,0.0,1.40642,6.44288,0.0,0.256519,-0.725616,-4.03712,-0.00368935,-0.0912719,757.89,19.1937,15.7854,393.807,397.776,0.0,1.0,399.767,9.9732,10.0737,0.0,1.0,293.881,292.365,97433.5,1.15664,1010.95,0.0249475,0.417499,0.0072038,971.985,2220.36,0.0062282,43.776,1248.37,279.716,1.01452,5.12652,0.126424,5.2275,1.06093e-13,0.0480121,5.22772,16.942,131.472,78.6083,,,0.785672,5.68664,-241.777,-0.0220451,0.602731,0.186969,0.0,59.2867,-8.99698,20.3512,50.6774,77.2862,108.395,162.395,-0.683425,1.0447,169.173,1.08778,173.841,1.57185,-18.6443,1.52613,3.93024,1.57185,800000099.0,800000099.0,800000099.0,800100099.0,800000099.0,800000099.0,800000199.0,811000199.0,80000.0,80000.0,80.0,81.0,11.0,5.0,0.0,12.0,9.0,8.0,6.06583,4.2987,1.00876,0.245327,0.00429265,132.455,0.144679,-0.0186443,3.93024,19.039,14.0407,22.5036,675.384,100.887,0.466505,0.0271275,0.0744833,637.934,293.38,292.552,97424.4,43.776,294.411,295.594,89.7586,5.45326,4.29453,47.4935,22.4558,44.9724,52.6242,0.0,4.873895,0.01143,18000.0,11.43,1.0,-17.98848935,3.7788546366418987,21.7636546366419,2.253965198190974
2023-09-13 13:56:00,FLRC,Rep-S,1,Old,spring,noon,Erin_Repens1_Old_FLRC_2023_09_13,1,305.0,0,12.7,0.0974,193.0,58,58,0.0,0.0,375.1,620.5,498.6,0.0,0.395,0.196,-1,0.87,0.92,10,0.875,0.01,0.497,1.654,-1.0,1500.3,0.5,128.915,1.9,1.87,27.77,2,4.64,1,9.29,25.48,27.77,25.0,420.29,413.53,18.332,19.264,54.55,57.32,400.5,1500,1850,97.39,6.81,-0.756,0.0512,0.00588,0.0344,0.00618,0.8,-1.36,7.36,1.0,0.0,0.16,111115,,,,,,,,,,,,,,,,,,,,,,,,,,,,,,,,,,,,,,,,,,,,,,,,,,,,,,,,,,,,,,,,,,,,,,,,,,,,,,,,,,,,,,,,,,,,,,,,,,,,,,,,,,,,,,,,,,,,,,,,,,,,,,,,,,,,,,,,,,,,
2023-09-13 14:00:00,FLRC,Rep-S,1,Old,spring,noon,Erin_Repens1_Old_FLRC_2023_09_13,2,495.5,0,11.2,0.0898,203.0,59,59,0.0,0.0,390.5,705.0,503.9,0.0,0.446,0.285,-1,0.87,0.92,10,0.875,0.014,0.64,1.805,-1.0,1000.5,0.5,124.864,1.61,1.71,26.99,2,4.64,1,9.29,25.49,26.99,25.0,419.32,413.39,18.384,19.171,54.7,57.04,400.5,1000,1857,97.38,6.81,-0.756,0.0512,0.00588,0.0344,0.00618,0.5,-1.36,7.36,1.0,0.0,0.16,111115,-0.684617,0.0,0.0444152,147.392,0.0,8.90166,295.668,0.0,13.3373,-17.5688,0.0,1.14257,6.69244,0.0,0.301889,-0.929777,3.29598,-0.34734,0.0746044,687.286,10.0687,15.8139,395.449,398.145,0.0,1.0,231.672,5.79329,5.82705,0.0,1.0,294.521,293.592,97612.0,1.15575,1008.69,0.0250064,0.43367,0.00417473,565.646,2395.85,0.00361214,23.6094,1830.2,272.093,0.652759,4.94454,0.074901,4.98764,-3.41386e-14,0.0434609,4.98783,13.0285,127.42,82.3133,,,0.769648,3.21515,-265.044,-0.0201099,0.498503,0.164271,0.0,69.7173,-10.5799,23.9317,59.5933,90.8835,127.465,190.966,-0.656105,1.04346,148.013,1.08439,191.256,1.51393,-18.3239,1.47489,4.32907,1.51393,800000099.0,800000099.0,800000099.0,800000099.0,800000099.0,800000099.0,800000199.0,800000199.0,80000.0,80000.0,80.0,80.0,9.0,6.0,2.0,2.0,5.0,5.0,3.3068,2.47719,0.64632,0.191648,0.00405282,271.762,0.126964,-0.0183239,4.32907,,14.0393,24.5526,775.397,113.216,0.357846,0.0300539,0.0635432,560.45,294.525,293.832,97658.4,23.6094,288.121,289.242,87.569,9.08196,9.75106,78.6621,44.14,60.9077,83.7929,0.0,9.41651,0.06299199999999999,131400.0,62.99199999999999,1.0,-17.91614,2.2147020338040426,19.78350203380404,1.9724891008339906
2023-09-13 14:03:00,FLRC,Rep-S,1,Old,spring,noon,Erin_Repens1_Old_FLRC_2023_09_13,3,686.0,0,9.93,0.0817,211.0,60,60,0.0,0.0,426.2,931.2,555.3,0.0,0.542,0.404,-1,0.87,0.92,10,0.875,0.021,0.744,2.185,-1.0,599.9,0.5,105.916,1.34,1.56,26.19,2,4.64,1,9.29,25.42,26.19,25.0,420.02,414.79,18.333,18.988,54.74,56.7,400.6,600,1869,97.36,6.81,-0.756,0.0512,0.00588,0.0344,0.00618,0.5,-1.36,7.36,1.0,0.0,0.16,111115,,,,,,,,,,,,,,,,,,,,,,,,,,,,,,,,,,,,,,,,,,,,,,,,,,,,,,,,,,,,,,,,,,,,,,,,,,,,,,,,,,,,,,,,,,,,,,,,,,,,,,,,,,,,,,,,,,,,,,,,,,,,,,,,,,,,,,,,,,,,
2023-09-13 14:05:00,FLRC,Rep-S,1,Old,spring,noon,Erin_Repens1_Old_FLRC_2023_09_13,4,843.0,0,9.12,0.0777,218.0,61,61,0.0,0.0,445.6,1057.1,582.4,0.0,0.578,0.449,-1,0.87,0.92,10,0.875,0.023,0.776,2.372,-1.0,500.8,0.5,98.357,1.25,1.54,26.05,2,4.64,1,9.29,25.44,26.05,25.0,419.85,415.03,18.334,18.947,54.69,56.52,400.5,501,1872,97.36,6.81,-0.756,0.0512,0.00588,0.0344,0.00618,1.0,-1.36,7.36,1.0,0.0,0.16,111115,,,,,,,,,,,,,,,,,,,,,,,,,,,,,,,,,,,,,,,,,,,,,,,,,,,,,,,,,,,,,,,,,,,,,,,,,,,,,,,,,,,,,,,,,,,,,,,,,,,,,,,,,,,,,,,,,,,,,,,,,,,,,,,,,,,,,,,,,,,,
2023-09-13 14:08:00,FLRC,Rep-S,1,Old,spring,noon,Erin_Repens1_Old_FLRC_2023_09_13,5,997.5,0,9.08,0.0757,214.0,62,62,0.0,0.0,457.0,1146.6,599.3,0.0,0.601,0.477,-1,0.87,0.92,10,0.875,0.026,0.794,2.509,-1.0,450.5,0.5,94.056,1.22,1.54,26.03,2,4.64,1,9.29,25.45,26.03,25.0,419.96,415.17,18.342,18.938,54.67,56.45,400.5,450,1879,97.35,6.81,-0.756,0.0512,0.00588,0.0344,0.00618,1.0,-1.36,7.36,1.0,0.0,0.16,111115,,,,,,,,,,,,,,,,,,,,,,,,,,,,,,,,,,,,,,,,,,,,,,,,,,,,,,,,,,,,,,,,,,,,,,,,,,,,,,,,,,,,,,,,,,,,,,,,,,,,,,,,,,,,,,,,,,,,,,,,,,,,,,,,,,,,,,,,,,,,
2023-09-13 14:11:00,FLRC,Rep-S,1,Old,spring,noon,Erin_Repens1_Old_FLRC_2023_09_13,6,1187.5,0,7.4,0.072,242.0,63,63,0.0,0.0,497.0,1468.0,650.6,0.0,0.661,0.557,-1,0.87,0.92,10,0.875,0.032,0.842,2.954,-1.0,301.8,0.5,73.515,1.11,1.47,25.62,2,4.64,1,9.29,25.38,25.62,25.0,419.83,415.91,18.294,18.835,54.75,56.37,400.7,302,1885,97.35,6.81,-0.756,0.0512,0.00588,0.0344,0.00618,0.8,-1.36,7.36,1.0,0.0,0.16,111115,,,,,,,,,,,,,,,,,,,,,,,,,,,,,,,,,,,,,,,,,,,,,,,,,,,,,,,,,,,,,,,,,,,,,,,,,,,,,,,,,,,,,,,,,,,,,,,,,,,,,,,,,,,,,,,,,,,,,,,,,,,,,,,,,,,,,,,,,,,,
2023-09-13 14:14:00,FLRC,Rep-S,1,Old,spring,noon,Erin_Repens1_Old_FLRC_2023_09_13,7,1378.0,0,6.35,0.069,261.0,64,64,0.0,0.0,522.9,1694.8,647.7,0.0,0.691,0.618,-1,0.87,0.92,9,0.875,0.042,0.894,3.241,-1.0,201.2,0.5,54.369,1.03,1.43,25.42,2,4.64,1,9.29,25.38,25.42,25.0,420.75,417.37,18.271,18.778,54.67,56.18,400.5,201,1891,97.33,6.81,-0.756,0.0512,0.00588,0.0344,0.00618,0.5,-1.36,7.36,1.0,0.0,0.16,111115,,,,,,,,,,,,,,,,,,,,,,,,,,,,,,,,,,,,,,,,,,,,,,,,,,,,,,,,,,,,,,,,,,,,,,,,,,,,,,,,,,,,,,,,,,,,,,,,,,,,,,,,,,,,,,,,,,,,,,,,,,,,,,,,,,,,,,,,,,,,
2023-09-13 14:17:00,FLRC,Rep-S,1,Old,spring,noon,Erin_Repens1_Old_FLRC_2023_09_13,8,1530.5,0,4.54,0.0668,299.0,65,65,0.0,0.0,525.7,1751.7,636.5,0.0,0.7,0.637,-1,0.87,0.92,9,0.874,0.036,0.91,3.332,-1.0,175.0,0.5,48.714,1.02,1.45,25.52,2,4.64,1,9.29,25.43,25.52,25.0,419.93,417.45,18.29,18.788,54.56,56.05,400.5,175,1871,97.33,6.81,-0.756,0.0512,0.00588,0.0344,0.00618,1.0,-1.36,7.36,1.0,0.0,0.16,111115,,,,,,,,,,,,,,,,,,,,,,,,,,,,,,,,,,,,,,,,,,,,,,,,,,,,,,,,,,,,,,,,,,,,,,,,,,,,,,,,,,,,,,,,,,,,,,,,,,,,,,,,,,,,,,,,,,,,,,,,,,,,,,,,,,,,,,,,,,,,
2023-09-13 14:20:00,FLRC,Rep-S,1,Old,spring,noon,Erin_Repens1_Old_FLRC_2023_09_13,9,1705.5,0,4.52,0.0634,294.0,66,66,0.0,0.0,529.5,1812.1,624.7,0.0,0.708,0.655,-1,0.87,0.92,10,0.875,0.042,0.926,3.422,-1.0,148.8,0.5,42.657,0.972,1.46,25.57,2,4.64,1,9.29,25.45,25.57,25.0,419.97,417.51,18.276,18.752,54.45,55.87,400.5,149,1896,97.33,6.81,-0.756,0.0512,0.00588,0.0344,0.00618,1.0,-1.36,7.36,1.0,0.0,0.16,111115,,,,,,,,,,,,,,,,,,,,,,,,,,,,,,,,,,,,,,,,,,,,,,,,,,,,,,,,,,,,,,,,,,,,,,,,,,,,,,,,,,,,,,,,,,,,,,,,,,,,,,,,,,,,,,,,,,,,,,,,,,,,,,,,,,,,,,,,,,,,
2023-09-13 14:23:00,FLRC,Rep-S,1,Old,spring,noon,Erin_Repens1_Old_FLRC_2023_09_13,10,1882.0,0,3.84,0.057,301.0,67,67,0.0,0.0,531.9,1859.2,613.0,0.0,0.714,0.67,-1,0.87,0.92,10,0.875,0.045,0.939,3.495,-1.0,123.3,0.5,36.159,0.87,1.46,25.52,2,4.64,1,9.29,25.44,25.52,25.0,420.19,418.09,18.305,18.731,54.59,55.86,400.5,123,1903,97.33,6.81,-0.756,0.0512,0.00588,0.0344,0.00618,1.0,-1.36,7.36,1.0,0.0,0.16,111115,,,,,,,,,,,,,,,,,,,,,,,,,,,,,,,,,,,,,,,,,,,,,,,,,,,,,,,,,,,,,,,,,,,,,,,,,,,,,,,,,,,,,,,,,,,,,,,,,,,,,,,,,,,,,,,,,,,,,,,,,,,,,,,,,,,,,,,,,,,,
2023-11-21 13:37:00,FLRC,Rep-S,1,Old,spring,noon,Erin_Repens1_Old_FLRC_2023_11_21,1,389.5,0,5.01,0.0405,208.0,82,82,0.0,0.0,474.0,754.2,707.8,0.0,0.371,0.062,-1,0.87,0.92,10,0.875,0.005,0.166,1.591,-1.0,1501.1,0.5,40.427,0.802,1.88,27.13,2,4.64,1,9.29,24.98,27.13,25.0,419.86,416.3,17.209,17.734,52.72,54.33,299.6,1501,338,97.27,6.12,-0.682,0.0236,0.00691,0.0249,0.00609,0.8,-1.36,7.36,1.0,0.0,0.16,111115,,,,,,,,,,,,,,,,,,,,,,,,,,,,,,,,,,,,,,,,,,,,,,,,,,,,,,,,,,,,,,,,,,,,,,,,,,,,,,,,,,,,,,,,,,,,,,,,,,,,,,,,,,,,,,,,,,,,,,,,,,,,,,,,,,,,,,,,,,,,
2023-11-21 13:39:00,FLRC,Rep-S,1,Old,spring,noon,Erin_Repens1_Old_FLRC_2023_11_21,2,520.0,0,4.17,0.0319,199.0,83,83,0.0,0.0,467.7,743.7,675.5,0.0,0.371,0.092,-1,0.87,0.92,10,0.875,0.006,0.247,1.59,-1.0,998.2,0.5,40.025,0.574,1.71,26.12,2,4.64,1,9.29,24.91,26.12,25.0,420.22,417.28,16.978,17.355,52.21,53.37,299.7,998,421,97.29,6.12,-0.682,0.0236,0.00691,0.0249,0.00609,0.5,-1.36,7.36,1.0,0.0,0.16,111115,,,,,,,,,,,,,,,,,,,,,,,,,,,,,,,,,,,,,,,,,,,,,,,,,,,,,,,,,,,,,,,,,,,,,,,,,,,,,,,,,,,,,,,,,,,,,,,,,,,,,,,,,,,,,,,,,,,,,,,,,,,,,,,,,,,,,,,,,,,,
2023-11-21 13:41:00,FLRC,Rep-S,1,Old,spring,noon,Erin_Repens1_Old_FLRC_2023_11_21,3,650.0,0,4.21,0.0257,147.0,84,84,0.0,0.0,465.6,760.7,647.0,0.0,0.388,0.149,-1,0.87,0.92,10,0.875,0.01,0.385,1.634,-1.0,599.6,0.5,39.208,0.424,1.57,25.25,2,4.64,1,9.29,24.84,25.25,25.0,420.55,417.62,16.763,17.041,51.79,52.65,299.6,600,407,97.29,6.12,-0.682,0.0236,0.00691,0.0249,0.00609,0.5,-1.36,7.36,1.0,0.0,0.16,111115,,,,,,,,,,,,,,,,,,,,,,,,,,,,,,,,,,,,,,,,,,,,,,,,,,,,,,,,,,,,,,,,,,,,,,,,,,,,,,,,,,,,,,,,,,,,,,,,,,,,,,,,,,,,,,,,,,,,,,,,,,,,,,,,,,,,,,,,,,,,
2023-11-21 13:44:00,FLRC,Rep-S,1,Old,spring,noon,Erin_Repens1_Old_FLRC_2023_11_21,4,780.5,0,1.74,0.0228,286.0,85,85,0.0,0.0,466.4,770.8,632.9,0.0,0.395,0.179,-1,0.87,0.92,10,0.875,0.006,0.453,1.653,-1.0,500.2,0.5,39.142,0.373,1.55,25.07,2,4.64,1,9.29,24.85,25.07,25.0,419.15,417.88,16.598,16.842,51.24,52.0,299.6,500,377,97.28,6.12,-0.682,0.0236,0.00691,0.0249,0.00609,0.5,-1.36,7.36,1.0,0.0,0.16,111115,,,,,,,,,,,,,,,,,,,,,,,,,,,,,,,,,,,,,,,,,,,,,,,,,,,,,,,,,,,,,,,,,,,,,,,,,,,,,,,,,,,,,,,,,,,,,,,,,,,,,,,,,,,,,,,,,,,,,,,,,,,,,,,,,,,,,,,,,,,,
2023-11-21 13:46:00,FLRC,Rep-S,1,Old,spring,noon,Erin_Repens1_Old_FLRC_2023_11_21,5,910.5,0,2.89,0.0201,180.0,86,86,0.0,0.0,468.4,780.9,624.3,0.0,0.4,0.201,-1,0.87,0.92,10,0.875,0.01,0.501,1.667,-1.0,450.0,0.5,39.474,0.328,1.55,24.97,2,4.64,1,9.29,24.83,24.97,25.01,420.0,417.98,16.458,16.673,50.85,51.52,299.6,450,1176,97.28,6.12,-0.682,0.0236,0.00691,0.0249,0.00609,0.5,-1.36,7.36,1.0,0.0,0.16,111115,,,,,,,,,,,,,,,,,,,,,,,,,,,,,,,,,,,,,,,,,,,,,,,,,,,,,,,,,,,,,,,,,,,,,,,,,,,,,,,,,,,,,,,,,,,,,,,,,,,,,,,,,,,,,,,,,,,,,,,,,,,,,,,,,,,,,,,,,,,,
2023-11-21 13:48:00,FLRC,Rep-S,1,Old,spring,noon,Erin_Repens1_Old_FLRC_2023_11_21,6,1041.0,0,2.81,0.0189,172.0,87,87,0.0,0.0,477.5,856.6,606.3,0.0,0.443,0.292,-1,0.87,0.92,10,0.875,0.015,0.66,1.794,-1.0,299.5,0.5,38.293,0.313,1.58,25.16,2,4.64,1,9.29,25.04,25.16,25.01,419.91,417.95,16.573,16.779,50.6,51.23,299.7,300,1346,97.3,6.12,-0.682,0.0236,0.00691,0.0249,0.00609,0.5,-1.36,7.36,1.0,0.0,0.16,111115,,,,,,,,,,,,,,,,,,,,,,,,,,,,,,,,,,,,,,,,,,,,,,,,,,,,,,,,,,,,,,,,,,,,,,,,,,,,,,,,,,,,,,,,,,,,,,,,,,,,,,,,,,,,,,,,,,,,,,,,,,,,,,,,,,,,,,,,,,,,
2023-11-21 13:50:00,FLRC,Rep-S,1,Old,spring,noon,Erin_Repens1_Old_FLRC_2023_11_21,7,1171.0,0,3.59,0.0179,90.2,88,88,0.0,0.0,498.3,975.6,602.3,0.0,0.489,0.383,-1,0.87,0.92,9,0.875,0.026,0.782,1.958,-1.0,201.7,0.5,33.738,0.313,1.66,25.69,2,4.64,1,9.29,25.3,25.69,25.01,420.7,418.22,16.808,17.013,50.52,51.14,299.7,202,650,97.29,6.12,-0.682,0.0236,0.00691,0.0249,0.00609,0.5,-1.36,7.36,1.0,0.0,0.16,111115,,,,,,,,,,,,,,,,,,,,,,,,,,,,,,,,,,,,,,,,,,,,,,,,,,,,,,,,,,,,,,,,,,,,,,,,,,,,,,,,,,,,,,,,,,,,,,,,,,,,,,,,,,,,,,,,,,,,,,,,,,,,,,,,,,,,,,,,,,,,
2023-11-21 13:52:00,FLRC,Rep-S,1,Old,spring,noon,Erin_Repens1_Old_FLRC_2023_11_21,8,1301.0,0,3.52,0.0172,83.4,89,89,0.0,0.0,510.9,1047.8,613.1,0.0,0.512,0.415,-1,0.87,0.92,9,0.874,0.029,0.81,2.051,-1.0,175.6,0.5,31.843,0.308,1.7,25.95,2,4.64,1,9.29,25.37,25.95,25.0,420.11,417.68,16.925,17.128,50.66,51.26,299.6,176,327,97.28,6.12,-0.682,0.0236,0.00691,0.0249,0.00609,0.5,-1.36,7.36,1.0,0.0,0.16,111115,,,,,,,,,,,,,,,,,,,,,,,,,,,,,,,,,,,,,,,,,,,,,,,,,,,,,,,,,,,,,,,,,,,,,,,,,,,,,,,,,,,,,,,,,,,,,,,,,,,,,,,,,,,,,,,,,,,,,,,,,,,,,,,,,,,,,,,,,,,,
2023-11-21 13:54:00,FLRC,Rep-S,1,Old,spring,noon,Erin_Repens1_Old_FLRC_2023_11_21,9,1431.5,0,3.12,0.0147,71.6,90,90,0.0,0.0,529.9,1155.4,637.5,0.0,0.541,0.448,-1,0.87,0.92,10,0.875,0.031,0.828,2.18,-1.0,149.8,0.5,29.376,0.254,1.64,25.62,2,4.64,1,9.29,25.25,25.62,25.0,420.32,418.16,16.908,17.075,50.98,51.48,299.6,150,1201,97.29,6.12,-0.682,0.0236,0.00691,0.0249,0.00609,0.8,-1.36,7.36,1.0,0.0,0.16,111115,,,,,,,,,,,,,,,,,,,,,,,,,,,,,,,,,,,,,,,,,,,,,,,,,,,,,,,,,,,,,,,,,,,,,,,,,,,,,,,,,,,,,,,,,,,,,,,,,,,,,,,,,,,,,,,,,,,,,,,,,,,,,,,,,,,,,,,,,,,,
2023-11-21 13:57:00,FLRC,Rep-S,1,Old,spring,noon,Erin_Repens1_Old_FLRC_2023_11_21,10,1561.5,0,3.12,0.0142,59.6,91,91,0.0,0.0,557.2,1302.1,673.5,0.0,0.572,0.483,-1,0.87,0.92,10,0.875,0.038,0.844,2.337,-1.0,124.2,0.5,26.236,0.242,1.62,25.53,2,4.64,1,9.29,25.24,25.53,25.0,420.03,417.88,16.92,17.079,51.04,51.52,299.6,124,418,97.29,6.12,-0.682,0.0236,0.00691,0.0249,0.00609,0.5,-1.36,7.36,1.0,0.0,0.16,111115,,,,,,,,,,,,,,,,,,,,,,,,,,,,,,,,,,,,,,,,,,,,,,,,,,,,,,,,,,,,,,,,,,,,,,,,,,,,,,,,,,,,,,,,,,,,,,,,,,,,,,,,,,,,,,,,,,,,,,,,,,,,,,,,,,,,,,,,,,,,
2023-09-13 12:52:00,FLRC,Rep-S,1,Yng,spring,noon,Erin_Repens1_Yng_FLRC_2023_09_13,1,672.5,0,14.3,0.132,227.0,38,38,0.0,0.0,393.7,678.1,535.7,0.0,0.419,0.21,-1,0.87,0.92,10,0.875,0.012,0.501,1.722,-1.0,1500.9,0.5,137.86,2.4,1.75,27.6,2,4.64,1,9.29,25.51,27.6,25.0,419.45,411.83,18.947,20.119,56.34,59.83,400.5,1501,1352,97.49,6.81,-0.756,0.0512,0.00588,0.0344,0.00618,0.5,-1.36,7.36,1.0,0.0,0.16,111115,,,,,,,,,,,,,,,,,,,,,,,,,,,,,,,,,,,,,,,,,,,,,,,,,,,,,,,,,,,,,,,,,,,,,,,,,,,,,,,,,,,,,,,,,,,,,,,,,,,,,,,,,,,,,,,,,,,,,,,,,,,,,,,,,,,,,,,,,,,,
2023-09-13 12:55:00,FLRC,Rep-S,1,Yng,spring,noon,Erin_Repens1_Yng_FLRC_2023_09_13,2,863.0,0,13.4,0.125,230.0,39,39,0.0,0.0,405.2,780.8,531.7,0.0,0.481,0.319,-1,0.87,0.92,10,0.875,0.016,0.663,1.927,-1.0,1000.6,0.5,139.637,2.03,1.56,26.66,2,4.64,1,9.29,25.43,26.66,25.0,419.63,412.5,18.943,19.937,56.62,59.59,400.5,1001,1374,97.49,6.81,-0.756,0.0512,0.00588,0.0344,0.00618,0.5,-1.36,7.36,1.0,0.0,0.16,111115,,,,,,,,,,,,,,,,,,,,,,,,,,,,,,,,,,,,,,,,,,,,,,,,,,,,,,,,,,,,,,,,,,,,,,,,,,,,,,,,,,,,,,,,,,,,,,,,,,,,,,,,,,,,,,,,,,,,,,,,,,,,,,,,,,,,,,,,,,,,
2023-09-13 12:58:00,FLRC,Rep-S,1,Yng,spring,noon,Erin_Repens1_Yng_FLRC_2023_09_13,3,1046.5,0,13.0,0.119,229.0,40,40,0.0,0.0,444.1,1079.4,594.6,0.0,0.589,0.449,-1,0.87,0.92,10,0.875,0.027,0.763,2.431,-1.0,599.9,0.5,117.849,1.77,1.43,25.9,2,4.64,1,9.29,25.37,25.9,25.0,420.44,413.58,18.882,19.749,56.61,59.21,400.5,600,1372,97.49,6.81,-0.756,0.0512,0.00588,0.0344,0.00618,1.0,-1.36,7.36,1.0,0.0,0.16,111115,,,,,,,,,,,,,,,,,,,,,,,,,,,,,,,,,,,,,,,,,,,,,,,,,,,,,,,,,,,,,,,,,,,,,,,,,,,,,,,,,,,,,,,,,,,,,,,,,,,,,,,,,,,,,,,,,,,,,,,,,,,,,,,,,,,,,,,,,,,,
2023-09-13 13:01:00,FLRC,Rep-S,1,Yng,spring,noon,Erin_Repens1_Yng_FLRC_2023_09_13,4,1188.5,0,11.5,0.116,247.0,41,41,0.0,0.0,461.0,1232.9,621.8,0.0,0.626,0.496,-1,0.87,0.92,10,0.875,0.028,0.792,2.674,-1.0,501.0,0.5,108.603,1.68,1.39,25.65,2,4.64,1,9.29,25.33,25.65,25.0,420.38,414.31,18.846,19.67,56.66,59.13,400.4,501,1408,97.48,6.81,-0.756,0.0512,0.00588,0.0344,0.00618,1.0,-1.36,7.36,1.0,0.0,0.16,111115,,,,,,,,,,,,,,,,,,,,,,,,,,,,,,,,,,,,,,,,,,,,,,,,,,,,,,,,,,,,,,,,,,,,,,,,,,,,,,,,,,,,,,,,,,,,,,,,,,,,,,,,,,,,,,,,,,,,,,,,,,,,,,,,,,,,,,,,,,,,
2023-09-13 13:03:00,FLRC,Rep-S,1,Yng,spring,noon,Erin_Repens1_Yng_FLRC_2023_09_13,5,1320.0,0,10.3,0.117,263.0,42,42,0.0,0.0,469.3,1328.0,634.5,0.0,0.647,0.522,-1,0.87,0.92,10,0.875,0.029,0.808,2.83,-1.0,450.9,0.5,102.996,1.65,1.36,25.46,2,4.64,1,9.29,25.29,25.46,25.0,419.71,414.22,18.803,19.609,56.65,59.08,400.5,451,1422,97.48,6.81,-0.756,0.0512,0.00588,0.0344,0.00618,1.0,-1.36,7.36,1.0,0.0,0.16,111115,,,,,,,,,,,,,,,,,,,,,,,,,,,,,,,,,,,,,,,,,,,,,,,,,,,,,,,,,,,,,,,,,,,,,,,,,,,,,,,,,,,,,,,,,,,,,,,,,,,,,,,,,,,,,,,,,,,,,,,,,,,,,,,,,,,,,,,,,,,,
2023-09-13 13:06:00,FLRC,Rep-S,1,Yng,spring,noon,Erin_Repens1_Yng_FLRC_2023_09_13,6,1507.0,0,8.61,0.115,286.0,43,43,0.0,0.0,500.3,1647.2,663.8,0.0,0.696,0.597,-1,0.87,0.92,10,0.875,0.037,0.857,3.292,-1.0,298.1,0.5,77.857,1.57,1.32,25.2,2,4.64,1,9.29,25.28,25.2,25.0,420.02,415.4,18.748,19.517,56.54,58.86,400.4,298,1434,97.48,6.81,-0.756,0.0512,0.00588,0.0344,0.00618,1.0,-1.36,7.36,1.0,0.0,0.16,111115,,,,,,,,,,,,,,,,,,,,,,,,,,,,,,,,,,,,,,,,,,,,,,,,,,,,,,,,,,,,,,,,,,,,,,,,,,,,,,,,,,,,,,,,,,,,,,,,,,,,,,,,,,,,,,,,,,,,,,,,,,,,,,,,,,,,,,,,,,,,
2023-09-13 13:09:00,FLRC,Rep-S,1,Yng,spring,noon,Erin_Repens1_Yng_FLRC_2023_09_13,7,1697.5,0,5.22,0.112,333.0,44,44,0.0,0.0,514.6,1808.3,638.0,0.0,0.715,0.647,-1,0.87,0.92,9,0.875,0.035,0.905,3.514,-1.0,201.4,0.5,57.001,1.5,1.29,25.0,2,4.64,1,9.29,25.25,25.0,25.0,419.58,416.66,18.667,19.403,56.37,58.6,400.5,201,1458,97.48,6.81,-0.756,0.0512,0.00588,0.0344,0.00618,0.5,-1.36,7.36,1.0,0.0,0.16,111115,,,,,,,,,,,,,,,,,,,,,,,,,,,,,,,,,,,,,,,,,,,,,,,,,,,,,,,,,,,,,,,,,,,,,,,,,,,,,,,,,,,,,,,,,,,,,,,,,,,,,,,,,,,,,,,,,,,,,,,,,,,,,,,,,,,,,,,,,,,,
2023-09-13 13:12:00,FLRC,Rep-S,1,Yng,spring,noon,Erin_Repens1_Yng_FLRC_2023_09_13,8,1888.0,0,4.79,0.112,340.0,45,45,0.0,0.0,516.6,1856.7,620.5,0.0,0.722,0.666,-1,0.87,0.92,9,0.874,0.038,0.922,3.594,-1.0,175.3,0.5,51.025,1.5,1.29,24.94,2,4.64,1,9.29,25.25,24.94,25.0,419.72,417.02,18.58,19.312,56.1,58.31,400.8,175,1479,97.46,6.81,-0.756,0.0512,0.00588,0.0344,0.00618,0.5,-1.36,7.36,1.0,0.0,0.16,111115,,,,,,,,,,,,,,,,,,,,,,,,,,,,,,,,,,,,,,,,,,,,,,,,,,,,,,,,,,,,,,,,,,,,,,,,,,,,,,,,,,,,,,,,,,,,,,,,,,,,,,,,,,,,,,,,,,,,,,,,,,,,,,,,,,,,,,,,,,,,
2023-09-13 13:16:00,FLRC,Rep-S,1,Yng,spring,noon,Erin_Repens1_Yng_FLRC_2023_09_13,9,2074.0,0,4.23,0.11,347.0,46,46,0.0,0.0,518.7,1898.0,607.1,0.0,0.727,0.68,-1,0.87,0.92,10,0.875,0.04,0.936,3.659,-1.0,149.2,0.5,44.413,1.45,1.27,24.83,2,4.64,1,9.29,25.21,24.83,25.0,420.11,417.69,18.507,19.219,56.01,58.17,400.5,149,1493,97.46,6.81,-0.756,0.0512,0.00588,0.0344,0.00618,1.0,-1.36,7.36,1.0,0.0,0.16,111115,,,,,,,,,,,,,,,,,,,,,,,,,,,,,,,,,,,,,,,,,,,,,,,,,,,,,,,,,,,,,,,,,,,,,,,,,,,,,,,,,,,,,,,,,,,,,,,,,,,,,,,,,,,,,,,,,,,,,,,,,,,,,,,,,,,,,,,,,,,,
2023-09-13 13:19:00,FLRC,Rep-S,1,Yng,spring,noon,Erin_Repens1_Yng_FLRC_2023_09_13,10,2264.5,0,4.33,0.107,344.0,47,47,0.0,0.0,521.2,1930.6,593.0,0.0,0.73,0.693,-1,0.87,0.92,10,0.875,0.049,0.949,3.704,-1.0,123.7,0.5,37.486,1.43,1.28,24.84,2,4.64,1,9.29,25.24,24.84,25.0,420.1,417.64,18.473,19.175,55.8,57.92,400.5,124,1510,97.45,6.81,-0.756,0.0512,0.00588,0.0344,0.00618,0.5,-1.36,7.36,1.0,0.0,0.16,111115,,,,,,,,,,,,,,,,,,,,,,,,,,,,,,,,,,,,,,,,,,,,,,,,,,,,,,,,,,,,,,,,,,,,,,,,,,,,,,,,,,,,,,,,,,,,,,,,,,,,,,,,,,,,,,,,,,,,,,,,,,,,,,,,,,,,,,,,,,,,
2023-11-21 12:46:00,FLRC,Rep-S,1,Yng,spring,noon,Erin_Repens1_Yng_FLRC_2023_11_21,1,293.0,0,11.5,0.0707,141.0,62,62,0.0,0.0,400.0,651.0,557.2,0.0,0.386,0.144,-1,0.87,0.92,10,0.875,0.01,0.374,1.627,-1.0,1500.8,0.5,94.584,1.48,2.0,28.05,2,4.64,1,9.29,25.42,28.05,25.0,420.14,412.06,17.648,18.618,52.66,55.56,299.6,1501,2429,97.29,6.87,-0.694,0.0187,0.00316,0.0169,0.00431,0.5,-1.36,7.36,1.0,0.0,0.16,111115,,,,,,,,,,,,,,,,,,,,,,,,,,,,,,,,,,,,,,,,,,,,,,,,,,,,,,,,,,,,,,,,,,,,,,,,,,,,,,,,,,,,,,,,,,,,,,,,,,,,,,,,,,,,,,,,,,,,,,,,,,,,,,,,,,,,,,,,,,,,
2023-11-21 12:48:00,FLRC,Rep-S,1,Yng,spring,noon,Erin_Repens1_Yng_FLRC_2023_11_21,2,423.5,0,10.7,0.0685,152.0,63,63,0.0,0.0,406.3,699.1,536.1,0.0,0.419,0.233,-1,0.87,0.92,10,0.875,0.013,0.557,1.721,-1.0,1000.5,0.5,102.028,1.33,1.84,27.48,2,4.64,1,9.29,25.6,27.48,25.0,419.92,412.41,18.038,18.907,53.25,55.81,299.6,1001,2375,97.26,6.87,-0.694,0.0187,0.00316,0.0169,0.00431,0.5,-1.36,7.36,1.0,0.0,0.16,111115,,,,,,,,,,,,,,,,,,,,,,,,,,,,,,,,,,,,,,,,,,,,,,,,,,,,,,,,,,,,,,,,,,,,,,,,,,,,,,,,,,,,,,,,,,,,,,,,,,,,,,,,,,,,,,,,,,,,,,,,,,,,,,,,,,,,,,,,,,,,
2023-11-21 12:50:00,FLRC,Rep-S,1,Yng,spring,noon,Erin_Repens1_Yng_FLRC_2023_11_21,3,553.5,0,9.45,0.0683,182.0,64,64,0.0,0.0,433.7,844.0,550.5,0.0,0.486,0.348,-1,0.87,0.92,10,0.875,0.02,0.715,1.946,-1.0,601.4,0.5,91.486,1.23,1.72,27.02,2,4.64,1,9.29,25.71,27.02,25.0,419.75,413.1,18.379,19.186,53.9,56.26,299.6,601,417,97.25,6.87,-0.694,0.0187,0.00316,0.0169,0.00431,0.8,-1.36,7.36,1.0,0.0,0.16,111115,,,,,,,,,,,,,,,,,,,,,,,,,,,,,,,,,,,,,,,,,,,,,,,,,,,,,,,,,,,,,,,,,,,,,,,,,,,,,,,,,,,,,,,,,,,,,,,,,,,,,,,,,,,,,,,,,,,,,,,,,,,,,,,,,,,,,,,,,,,,
2023-11-21 12:52:00,FLRC,Rep-S,1,Yng,spring,noon,Erin_Repens1_Yng_FLRC_2023_11_21,4,684.0,0,8.74,0.0642,185.0,65,65,0.0,0.0,452.7,941.6,570.8,0.0,0.519,0.394,-1,0.87,0.92,10,0.875,0.022,0.758,2.08,-1.0,501.7,0.5,86.409,1.15,1.71,27.11,2,4.64,1,9.29,25.8,27.11,25.0,419.0,412.85,18.715,19.47,54.57,56.77,299.6,502,1316,97.26,6.87,-0.694,0.0187,0.00316,0.0169,0.00431,0.8,-1.36,7.36,1.0,0.0,0.16,111115,,,,,,,,,,,,,,,,,,,,,,,,,,,,,,,,,,,,,,,,,,,,,,,,,,,,,,,,,,,,,,,,,,,,,,,,,,,,,,,,,,,,,,,,,,,,,,,,,,,,,,,,,,,,,,,,,,,,,,,,,,,,,,,,,,,,,,,,,,,,
2023-11-21 12:55:00,FLRC,Rep-S,1,Yng,spring,noon,Erin_Repens1_Yng_FLRC_2023_11_21,5,814.0,0,9.58,0.063,161.0,66,66,0.0,0.0,463.9,1012.9,587.5,0.0,0.542,0.42,-1,0.87,0.92,10,0.875,0.027,0.775,2.183,-1.0,451.3,0.5,82.896,1.14,1.72,27.25,2,4.64,1,9.29,25.87,27.25,25.0,420.29,413.58,18.949,19.694,55.04,57.21,299.6,451,1731,97.25,6.87,-0.694,0.0187,0.00316,0.0169,0.00431,0.8,-1.36,7.36,1.0,0.0,0.16,111115,,,,,,,,,,,,,,,,,,,,,,,,,,,,,,,,,,,,,,,,,,,,,,,,,,,,,,,,,,,,,,,,,,,,,,,,,,,,,,,,,,,,,,,,,,,,,,,,,,,,,,,,,,,,,,,,,,,,,,,,,,,,,,,,,,,,,,,,,,,,
2023-11-21 12:57:00,FLRC,Rep-S,1,Yng,spring,noon,Erin_Repens1_Yng_FLRC_2023_11_21,6,944.0,0,6.75,0.0615,229.0,67,67,0.0,0.0,513.7,1315.1,657.1,0.0,0.609,0.5,-1,0.87,0.92,10,0.875,0.03,0.821,2.56,-1.0,298.7,0.5,65.372,1.04,1.6,26.64,2,4.64,1,9.29,25.69,26.64,24.99,419.29,414.5,18.864,19.543,55.39,57.38,299.6,299,411,97.25,6.87,-0.694,0.0187,0.00316,0.0169,0.00431,0.8,-1.36,7.36,1.0,0.0,0.16,111115,,,,,,,,,,,,,,,,,,,,,,,,,,,,,,,,,,,,,,,,,,,,,,,,,,,,,,,,,,,,,,,,,,,,,,,,,,,,,,,,,,,,,,,,,,,,,,,,,,,,,,,,,,,,,,,,,,,,,,,,,,,,,,,,,,,,,,,,,,,,
2023-11-21 12:59:00,FLRC,Rep-S,1,Yng,spring,noon,Erin_Repens1_Yng_FLRC_2023_11_21,7,1074.5,0,5.83,0.0581,247.0,68,68,0.0,0.0,559.5,1611.5,692.0,0.0,0.653,0.571,-1,0.87,0.92,9,0.875,0.039,0.874,2.88,-1.0,198.4,0.5,49.52,0.892,1.46,25.86,2,4.64,1,9.29,25.5,25.86,25.0,420.31,416.17,18.785,19.369,55.77,57.5,299.6,198,483,97.26,6.87,-0.694,0.0187,0.00316,0.0169,0.00431,0.5,-1.36,7.36,1.0,0.0,0.16,111115,,,,,,,,,,,,,,,,,,,,,,,,,,,,,,,,,,,,,,,,,,,,,,,,,,,,,,,,,,,,,,,,,,,,,,,,,,,,,,,,,,,,,,,,,,,,,,,,,,,,,,,,,,,,,,,,,,,,,,,,,,,,,,,,,,,,,,,,,,,,
2023-11-21 13:01:00,FLRC,Rep-S,1,Yng,spring,noon,Erin_Repens1_Yng_FLRC_2023_11_21,8,1204.5,0,5.87,0.0586,248.0,69,69,0.0,0.0,569.7,1715.9,694.9,0.0,0.668,0.595,-1,0.87,0.92,9,0.874,0.045,0.891,3.012,-1.0,176.3,0.5,45.868,0.864,1.4,25.46,2,4.64,1,9.29,25.33,25.46,24.99,420.78,416.63,18.581,19.147,55.72,57.42,299.6,176,411,97.27,6.87,-0.694,0.0187,0.00316,0.0169,0.00431,0.5,-1.36,7.36,1.0,0.0,0.16,111115,,,,,,,,,,,,,,,,,,,,,,,,,,,,,,,,,,,,,,,,,,,,,,,,,,,,,,,,,,,,,,,,,,,,,,,,,,,,,,,,,,,,,,,,,,,,,,,,,,,,,,,,,,,,,,,,,,,,,,,,,,,,,,,,,,,,,,,,,,,,
2023-11-21 13:03:00,FLRC,Rep-S,1,Yng,spring,noon,Erin_Repens1_Yng_FLRC_2023_11_21,9,1335.0,0,4.4,0.0569,284.0,70,70,0.0,0.0,580.0,1818.7,693.6,0.0,0.681,0.619,-1,0.87,0.92,10,0.875,0.041,0.908,3.136,-1.0,150.2,0.5,40.661,0.798,1.34,24.96,2,4.64,1,9.29,25.18,24.96,25.0,419.96,416.8,18.338,18.861,55.51,57.09,299.6,150,387,97.26,6.87,-0.694,0.0187,0.00316,0.0169,0.00431,0.5,-1.36,7.36,1.0,0.0,0.16,111115,,,,,,,,,,,,,,,,,,,,,,,,,,,,,,,,,,,,,,,,,,,,,,,,,,,,,,,,,,,,,,,,,,,,,,,,,,,,,,,,,,,,,,,,,,,,,,,,,,,,,,,,,,,,,,,,,,,,,,,,,,,,,,,,,,,,,,,,,,,,
2023-11-21 13:05:00,FLRC,Rep-S,1,Yng,spring,noon,Erin_Repens1_Yng_FLRC_2023_11_21,10,1465.0,0,2.34,0.0546,340.0,71,71,0.0,0.0,588.3,1900.9,685.5,0.0,0.691,0.639,-1,0.87,0.92,10,0.875,0.031,0.926,3.231,-1.0,125.0,0.5,34.959,0.72,1.26,24.39,2,4.64,1,9.29,24.95,24.39,25.0,419.21,417.45,18.09,18.562,55.51,56.96,299.6,125,1059,97.27,6.87,-0.694,0.0187,0.00316,0.0169,0.00431,0.5,-1.36,7.36,1.0,0.0,0.16,111115,,,,,,,,,,,,,,,,,,,,,,,,,,,,,,,,,,,,,,,,,,,,,,,,,,,,,,,,,,,,,,,,,,,,,,,,,,,,,,,,,,,,,,,,,,,,,,,,,,,,,,,,,,,,,,,,,,,,,,,,,,,,,,,,,,,,,,,,,,,,
2023-12-18 13:16:00,FLRC,Rep-S,3,Mid,summer,noon,Erin_Repens3_Mid_FLRC_2023_12_18,1,158.0,0,-1.8,0.00518,930.0,74,74,0.0,0.0,375.6,495.5,477.5,0.0,0.242,0.036,-1,0.87,0.92,10,0.875,-0.001,0.15,1.319,-1.0,1500.8,0.5,23.876,0.221,3.99,36.2,2,4.64,1,9.29,30.71,36.2,29.19,419.9,420.75,20.809,20.917,45.79,46.03,399.7,1501,938,97.62,6.03,-0.796,0.0516,0.00933,0.0666,0.00918,0.8,-1.36,7.36,1.0,0.0,0.16,111115,,,,,,,,,,,,,,,,,,,,,,,,,,,,,,,,,,,,,,,,,,,,,,,,,,,,,,,,,,,,,,,,,,,,,,,,,,,,,,,,,,,,,,,,,,,,,,,,,,,,,,,,,,,,,,,,,,,,,,,,,,,,,,,,,,,,,,,,,,,,
2023-12-18 13:17:00,FLRC,Rep-S,3,Mid,summer,noon,Erin_Repens3_Mid_FLRC_2023_12_18,2,229.0,0,-1.63,0.00449,958.0,75,75,0.0,0.0,372.1,496.0,467.5,0.0,0.25,0.057,-1,0.87,0.92,10,0.875,-0.001,0.23,1.333,-1.0,1000.1,0.5,25.13,0.175,3.65,35.16,2,4.64,1,9.29,30.79,35.16,29.26,420.0,420.77,20.875,20.961,45.72,45.91,399.7,1000,1127,97.62,6.03,-0.796,0.0516,0.00933,0.0666,0.00918,0.5,-1.36,7.36,1.0,0.0,0.16,111115,,,,,,,,,,,,,,,,,,,,,,,,,,,,,,,,,,,,,,,,,,,,,,,,,,,,,,,,,,,,,,,,,,,,,,,,,,,,,,,,,,,,,,,,,,,,,,,,,,,,,,,,,,,,,,,,,,,,,,,,,,,,,,,,,,,,,,,,,,,,
2023-12-18 13:19:00,FLRC,Rep-S,3,Mid,summer,noon,Erin_Repens3_Mid_FLRC_2023_12_18,3,299.0,0,-2.31,0.00113,3570.0,76,76,0.0,0.0,372.7,500.9,455.3,0.0,0.256,0.091,-1,0.87,0.92,10,0.875,-0.003,0.355,1.344,-1.0,599.0,0.5,23.828,0.0411,3.4,34.36,2,4.64,1,9.29,30.85,34.36,29.35,419.76,420.91,21.007,21.027,45.84,45.88,399.7,599,1249,97.61,6.03,-0.796,0.0516,0.00933,0.0666,0.00918,0.8,-1.36,7.36,1.0,0.0,0.16,111115,,,,,,,,,,,,,,,,,,,,,,,,,,,,,,,,,,,,,,,,,,,,,,,,,,,,,,,,,,,,,,,,,,,,,,,,,,,,,,,,,,,,,,,,,,,,,,,,,,,,,,,,,,,,,,,,,,,,,,,,,,,,,,,,,,,,,,,,,,,,
2023-12-18 13:20:00,FLRC,Rep-S,3,Mid,summer,noon,Erin_Repens3_Mid_FLRC_2023_12_18,4,369.0,0,-1.96,-0.000719,-3860.0,77,77,0.0,0.0,372.0,501.5,449.8,0.0,0.258,0.103,-1,0.87,0.92,9,0.875,-0.002,0.399,1.348,-1.0,501.3,0.5,22.598,-0.0254,3.32,34.13,2,4.64,1,9.29,30.91,34.13,29.43,420.15,421.14,21.162,21.15,46.02,45.99,399.6,501,1144,97.63,6.03,-0.796,0.0516,0.00933,0.0666,0.00918,0.5,-1.36,7.36,1.0,0.0,0.16,111115,,,,,,,,,,,,,,,,,,,,,,,,,,,,,,,,,,,,,,,,,,,,,,,,,,,,,,,,,,,,,,,,,,,,,,,,,,,,,,,,,,,,,,,,,,,,,,,,,,,,,,,,,,,,,,,,,,,,,,,,,,,,,,,,,,,,,,,,,,,,
2023-12-18 13:21:00,FLRC,Rep-S,3,Mid,summer,noon,Erin_Repens3_Mid_FLRC_2023_12_18,5,439.5,0,-2.4,-0.000852,-3990.0,78,78,0.0,0.0,372.9,505.8,447.2,0.0,0.263,0.116,-1,0.87,0.92,9,0.875,-0.004,0.441,1.356,-1.0,448.4,0.5,22.744,-0.0298,3.29,34.08,2,4.64,1,9.29,31.03,34.08,29.58,419.92,421.13,21.299,21.284,46.02,45.98,399.7,448,1076,97.62,6.03,-0.796,0.0516,0.00933,0.0666,0.00918,0.5,-1.36,7.36,1.0,0.0,0.16,111115,,,,,,,,,,,,,,,,,,,,,,,,,,,,,,,,,,,,,,,,,,,,,,,,,,,,,,,,,,,,,,,,,,,,,,,,,,,,,,,,,,,,,,,,,,,,,,,,,,,,,,,,,,,,,,,,,,,,,,,,,,,,,,,,,,,,,,,,,,,,
2023-12-18 13:22:00,FLRC,Rep-S,3,Mid,summer,noon,Erin_Repens3_Mid_FLRC_2023_12_18,6,509.5,0,-2.68,-0.00117,-3160.0,79,79,0.0,0.0,378.6,523.4,441.2,0.0,0.277,0.157,-1,0.87,0.92,10,0.875,-0.006,0.568,1.383,-1.0,298.3,0.5,20.491,-0.0394,3.16,33.65,2,4.64,1,9.29,30.99,33.65,29.57,420.27,421.61,21.34,21.321,46.19,46.15,399.7,298,1267,97.62,6.03,-0.796,0.0516,0.00933,0.0666,0.00918,0.5,-1.36,7.36,1.0,0.0,0.16,111115,,,,,,,,,,,,,,,,,,,,,,,,,,,,,,,,,,,,,,,,,,,,,,,,,,,,,,,,,,,,,,,,,,,,,,,,,,,,,,,,,,,,,,,,,,,,,,,,,,,,,,,,,,,,,,,,,,,,,,,,,,,,,,,,,,,,,,,,,,,,
2023-12-18 13:23:00,FLRC,Rep-S,3,Mid,summer,noon,Erin_Repens3_Mid_FLRC_2023_12_18,7,579.5,0,-2.59,-0.00252,-1200.0,80,80,0.0,0.0,387.7,555.8,442.0,0.0,0.302,0.205,-1,0.87,0.92,9,0.874,-0.009,0.677,1.433,-1.0,199.3,0.5,17.837,-0.0822,3.06,33.33,2,4.64,1,9.29,30.96,33.33,29.53,419.86,421.17,21.392,21.352,46.4,46.31,399.6,199,942,97.62,6.03,-0.796,0.0516,0.00933,0.0666,0.00918,0.8,-1.36,7.36,1.0,0.0,0.16,111115,,,,,,,,,,,,,,,,,,,,,,,,,,,,,,,,,,,,,,,,,,,,,,,,,,,,,,,,,,,,,,,,,,,,,,,,,,,,,,,,,,,,,,,,,,,,,,,,,,,,,,,,,,,,,,,,,,,,,,,,,,,,,,,,,,,,,,,,,,,,
2023-12-18 13:24:00,FLRC,Rep-S,3,Mid,summer,noon,Erin_Repens3_Mid_FLRC_2023_12_18,8,649.5,0,-3.06,-0.000235,-19900.0,81,81,0.0,0.0,392.1,573.0,444.4,0.0,0.316,0.224,-1,0.87,0.92,9,0.874,-0.014,0.711,1.461,-1.0,173.4,0.5,17.01,-0.00763,3.04,33.27,2,4.64,1,9.29,30.97,33.27,29.55,419.92,421.45,21.348,21.344,46.27,46.26,399.7,173,1210,97.62,6.03,-0.796,0.0516,0.00933,0.0666,0.00918,0.5,-1.36,7.36,1.0,0.0,0.16,111115,,,,,,,,,,,,,,,,,,,,,,,,,,,,,,,,,,,,,,,,,,,,,,,,,,,,,,,,,,,,,,,,,,,,,,,,,,,,,,,,,,,,,,,,,,,,,,,,,,,,,,,,,,,,,,,,,,,,,,,,,,,,,,,,,,,,,,,,,,,,
2023-12-18 13:26:00,FLRC,Rep-S,3,Mid,summer,noon,Erin_Repens3_Mid_FLRC_2023_12_18,9,719.5,0,-2.6,0.000222,18700.0,82,82,0.0,0.0,396.8,591.1,448.7,0.0,0.329,0.241,-1,0.87,0.92,10,0.875,-0.012,0.733,1.49,-1.0,151.2,0.5,15.94,0.00718,3.04,33.17,2,4.64,1,9.29,30.93,33.17,29.52,420.18,421.48,21.095,21.099,45.83,45.84,399.7,151,1011,97.62,6.03,-0.796,0.0516,0.00933,0.0666,0.00918,0.5,-1.36,7.36,1.0,0.0,0.16,111115,,,,,,,,,,,,,,,,,,,,,,,,,,,,,,,,,,,,,,,,,,,,,,,,,,,,,,,,,,,,,,,,,,,,,,,,,,,,,,,,,,,,,,,,,,,,,,,,,,,,,,,,,,,,,,,,,,,,,,,,,,,,,,,,,,,,,,,,,,,,
2023-12-18 13:27:00,FLRC,Rep-S,3,Mid,summer,noon,Erin_Repens3_Mid_FLRC_2023_12_18,10,790.0,0,-2.81,0.000341,13300.0,83,83,0.0,0.0,408.3,624.2,459.1,0.0,0.346,0.264,-1,0.87,0.92,10,0.875,-0.016,0.764,1.529,-1.0,126.0,0.5,14.574,0.0111,3.08,33.17,2,4.64,1,9.29,30.96,33.17,29.55,419.93,421.34,20.737,20.742,44.98,44.99,399.6,126,881,97.63,6.03,-0.796,0.0516,0.00933,0.0666,0.00918,0.8,-1.36,7.36,1.0,0.0,0.16,111115,,,,,,,,,,,,,,,,,,,,,,,,,,,,,,,,,,,,,,,,,,,,,,,,,,,,,,,,,,,,,,,,,,,,,,,,,,,,,,,,,,,,,,,,,,,,,,,,,,,,,,,,,,,,,,,,,,,,,,,,,,,,,,,,,,,,,,,,,,,,
2024-01-25 11:11:00,FLRC,Rep-S,3,Mid,summer,morning,Erin_Repens3_Mid_FLRC_2024_01_25,1,139.5,0,2.3,-0.0843,432.0,31,31,0.0,0.0,331.9,425.2,405.3,0.0,0.219,0.047,-1,0.87,0.92,10,0.875,0.003,0.214,1.281,-1.0,1500.3,0.5,30.778,-3.88,4.18,41.27,2,4.64,1,9.29,36.49,41.27,35.01,420.07,419.63,40.93,38.439,65.09,61.13,299.7,1500,117,97.52,7.92,-0.508,0.0,0.0,0.0,0.0,0.2,-1.36,7.36,1.0,0.0,0.16,111115,,,,,,,,,,,,,,,,,,,,,,,,,,,,,,,,,,,,,,,,,,,,,,,,,,,,,,,,,,,,,,,,,,,,,,,,,,,,,,,,,,,,,,,,,,,,,,,,,,,,,,,,,,,,,,,,,,,,,,,,,,,,,,,,,,,,,,,,,,,,
2024-01-25 11:12:00,FLRC,Rep-S,3,Mid,summer,morning,Erin_Repens3_Mid_FLRC_2024_01_25,2,209.5,0,2.48,-0.089,435.0,32,32,0.0,0.0,325.9,420.8,389.0,0.0,0.225,0.076,-1,0.87,0.92,10,0.875,0.004,0.336,1.291,-1.0,999.0,0.5,33.092,-3.79,3.87,40.59,2,4.64,1,9.29,36.63,40.59,35.15,419.91,419.32,41.169,38.736,64.96,61.12,299.7,999,113,97.51,7.92,-0.508,0.0,0.0,0.0,0.0,0.2,-1.36,7.36,1.0,0.0,0.16,111115,,,,,,,,,,,,,,,,,,,,,,,,,,,,,,,,,,,,,,,,,,,,,,,,,,,,,,,,,,,,,,,,,,,,,,,,,,,,,,,,,,,,,,,,,,,,,,,,,,,,,,,,,,,,,,,,,,,,,,,,,,,,,,,,,,,,,,,,,,,,
2024-01-25 11:14:00,FLRC,Rep-S,3,Mid,summer,morning,Erin_Repens3_Mid_FLRC_2024_01_25,3,280.0,0,2.03,-0.0938,427.0,33,33,0.0,0.0,321.9,425.4,374.7,0.0,0.243,0.119,-1,0.87,0.92,9,0.875,0.006,0.49,1.321,-1.0,598.7,0.5,31.186,-3.78,3.66,40.13,2,4.64,1,9.29,36.89,40.13,35.42,419.78,419.48,41.423,39.001,64.44,60.67,299.6,599,98,97.51,7.92,-0.508,0.0,0.0,0.0,0.0,0.5,-1.36,7.36,1.0,0.0,0.16,111115,,,,,,,,,,,,,,,,,,,,,,,,,,,,,,,,,,,,,,,,,,,,,,,,,,,,,,,,,,,,,,,,,,,,,,,,,,,,,,,,,,,,,,,,,,,,,,,,,,,,,,,,,,,,,,,,,,,,,,,,,,,,,,,,,,,,,,,,,,,,
2024-01-25 11:15:00,FLRC,Rep-S,3,Mid,summer,morning,Erin_Repens3_Mid_FLRC_2024_01_25,4,350.0,0,1.94,-0.0936,426.0,34,34,0.0,0.0,320.8,431.1,370.4,0.0,0.256,0.141,-1,0.87,0.92,9,0.875,0.007,0.55,1.344,-1.0,498.1,0.5,30.669,-3.75,3.65,40.17,2,4.64,1,9.29,37.09,40.17,35.62,419.84,419.6,41.696,39.29,64.16,60.46,299.7,498,99,97.51,7.92,-0.508,0.0,0.0,0.0,0.0,0.5,-1.36,7.36,1.0,0.0,0.16,111115,,,,,,,,,,,,,,,,,,,,,,,,,,,,,,,,,,,,,,,,,,,,,,,,,,,,,,,,,,,,,,,,,,,,,,,,,,,,,,,,,,,,,,,,,,,,,,,,,,,,,,,,,,,,,,,,,,,,,,,,,,,,,,,,,,,,,,,,,,,,
2024-01-25 11:16:00,FLRC,Rep-S,3,Mid,summer,morning,Erin_Repens3_Mid_FLRC_2024_01_25,5,420.0,0,2.57,-0.099,434.0,35,35,0.0,0.0,322.7,435.0,368.5,0.0,0.258,0.153,-1,0.87,0.92,9,0.875,0.009,0.592,1.348,-1.0,449.2,0.5,30.027,-3.98,3.65,40.2,2,4.64,1,9.29,37.24,40.2,35.77,420.15,419.54,41.942,39.391,64.02,60.12,299.7,449,100,97.51,7.92,-0.508,0.0,0.0,0.0,0.0,0.8,-1.36,7.36,1.0,0.0,0.16,111115,,,,,,,,,,,,,,,,,,,,,,,,,,,,,,,,,,,,,,,,,,,,,,,,,,,,,,,,,,,,,,,,,,,,,,,,,,,,,,,,,,,,,,,,,,,,,,,,,,,,,,,,,,,,,,,,,,,,,,,,,,,,,,,,,,,,,,,,,,,,
2024-01-25 11:17:00,FLRC,Rep-S,3,Mid,summer,morning,Erin_Repens3_Mid_FLRC_2024_01_25,6,490.0,0,1.89,-0.102,423.0,36,36,0.0,0.0,326.1,460.9,366.4,0.0,0.293,0.205,-1,0.87,0.92,9,0.875,0.011,0.701,1.414,-1.0,300.4,0.5,26.949,-3.97,3.53,39.96,2,4.64,1,9.29,37.3,39.96,35.83,419.84,419.69,42.219,39.674,64.24,60.37,299.6,300,101,97.51,7.92,-0.508,0.0,0.0,0.0,0.0,0.8,-1.36,7.36,1.0,0.0,0.16,111115,,,,,,,,,,,,,,,,,,,,,,,,,,,,,,,,,,,,,,,,,,,,,,,,,,,,,,,,,,,,,,,,,,,,,,,,,,,,,,,,,,,,,,,,,,,,,,,,,,,,,,,,,,,,,,,,,,,,,,,,,,,,,,,,,,,,,,,,,,,,
2024-01-25 11:18:00,FLRC,Rep-S,3,Mid,summer,morning,Erin_Repens3_Mid_FLRC_2024_01_25,7,560.5,0,1.65,-0.0999,421.0,37,37,0.0,0.0,335.7,511.9,375.4,0.0,0.344,0.267,-1,0.87,0.92,9,0.874,0.015,0.774,1.525,-1.0,198.5,0.5,23.139,-3.83,3.49,39.94,2,4.64,1,9.29,37.44,39.94,35.98,419.97,419.94,42.506,40.05,64.19,60.48,299.7,199,103,97.5,7.92,-0.508,0.0,0.0,0.0,0.0,0.5,-1.36,7.36,1.0,0.0,0.16,111115,,,,,,,,,,,,,,,,,,,,,,,,,,,,,,,,,,,,,,,,,,,,,,,,,,,,,,,,,,,,,,,,,,,,,,,,,,,,,,,,,,,,,,,,,,,,,,,,,,,,,,,,,,,,,,,,,,,,,,,,,,,,,,,,,,,,,,,,,,,,
2024-01-25 11:19:00,FLRC,Rep-S,3,Mid,summer,morning,Erin_Repens3_Mid_FLRC_2024_01_25,8,630.5,0,2.43,-0.1,432.0,38,38,0.0,0.0,341.9,532.2,380.9,0.0,0.358,0.284,-1,0.87,0.92,8,0.874,0.023,0.795,1.557,-1.0,173.2,0.5,21.529,-3.88,3.51,40.06,2,4.64,1,9.29,37.63,40.06,36.17,420.14,419.6,42.776,40.292,63.92,60.21,299.7,173,105,97.5,7.92,-0.508,0.0,0.0,0.0,0.0,1.0,-1.36,7.36,1.0,0.0,0.16,111115,,,,,,,,,,,,,,,,,,,,,,,,,,,,,,,,,,,,,,,,,,,,,,,,,,,,,,,,,,,,,,,,,,,,,,,,,,,,,,,,,,,,,,,,,,,,,,,,,,,,,,,,,,,,,,,,,,,,,,,,,,,,,,,,,,,,,,,,,,,,
2024-01-25 11:21:00,FLRC,Rep-S,3,Mid,summer,morning,Erin_Repens3_Mid_FLRC_2024_01_25,9,700.5,0,2.67,-0.1,435.0,39,39,0.0,0.0,345.9,558.9,389.4,0.0,0.381,0.303,-1,0.87,0.92,10,0.875,0.028,0.796,1.615,-1.0,151.3,0.5,20.072,-3.9,3.53,40.16,2,4.64,1,9.29,37.78,40.16,36.33,420.21,419.52,42.98,40.483,63.7,60.0,299.7,151,106,97.5,7.92,-0.508,0.0,0.0,0.0,0.0,0.5,-1.36,7.36,1.0,0.0,0.16,111115,,,,,,,,,,,,,,,,,,,,,,,,,,,,,,,,,,,,,,,,,,,,,,,,,,,,,,,,,,,,,,,,,,,,,,,,,,,,,,,,,,,,,,,,,,,,,,,,,,,,,,,,,,,,,,,,,,,,,,,,,,,,,,,,,,,,,,,,,,,,
2024-01-25 11:22:00,FLRC,Rep-S,3,Mid,summer,morning,Erin_Repens3_Mid_FLRC_2024_01_25,10,770.5,0,2.24,-0.096,431.0,40,40,0.0,0.0,359.4,596.8,401.9,0.0,0.398,0.327,-1,0.87,0.92,9,0.875,0.029,0.821,1.661,-1.0,126.3,0.5,18.038,-3.74,3.54,40.24,2,4.64,1,9.29,37.9,40.24,36.45,420.3,419.86,43.119,40.725,63.5,59.97,299.8,126,106,97.5,7.92,-0.508,0.0,0.0,0.0,0.0,0.5,-1.36,7.36,1.0,0.0,0.16,111115,,,,,,,,,,,,,,,,,,,,,,,,,,,,,,,,,,,,,,,,,,,,,,,,,,,,,,,,,,,,,,,,,,,,,,,,,,,,,,,,,,,,,,,,,,,,,,,,,,,,,,,,,,,,,,,,,,,,,,,,,,,,,,,,,,,,,,,,,,,,
2023-12-18 12:59:00,FLRC,Rep-S,3,Old,summer,noon,Erin_Repens3_Old_FLRC_2023_12_18,1,132.5,0,-1.44,-0.0015,-1090.0,61,61,0.0,0.0,222.4,289.6,277.7,0.0,0.232,0.041,-1,0.87,0.92,10,0.875,-0.0,0.178,1.302,-1.0,1500.3,0.5,27.093,-0.0565,3.54,34.04,2,4.64,1,9.29,28.75,34.04,27.22,420.06,420.79,18.62,18.592,45.85,45.78,399.7,1500,1238,97.61,6.03,-0.796,0.0516,0.00933,0.0666,0.00918,0.8,-1.36,7.36,1.0,0.0,0.16,111115,,,,,,,,,,,,,,,,,,,,,,,,,,,,,,,,,,,,,,,,,,,,,,,,,,,,,,,,,,,,,,,,,,,,,,,,,,,,,,,,,,,,,,,,,,,,,,,,,,,,,,,,,,,,,,,,,,,,,,,,,,,,,,,,,,,,,,,,,,,,
2023-12-18 13:00:00,FLRC,Rep-S,3,Old,summer,noon,Erin_Repens3_Old_FLRC_2023_12_18,2,202.5,0,-1.07,-0.00487,56.5,62,62,0.0,0.0,223.0,291.5,273.7,0.0,0.235,0.061,-1,0.87,0.92,10,0.875,-0.0,0.261,1.307,-1.0,998.5,0.5,26.774,-0.171,3.31,33.27,2,4.64,1,9.29,28.96,33.27,27.42,419.75,420.32,18.737,18.652,45.59,45.38,399.7,998,1436,97.62,6.03,-0.796,0.0516,0.00933,0.0666,0.00918,0.5,-1.36,7.36,1.0,0.0,0.16,111115,-0.0491856,1.0,0.0152853,402.144,0.0,26.519,139.386,0.0,9.59738,-13.1851,0.0,1.99252,3.16711,0.0,0.21807,1.48855,11.964,0.0899559,0.271843,-907.891,-31.9841,15.4012,389.542,394.74,0.0,1.0,542.568,13.7232,13.9141,0.0,1.0,299.03,297.545,97805.4,1.13922,1013.15,0.025293,0.205229,0.00977708,1342.56,3046.43,0.00858225,44.0699,1703.87,284.499,1.38459,-2.26353,0.141118,2.65698,-3.78842e-13,-0.0589494,2.65763,8.30857,270.767,301.516,,,0.207786,2.40648,-1.91691,-2.78051,2.8851,1.67681,0.0,34.5523,-5.24344,11.8607,29.5348,45.0424,63.1726,94.6441,-0.0474608,1.03634,389.028,1.05368,89.5926,1.22233,-26.9006,1.20642,2.03571,1.22233,800000099.0,800000099.0,800000099.0,800000099.0,800000099.0,800000099.0,800000199.0,801000199.0,80000.0,80000.0,80.0,81.0,5.0,1.0,0.0,13.0,9.0,0.0,2.84017,1.69851,0.274299,1.37762,0.00942323,108.347,0.337053,-0.0269006,2.03571,24.2731,13.955,29.8818,1125.3,173.488,0.375591,0.0369672,0.0814433,762.548,298.246,297.158,97822.8,44.0699,302.838,305.266,147.146,1.02957,1.53974,63.7326,45.8088,51.3163,87.5439,0.0,1.284655,0.002032,817200.0,2.032,1.0,-13.0951441,1.7696839542675504,14.954783954267551,3.1507375911897277
2023-12-18 13:01:00,FLRC,Rep-S,3,Old,summer,noon,Erin_Repens3_Old_FLRC_2023_12_18,3,272.5,0,0.244,-0.00626,460.0,63,63,0.0,0.0,224.6,297.8,268.9,0.0,0.246,0.097,-1,0.87,0.92,10,0.875,0.002,0.396,1.326,-1.0,600.3,0.5,25.542,-0.206,3.09,32.56,2,4.64,1,9.29,29.07,32.56,27.53,420.83,420.75,18.889,18.788,45.65,45.4,399.6,600,1642,97.61,6.03,-0.796,0.0516,0.00933,0.0666,0.00918,0.5,-1.36,7.36,1.0,0.0,0.16,111115,,,,,,,,,,,,,,,,,,,,,,,,,,,,,,,,,,,,,,,,,,,,,,,,,,,,,,,,,,,,,,,,,,,,,,,,,,,,,,,,,,,,,,,,,,,,,,,,,,,,,,,,,,,,,,,,,,,,,,,,,,,,,,,,,,,,,,,,,,,,
2023-12-18 13:02:00,FLRC,Rep-S,3,Old,summer,noon,Erin_Repens3_Old_FLRC_2023_12_18,4,343.0,0,-1.57,-0.0076,77.9,64,64,0.0,0.0,225.7,302.3,267.0,0.0,0.253,0.117,-1,0.87,0.92,9,0.875,-0.001,0.46,1.339,-1.0,498.8,0.5,25.437,-0.245,3.04,32.43,2,4.64,1,9.29,29.16,32.43,27.62,420.05,420.89,19.063,18.943,45.85,45.56,399.7,499,1354,97.61,6.03,-0.796,0.0516,0.00933,0.0666,0.00918,0.8,-1.36,7.36,1.0,0.0,0.16,111115,,,,,,,,,,,,,,,,,,,,,,,,,,,,,,,,,,,,,,,,,,,,,,,,,,,,,,,,,,,,,,,,,,,,,,,,,,,,,,,,,,,,,,,,,,,,,,,,,,,,,,,,,,,,,,,,,,,,,,,,,,,,,,,,,,,,,,,,,,,,
2023-12-18 13:03:00,FLRC,Rep-S,3,Old,summer,noon,Erin_Repens3_Old_FLRC_2023_12_18,5,413.0,0,-1.67,-0.00826,84.1,65,65,0.0,0.0,226.8,303.7,265.3,0.0,0.253,0.126,-1,0.87,0.92,9,0.875,-0.002,0.5,1.339,-1.0,449.1,0.5,24.839,-0.265,3.02,32.43,2,4.64,1,9.29,29.29,32.43,27.76,420.0,420.9,19.285,19.155,46.04,45.72,399.6,449,1777,97.61,6.03,-0.796,0.0516,0.00933,0.0666,0.00918,0.5,-1.36,7.36,1.0,0.0,0.16,111115,,,,,,,,,,,,,,,,,,,,,,,,,,,,,,,,,,,,,,,,,,,,,,,,,,,,,,,,,,,,,,,,,,,,,,,,,,,,,,,,,,,,,,,,,,,,,,,,,,,,,,,,,,,,,,,,,,,,,,,,,,,,,,,,,,,,,,,,,,,,
2023-12-18 13:05:00,FLRC,Rep-S,3,Old,summer,noon,Erin_Repens3_Old_FLRC_2023_12_18,6,483.0,0,-2.34,-0.00832,-39.2,66,66,0.0,0.0,232.1,323.4,266.9,0.0,0.282,0.175,-1,0.87,0.92,10,0.875,-0.005,0.619,1.393,-1.0,298.5,0.5,22.799,-0.262,2.97,32.33,2,4.64,1,9.29,29.47,32.33,27.95,419.87,421.1,19.531,19.403,46.12,45.81,399.6,299,2141,97.61,6.03,-0.796,0.0516,0.00933,0.0666,0.00918,0.8,-1.36,7.36,1.0,0.0,0.16,111115,,,,,,,,,,,,,,,,,,,,,,,,,,,,,,,,,,,,,,,,,,,,,,,,,,,,,,,,,,,,,,,,,,,,,,,,,,,,,,,,,,,,,,,,,,,,,,,,,,,,,,,,,,,,,,,,,,,,,,,,,,,,,,,,,,,,,,,,,,,,
2023-12-18 13:06:00,FLRC,Rep-S,3,Old,summer,noon,Erin_Repens3_Old_FLRC_2023_12_18,7,553.0,0,-2.1,-0.00793,-12.8,67,67,0.0,0.0,243.5,355.9,274.7,0.0,0.316,0.228,-1,0.87,0.92,9,0.874,-0.006,0.722,1.462,-1.0,199.5,0.5,19.899,-0.247,2.93,32.25,2,4.64,1,9.29,29.61,32.25,28.1,420.26,421.36,19.745,19.624,46.26,45.97,399.6,200,1125,97.61,6.03,-0.796,0.0516,0.00933,0.0666,0.00918,0.8,-1.36,7.36,1.0,0.0,0.16,111115,,,,,,,,,,,,,,,,,,,,,,,,,,,,,,,,,,,,,,,,,,,,,,,,,,,,,,,,,,,,,,,,,,,,,,,,,,,,,,,,,,,,,,,,,,,,,,,,,,,,,,,,,,,,,,,,,,,,,,,,,,,,,,,,,,,,,,,,,,,,
2023-12-18 13:07:00,FLRC,Rep-S,3,Old,summer,noon,Erin_Repens3_Old_FLRC_2023_12_18,8,623.5,0,-3.01,-0.00803,-183.0,68,68,0.0,0.0,245.2,367.6,278.4,0.0,0.333,0.243,-1,0.87,0.92,9,0.874,-0.013,0.729,1.499,-1.0,173.7,0.5,18.43,-0.249,2.92,32.31,2,4.64,1,9.29,29.76,32.31,28.25,419.83,421.38,19.984,19.862,46.42,46.14,399.7,174,1516,97.61,6.03,-0.796,0.0516,0.00933,0.0666,0.00918,0.8,-1.36,7.36,1.0,0.0,0.16,111115,,,,,,,,,,,,,,,,,,,,,,,,,,,,,,,,,,,,,,,,,,,,,,,,,,,,,,,,,,,,,,,,,,,,,,,,,,,,,,,,,,,,,,,,,,,,,,,,,,,,,,,,,,,,,,,,,,,,,,,,,,,,,,,,,,,,,,,,,,,,
2023-12-18 13:08:00,FLRC,Rep-S,3,Old,summer,noon,Erin_Repens3_Old_FLRC_2023_12_18,9,694.5,0,-2.68,-0.00693,-203.0,69,69,0.0,0.0,251.8,385.9,284.0,0.0,0.347,0.264,-1,0.87,0.92,10,0.875,-0.013,0.76,1.532,-1.0,151.5,0.5,17.496,-0.215,2.92,32.4,2,4.64,1,9.29,29.9,32.4,28.4,420.24,421.63,20.209,20.103,46.57,46.33,399.7,151,1815,97.61,6.03,-0.796,0.0516,0.00933,0.0666,0.00918,1.0,-1.36,7.36,1.0,0.0,0.16,111115,,,,,,,,,,,,,,,,,,,,,,,,,,,,,,,,,,,,,,,,,,,,,,,,,,,,,,,,,,,,,,,,,,,,,,,,,,,,,,,,,,,,,,,,,,,,,,,,,,,,,,,,,,,,,,,,,,,,,,,,,,,,,,,,,,,,,,,,,,,,
2023-12-18 13:09:00,FLRC,Rep-S,3,Old,summer,noon,Erin_Repens3_Old_FLRC_2023_12_18,10,764.5,0,-3.06,-0.00615,-377.0,70,70,0.0,0.0,258.8,408.6,291.9,0.0,0.367,0.286,-1,0.87,0.92,10,0.875,-0.019,0.779,1.579,-1.0,126.1,0.5,15.752,-0.191,2.93,32.49,2,4.64,1,9.29,30.05,32.49,28.56,419.77,421.34,20.406,20.313,46.61,46.4,399.7,126,2140,97.61,6.03,-0.796,0.0516,0.00933,0.0666,0.00918,0.5,-1.36,7.36,1.0,0.0,0.16,111115,,,,,,,,,,,,,,,,,,,,,,,,,,,,,,,,,,,,,,,,,,,,,,,,,,,,,,,,,,,,,,,,,,,,,,,,,,,,,,,,,,,,,,,,,,,,,,,,,,,,,,,,,,,,,,,,,,,,,,,,,,,,,,,,,,,,,,,,,,,,
2023-12-18 13:10:00,FLRC,Rep-S,3,Old,summer,noon,Erin_Repens3_Old_FLRC_2023_12_18,11,834.5,0,-2.84,-0.00476,-529.0,71,71,0.0,0.0,269.8,439.3,301.9,0.0,0.386,0.313,-1,0.87,0.92,9,0.875,-0.021,0.811,1.629,-1.0,100.5,0.5,13.758,-0.149,2.95,32.63,2,4.64,1,9.29,30.23,32.63,28.74,420.1,421.55,20.556,20.483,46.48,46.31,399.7,101,1951,97.61,6.03,-0.796,0.0516,0.00933,0.0666,0.00918,0.5,-1.36,7.36,1.0,0.0,0.16,111115,,,,,,,,,,,,,,,,,,,,,,,,,,,,,,,,,,,,,,,,,,,,,,,,,,,,,,,,,,,,,,,,,,,,,,,,,,,,,,,,,,,,,,,,,,,,,,,,,,,,,,,,,,,,,,,,,,,,,,,,,,,,,,,,,,,,,,,,,,,,
2023-12-18 13:12:00,FLRC,Rep-S,3,Old,summer,noon,Erin_Repens3_Old_FLRC_2023_12_18,12,905.0,0,-2.44,-0.000979,-3450.0,72,72,0.0,0.0,227.0,281.7,277.3,0.0,0.194,0.016,-1,0.87,0.92,8,0.874,-0.001,0.082,1.241,-1.0,2971.8,0.5,20.577,-0.0514,4.89,38.67,2,4.64,1,9.29,30.39,38.67,28.86,420.0,421.24,20.665,20.64,46.29,46.24,399.6,2972,1719,97.61,6.03,-0.796,0.0516,0.00933,0.0666,0.00918,0.5,-1.36,7.36,1.0,0.0,0.16,111115,,,,,,,,,,,,,,,,,,,,,,,,,,,,,,,,,,,,,,,,,,,,,,,,,,,,,,,,,,,,,,,,,,,,,,,,,,,,,,,,,,,,,,,,,,,,,,,,,,,,,,,,,,,,,,,,,,,,,,,,,,,,,,,,,,,,,,,,,,,,
2023-12-18 13:13:00,FLRC,Rep-S,3,Old,summer,noon,Erin_Repens3_Old_FLRC_2023_12_18,13,975.0,0,-2.61,-0.00349,-766.0,73,73,0.0,0.0,217.4,280.4,263.6,0.0,0.225,0.06,-1,0.87,0.92,10,0.875,-0.002,0.267,1.29,-1.0,999.9,0.5,26.28,-0.133,3.57,34.83,2,4.64,1,9.29,30.45,34.83,28.9,419.83,421.16,20.817,20.752,46.48,46.34,399.7,1000,1785,97.62,6.03,-0.796,0.0516,0.00933,0.0666,0.00918,0.8,-1.36,7.36,1.0,0.0,0.16,111115,,,,,,,,,,,,,,,,,,,,,,,,,,,,,,,,,,,,,,,,,,,,,,,,,,,,,,,,,,,,,,,,,,,,,,,,,,,,,,,,,,,,,,,,,,,,,,,,,,,,,,,,,,,,,,,,,,,,,,,,,,,,,,,,,,,,,,,,,,,,
2024-01-25 10:58:00,FLRC,Rep-S,3,Old,summer,morning,Erin_Repens3_Old_FLRC_2024_01_25,1,182.0,0,1.71,-0.0773,425.0,21,21,0.0,0.0,330.0,421.9,402.6,0.0,0.218,0.046,-1,0.87,0.92,10,0.875,0.002,0.211,1.279,-1.0,1501.4,0.5,30.144,-3.28,3.87,39.81,2,4.64,1,9.29,35.0,39.81,33.5,418.86,418.64,37.662,35.552,65.02,61.38,299.7,1501,739,97.53,7.92,-0.508,0.0,0.0,0.0,0.0,0.5,-1.36,7.36,1.0,0.0,0.16,111115,,,,,,,,,,,,,,,,,,,,,,,,,,,,,,,,,,,,,,,,,,,,,,,,,,,,,,,,,,,,,,,,,,,,,,,,,,,,,,,,,,,,,,,,,,,,,,,,,,,,,,,,,,,,,,,,,,,,,,,,,,,,,,,,,,,,,,,,,,,,
2024-01-25 10:59:00,FLRC,Rep-S,3,Old,summer,morning,Erin_Repens3_Old_FLRC_2024_01_25,2,252.0,0,1.79,-0.0846,426.0,22,22,0.0,0.0,321.3,418.0,386.5,0.0,0.231,0.075,-1,0.87,0.92,10,0.875,0.003,0.326,1.301,-1.0,1000.2,0.5,32.99,-3.35,3.62,39.21,2,4.64,1,9.29,35.18,39.21,33.66,419.66,419.41,37.918,35.762,64.83,61.15,299.7,1000,925,97.53,7.92,-0.508,0.0,0.0,0.0,0.0,0.5,-1.36,7.36,1.0,0.0,0.16,111115,,,,,,,,,,,,,,,,,,,,,,,,,,,,,,,,,,,,,,,,,,,,,,,,,,,,,,,,,,,,,,,,,,,,,,,,,,,,,,,,,,,,,,,,,,,,,,,,,,,,,,,,,,,,,,,,,,,,,,,,,,,,,,,,,,,,,,,,,,,,
2024-01-25 11:00:00,FLRC,Rep-S,3,Old,summer,morning,Erin_Repens3_Old_FLRC_2024_01_25,3,322.0,0,2.77,-0.0886,444.0,23,23,0.0,0.0,318.2,426.1,375.4,0.0,0.253,0.119,-1,0.87,0.92,9,0.875,0.007,0.47,1.339,-1.0,601.6,0.5,31.307,-3.29,3.4,38.72,2,4.64,1,9.29,35.38,38.72,33.87,420.42,419.49,38.266,36.148,64.69,61.11,299.5,602,1266,97.53,7.92,-0.508,0.0,0.0,0.0,0.0,0.5,-1.36,7.36,1.0,0.0,0.16,111115,-0.17779,0.0,0.0307793,357.809,0.0,28.3381,118.428,1.0,13.5209,-8.90293,0.0,2.17387,2.7099,1.0,0.309389,2.78607,-10.3789,0.166763,-0.237494,497.563,14.9409,15.526,402.441,407.064,0.0,1.0,466.216,12.0845,12.2323,0.0,1.0,305.534,304.773,97756.1,1.11234,1012.45,0.0259205,0.175601,0.0084012,1181.65,4641.44,0.00755276,25.4588,3459.79,282.587,0.30066,1.98537,0.0599638,2.00831,-1.48393e-14,0.0320471,2.00857,7.15799,124.851,81.1164,,,0.399794,1.75144,-15.3395,-0.347469,3.02133,0.7947,0.0,64.5648,-9.79796,22.163,55.1891,84.1668,118.045,176.853,-0.171237,1.03827,348.34,1.04749,83.1834,1.15115,-22.9368,1.14136,1.90343,1.15115,800000099.0,800000099.0,800000099.0,800000099.0,800000099.0,800000099.0,800000199.0,801000199.0,80000.0,80000.0,81.0,80.0,11.0,0.0,0.0,5.0,4.0,8.0,2.46719,0.82334,0.212354,1.31366,0.00784856,170.705,0.309308,-0.0229368,1.90343,31.5425,14.5338,38.4436,927.919,164.815,0.312569,0.0420167,0.0802262,532.005,305.25,304.031,97771.8,25.4588,301.925,304.389,91.4895,0.76495,1.23587,13.6808,17.7995,21.4796,29.7119,0.0,1.00041,0.001016,2188800.0,1.016,1.0,-8.736167,0.751054075084394,9.653984075084393,2.377116209533078
2024-01-25 11:02:00,FLRC,Rep-S,3,Old,summer,morning,Erin_Repens3_Old_FLRC_2024_01_25,4,392.5,0,2.67,-0.0903,441.0,24,24,0.0,0.0,320.2,435.7,373.6,0.0,0.265,0.143,-1,0.87,0.92,9,0.875,0.008,0.538,1.361,-1.0,500.7,0.5,31.226,-3.34,3.38,38.77,2,4.64,1,9.29,35.62,38.77,34.1,420.2,419.35,38.652,36.504,64.5,60.92,299.6,501,1480,97.53,7.92,-0.508,0.0,0.0,0.0,0.0,0.8,-1.36,7.36,1.0,0.0,0.16,111115,,,,,,,,,,,,,,,,,,,,,,,,,,,,,,,,,,,,,,,,,,,,,,,,,,,,,,,,,,,,,,,,,,,,,,,,,,,,,,,,,,,,,,,,,,,,,,,,,,,,,,,,,,,,,,,,,,,,,,,,,,,,,,,,,,,,,,,,,,,,
2024-01-25 11:03:00,FLRC,Rep-S,3,Old,summer,morning,Erin_Repens3_Old_FLRC_2024_01_25,5,462.5,0,2.63,-0.0962,438.0,25,25,0.0,0.0,320.3,441.5,374.1,0.0,0.274,0.153,-1,0.87,0.92,9,0.875,0.009,0.556,1.378,-1.0,451.9,0.5,30.163,-3.56,3.38,38.81,2,4.64,1,9.29,35.78,38.81,34.27,419.99,419.23,38.993,36.707,64.49,60.71,299.8,452,1254,97.52,7.92,-0.508,0.0,0.0,0.0,0.0,0.5,-1.36,7.36,1.0,0.0,0.16,111115,,,,,,,,,,,,,,,,,,,,,,,,,,,,,,,,,,,,,,,,,,,,,,,,,,,,,,,,,,,,,,,,,,,,,,,,,,,,,,,,,,,,,,,,,,,,,,,,,,,,,,,,,,,,,,,,,,,,,,,,,,,,,,,,,,,,,,,,,,,,
2024-01-25 11:04:00,FLRC,Rep-S,3,Old,summer,morning,Erin_Repens3_Old_FLRC_2024_01_25,6,532.5,0,2.4,-0.0977,434.0,26,26,0.0,0.0,328.9,482.0,378.6,0.0,0.318,0.214,-1,0.87,0.92,10,0.875,0.013,0.675,1.466,-1.0,298.1,0.5,27.965,-3.53,3.3,38.69,2,4.64,1,9.29,35.94,38.69,34.43,419.99,419.38,39.308,37.04,64.44,60.72,299.7,298,1294,97.52,7.92,-0.508,0.0,0.0,0.0,0.0,0.5,-1.36,7.36,1.0,0.0,0.16,111115,,,,,,,,,,,,,,,,,,,,,,,,,,,,,,,,,,,,,,,,,,,,,,,,,,,,,,,,,,,,,,,,,,,,,,,,,,,,,,,,,,,,,,,,,,,,,,,,,,,,,,,,,,,,,,,,,,,,,,,,,,,,,,,,,,,,,,,,,,,,
2024-01-25 11:05:00,FLRC,Rep-S,3,Old,summer,morning,Erin_Repens3_Old_FLRC_2024_01_25,7,602.5,0,1.75,-0.101,423.0,27,27,0.0,0.0,344.9,546.5,395.6,0.0,0.369,0.276,-1,0.87,0.92,9,0.874,0.016,0.748,1.585,-1.0,200.1,0.5,24.144,-3.59,3.25,38.64,2,4.64,1,9.29,36.11,38.64,34.61,419.42,419.26,39.675,37.365,64.44,60.69,299.6,200,1527,97.52,7.92,-0.508,0.0,0.0,0.0,0.0,1.0,-1.36,7.36,1.0,0.0,0.16,111115,,,,,,,,,,,,,,,,,,,,,,,,,,,,,,,,,,,,,,,,,,,,,,,,,,,,,,,,,,,,,,,,,,,,,,,,,,,,,,,,,,,,,,,,,,,,,,,,,,,,,,,,,,,,,,,,,,,,,,,,,,,,,,,,,,,,,,,,,,,,
2024-01-25 11:06:00,FLRC,Rep-S,3,Old,summer,morning,Erin_Repens3_Old_FLRC_2024_01_25,8,673.0,0,2.5,-0.0979,436.0,28,28,0.0,0.0,352.1,569.8,401.7,0.0,0.382,0.295,-1,0.87,0.92,8,0.874,0.023,0.772,1.618,-1.0,174.3,0.5,22.462,-3.48,3.25,38.75,2,4.64,1,9.29,36.25,38.75,34.76,420.27,419.58,40.037,37.8,64.52,60.91,299.7,174,1741,97.52,7.92,-0.508,0.0,0.0,0.0,0.0,0.8,-1.36,7.36,1.0,0.0,0.16,111115,,,,,,,,,,,,,,,,,,,,,,,,,,,,,,,,,,,,,,,,,,,,,,,,,,,,,,,,,,,,,,,,,,,,,,,,,,,,,,,,,,,,,,,,,,,,,,,,,,,,,,,,,,,,,,,,,,,,,,,,,,,,,,,,,,,,,,,,,,,,
2024-01-25 11:07:00,FLRC,Rep-S,3,Old,summer,morning,Erin_Repens3_Old_FLRC_2024_01_25,9,743.0,0,2.27,-0.0982,432.0,29,29,0.0,0.0,362.6,611.4,415.5,0.0,0.407,0.32,-1,0.87,0.92,10,0.875,0.025,0.788,1.686,-1.0,148.9,0.5,20.869,-3.54,3.29,38.94,2,4.64,1,9.29,36.49,38.94,35.0,420.24,419.72,40.402,38.131,64.27,60.66,299.7,149,1694,97.52,7.92,-0.508,0.0,0.0,0.0,0.0,0.8,-1.36,7.36,1.0,0.0,0.16,111115,,,,,,,,,,,,,,,,,,,,,,,,,,,,,,,,,,,,,,,,,,,,,,,,,,,,,,,,,,,,,,,,,,,,,,,,,,,,,,,,,,,,,,,,,,,,,,,,,,,,,,,,,,,,,,,,,,,,,,,,,,,,,,,,,,,,,,,,,,,,
2024-01-25 11:09:00,FLRC,Rep-S,3,Old,summer,morning,Erin_Repens3_Old_FLRC_2024_01_25,10,813.0,0,1.63,-0.104,420.0,30,30,0.0,0.0,375.2,656.3,430.3,0.0,0.428,0.344,-1,0.87,0.92,10,0.875,0.024,0.804,1.749,-1.0,124.0,0.5,18.673,-3.71,3.27,38.93,2,4.64,1,9.29,36.59,38.93,35.1,419.37,419.32,40.654,38.271,64.32,60.55,299.7,124,1765,97.52,7.92,-0.508,0.0,0.0,0.0,0.0,0.8,-1.36,7.36,1.0,0.0,0.16,111115,,,,,,,,,,,,,,,,,,,,,,,,,,,,,,,,,,,,,,,,,,,,,,,,,,,,,,,,,,,,,,,,,,,,,,,,,,,,,,,,,,,,,,,,,,,,,,,,,,,,,,,,,,,,,,,,,,,,,,,,,,,,,,,,,,,,,,,,,,,,
2023-12-18 13:30:00,FLRC,Rep-S,3,Yng,summer,noon,Erin_Repens3_Yng_FLRC_2023_12_18,1,166.0,0,-2.36,0.00306,1590.0,84,84,0.0,0.0,406.9,568.8,540.8,0.0,0.285,0.049,-1,0.87,0.92,10,0.875,-0.001,0.173,1.398,-1.0,1498.5,0.5,32.275,0.126,3.87,35.56,2,4.64,1,9.29,30.77,35.56,29.3,420.01,421.17,19.975,20.037,43.81,43.95,399.6,1499,2115,97.63,6.03,-0.796,0.0516,0.00933,0.0666,0.00918,0.5,-1.36,7.36,1.0,0.0,0.16,111115,-0.120561,0.0,0.0452256,372.895,0.0,27.6913,93.8045,1.0,7.75153,-10.5802,0.0,2.01387,2.13216,1.0,0.176191,1.38739,-2.81067,0.036392,-0.063886,274.023,9.30695,15.3937,389.817,395.095,0.0,1.0,522.833,13.2398,13.4175,0.0,1.0,299.246,297.906,97807.0,1.13807,1012.89,0.0253233,0.138164,0.00942146,1295.3,3112.9,0.00827846,41.6106,1817.61,283.959,-0.508015,-2.42345,0.0151313,2.47551,-3.90621e-13,0.017801,2.47558,9.0515,305.849,258.226,,,0.325476,2.2462,-7.94482,-0.670877,3.97524,0.993885,0.0,42.4068,-6.4354,14.5569,36.2487,55.2816,77.5332,116.159,-0.11631,1.03655,359.707,1.05172,57.3649,1.17816,-24.1448,1.16493,1.30389,1.17816,800000099.0,800000099.0,800000099.0,800000099.0,800000099.0,800000099.0,800000199.0,801000199.0,80000.0,80000.0,80.0,81.0,2.0,6.0,0.0,12.0,5.0,4.0,2.48091,1.60826,0.403226,1.10769,0.0072859,58.2755,0.312045,-0.0241448,1.30389,24.3544,14.0088,29.7244,1092.06,165.472,0.37785,0.0349962,0.0774849,725.117,298.954,297.545,97805.4,41.6106,304.451,306.692,124.802,0.93159,1.46737,70.6294,48.7877,52.4766,94.3875,0.0,1.19948,0.002032,819000.0,2.032,1.0,-10.543808,1.7968525485710984,12.377052548571099,3.8734072128951276
2023-12-18 13:31:00,FLRC,Rep-S,3,Yng,summer,noon,Erin_Repens3_Yng_FLRC_2023_12_18,2,236.0,0,-2.4,0.00312,1590.0,85,85,0.0,0.0,403.7,570.9,530.3,0.0,0.293,0.071,-1,0.87,0.92,10,0.875,-0.002,0.243,1.414,-1.0,1001.6,0.5,31.167,0.121,3.62,34.74,2,4.64,1,9.29,30.81,34.74,29.34,419.93,421.11,19.863,19.922,43.44,43.57,399.6,1002,927,97.62,6.03,-0.796,0.0516,0.00933,0.0666,0.00918,0.5,-1.36,7.36,1.0,0.0,0.16,111115,,,,,,,,,,,,,,,,,,,,,,,,,,,,,,,,,,,,,,,,,,,,,,,,,,,,,,,,,,,,,,,,,,,,,,,,,,,,,,,,,,,,,,,,,,,,,,,,,,,,,,,,,,,,,,,,,,,,,,,,,,,,,,,,,,,,,,,,,,,,
2023-12-18 13:32:00,FLRC,Rep-S,3,Yng,summer,noon,Erin_Repens3_Yng_FLRC_2023_12_18,3,306.0,0,-2.76,0.000533,8460.0,86,86,0.0,0.0,403.1,582.4,515.1,0.0,0.308,0.115,-1,0.87,0.92,10,0.875,-0.003,0.375,1.445,-1.0,598.1,0.5,30.201,0.0193,3.4,33.98,2,4.64,1,9.29,30.76,33.98,29.28,420.05,421.43,19.793,19.803,43.43,43.45,399.6,598,2132,97.62,6.03,-0.796,0.0516,0.00933,0.0666,0.00918,0.5,-1.36,7.36,1.0,0.0,0.16,111115,,,,,,,,,,,,,,,,,,,,,,,,,,,,,,,,,,,,,,,,,,,,,,,,,,,,,,,,,,,,,,,,,,,,,,,,,,,,,,,,,,,,,,,,,,,,,,,,,,,,,,,,,,,,,,,,,,,,,,,,,,,,,,,,,,,,,,,,,,,,
2023-12-18 13:33:00,FLRC,Rep-S,3,Yng,summer,noon,Erin_Repens3_Yng_FLRC_2023_12_18,4,376.5,0,-2.97,0.000532,9090.0,87,87,0.0,0.0,402.2,589.9,508.9,0.0,0.318,0.137,-1,0.87,0.92,9,0.875,-0.005,0.432,1.467,-1.0,499.6,0.5,30.013,0.019,3.36,33.83,2,4.64,1,9.29,30.87,33.83,29.41,419.76,421.25,19.783,19.792,43.13,43.15,399.7,500,2121,97.61,6.03,-0.796,0.0516,0.00933,0.0666,0.00918,0.5,-1.36,7.36,1.0,0.0,0.16,111115,,,,,,,,,,,,,,,,,,,,,,,,,,,,,,,,,,,,,,,,,,,,,,,,,,,,,,,,,,,,,,,,,,,,,,,,,,,,,,,,,,,,,,,,,,,,,,,,,,,,,,,,,,,,,,,,,,,,,,,,,,,,,,,,,,,,,,,,,,,,
2023-12-18 13:34:00,FLRC,Rep-S,3,Yng,summer,noon,Erin_Repens3_Yng_FLRC_2023_12_18,5,447.5,0,-2.84,-4.58e-05,-96000.0,88,88,0.0,0.0,404.3,597.8,506.6,0.0,0.324,0.153,-1,0.87,0.92,9,0.875,-0.005,0.472,1.479,-1.0,450.4,0.5,30.077,-0.00164,3.38,33.89,2,4.64,1,9.29,30.99,33.89,29.52,419.67,421.09,19.807,19.807,42.88,42.87,399.7,450,2100,97.61,6.03,-0.796,0.0516,0.00933,0.0666,0.00918,0.8,-1.36,7.36,1.0,0.0,0.16,111115,,,,,,,,,,,,,,,,,,,,,,,,,,,,,,,,,,,,,,,,,,,,,,,,,,,,,,,,,,,,,,,,,,,,,,,,,,,,,,,,,,,,,,,,,,,,,,,,,,,,,,,,,,,,,,,,,,,,,,,,,,,,,,,,,,,,,,,,,,,,
2023-12-18 13:36:00,FLRC,Rep-S,3,Yng,summer,noon,Erin_Repens3_Yng_FLRC_2023_12_18,6,517.5,0,-2.94,-0.00121,-3370.0,89,89,0.0,0.0,413.7,632.7,500.3,0.0,0.346,0.209,-1,0.87,0.92,10,0.875,-0.007,0.605,1.529,-1.0,299.4,0.5,27.41,-0.0425,3.29,33.61,2,4.64,1,9.29,30.94,33.61,29.46,419.71,421.19,19.858,19.837,43.11,43.07,399.6,299,2093,97.62,6.03,-0.796,0.0516,0.00933,0.0666,0.00918,0.5,-1.36,7.36,1.0,0.0,0.16,111115,,,,,,,,,,,,,,,,,,,,,,,,,,,,,,,,,,,,,,,,,,,,,,,,,,,,,,,,,,,,,,,,,,,,,,,,,,,,,,,,,,,,,,,,,,,,,,,,,,,,,,,,,,,,,,,,,,,,,,,,,,,,,,,,,,,,,,,,,,,,
2023-12-18 13:37:00,FLRC,Rep-S,3,Yng,summer,noon,Erin_Repens3_Yng_FLRC_2023_12_18,7,587.5,0,-3.33,0.000328,16200.0,90,90,0.0,0.0,426.9,692.3,505.4,0.0,0.383,0.27,-1,0.87,0.92,9,0.874,-0.013,0.704,1.622,-1.0,200.1,0.5,23.623,0.0112,3.2,33.24,2,4.64,1,9.29,30.8,33.24,29.33,420.02,421.68,19.675,19.68,43.05,43.06,399.6,200,2088,97.61,6.03,-0.796,0.0516,0.00933,0.0666,0.00918,0.5,-1.36,7.36,1.0,0.0,0.16,111115,,,,,,,,,,,,,,,,,,,,,,,,,,,,,,,,,,,,,,,,,,,,,,,,,,,,,,,,,,,,,,,,,,,,,,,,,,,,,,,,,,,,,,,,,,,,,,,,,,,,,,,,,,,,,,,,,,,,,,,,,,,,,,,,,,,,,,,,,,,,
2023-12-18 13:38:00,FLRC,Rep-S,3,Yng,summer,noon,Erin_Repens3_Yng_FLRC_2023_12_18,8,657.5,0,-3.27,0.000215,24200.0,91,91,0.0,0.0,434.9,721.1,508.1,0.0,0.397,0.295,-1,0.87,0.92,9,0.874,-0.015,0.744,1.658,-1.0,174.2,0.5,22.487,0.00728,3.19,33.12,2,4.64,1,9.29,30.77,33.12,29.31,419.95,421.59,19.426,19.43,42.58,42.58,399.6,174,2061,97.61,6.03,-0.796,0.0516,0.00933,0.0666,0.00918,0.5,-1.36,7.36,1.0,0.0,0.16,111115,,,,,,,,,,,,,,,,,,,,,,,,,,,,,,,,,,,,,,,,,,,,,,,,,,,,,,,,,,,,,,,,,,,,,,,,,,,,,,,,,,,,,,,,,,,,,,,,,,,,,,,,,,,,,,,,,,,,,,,,,,,,,,,,,,,,,,,,,,,,
2023-12-18 13:39:00,FLRC,Rep-S,3,Yng,summer,noon,Erin_Repens3_Yng_FLRC_2023_12_18,9,728.0,0,-3.4,-0.000631,-8000.0,92,92,0.0,0.0,445.1,766.1,517.1,0.0,0.419,0.325,-1,0.87,0.92,10,0.875,-0.018,0.776,1.721,-1.0,148.4,0.5,21.109,-0.0214,3.19,33.01,2,4.64,1,9.29,30.71,33.01,29.24,420.1,421.81,19.136,19.125,42.1,42.07,399.6,148,2061,97.61,6.03,-0.796,0.0516,0.00933,0.0666,0.00918,0.8,-1.36,7.36,1.0,0.0,0.16,111115,,,,,,,,,,,,,,,,,,,,,,,,,,,,,,,,,,,,,,,,,,,,,,,,,,,,,,,,,,,,,,,,,,,,,,,,,,,,,,,,,,,,,,,,,,,,,,,,,,,,,,,,,,,,,,,,,,,,,,,,,,,,,,,,,,,,,,,,,,,,
2023-12-18 13:40:00,FLRC,Rep-S,3,Yng,summer,noon,Erin_Repens3_Yng_FLRC_2023_12_18,10,798.0,0,-3.7,-0.00173,-2940.0,93,93,0.0,0.0,460.0,821.3,529.0,0.0,0.44,0.356,-1,0.87,0.92,10,0.875,-0.025,0.809,1.785,-1.0,123.1,0.5,19.175,-0.0587,3.2,32.95,2,4.64,1,9.29,30.69,32.95,29.23,419.73,421.6,18.909,18.88,41.64,41.58,399.6,123,2069,97.61,6.03,-0.796,0.0516,0.00933,0.0666,0.00918,0.8,-1.36,7.36,1.0,0.0,0.16,111115,,,,,,,,,,,,,,,,,,,,,,,,,,,,,,,,,,,,,,,,,,,,,,,,,,,,,,,,,,,,,,,,,,,,,,,,,,,,,,,,,,,,,,,,,,,,,,,,,,,,,,,,,,,,,,,,,,,,,,,,,,,,,,,,,,,,,,,,,,,,
2024-01-25 11:27:00,FLRC,Rep-S,3,Yng,summer,morning,Erin_Repens3_Yng_FLRC_2024_01_25,1,200.0,0,3.05,-0.0758,449.0,41,41,0.0,0.0,289.1,358.6,339.8,0.0,0.194,0.052,-1,0.87,0.92,10,0.875,0.003,0.271,1.24,-1.0,1499.0,0.5,34.422,-3.81,4.55,42.59,2,4.64,1,9.29,37.96,42.59,36.53,420.27,419.3,42.976,40.538,63.09,59.51,299.7,1499,52,97.49,7.92,-0.508,0.0,0.0,0.0,0.0,0.5,-1.36,7.36,1.0,0.0,0.16,111115,,,,,,,,,,,,,,,,,,,,,,,,,,,,,,,,,,,,,,,,,,,,,,,,,,,,,,,,,,,,,,,,,,,,,,,,,,,,,,,,,,,,,,,,,,,,,,,,,,,,,,,,,,,,,,,,,,,,,,,,,,,,,,,,,,,,,,,,,,,,
2024-01-25 11:28:00,FLRC,Rep-S,3,Yng,summer,morning,Erin_Repens3_Yng_FLRC_2024_01_25,2,270.0,0,2.61,-0.0832,437.0,42,42,0.0,0.0,284.9,355.3,327.9,0.0,0.198,0.077,-1,0.87,0.92,10,0.875,0.004,0.389,1.247,-1.0,998.7,0.5,33.706,-3.9,4.25,41.89,2,4.64,1,9.29,38.04,41.89,36.61,419.89,419.24,43.027,40.529,62.87,59.22,299.7,999,52,97.49,7.92,-0.508,0.0,0.0,0.0,0.0,0.5,-1.36,7.36,1.0,0.0,0.16,111115,,,,,,,,,,,,,,,,,,,,,,,,,,,,,,,,,,,,,,,,,,,,,,,,,,,,,,,,,,,,,,,,,,,,,,,,,,,,,,,,,,,,,,,,,,,,,,,,,,,,,,,,,,,,,,,,,,,,,,,,,,,,,,,,,,,,,,,,,,,,
2024-01-25 11:29:00,FLRC,Rep-S,3,Yng,summer,morning,Erin_Repens3_Yng_FLRC_2024_01_25,3,340.0,0,2.92,-0.0893,441.0,43,43,0.0,0.0,281.3,361.2,319.1,0.0,0.221,0.116,-1,0.87,0.92,9,0.875,0.007,0.526,1.284,-1.0,598.4,0.5,30.487,-3.93,3.99,41.3,2,4.64,1,9.29,38.18,41.3,36.76,420.3,419.45,43.11,40.595,62.5,58.86,299.7,598,53,97.49,7.92,-0.508,0.0,0.0,0.0,0.0,0.5,-1.36,7.36,1.0,0.0,0.16,111115,,,,,,,,,,,,,,,,,,,,,,,,,,,,,,,,,,,,,,,,,,,,,,,,,,,,,,,,,,,,,,,,,,,,,,,,,,,,,,,,,,,,,,,,,,,,,,,,,,,,,,,,,,,,,,,,,,,,,,,,,,,,,,,,,,,,,,,,,,,,
2024-01-25 11:30:00,FLRC,Rep-S,3,Yng,summer,morning,Erin_Repens3_Yng_FLRC_2024_01_25,4,410.0,0,2.35,-0.0904,432.0,44,44,0.0,0.0,282.6,365.5,317.7,0.0,0.227,0.131,-1,0.87,0.92,9,0.875,0.008,0.576,1.293,-1.0,497.9,0.5,28.426,-3.93,3.95,41.22,2,4.64,1,9.29,38.28,41.22,36.86,420.09,419.62,43.205,40.688,62.31,58.68,299.7,498,53,97.49,7.92,-0.508,0.0,0.0,0.0,0.0,0.5,-1.36,7.36,1.0,0.0,0.16,111115,-0.13494,0.0,0.0344582,350.494,0.0,31.8735,61.1561,1.0,10.7664,-6.35468,0.0,2.02667,1.40006,1.0,0.246476,1.82264,-2.16215,0.156603,-0.0494985,1217.97,35.3043,15.5427,403.656,408.284,0.0,1.0,450.524,11.7005,11.839,0.0,1.0,305.843,305.26,97722.3,1.11034,1012.26,0.0259708,0.0907239,0.00811844,1143.7,4770.98,0.00731166,23.9721,3627.27,282.102,0.837706,0.736346,0.194229,1.12874,9.77128e-14,0.0783627,1.13146,5.11712,184.677,40.8784,,,0.348611,1.32759,-10.3793,-0.51352,5.73114,0.894524,0.0,57.2263,-8.68431,19.6439,48.9162,74.6002,104.628,156.752,-0.128306,1.05171,338.536,1.04639,35.5894,1.13339,-20.2635,1.12506,0.814754,1.13339,800000099.0,800000099.0,800000099.0,800000099.0,800000099.0,800000099.0,800000199.0,801000199.0,80000.0,80000.0,81.0,81.0,7.0,0.0,1.0,12.0,7.0,1.0,1.53361,0.906039,0.215521,1.2361,0.0058319,169.474,0.301201,-0.0202635,0.814754,31.5904,14.1423,39.3943,987.467,173.042,0.305544,0.042415,0.079738,602.184,306.006,304.773,97756.1,23.9721,303.185,306.142,113.25,0.69603,1.13515,22.3559,25.7747,33.9597,48.9917,0.0,0.9155900000000001,0.001016,2190600.0,1.016,1.0,-6.1980770000000005,0.7448658243316566,7.099545824331656,3.3836051373042917
2024-01-25 11:31:00,FLRC,Rep-S,3,Yng,summer,morning,Erin_Repens3_Yng_FLRC_2024_01_25,5,480.5,0,2.35,-0.0908,431.0,45,45,0.0,0.0,281.0,370.9,317.4,0.0,0.243,0.144,-1,0.87,0.92,9,0.875,0.009,0.596,1.32,-1.0,449.0,0.5,28.363,-3.98,3.97,41.28,2,4.64,1,9.29,38.44,41.28,37.02,419.52,419.06,43.241,40.695,61.83,58.19,299.7,449,53,97.49,7.92,-0.508,0.0,0.0,0.0,0.0,1.0,-1.36,7.36,1.0,0.0,0.16,111115,,,,,,,,,,,,,,,,,,,,,,,,,,,,,,,,,,,,,,,,,,,,,,,,,,,,,,,,,,,,,,,,,,,,,,,,,,,,,,,,,,,,,,,,,,,,,,,,,,,,,,,,,,,,,,,,,,,,,,,,,,,,,,,,,,,,,,,,,,,,
2024-01-25 11:33:00,FLRC,Rep-S,3,Yng,summer,morning,Erin_Repens3_Yng_FLRC_2024_01_25,6,550.5,0,2.43,-0.0924,432.0,46,46,0.0,0.0,286.2,398.1,320.9,0.0,0.281,0.194,-1,0.87,0.92,9,0.875,0.013,0.69,1.391,-1.0,299.9,0.5,25.435,-4.0,3.93,41.19,2,4.64,1,9.29,38.6,41.19,37.18,420.01,419.51,43.298,40.736,61.39,57.76,299.7,300,54,97.49,7.92,-0.508,0.0,0.0,0.0,0.0,0.8,-1.36,7.36,1.0,0.0,0.16,111115,,,,,,,,,,,,,,,,,,,,,,,,,,,,,,,,,,,,,,,,,,,,,,,,,,,,,,,,,,,,,,,,,,,,,,,,,,,,,,,,,,,,,,,,,,,,,,,,,,,,,,,,,,,,,,,,,,,,,,,,,,,,,,,,,,,,,,,,,,,,
2024-01-25 11:34:00,FLRC,Rep-S,3,Yng,summer,morning,Erin_Repens3_Yng_FLRC_2024_01_25,7,620.5,0,1.92,-0.0951,422.0,47,47,0.0,0.0,299.6,446.2,335.4,0.0,0.329,0.248,-1,0.87,0.92,9,0.874,0.017,0.756,1.489,-1.0,201.8,0.5,21.905,-4.17,3.97,41.29,2,4.64,1,9.29,38.84,41.29,37.43,419.62,419.51,43.415,40.746,60.75,57.01,299.6,202,54,97.49,7.92,-0.508,0.0,0.0,0.0,0.0,0.8,-1.36,7.36,1.0,0.0,0.16,111115,,,,,,,,,,,,,,,,,,,,,,,,,,,,,,,,,,,,,,,,,,,,,,,,,,,,,,,,,,,,,,,,,,,,,,,,,,,,,,,,,,,,,,,,,,,,,,,,,,,,,,,,,,,,,,,,,,,,,,,,,,,,,,,,,,,,,,,,,,,,
2024-01-25 11:35:00,FLRC,Rep-S,3,Yng,summer,morning,Erin_Repens3_Yng_FLRC_2024_01_25,8,690.5,0,2.18,-0.0911,428.0,48,48,0.0,0.0,304.1,461.6,340.5,0.0,0.341,0.262,-1,0.87,0.92,8,0.874,0.021,0.769,1.518,-1.0,176.1,0.5,20.194,-4.04,4.01,41.46,2,4.64,1,9.29,39.04,41.46,37.63,419.9,419.57,43.597,41.013,60.35,56.77,299.6,176,55,97.49,7.92,-0.508,0.0,0.0,0.0,0.0,0.5,-1.36,7.36,1.0,0.0,0.16,111115,,,,,,,,,,,,,,,,,,,,,,,,,,,,,,,,,,,,,,,,,,,,,,,,,,,,,,,,,,,,,,,,,,,,,,,,,,,,,,,,,,,,,,,,,,,,,,,,,,,,,,,,,,,,,,,,,,,,,,,,,,,,,,,,,,,,,,,,,,,,
2024-01-25 11:36:00,FLRC,Rep-S,3,Yng,summer,morning,Erin_Repens3_Yng_FLRC_2024_01_25,9,761.0,0,2.57,-0.0914,434.0,49,49,0.0,0.0,315.0,491.7,351.9,0.0,0.359,0.284,-1,0.87,0.92,10,0.875,0.027,0.791,1.561,-1.0,151.0,0.5,18.779,-4.07,4.03,41.52,2,4.64,1,9.29,39.17,41.52,37.76,420.33,419.76,43.678,41.072,60.04,56.46,299.6,151,54,97.49,7.92,-0.508,0.0,0.0,0.0,0.0,0.8,-1.36,7.36,1.0,0.0,0.16,111115,,,,,,,,,,,,,,,,,,,,,,,,,,,,,,,,,,,,,,,,,,,,,,,,,,,,,,,,,,,,,,,,,,,,,,,,,,,,,,,,,,,,,,,,,,,,,,,,,,,,,,,,,,,,,,,,,,,,,,,,,,,,,,,,,,,,,,,,,,,,
2024-01-25 11:37:00,FLRC,Rep-S,3,Yng,summer,morning,Erin_Repens3_Yng_FLRC_2024_01_25,10,831.0,0,1.85,-0.089,423.0,50,50,0.0,0.0,325.5,525.8,364.7,0.0,0.381,0.306,-1,0.87,0.92,9,0.875,0.026,0.804,1.616,-1.0,125.8,0.5,16.856,-3.96,4.03,41.53,2,4.64,1,9.29,39.26,41.53,37.84,419.7,419.58,43.665,41.127,59.76,56.28,299.5,126,55,97.5,7.92,-0.508,0.0,0.0,0.0,0.0,0.8,-1.36,7.36,1.0,0.0,0.16,111115,,,,,,,,,,,,,,,,,,,,,,,,,,,,,,,,,,,,,,,,,,,,,,,,,,,,,,,,,,,,,,,,,,,,,,,,,,,,,,,,,,,,,,,,,,,,,,,,,,,,,,,,,,,,,,,,,,,,,,,,,,,,,,,,,,,,,,,,,,,,
2023-06-01 13:14:00,LRC,Rep-S,1,Yng,winter,noon,Erin_Reps1_LRC_01_06_23,1,328.0,0,12.0,0.0751,143.0,0,0,0.0,0.0,0.0,0.0,0.0,0.0,0.0,0.0,-1,0.87,0.92,10,0.875,0.007,0.0,0.0,0.0,0.0,0.5,0.0,2.03,2.62,23.64,2,4.64,1,9.29,20.81,23.64,20.0,420.23,413.79,2.185,3.197,8.65,12.66,399.7,2001,147,97.66,3.21,0.139,0.0152,0.0022,0.0257,0.0021,0.8,-1.36,7.36,1.0,0.0,0.16,111115,,,,,,,,,,,,,,,,,,,,,,,,,,,,,,,,,,,,,,,,,,,,,,,,,,,,,,,,,,,,,,,,,,,,,,,,,,,,,,,,,,,,,,,,,,,,,,,,,,,,,,,,,,,,,,,,,,,,,,,,,,,,,,,,,,,,,,,,,,,,
2023-06-01 13:18:00,LRC,Rep-S,1,Yng,winter,noon,Erin_Reps1_LRC_01_06_23,2,611.5,0,11.4,0.0724,148.0,0,0,0.0,0.0,0.0,0.0,0.0,0.0,0.0,0.0,-1,0.87,0.92,10,0.875,0.009,0.0,0.0,0.0,0.0,0.5,0.0,1.9,2.54,23.15,2,4.64,1,9.29,20.88,23.15,19.99,420.04,413.93,2.198,3.145,8.66,12.4,399.7,1499,151,97.65,3.25,0.14,0.0396,0.00793,0.0378,0.00709,0.5,-1.36,7.36,1.0,0.0,0.16,111115,,,,,,,,,,,,,,,,,,,,,,,,,,,,,,,,,,,,,,,,,,,,,,,,,,,,,,,,,,,,,,,,,,,,,,,,,,,,,,,,,,,,,,,,,,,,,,,,,,,,,,,,,,,,,,,,,,,,,,,,,,,,,,,,,,,,,,,,,,,,
2023-06-01 13:22:00,LRC,Rep-S,1,Yng,winter,noon,Erin_Reps1_LRC_01_06_23,3,849.0,0,10.3,0.0684,161.0,0,0,0.0,0.0,0.0,0.0,0.0,0.0,0.0,0.0,-1,0.87,0.92,10,0.875,0.013,0.0,0.0,0.0,0.0,0.5,0.0,1.71,2.43,22.44,2,4.64,1,9.29,20.88,22.44,19.99,419.95,414.47,2.208,3.063,8.7,12.07,399.7,999,155,97.65,3.27,0.144,0.0197,0.00212,0.0246,0.00235,0.5,-1.36,7.36,1.0,0.0,0.16,111115,,,,,,,,,,,,,,,,,,,,,,,,,,,,,,,,,,,,,,,,,,,,,,,,,,,,,,,,,,,,,,,,,,,,,,,,,,,,,,,,,,,,,,,,,,,,,,,,,,,,,,,,,,,,,,,,,,,,,,,,,,,,,,,,,,,,,,,,,,,,
2023-06-01 13:23:00,LRC,Rep-S,1,Yng,winter,noon,Erin_Reps1_LRC_01_06_23,4,880.0,0,11.1,0.0681,140.0,0,0,0.0,0.0,0.0,0.0,0.0,0.0,0.0,0.0,-1,0.87,0.92,10,0.875,0.019,0.0,0.0,0.0,0.0,0.5,0.0,1.7,2.42,22.38,2,4.64,1,9.29,20.88,22.38,19.99,420.17,414.25,2.212,3.06,8.72,12.06,399.7,750,154,97.64,3.27,0.144,0.0197,0.00212,0.0246,0.00235,0.5,-1.36,7.36,1.0,0.0,0.16,111115,,,,,,,,,,,,,,,,,,,,,,,,,,,,,,,,,,,,,,,,,,,,,,,,,,,,,,,,,,,,,,,,,,,,,,,,,,,,,,,,,,,,,,,,,,,,,,,,,,,,,,,,,,,,,,,,,,,,,,,,,,,,,,,,,,,,,,,,,,,,
2023-06-01 13:28:00,LRC,Rep-S,1,Yng,winter,noon,Erin_Reps1_LRC_01_06_23,5,1197.5,0,10.4,0.0647,146.0,0,0,0.0,0.0,0.0,0.0,0.0,0.0,0.0,0.0,-1,0.87,0.92,10,0.875,0.017,0.0,0.0,0.0,0.0,0.5,0.0,1.58,2.37,22.07,2,4.64,1,9.29,20.87,22.07,19.99,419.96,414.45,2.22,3.01,8.76,11.87,399.8,750,160,97.63,3.32,0.146,0.0408,0.000629,0.0522,0.000738,0.8,-1.36,7.36,1.0,0.0,0.16,111115,,,,,,,,,,,,,,,,,,,,,,,,,,,,,,,,,,,,,,,,,,,,,,,,,,,,,,,,,,,,,,,,,,,,,,,,,,,,,,,,,,,,,,,,,,,,,,,,,,,,,,,,,,,,,,,,,,,,,,,,,,,,,,,,,,,,,,,,,,,,
2023-06-01 13:36:00,LRC,Rep-S,1,Yng,winter,noon,Erin_Reps1_LRC_01_06_23,6,1651.5,0,9.83,0.0606,143.0,0,0,0.0,0.0,0.0,0.0,0.0,0.0,0.0,0.0,-1,0.87,0.92,10,0.875,0.025,0.0,0.0,0.0,0.0,0.5,0.0,1.46,2.33,21.83,2,4.64,1,9.29,20.91,21.83,19.99,419.89,414.67,2.252,2.981,8.86,11.73,399.7,501,152,97.62,3.24,0.148,0.0749,0.00297,0.0416,0.00277,0.5,-1.36,7.36,1.0,0.0,0.16,111115,,,,,,,,,,,,,,,,,,,,,,,,,,,,,,,,,,,,,,,,,,,,,,,,,,,,,,,,,,,,,,,,,,,,,,,,,,,,,,,,,,,,,,,,,,,,,,,,,,,,,,,,,,,,,,,,,,,,,,,,,,,,,,,,,,,,,,,,,,,,
2023-06-01 13:39:00,LRC,Rep-S,1,Yng,winter,noon,Erin_Reps1_LRC_01_06_23,7,1858.0,0,7.41,0.0578,198.0,0,0,0.0,0.0,0.0,0.0,0.0,0.0,0.0,0.0,-1,0.87,0.92,10,0.875,0.039,0.0,0.0,0.0,0.0,0.5,0.0,1.36,2.27,21.41,2,4.64,1,9.29,20.89,21.41,19.99,419.52,415.53,2.278,2.954,8.97,11.63,399.8,249,153,97.63,3.41,0.152,0.0157,0.000474,0.0238,0.000679,0.5,-1.36,7.36,1.0,0.0,0.16,111115,,,,,,,,,,,,,,,,,,,,,,,,,,,,,,,,,,,,,,,,,,,,,,,,,,,,,,,,,,,,,,,,,,,,,,,,,,,,,,,,,,,,,,,,,,,,,,,,,,,,,,,,,,,,,,,,,,,,,,,,,,,,,,,,,,,,,,,,,,,,
2023-06-01 13:44:00,LRC,Rep-S,1,Yng,winter,noon,Erin_Reps1_LRC_01_06_23,8,2119.5,0,4.64,0.0553,270.0,0,0,0.0,0.0,0.0,0.0,0.0,0.0,0.0,0.0,-1,0.87,0.92,9,0.875,0.064,0.0,0.0,0.0,0.0,0.5,0.0,1.28,2.23,21.16,2,4.64,1,9.29,20.86,21.16,19.99,420.15,417.56,2.307,2.943,9.1,11.61,399.7,100,152,97.62,3.42,0.153,0.115,0.000975,0.0838,0.00151,0.5,-1.36,7.36,1.0,0.0,0.16,111115,,,,,,,,,,,,,,,,,,,,,,,,,,,,,,,,,,,,,,,,,,,,,,,,,,,,,,,,,,,,,,,,,,,,,,,,,,,,,,,,,,,,,,,,,,,,,,,,,,,,,,,,,,,,,,,,,,,,,,,,,,,,,,,,,,,,,,,,,,,,
2023-06-01 13:50:00,LRC,Rep-S,1,Yng,winter,noon,Erin_Reps1_LRC_01_06_23,9,2478.5,0,2.75,0.052,319.0,0,0,0.0,0.0,0.0,0.0,0.0,0.0,0.0,0.0,-1,0.87,0.92,8,0.874,0.089,0.0,0.0,0.0,0.0,0.5,0.0,1.19,2.22,21.08,2,4.64,1,9.29,20.86,21.08,19.99,419.76,418.13,2.331,2.928,9.2,11.55,399.7,48,95,97.61,3.39,0.152,0.0501,0.000479,0.0583,0.000466,1.0,-1.36,7.36,1.0,0.0,0.16,111115,,,,,,,,,,,,,,,,,,,,,,,,,,,,,,,,,,,,,,,,,,,,,,,,,,,,,,,,,,,,,,,,,,,,,,,,,,,,,,,,,,,,,,,,,,,,,,,,,,,,,,,,,,,,,,,,,,,,,,,,,,,,,,,,,,,,,,,,,,,,
2023-06-01 13:52:00,LRC,Rep-S,1,Yng,winter,noon,Erin_Reps1_LRC_01_06_23,10,2616.5,0,-0.368,0.0495,417.0,0,0,0.0,0.0,0.0,0.0,0.0,0.0,0.0,0.0,-1,0.87,0.92,0,0.87,3.118,0.0,0.0,0.0,0.0,0.5,0.0,1.13,2.2,20.91,2,4.64,1,9.29,20.8,20.91,19.99,419.91,419.86,2.324,2.887,9.2,11.43,399.7,0,137,97.62,3.32,0.154,0.0143,0.00079,0.0221,0.00114,0.5,-1.36,7.36,1.0,0.0,0.16,111115,,,,,,,,,,,,,,,,,,,,,,,,,,,,,,,,,,,,,,,,,,,,,,,,,,,,,,,,,,,,,,,,,,,,,,,,,,,,,,,,,,,,,,,,,,,,,,,,,,,,,,,,,,,,,,,,,,,,,,,,,,,,,,,,,,,,,,,,,,,,
2023-06-01 15:12:00,LRC,Rep-S,3,Yng,winter,afternoon,Erin_Reps3_LRC_01_06_23,1,512.5,0,14.7,0.0979,158.0,0,0,0.0,0.0,0.0,0.0,0.0,0.0,0.0,0.0,-1,0.87,0.92,10,0.875,0.009,0.0,0.0,0.0,0.0,0.5,0.0,2.53,2.5,22.7,2,4.64,1,9.29,20.37,22.7,20.02,419.82,411.95,1.446,2.706,5.88,11.0,399.8,1998,481,97.61,4.71,0.0934,0.0115,0.000779,0.0259,0.000397,0.8,-1.36,7.36,1.0,0.0,0.16,111115,,,,,,,,,,,,,,,,,,,,,,,,,,,,,,,,,,,,,,,,,,,,,,,,,,,,,,,,,,,,,,,,,,,,,,,,,,,,,,,,,,,,,,,,,,,,,,,,,,,,,,,,,,,,,,,,,,,,,,,,,,,,,,,,,,,,,,,,,,,,
2023-06-01 15:16:00,LRC,Rep-S,3,Yng,winter,afternoon,Erin_Reps3_LRC_01_06_23,2,787.0,0,14.1,0.0949,161.0,0,0,0.0,0.0,0.0,0.0,0.0,0.0,0.0,0.0,-1,0.87,0.92,10,0.875,0.011,0.0,0.0,0.0,0.0,0.5,0.0,2.36,2.42,22.1,2,4.64,1,9.29,20.41,22.1,20.02,420.01,412.47,1.424,2.602,5.77,10.55,399.8,1501,362,97.6,4.7,0.107,0.0212,0.00287,0.0138,0.00301,0.8,-1.36,7.36,1.0,0.0,0.16,111115,,,,,,,,,,,,,,,,,,,,,,,,,,,,,,,,,,,,,,,,,,,,,,,,,,,,,,,,,,,,,,,,,,,,,,,,,,,,,,,,,,,,,,,,,,,,,,,,,,,,,,,,,,,,,,,,,,,,,,,,,,,,,,,,,,,,,,,,,,,,
2023-06-01 15:19:00,LRC,Rep-S,3,Yng,winter,afternoon,Erin_Reps3_LRC_01_06_23,3,960.5,0,13.0,0.0904,170.0,0,0,0.0,0.0,0.0,0.0,0.0,0.0,0.0,0.0,-1,0.87,0.92,10,0.875,0.016,0.0,0.0,0.0,0.0,0.5,0.0,2.14,2.3,21.31,2,4.64,1,9.29,20.41,21.31,20.02,420.08,413.13,1.39,2.459,5.64,9.98,399.8,1002,289,97.6,4.5,0.115,0.036,0.00782,0.0206,0.00758,0.8,-1.36,7.36,1.0,0.0,0.16,111115,,,,,,,,,,,,,,,,,,,,,,,,,,,,,,,,,,,,,,,,,,,,,,,,,,,,,,,,,,,,,,,,,,,,,,,,,,,,,,,,,,,,,,,,,,,,,,,,,,,,,,,,,,,,,,,,,,,,,,,,,,,,,,,,,,,,,,,,,,,,
2023-06-01 15:22:00,LRC,Rep-S,3,Yng,winter,afternoon,Erin_Reps3_LRC_01_06_23,4,1119.0,0,12.6,0.0864,167.0,0,0,0.0,0.0,0.0,0.0,0.0,0.0,0.0,0.0,-1,0.87,0.92,10,0.875,0.021,0.0,0.0,0.0,0.0,0.5,0.0,1.99,2.23,20.79,2,4.64,1,9.29,20.35,20.79,20.01,420.0,413.29,1.366,2.357,5.56,9.6,399.8,752,533,97.6,4.24,0.122,0.0195,0.00322,0.0226,0.00352,0.8,-1.36,7.36,1.0,0.0,0.16,111115,,,,,,,,,,,,,,,,,,,,,,,,,,,,,,,,,,,,,,,,,,,,,,,,,,,,,,,,,,,,,,,,,,,,,,,,,,,,,,,,,,,,,,,,,,,,,,,,,,,,,,,,,,,,,,,,,,,,,,,,,,,,,,,,,,,,,,,,,,,,
2023-06-01 15:28:00,LRC,Rep-S,3,Yng,winter,afternoon,Erin_Reps3_LRC_01_06_23,5,1485.5,0,11.1,0.0814,184.0,0,0,0.0,0.0,0.0,0.0,0.0,0.0,0.0,0.0,-1,0.87,0.92,10,0.875,0.028,0.0,0.0,0.0,0.0,0.5,0.0,1.83,2.19,20.39,2,4.64,1,9.29,20.33,20.39,20.02,420.09,414.17,1.309,2.225,5.33,9.06,399.8,501,541,97.59,4.09,0.128,0.0358,0.000801,0.0204,0.00107,0.8,-1.36,7.36,1.0,0.0,0.16,111115,,,,,,,,,,,,,,,,,,,,,,,,,,,,,,,,,,,,,,,,,,,,,,,,,,,,,,,,,,,,,,,,,,,,,,,,,,,,,,,,,,,,,,,,,,,,,,,,,,,,,,,,,,,,,,,,,,,,,,,,,,,,,,,,,,,,,,,,,,,,
2023-06-01 15:34:00,LRC,Rep-S,3,Yng,winter,afternoon,Erin_Reps3_LRC_01_06_23,6,1820.0,0,8.83,0.0774,220.0,0,0,0.0,0.0,0.0,0.0,0.0,0.0,0.0,0.0,-1,0.87,0.92,10,0.875,0.045,0.0,0.0,0.0,0.0,0.5,0.0,1.71,2.15,20.05,2,4.64,1,9.29,20.35,20.05,20.01,420.24,415.47,1.271,2.125,5.17,8.65,399.8,248,310,97.6,3.95,0.134,0.0152,0.00141,0.0212,0.000915,0.5,-1.36,7.36,1.0,0.0,0.16,111115,,,,,,,,,,,,,,,,,,,,,,,,,,,,,,,,,,,,,,,,,,,,,,,,,,,,,,,,,,,,,,,,,,,,,,,,,,,,,,,,,,,,,,,,,,,,,,,,,,,,,,,,,,,,,,,,,,,,,,,,,,,,,,,,,,,,,,,,,,,,
2023-06-01 15:37:00,LRC,Rep-S,3,Yng,winter,afternoon,Erin_Reps3_LRC_01_06_23,7,1996.5,0,4.04,0.0752,318.0,0,0,0.0,0.0,0.0,0.0,0.0,0.0,0.0,0.0,-1,0.87,0.92,10,0.875,0.058,0.0,0.0,0.0,0.0,0.5,0.0,1.64,2.12,19.84,2,4.64,1,9.29,20.35,19.84,20.01,419.74,417.37,1.268,2.087,5.16,8.5,399.9,99,180,97.6,3.85,0.139,0.0379,0.000905,0.0445,0.0012,0.5,-1.36,7.36,1.0,0.0,0.16,111115,,,,,,,,,,,,,,,,,,,,,,,,,,,,,,,,,,,,,,,,,,,,,,,,,,,,,,,,,,,,,,,,,,,,,,,,,,,,,,,,,,,,,,,,,,,,,,,,,,,,,,,,,,,,,,,,,,,,,,,,,,,,,,,,,,,,,,,,,,,,
2023-06-01 15:39:00,LRC,Rep-S,3,Yng,winter,afternoon,Erin_Reps3_LRC_01_06_23,8,2165.5,0,2.29,0.0723,354.0,0,0,0.0,0.0,0.0,0.0,0.0,0.0,0.0,0.0,-1,0.87,0.92,8,0.874,0.075,0.0,0.0,0.0,0.0,0.5,0.0,1.56,2.09,19.6,2,4.64,1,9.29,20.26,19.6,20.01,420.11,418.64,1.262,2.039,5.17,8.35,399.8,50,197,97.6,3.79,0.14,0.0743,0.000724,0.0937,0.000885,0.8,-1.36,7.36,1.0,0.0,0.16,111115,,,,,,,,,,,,,,,,,,,,,,,,,,,,,,,,,,,,,,,,,,,,,,,,,,,,,,,,,,,,,,,,,,,,,,,,,,,,,,,,,,,,,,,,,,,,,,,,,,,,,,,,,,,,,,,,,,,,,,,,,,,,,,,,,,,,,,,,,,,,
2023-06-01 15:43:00,LRC,Rep-S,3,Yng,winter,afternoon,Erin_Reps3_LRC_01_06_23,9,2388.0,0,-0.912,0.0679,427.0,0,0,0.0,0.0,0.0,0.0,0.0,0.0,0.0,0.0,-1,0.87,0.92,0,0.87,0.543,0.0,0.0,0.0,0.0,0.5,0.0,1.43,2.05,19.26,2,4.64,1,9.29,20.15,19.26,20.02,419.99,420.15,1.246,1.963,5.14,8.09,399.8,0,146,97.59,3.62,0.14,0.0317,0.000591,0.0303,0.000814,0.5,-1.36,7.36,1.0,0.0,0.16,111115,,,,,,,,,,,,,,,,,,,,,,,,,,,,,,,,,,,,,,,,,,,,,,,,,,,,,,,,,,,,,,,,,,,,,,,,,,,,,,,,,,,,,,,,,,,,,,,,,,,,,,,,,,,,,,,,,,,,,,,,,,,,,,,,,,,,,,,,,,,,
